game_id,date,season,neutral,minutes,home_id,away_id,home_name,away_name,home_score,away_score,h_fga,h_fta,h_oreb,h_tov,a_fga,a_fta,a_oreb,a_tov
401700387,2024-11-04,2025,0,40,2325,44,La Salle Explorers,American University Eagles,65,52,55.0,18.0,12.0,7.0,55.0,8.0,9.0,10.0
401700397,2024-11-04,2025,0,40,2603,2426,Saint Joseph's Hawks,Navy Midshipmen,70,63,46.0,29.0,5.0,17.0,67.0,11.0,14.0,13.0
401700407,2024-11-04,2025,0,40,2670,91,VCU Rams,Bellarmine Knights,84,65,55.0,17.0,12.0,16.0,56.0,13.0,12.0,16.0
401700417,2024-11-04,2025,0,40,228,2127,Clemson Tigers,Charleston Southern Buccaneers,91,64,65.0,24.0,13.0,7.0,50.0,27.0,11.0,18.0
401700426,2024-11-04,2025,0,40,97,2413,Louisville Cardinals,Morehead State Eagles,93,45,71.0,28.0,14.0,5.0,52.0,27.0,12.0,21.0
401700434,2024-11-04,2025,0,40,153,2210,North Carolina Tar Heels,Elon Phoenix,90,76,80.0,16.0,18.0,6.0,61.0,14.0,10.0,16.0
401700442,2024-11-04,2025,0,40,2567,2627,SMU Mustangs,Tarleton State Texans,96,62,63.0,22.0,13.0,13.0,49.0,24.0,9.0,23.0
401700461,2024-11-04,2025,0,40,154,2154,Wake Forest Demon Deacons,Coppin State Eagles,64,49,56.0,23.0,9.0,12.0,60.0,15.0,14.0,20.0
401706147,2024-11-04,2025,0,40,315,538,Niagara Purple Eagles,Houghton Highlanders,100,65,61.0,25.0,9.0,14.0,61.0,24.0,12.0,20.0
401706148,2024-11-04,2025,0,40,26,2520,UCLA Bruins,Rider Broncs,85,50,65.0,12.0,15.0,9.0,63.0,13.0,18.0,13.0
401706149,2024-11-04,2025,0,40,12,2099,Arizona Wildcats,Canisius Golden Griffins,93,64,68.0,27.0,17.0,9.0,51.0,13.0,5.0,19.0
401706150,2024-11-04,2025,0,40,163,314,Princeton Tigers,Iona Gaels,81,80,56.0,22.0,9.0,10.0,56.0,22.0,11.0,17.0
401706868,2024-11-04,2025,0,40,103,2643,Boston College Eagles,The Citadel Bulldogs,69,60,54.0,28.0,14.0,14.0,52.0,25.0,9.0,14.0
401706881,2024-11-04,2025,0,40,150,311,Duke Blue Devils,Maine Black Bears,96,62,63.0,20.0,11.0,13.0,57.0,18.0,7.0,14.0
401706892,2024-11-04,2025,0,40,183,2330,Syracuse Orange,Le Moyne Dolphins,86,82,72.0,31.0,20.0,11.0,57.0,23.0,7.0,16.0
401706900,2024-11-04,2025,0,40,259,2169,Virginia Tech Hokies,Delaware State Hornets,83,60,55.0,33.0,14.0,16.0,49.0,30.0,10.0,16.0
401706918,2024-11-04,2025,0,40,38,331,Colorado Buffaloes,Eastern Washington Eagles,76,56,59.0,17.0,15.0,18.0,58.0,14.0,9.0,15.0
401706926,2024-11-04,2025,0,40,248,2296,Houston Cougars,Jackson State Tigers,97,40,67.0,7.0,11.0,9.0,47.0,15.0,8.0,21.0
401706954,2024-11-04,2025,0,40,66,2400,Iowa State Cyclones,Mississippi Valley State Delta Devils,83,44,59.0,29.0,11.0,12.0,51.0,11.0,6.0,24.0
401706962,2024-11-04,2025,0,40,2305,47,Kansas Jayhawks,Howard Bison,87,57,53.0,16.0,5.0,14.0,58.0,12.0,8.0,17.0
401706980,2024-11-04,2025,0,40,2628,50,TCU Horned Frogs,Florida A&M Rattlers,105,59,,,,,,,,
401706990,2024-11-04,2025,0,40,277,2523,West Virginia Mountaineers,Robert Morris Colonials,87,59,60.0,12.0,6.0,11.0,68.0,12.0,16.0,14.0
401707847,2024-11-04,2025,0,40,356,2197,Illinois Fighting Illini,Eastern Illinois Panthers,112,67,64.0,46.0,14.0,13.0,68.0,25.0,6.0,8.0
401707866,2024-11-04,2025,0,40,120,2363,Maryland Terrapins,Manhattan Jaspers,79,49,70.0,17.0,16.0,10.0,59.0,15.0,7.0,12.0
401707875,2024-11-04,2025,0,40,130,325,Michigan Wolverines,Cleveland State Vikings,101,53,57.0,22.0,10.0,16.0,70.0,11.0,20.0,21.0
401707976,2024-11-04,2025,0,40,2509,357,Purdue Boilermakers,Texas A&M-Corpus Christi Islanders,90,73,55.0,27.0,10.0,16.0,67.0,7.0,7.0,9.0
401707984,2024-11-04,2025,0,40,158,292,Nebraska Cornhuskers,UT Rio Grande Valley Vaqueros,87,67,57.0,35.0,11.0,13.0,62.0,9.0,9.0,20.0
401709967,2024-11-04,2025,0,40,299,2318,Long Beach State Beach,La Verne Leopards,93,48,69.0,23.0,23.0,16.0,58.0,23.0,14.0,18.0
401711681,2024-11-04,2025,0,40,2184,288,Duquesne Dukes,Lipscomb Bisons,72,77,62.0,19.0,9.0,14.0,48.0,26.0,3.0,17.0
401711702,2024-11-04,2025,0,40,2511,2355,Queens University Royals,Lynchburg Hornets,90,39,67.0,29.0,16.0,17.0,62.0,25.0,17.0,27.0
401711729,2024-11-04,2025,0,40,2005,2453,Air Force Falcons,North Alabama Lions,57,73,46.0,17.0,6.0,14.0,58.0,9.0,5.0,6.0
401711742,2024-11-04,2025,0,40,2579,2454,South Carolina Gamecocks,North Florida Ospreys,71,74,56.0,25.0,9.0,10.0,69.0,13.0,15.0,9.0
401711753,2024-11-04,2025,0,40,56,128550,Stetson Hatters,New College Mighty Banyans,94,75,65.0,28.0,16.0,16.0,70.0,7.0,8.0,12.0
401712993,2024-11-04,2025,0,40,2086,2623,Butler Bulldogs,Missouri State Bears,72,65,47.0,28.0,13.0,19.0,67.0,10.0,16.0,13.0
401714888,2024-11-04,2025,1,40,57,58,Florida Gators,South Florida Bulls,98,83,63.0,33.0,11.0,10.0,63.0,17.0,11.0,16.0
401714896,2024-11-04,2025,0,40,61,2635,Georgia Bulldogs,Tennessee Tech Golden Eagles,83,78,66.0,18.0,16.0,13.0,61.0,11.0,6.0,13.0
401714908,2024-11-04,2025,0,40,96,2750,Kentucky Wildcats,Wright State Raiders,103,62,65.0,19.0,7.0,7.0,68.0,12.0,11.0,12.0
401714988,2024-11-04,2025,0,40,344,2698,Mississippi State Bulldogs,West Georgia Wolves,95,60,65.0,16.0,8.0,8.0,54.0,20.0,10.0,20.0
401715307,2024-11-04,2025,0,40,235,142,Memphis Tigers,Missouri Tigers,83,75,57.0,30.0,13.0,16.0,57.0,25.0,10.0,14.0
401715317,2024-11-04,2025,0,40,145,112358,Ole Miss Rebels,Long Island University Sharks,90,60,57.0,32.0,13.0,14.0,58.0,24.0,11.0,16.0
401715335,2024-11-04,2025,0,40,2633,2241,Tennessee Volunteers,Gardner-Webb Runnin' Bulldogs,80,64,55.0,21.0,8.0,11.0,55.0,15.0,10.0,15.0
401715344,2024-11-04,2025,1,40,251,194,Texas Longhorns,Ohio State Buckeyes,72,80,68.0,20.0,16.0,9.0,60.0,14.0,11.0,15.0
401715355,2024-11-04,2025,0,40,2116,245,UCF Knights,Texas A&M Aggies,64,61,50.0,31.0,8.0,11.0,63.0,14.0,16.0,12.0
401715378,2024-11-04,2025,0,40,2294,2837,Iowa Hawkeyes,East Texas A&M Lions,89,67,70.0,20.0,17.0,14.0,62.0,6.0,12.0,24.0
401715397,2024-11-04,2025,0,40,77,2329,Northwestern Wildcats,Lehigh Mountain Hawks,90,46,66.0,14.0,13.0,8.0,53.0,18.0,6.0,12.0
401715413,2024-11-04,2025,0,40,213,2066,Penn State Nittany Lions,Binghamton Bearcats,108,66,69.0,32.0,16.0,5.0,56.0,15.0,11.0,21.0
401715439,2024-11-04,2025,0,40,275,107,Wisconsin Badgers,Holy Cross Crusaders,85,61,59.0,16.0,10.0,11.0,53.0,7.0,3.0,13.0
401715456,2024-11-04,2025,0,45,305,88,DePaul Blue Demons,Southern Indiana Screaming Eagles,80,78,64.0,22.0,9.0,10.0,62.0,12.0,7.0,14.0
401715476,2024-11-04,2025,0,40,269,2619,Marquette Golden Eagles,Stony Brook Seawolves,102,62,68.0,17.0,13.0,7.0,60.0,15.0,12.0,14.0
401715531,2024-11-04,2025,0,40,2507,2115,Providence Friars,Central Connecticut Blue Devils,59,55,53.0,15.0,13.0,16.0,54.0,26.0,10.0,7.0
401715560,2024-11-04,2025,0,40,2550,2612,Seton Hall Pirates,Saint Peter's Peacocks,57,53,44.0,37.0,12.0,14.0,42.0,25.0,10.0,19.0
401715590,2024-11-04,2025,0,40,2599,2230,St. John's Red Storm,Fordham Rams,92,60,66.0,15.0,10.0,11.0,55.0,20.0,9.0,19.0
401715615,2024-11-04,2025,0,40,222,322,Villanova Wildcats,Lafayette Leopards,75,63,60.0,11.0,13.0,17.0,59.0,12.0,9.0,12.0
401715621,2024-11-04,2025,0,40,2752,2640,Xavier Musketeers,Texas Southern Tigers,78,69,51.0,41.0,7.0,9.0,58.0,13.0,8.0,17.0
401715627,2024-11-04,2025,0,40,2132,2029,Cincinnati Bearcats,Arkansas-Pine Bluff Golden Lions,109,54,72.0,23.0,17.0,9.0,59.0,14.0,8.0,17.0
401715651,2024-11-04,2025,0,40,52,94,Florida State Seminoles,Northern Kentucky Norse,74,62,63.0,18.0,7.0,12.0,49.0,23.0,5.0,22.0
401715674,2024-11-04,2025,0,40,2390,161,Miami Hurricanes,Fairleigh Dickinson Knights,113,72,69.0,18.0,10.0,8.0,53.0,24.0,6.0,15.0
401715687,2024-11-04,2025,0,40,221,2515,Pittsburgh Panthers,Radford Highlanders,96,56,65.0,21.0,11.0,8.0,58.0,20.0,12.0,14.0
401715692,2024-11-04,2025,0,40,24,2172,Stanford Cardinal,Denver Pioneers,85,62,65.0,18.0,15.0,11.0,48.0,23.0,10.0,20.0
401715872,2024-11-04,2025,1,40,79,232,Southern Illinois Salukis,Charleston Cougars,80,90,62.0,33.0,9.0,9.0,55.0,30.0,8.0,17.0
401715873,2024-11-04,2025,1,40,2541,139,Santa Clara Broncos,Saint Louis Billikens,85,78,66.0,20.0,15.0,12.0,61.0,10.0,9.0,17.0
401715874,2024-11-04,2025,1,40,2571,2377,South Dakota State Jackrabbits,McNeese Cowboys,80,73,61.0,16.0,12.0,16.0,59.0,27.0,8.0,11.0
401715888,2024-11-04,2025,0,40,270,267,Milwaukee Panthers,Lakeland Muskies,118,62,81.0,26.0,20.0,10.0,58.0,19.0,4.0,19.0
401715915,2024-11-04,2025,0,40,2460,49,Northern Iowa Panthers,Dubuque Spartans,96,54,67.0,24.0,17.0,13.0,60.0,9.0,8.0,19.0
401715934,2024-11-04,2025,0,40,2545,2730,SE Louisiana Lions,William Carey Crusaders,91,53,63.0,21.0,14.0,11.0,60.0,16.0,12.0,14.0
401715954,2024-11-04,2025,0,40,2277,2048,Houston Christian Huskies,Avila Eagles,86,59,70.0,24.0,14.0,8.0,61.0,15.0,6.0,15.0
401716111,2024-11-04,2025,0,40,2856,2916,California Baptist Lancers,Incarnate Word Cardinals,83,78,65.0,23.0,14.0,5.0,61.0,9.0,11.0,13.0
401716153,2024-11-04,2025,0,40,2636,386,UTSA Roadrunners,Trinity (TX) Tigers,103,77,76.0,22.0,17.0,13.0,63.0,7.0,12.0,28.0
401716875,2024-11-04,2025,0,40,2244,2428,George Mason Patriots,North Carolina Central Eagles,75,58,51.0,41.0,18.0,17.0,57.0,25.0,12.0,10.0
401718135,2024-11-04,2025,0,40,45,2385,George Washington Revolutionaries,Mercyhurst Lakers,76,59,53.0,34.0,15.0,12.0,56.0,13.0,11.0,13.0
401718247,2024-11-04,2025,0,40,2168,2598,Dayton Flyers,Saint Francis Red Wolves,87,57,68.0,25.0,17.0,7.0,58.0,11.0,5.0,13.0
401718346,2024-11-04,2025,0,40,2350,2130,Loyola Chicago Ramblers,Chicago State Cougars,79,72,63.0,29.0,12.0,9.0,62.0,20.0,10.0,13.0
401718416,2024-11-04,2025,0,40,113,160,Massachusetts Minutemen,New Hampshire Wildcats,103,74,79.0,11.0,12.0,8.0,74.0,17.0,18.0,15.0
401718447,2024-11-04,2025,0,40,227,2217,Rhode Island Rams,Fairfield Stags,96,58,52.0,41.0,8.0,11.0,70.0,27.0,16.0,10.0
401718715,2024-11-04,2025,1,40,2335,2674,Liberty Flames,Valparaiso Beacons,83,63,59.0,13.0,5.0,6.0,63.0,21.0,12.0,8.0
401719217,2024-11-04,2025,0,40,197,2739,Oklahoma State Cowboys,Green Bay Phoenix,89,76,69.0,24.0,19.0,13.0,51.0,16.0,3.0,19.0
401719228,2024-11-04,2025,0,40,333,2427,Alabama Crimson Tide,UNC Asheville Bulldogs,110,54,60.0,37.0,14.0,10.0,73.0,14.0,14.0,9.0
401719247,2024-11-04,2025,0,40,2737,2496,Winthrop Eagles,Piedmont Lions,125,65,88.0,28.0,28.0,9.0,66.0,12.0,6.0,17.0
401719267,2024-11-04,2025,0,40,152,2908,NC State Wolfpack,South Carolina Upstate Spartans,97,66,68.0,21.0,14.0,11.0,62.0,27.0,17.0,17.0
401719334,2024-11-04,2025,0,40,179,2463,St. Bonaventure Bonnies,Cal State Northridge Matadors,70,56,55.0,34.0,12.0,18.0,54.0,16.0,7.0,21.0
401719347,2024-11-04,2025,0,40,25,2934,California Golden Bears,Cal State Bakersfield Roadrunners,86,73,57.0,40.0,15.0,11.0,62.0,18.0,14.0,17.0
401719367,2024-11-04,2025,0,40,2458,2144,Northern Colorado Bears,Colorado College Tigers,75,55,59.0,19.0,17.0,15.0,57.0,16.0,10.0,13.0
401719647,2024-11-04,2025,0,40,265,2502,Washington State Cougars,Portland State Vikings,100,92,57.0,32.0,12.0,21.0,68.0,21.0,13.0,15.0
401720467,2024-11-04,2025,0,40,2344,3153,Longwood Lancers,Randolph Wildcats,79,68,55.0,40.0,10.0,11.0,59.0,13.0,4.0,14.0
401720474,2024-11-04,2025,0,40,2429,2506,Charlotte 49ers,Presbyterian Blue Hose,88,79,54.0,19.0,5.0,5.0,57.0,10.0,11.0,9.0
401720512,2024-11-04,2025,0,40,2692,3218,Weber State Wildcats,Northwest Indian RedHawks,118,35,78.0,12.0,11.0,7.0,69.0,14.0,13.0,16.0
401720538,2024-11-04,2025,0,40,254,2016,Utah Utes,Alcorn State Braves,100,59,57.0,25.0,12.0,10.0,55.0,22.0,14.0,14.0
401720557,2024-11-04,2025,0,40,70,2465,Idaho Vandals,Northwest University Eagles,94,60,69.0,23.0,13.0,8.0,52.0,22.0,6.0,19.0
401720574,2024-11-04,2025,0,40,2193,2444,East Tennessee State Buccaneers,Newberry Wolves,72,51,71.0,11.0,14.0,13.0,62.0,8.0,8.0,18.0
401720583,2024-11-04,2025,0,45,2561,225,Siena Saints,Brown Bears,72,71,66.0,28.0,20.0,13.0,64.0,13.0,15.0,16.0
401720664,2024-11-04,2025,0,40,2320,2491,Lamar Cardinals,Paul Quinn Tigers,113,42,82.0,22.0,12.0,8.0,53.0,16.0,5.0,31.0
401720783,2024-11-04,2025,0,40,159,551,Dartmouth Big Green,Vermont State Lyndon Hornets,129,47,78.0,20.0,16.0,7.0,53.0,19.0,5.0,20.0
401720867,2024-11-04,2025,0,40,2464,123350,Northern Arizona Lumberjacks,Park University Gilbert Buccaneers,100,49,74.0,22.0,14.0,8.0,56.0,14.0,7.0,23.0
401720868,2024-11-04,2025,0,40,149,2267,Montana Grizzlies,Hawaiʻi Hilo Vulcans,92,61,67.0,23.0,13.0,7.0,63.0,13.0,12.0,16.0
401720941,2024-11-04,2025,0,45,2032,2006,Arkansas State Red Wolves,Akron Zips,80,75,73.0,6.0,11.0,15.0,79.0,13.0,19.0,14.0
401720977,2024-11-04,2025,0,40,300,411,UC Irvine Anteaters,Chapman Panthers,82,52,57.0,33.0,9.0,10.0,59.0,11.0,12.0,22.0
401720991,2024-11-04,2025,0,40,2247,2050,Georgia State Panthers,Ball State Cardinals,71,66,65.0,22.0,14.0,6.0,68.0,24.0,17.0,6.0
401720999,2024-11-04,2025,0,40,2572,189,Southern Miss Golden Eagles,Bowling Green Falcons,77,68,,,,,,,,
401721009,2024-11-04,2025,0,40,295,2084,Old Dominion Monarchs,Buffalo Bulls,82,83,77.0,8.0,22.0,15.0,57.0,17.0,5.0,13.0
401721017,2024-11-04,2025,0,40,6,2117,South Alabama Jaguars,Central Michigan Chippewas,70,74,53.0,16.0,8.0,15.0,52.0,17.0,9.0,17.0
401721019,2024-11-04,2025,0,40,326,2199,Texas State Bobcats,Eastern Michigan Eagles,64,44,48.0,21.0,9.0,14.0,58.0,15.0,14.0,14.0
401721028,2024-11-04,2025,0,40,309,2309,Louisiana Ragin' Cajuns,Kent State Golden Flashes,66,70,49.0,21.0,4.0,11.0,50.0,28.0,12.0,16.0
401721041,2024-11-04,2025,0,40,2026,193,App State Mountaineers,Miami (OH) RedHawks,63,77,53.0,21.0,10.0,19.0,59.0,13.0,8.0,14.0
401721049,2024-11-04,2025,0,40,290,2459,Georgia Southern Eagles,Northern Illinois Huskies,80,65,64.0,12.0,10.0,15.0,58.0,17.0,11.0,19.0
401721059,2024-11-04,2025,0,40,256,195,James Madison Dukes,Ohio Bobcats,88,78,57.0,26.0,13.0,15.0,59.0,20.0,6.0,9.0
401721067,2024-11-04,2025,0,40,2653,2649,Troy Trojans,Toledo Rockets,84,74,67.0,13.0,12.0,12.0,69.0,17.0,12.0,11.0
401721074,2024-11-04,2025,0,40,324,2711,Coastal Carolina Chanticleers,Western Michigan Broncos,60,56,47.0,15.0,4.0,12.0,52.0,28.0,9.0,8.0
401721646,2024-11-04,2025,0,40,127,2405,Michigan State Spartans,Monmouth Hawks,81,57,61.0,27.0,15.0,13.0,61.0,16.0,11.0,15.0
401721650,2024-11-04,2025,0,40,2483,27,Oregon Ducks,UC Riverside Highlanders,91,76,66.0,25.0,15.0,8.0,65.0,12.0,8.0,8.0
401721655,2024-11-04,2025,0,40,30,236,USC Trojans,Chattanooga Mocs,77,51,64.0,7.0,10.0,9.0,54.0,19.0,13.0,16.0
401721663,2024-11-04,2025,0,40,2885,219,NJIT Highlanders,Pennsylvania Quakers,57,58,54.0,13.0,8.0,12.0,49.0,35.0,12.0,11.0
401721664,2024-11-04,2025,0,40,2352,171,Loyola Maryland Greyhounds,Columbia Lions,78,81,63.0,18.0,10.0,16.0,56.0,30.0,8.0,13.0
401721665,2024-11-04,2025,0,40,108,2368,Harvard Crimson,Marist Red Foxes,79,66,48.0,16.0,5.0,14.0,63.0,10.0,12.0,11.0
401721666,2024-11-04,2025,0,40,172,2374,Cornell Big Red,Marywood Pacers,93,52,68.0,14.0,16.0,9.0,66.0,6.0,12.0,11.0
401721667,2024-11-04,2025,0,40,43,2514,Yale Bulldogs,Quinnipiac Bobcats,88,62,65.0,27.0,21.0,15.0,60.0,18.0,10.0,14.0
401721760,2024-11-04,2025,0,40,104,111,Boston University Terriers,Northeastern Huskies,72,80,62.0,11.0,14.0,12.0,47.0,22.0,4.0,12.0
401721761,2024-11-04,2025,0,40,48,2083,Delaware Blue Hens,Bucknell Bison,73,85,64.0,18.0,8.0,14.0,55.0,27.0,6.0,16.0
401721762,2024-11-04,2025,0,40,349,399,Army Black Knights,UAlbany Great Danes,67,59,50.0,28.0,9.0,13.0,60.0,16.0,9.0,9.0
401721782,2024-11-04,2025,0,40,2166,108807,Davidson Wildcats,William Peace Pacers,88,47,70.0,17.0,11.0,8.0,51.0,8.0,4.0,22.0
401721950,2024-11-04,2025,0,40,2046,237,Austin Peay Governors,Union (TN) Bulldogs,95,75,62.0,26.0,11.0,9.0,54.0,25.0,10.0,16.0
401721968,2024-11-04,2025,0,40,294,3174,Jacksonville Dolphins,Trinity College of Jacksonville Eagles,78,65,73.0,22.0,21.0,12.0,56.0,16.0,7.0,18.0
401721971,2024-11-04,2025,0,40,2430,526,UNC Greensboro Spartans,Florida Gulf Coast Eagles,73,64,61.0,20.0,12.0,7.0,58.0,11.0,7.0,8.0
401722003,2024-11-04,2025,0,40,2803,110411,Bryant Bulldogs,Dean Bulldogs,105,63,,,,,,,,
401722008,2024-11-04,2025,0,40,284,126956,Stonehill Skyhawks,Framingham State Rams,81,62,60.0,31.0,16.0,14.0,50.0,19.0,6.0,20.0
401722105,2024-11-04,2025,0,40,2378,112706,UMBC Retrievers,Penn State York Nittany Lions,95,66,74.0,29.0,16.0,7.0,68.0,27.0,15.0,11.0
401722118,2024-11-04,2025,0,40,2504,128256,Prairie View A&M Panthers,College of Biblical Studies Ambassadors,111,90,66.0,29.0,10.0,12.0,60.0,26.0,9.0,18.0
401722134,2024-11-04,2025,0,40,233,2582,South Dakota Coyotes,Southern Jaguars,93,79,62.0,32.0,11.0,13.0,64.0,24.0,14.0,17.0
401722174,2024-11-04,2025,0,40,2349,111913,UMass Lowell River Hawks,Rivier Raiders,115,59,67.0,31.0,16.0,13.0,73.0,2.0,4.0,10.0
401722181,2024-11-04,2025,0,40,5,261,UAB Blazers,Vermont Catamounts,62,67,68.0,15.0,18.0,7.0,58.0,16.0,8.0,5.0
401722193,2024-11-04,2025,0,40,151,286,East Carolina Pirates,North Carolina Wesleyan Battling Bishops,97,70,63.0,32.0,20.0,16.0,66.0,22.0,12.0,10.0
401722206,2024-11-04,2025,1,40,2226,282,Florida Atlantic Owls,Indiana State Sycamores,97,64,61.0,27.0,7.0,16.0,64.0,14.0,9.0,21.0
401722221,2024-11-04,2025,0,40,36,155,Colorado State Rams,North Dakota Fighting Hawks,82,56,60.0,19.0,5.0,10.0,48.0,23.0,5.0,21.0
401722233,2024-11-04,2025,0,40,2440,2534,Nevada Wolf Pack,Sam Houston Bearkats,91,75,53.0,31.0,11.0,12.0,57.0,21.0,9.0,11.0
401722258,2024-11-04,2025,0,40,167,2447,New Mexico Lobos,Nicholls Colonels,91,84,81.0,32.0,18.0,8.0,72.0,16.0,14.0,17.0
401722285,2024-11-04,2025,0,40,218,2529,Temple Owls,Sacred Heart Pioneers,81,70,55.0,23.0,7.0,16.0,68.0,11.0,15.0,16.0
401722290,2024-11-04,2025,0,40,2655,2347,Tulane Green Wave,Louisiana Christian Wildcats,76,42,60.0,22.0,12.0,11.0,57.0,17.0,9.0,14.0
401722300,2024-11-04,2025,0,40,98,2724,Western Kentucky Hilltoppers,Wichita State Shockers,84,91,68.0,34.0,14.0,14.0,61.0,36.0,10.0,14.0
401722336,2024-11-04,2025,0,40,2253,2239,Grand Canyon Lopes,Cal State Fullerton Titans,89,79,59.0,32.0,16.0,17.0,50.0,30.0,8.0,17.0
401722364,2024-11-04,2025,0,40,23,2710,San José State Spartans,Western Illinois Leathernecks,55,59,46.0,29.0,6.0,6.0,51.0,10.0,8.0,13.0
401722384,2024-11-04,2025,0,40,2439,2011,UNLV Rebels,Alabama State Hornets,93,79,58.0,28.0,13.0,11.0,61.0,20.0,12.0,12.0
401722406,2024-11-04,2025,0,40,2751,3066,Wyoming Cowboys,Concordia St. Paul Golden Bears,108,85,84.0,19.0,21.0,8.0,67.0,29.0,12.0,15.0
401722421,2024-11-04,2025,0,40,2540,22,UC Santa Barbara Gauchos,San Francisco State Gators,96,47,63.0,21.0,12.0,15.0,68.0,5.0,8.0,13.0
401722560,2024-11-04,2025,0,40,2057,2373,Belmont Bruins,Maryville (TN) Fighting Scots,93,70,64.0,17.0,9.0,11.0,61.0,21.0,7.0,11.0
401722566,2024-11-04,2025,0,40,71,2546,Bradley Braves,Southeast Missouri State Redhawks,88,60,54.0,25.0,10.0,16.0,57.0,10.0,9.0,17.0
401722598,2024-11-04,2025,0,40,2287,2630,Illinois State Redbirds,UT Martin Skyhawks,65,67,62.0,28.0,10.0,12.0,66.0,18.0,12.0,15.0
401723723,2024-11-04,2025,0,40,238,2379,Vanderbilt Commodores,Maryland Eastern Shore Hawks,102,63,72.0,33.0,17.0,1.0,52.0,19.0,4.0,15.0
401723747,2024-11-04,2025,0,40,2415,341,Morgan State Bears,Frostburg State Bobcats,89,76,61.0,20.0,8.0,16.0,74.0,12.0,16.0,15.0
401723768,2024-11-04,2025,0,40,2450,111942,Norfolk State Spartans,Penn State Wilkes-Barre Mountain Lions,96,41,63.0,21.0,10.0,11.0,55.0,5.0,4.0,20.0
401724512,2024-11-04,2025,0,40,82,2595,UIC Flames,St. Francis (IL) Fighting Saints,91,43,66.0,11.0,12.0,14.0,50.0,14.0,6.0,21.0
401724517,2024-11-04,2025,0,40,231,3242,Furman Paladins,Columbia International Rams,104,46,63.0,18.0,8.0,10.0,56.0,17.0,9.0,17.0
401725192,2024-11-04,2025,0,40,2351,109670,Loyola Marymount Lions,Life Pacific Warriors,99,56,72.0,11.0,8.0,10.0,56.0,9.0,4.0,20.0
401725194,2024-11-04,2025,0,40,279,3078,Pacific Tigers,Jessup Warriors,92,65,65.0,11.0,11.0,13.0,65.0,19.0,10.0,9.0
401725349,2024-11-04,2025,0,40,2608,119,Saint Mary's Gaels,Towson Tigers,76,69,54.0,29.0,14.0,10.0,64.0,19.0,13.0,7.0
401725371,2024-11-04,2025,0,40,2000,2758,Abilene Christian Wildcats,Howard Payne Yellow Jackets,107,74,73.0,33.0,25.0,33.0,80.0,25.0,9.0,14.0
401725790,2024-11-04,2025,0,40,253,2703,Southern Utah Thunderbirds,Western New Mexico Mustangs,96,68,72.0,20.0,14.0,12.0,65.0,12.0,9.0,15.0
401725796,2024-11-04,2025,0,40,250,126794,UT Arlington Mavericks,UNT Dallas Trailblazers,90,55,71.0,21.0,14.0,14.0,72.0,12.0,19.0,21.0
401725805,2024-11-04,2025,0,40,204,3101,Oregon State Beavers,Utah Tech Trailblazers,80,57,64.0,16.0,11.0,9.0,57.0,23.0,10.0,12.0
401725813,2024-11-04,2025,0,40,3084,112694,Utah Valley Wolverines,Western Colorado Mountaineers,92,57,54.0,31.0,12.0,19.0,56.0,19.0,7.0,18.0
401726009,2024-11-04,2025,0,40,2097,2945,Campbell Fighting Camels,Pfeiffer Falcons,96,49,58.0,36.0,9.0,13.0,59.0,17.0,14.0,20.0
401726019,2024-11-04,2025,0,40,2182,111179,Drexel Dragons,Georgian Court Lions,95,43,61.0,25.0,16.0,14.0,65.0,13.0,10.0,12.0
401726035,2024-11-04,2025,0,40,2261,108806,Hampton Pirates,Mid Atlantic Christian Mustangs,110,53,78.0,26.0,24.0,5.0,44.0,15.0,3.0,22.0
401726052,2024-11-04,2025,0,40,350,2418,UNC Wilmington Seahawks,Mount Olive Trojans,143,91,77.0,31.0,16.0,15.0,80.0,23.0,14.0,14.0
401726058,2024-11-04,2025,0,40,2729,2175,William & Mary Tribe,Dickinson Red Devils,84,36,64.0,23.0,11.0,9.0,59.0,11.0,11.0,21.0
401726384,2024-11-04,2025,0,40,202,196,Tulsa Golden Hurricane,Northeastern State RiverHawks,82,68,63.0,26.0,11.0,9.0,58.0,10.0,7.0,16.0
401726395,2024-11-04,2025,0,40,55,548,Jacksonville State Gamecocks,LaGrange Panthers,112,48,73.0,18.0,11.0,7.0,75.0,5.0,7.0,7.0
401726400,2024-11-04,2025,0,40,2393,2476,Middle Tennessee Blue Raiders,Oglethorpe Stormy Petrels,97,51,70.0,24.0,14.0,7.0,55.0,23.0,6.0,15.0
401726405,2024-11-04,2025,0,40,166,2424,New Mexico State Aggies,New Mexico Highlands Cowboys,93,57,70.0,15.0,18.0,26.0,61.0,31.0,14.0,22.0
401726432,2024-11-04,2025,0,40,2638,2834,UTEP Miners,Sul Ross State Lobos,102,55,62.0,26.0,8.0,8.0,46.0,21.0,7.0,26.0
401726453,2024-11-04,2025,0,40,2466,2937,Northwestern State Demons,Dallas Christian Crusaders,96,55,62.0,28.0,13.0,9.0,55.0,14.0,16.0,25.0
401726560,2024-11-04,2025,0,40,276,2167,Marshall Thundering Herd,Davis & Elkins Senators,90,57,68.0,23.0,17.0,16.0,58.0,22.0,13.0,22.0
401727062,2024-11-04,2025,0,40,2250,239,Gonzaga Bulldogs,Baylor Bears,101,63,71.0,13.0,17.0,11.0,62.0,20.0,14.0,12.0
401727085,2024-11-04,2025,0,40,2433,3134,UL Monroe Warhawks,Champion Christian Tigers,111,61,76.0,26.0,17.0,13.0,75.0,8.0,9.0,19.0
401727094,2024-11-04,2025,0,40,140,533,Kansas City Roos,Hannibal LaGrange Trojans,91,68,62.0,34.0,22.0,13.0,54.0,10.0,11.0,20.0
401727101,2024-11-04,2025,0,40,2449,2939,North Dakota State Bison,Jamestown Jimmies,96,59,62.0,20.0,15.0,5.0,56.0,9.0,6.0,10.0
401727106,2024-11-04,2025,0,40,2437,3126,Omaha Mavericks,Mid America Christian Evangels,85,69,52.0,20.0,5.0,16.0,59.0,20.0,8.0,11.0
401727115,2024-11-04,2025,0,40,2900,121894,St. Thomas Tommies,North Central Rams,96,71,71.0,27.0,18.0,10.0,66.0,13.0,9.0,14.0
401727145,2024-11-04,2025,0,40,93,2064,Murray State Racers,Bethel (TN) Wildcats,113,37,65.0,27.0,12.0,15.0,56.0,14.0,13.0,31.0
401727277,2024-11-04,2025,0,40,2275,16231,Hofstra Pride,SUNY Old Westbury Panthers,89,62,66.0,23.0,9.0,11.0,64.0,8.0,5.0,15.0
401727284,2024-11-04,2025,0,40,2174,128438,Detroit Mercy Titans,Cleary University Cougars,91,52,69.0,21.0,19.0,10.0,55.0,11.0,4.0,13.0
401727302,2024-11-04,2025,0,40,116,128342,Mount St. Mary's Mountaineers,Notre Dame (MD) Gators,98,62,60.0,30.0,14.0,24.0,72.0,17.0,17.0,21.0
401727313,2024-11-04,2025,0,40,201,2815,Oklahoma Sooners,Lindenwood Lions,93,60,65.0,17.0,11.0,12.0,65.0,14.0,11.0,12.0
401727318,2024-11-04,2025,0,40,2031,2027,Little Rock Trojans,Arkansas Baptist Buffaloes,84,64,64.0,20.0,11.0,11.0,56.0,27.0,12.0,17.0
401727325,2024-11-04,2025,0,40,2565,433,SIU Edwardsville Cougars,Westminster (MO) Blue Jays,95,42,82.0,18.0,18.0,10.0,50.0,4.0,4.0,32.0
401727339,2024-11-04,2025,0,40,2634,2225,Tennessee State Tigers,Fisk Bulldogs,96,66,66.0,25.0,17.0,13.0,70.0,13.0,11.0,8.0
401727411,2024-11-04,2025,0,40,2747,2215,Wofford Terriers,Erskine Flying Fleet,112,58,92.0,17.0,27.0,13.0,56.0,16.0,4.0,23.0
401727413,2024-11-04,2025,0,40,2717,3243,Western Carolina Catamounts,Bob Jones Bruins,100,61,62.0,18.0,11.0,19.0,71.0,11.0,9.0,11.0
401727416,2024-11-04,2025,0,40,2678,2689,VMI Keydets,Washington Maryland Shoremen,103,54,75.0,25.0,22.0,9.0,49.0,16.0,6.0,22.0
401727491,2024-11-04,2025,0,40,2535,2401,Samford Bulldogs,Mississippi College Choctaws,100,58,74.0,19.0,14.0,8.0,61.0,18.0,14.0,21.0
401727499,2024-11-04,2025,0,40,85,130262,IU Indianapolis Jaguars,IU Columbus Crimson Pride,100,44,81.0,23.0,25.0,5.0,58.0,11.0,5.0,16.0
401727542,2024-11-04,2025,0,40,2473,190,Oakland Golden Grizzlies,Defiance Yellow Jackets,75,52,67.0,12.0,22.0,13.0,59.0,6.0,10.0,13.0
401727829,2024-11-04,2025,0,40,2870,2074,Purdue Fort Wayne Mastodons,Bluffton Beavers,99,47,66.0,13.0,6.0,11.0,59.0,10.0,9.0,22.0
401727832,2024-11-04,2025,0,40,2617,2163,Stephen F. Austin Lumberjacks,Dallas Crusaders,85,51,77.0,15.0,19.0,19.0,68.0,23.0,17.0,21.0
401727842,2024-11-04,2025,0,40,2569,571,South Carolina State Bulldogs,Morris Hornets,137,55,68.0,30.0,13.0,16.0,57.0,16.0,9.0,23.0
401728317,2024-11-04,2025,0,40,2348,108817,Louisiana Tech Bulldogs,LSU Alexandria Bull Terriers,77,50,63.0,17.0,13.0,11.0,62.0,16.0,13.0,14.0
401728972,2024-11-04,2025,0,40,2198,484,Eastern Kentucky Colonels,Alice Lloyd Eagles,98,69,80.0,32.0,29.0,18.0,56.0,23.0,10.0,29.0
401729955,2024-11-04,2025,0,40,2181,109998,Drake Bulldogs,York (NE) Panthers,93,41,59.0,27.0,9.0,6.0,54.0,9.0,5.0,19.0
401731875,2024-11-04,2025,0,40,2448,2129,North Carolina A&T Aggies,Cheyney (PA) Wolves,107,55,75.0,25.0,16.0,10.0,55.0,33.0,7.0,16.0
401731988,2024-11-04,2025,0,40,2755,2573,Grambling Tigers,Southern New Orleans Knights,92,42,72.0,12.0,11.0,14.0,63.0,15.0,9.0,18.0
401700264,2024-11-05,2025,0,40,338,2648,Kennesaw State Owls,Toccoa Falls Eagles,110,61,85.0,32.0,28.0,9.0,66.0,16.0,11.0,17.0
401706909,2024-11-05,2025,0,40,252,2110,BYU Cougars,Central Arkansas Bears,88,50,72.0,11.0,20.0,11.0,56.0,13.0,11.0,18.0
401706971,2024-11-05,2025,0,40,2306,2443,Kansas State Wildcats,LSU New Orleans Privateers,89,65,73.0,12.0,19.0,9.0,64.0,7.0,14.0,12.0
401715429,2024-11-05,2025,0,40,264,302,Washington Huskies,UC Davis Aggies,79,73,62.0,38.0,12.0,15.0,66.0,26.0,13.0,17.0
401715636,2024-11-05,2025,0,40,2641,2065,Texas Tech Red Raiders,Bethune-Cookman Wildcats,94,61,63.0,10.0,12.0,12.0,60.0,10.0,5.0,9.0
401720869,2024-11-05,2025,0,40,9,304,Arizona State Sun Devils,Idaho State Bengals,55,48,55.0,12.0,8.0,14.0,67.0,13.0,16.0,9.0
401720870,2024-11-05,2025,0,40,16,500,Sacramento State Hornets,Cal Maritime Keelhaulers,106,44,63.0,14.0,8.0,17.0,61.0,19.0,13.0,22.0
401721763,2024-11-05,2025,0,40,2142,111947,Colgate Raiders,SUNY Canton Roos,95,62,67.0,20.0,11.0,12.0,52.0,22.0,3.0,14.0
401722271,2024-11-05,2025,0,40,249,339,North Texas Mean Green,Evansville Purple Aces,80,63,57.0,24.0,15.0,10.0,47.0,17.0,3.0,13.0
401722276,2024-11-05,2025,0,40,242,2229,Rice Owls,Florida International Panthers,77,70,52.0,38.0,9.0,16.0,63.0,24.0,11.0,11.0
401725365,2024-11-05,2025,0,40,2539,13,San Francisco Dons,Cal Poly Mustangs,86,78,62.0,28.0,8.0,15.0,64.0,15.0,10.0,19.0
401700452,2024-11-06,2025,0,40,258,2097,Virginia Cavaliers,Campbell Fighting Camels,65,56,42.0,18.0,4.0,11.0,56.0,4.0,7.0,9.0
401706151,2024-11-06,2025,0,40,301,2520,San Diego Toreros,Rider Broncs,67,68,63.0,17.0,14.0,13.0,56.0,22.0,9.0,14.0
401707857,2024-11-06,2025,0,40,84,2565,Indiana Hoosiers,SIU Edwardsville Cougars,80,61,57.0,17.0,9.0,16.0,71.0,13.0,16.0,12.0
401711682,2024-11-06,2025,0,40,8,288,Arkansas Razorbacks,Lipscomb Bisons,76,60,63.0,7.0,6.0,12.0,58.0,9.0,5.0,19.0
401714641,2024-11-06,2025,0,40,2,261,Auburn Tigers,Vermont Catamounts,94,43,64.0,11.0,8.0,9.0,58.0,11.0,10.0,16.0
401714917,2024-11-06,2025,0,40,99,2433,LSU Tigers,UL Monroe Warhawks,95,60,67.0,19.0,14.0,12.0,62.0,13.0,9.0,14.0
401715387,2024-11-06,2025,0,40,135,198,Minnesota Golden Gophers,Oral Roberts Golden Eagles,80,57,52.0,17.0,5.0,9.0,58.0,11.0,12.0,15.0
401715422,2024-11-06,2025,0,40,164,2681,Rutgers Scarlet Knights,Wagner Seahawks,75,52,55.0,21.0,4.0,9.0,63.0,11.0,11.0,11.0
401715448,2024-11-06,2025,0,40,156,292,Creighton Bluejays,UT Rio Grande Valley Vaqueros,99,86,55.0,29.0,7.0,15.0,77.0,10.0,15.0,10.0
401715466,2024-11-06,2025,0,40,46,2329,Georgetown Hoyas,Lehigh Mountain Hawks,85,77,64.0,23.0,17.0,14.0,59.0,17.0,8.0,15.0
401715607,2024-11-06,2025,0,40,41,2529,UConn Huskies,Sacred Heart Pioneers,92,56,62.0,23.0,14.0,13.0,56.0,18.0,6.0,15.0
401715616,2024-11-06,2025,0,40,222,171,Villanova Wildcats,Columbia Lions,80,90,60.0,17.0,13.0,12.0,54.0,26.0,7.0,8.0
401715667,2024-11-06,2025,0,40,59,2698,Georgia Tech Yellow Jackets,West Georgia Wolves,85,62,68.0,17.0,13.0,12.0,64.0,18.0,6.0,8.0
401715681,2024-11-06,2025,0,40,87,284,Notre Dame Fighting Irish,Stonehill Skyhawks,89,60,61.0,22.0,17.0,14.0,56.0,18.0,7.0,10.0
401718456,2024-11-06,2025,0,40,257,2418,Richmond Spiders,Mount Olive Trojans,101,68,59.0,38.0,9.0,13.0,71.0,23.0,13.0,15.0
401718465,2024-11-06,2025,0,40,331,2547,Eastern Washington Eagles,Seattle U Redhawks,93,86,59.0,20.0,4.0,6.0,59.0,26.0,8.0,10.0
401719268,2024-11-06,2025,0,40,2908,2496,South Carolina Upstate Spartans,Piedmont Lions,103,70,65.0,16.0,9.0,16.0,67.0,21.0,11.0,13.0
401720454,2024-11-06,2025,0,40,2272,2154,High Point Panthers,Coppin State Eagles,93,51,55.0,25.0,8.0,12.0,64.0,13.0,12.0,13.0
401720478,2024-11-06,2025,0,40,2506,128326,Presbyterian Blue Hose,Carolina Christian Centurions,120,45,69.0,29.0,11.0,7.0,60.0,16.0,10.0,19.0
401721151,2024-11-06,2025,0,40,2330,2463,Le Moyne Dolphins,Cal State Northridge Matadors,75,97,53.0,40.0,9.0,15.0,60.0,33.0,12.0,14.0
401721170,2024-11-06,2025,0,40,2415,2385,Morgan State Bears,Mercyhurst Lakers,73,78,53.0,24.0,14.0,18.0,59.0,25.0,15.0,15.0
401721277,2024-11-06,2025,0,40,328,2016,Utah State Aggies,Alcorn State Braves,101,46,72.0,18.0,20.0,9.0,55.0,11.0,10.0,20.0
401722089,2024-11-06,2025,0,40,311,554,Maine Black Bears,Maine Fort Kent Bengals,98,47,64.0,33.0,16.0,14.0,75.0,16.0,21.0,14.0
401722094,2024-11-06,2025,0,40,160,2660,New Hampshire Wildcats,UMass Boston Beacons,99,69,61.0,24.0,10.0,19.0,78.0,12.0,13.0,12.0
401722214,2024-11-06,2025,0,40,68,2473,Boise State Broncos,Oakland Golden Grizzlies,87,43,62.0,14.0,12.0,7.0,66.0,9.0,13.0,10.0
401722263,2024-11-06,2025,0,40,21,28,San Diego State Aztecs,UC San Diego Tritons,63,58,50.0,15.0,5.0,14.0,61.0,13.0,9.0,8.0
401723769,2024-11-06,2025,0,40,2450,3229,Norfolk State Spartans,Virginia Lynchburg Dragons,104,60,64.0,23.0,9.0,10.0,52.0,25.0,5.0,16.0
401724528,2024-11-06,2025,0,40,2026,2592,App State Mountaineers,St. Andrews Knights,108,54,69.0,31.0,14.0,6.0,70.0,15.0,10.0,9.0
401724704,2024-11-06,2025,0,40,2640,130174,Texas Southern Tigers,Texas A&M-San Antonio Jaguars,100,66,78.0,20.0,17.0,10.0,63.0,15.0,11.0,20.0
401725199,2024-11-06,2025,0,40,2492,2710,Pepperdine Waves,Western Illinois Leathernecks,77,64,52.0,19.0,6.0,13.0,61.0,11.0,7.0,9.0
401725203,2024-11-06,2025,0,40,2501,2333,Portland Pilots,Lewis & Clark River Otters,83,70,60.0,15.0,9.0,16.0,67.0,12.0,12.0,12.0
401725959,2024-11-06,2025,0,40,2197,2189,Eastern Illinois Panthers,Earlham Quakers,97,61,69.0,32.0,18.0,14.0,65.0,13.0,11.0,19.0
401726022,2024-11-06,2025,0,40,233,2837,South Dakota Coyotes,East Texas A&M Lions,91,83,66.0,36.0,13.0,13.0,66.0,25.0,8.0,15.0
401727241,2024-11-06,2025,0,40,2029,3134,Arkansas-Pine Bluff Golden Lions,Champion Christian Tigers,99,57,78.0,23.0,16.0,11.0,63.0,26.0,9.0,18.0
401727280,2024-11-06,2025,0,40,325,188,Cleveland State Vikings,Baldwin Wallace Yellow Jackets,91,53,65.0,19.0,12.0,11.0,48.0,23.0,9.0,21.0
401727321,2024-11-06,2025,0,40,2413,109700,Morehead State Eagles,Boyce Bulldogs,89,48,69.0,26.0,10.0,6.0,60.0,7.0,4.0,21.0
401727839,2024-11-06,2025,0,40,2750,3121,Wright State Raiders,Ohio Christian Trailblazers,89,60,57.0,22.0,12.0,12.0,59.0,11.0,10.0,16.0
401700443,2024-11-07,2025,0,40,2567,50,SMU Mustangs,Florida A&M Rattlers,102,73,66.0,27.0,12.0,11.0,61.0,26.0,10.0,15.0
401700462,2024-11-07,2025,0,40,154,2448,Wake Forest Demon Deacons,North Carolina A&T Aggies,80,64,62.0,22.0,10.0,19.0,67.0,12.0,6.0,13.0
401706152,2024-11-07,2025,0,40,127,315,Michigan State Spartans,Niagara Purple Eagles,96,60,67.0,25.0,16.0,9.0,53.0,18.0,8.0,16.0
401711730,2024-11-07,2025,0,40,2453,2932,North Alabama Lions,Point Skyhawks,94,58,66.0,28.0,15.0,11.0,61.0,14.0,12.0,20.0
401711743,2024-11-07,2025,0,40,2454,2127,North Florida Ospreys,Charleston Southern Buccaneers,90,66,63.0,18.0,10.0,13.0,61.0,20.0,9.0,15.0
401711754,2024-11-07,2025,0,40,56,2437,Stetson Hatters,Omaha Mavericks,76,79,61.0,18.0,7.0,7.0,71.0,13.0,10.0,5.0
401714889,2024-11-07,2025,0,40,57,294,Florida Gators,Jacksonville Dolphins,81,60,57.0,25.0,12.0,10.0,66.0,3.0,18.0,18.0
401715379,2024-11-07,2025,0,40,2294,2582,Iowa Hawkeyes,Southern Jaguars,89,74,60.0,12.0,5.0,12.0,65.0,15.0,10.0,11.0
401715440,2024-11-07,2025,0,40,275,147,Wisconsin Badgers,Montana State Bobcats,79,67,53.0,21.0,9.0,11.0,54.0,10.0,7.0,14.0
401715457,2024-11-07,2025,0,40,305,2504,DePaul Blue Demons,Prairie View A&M Panthers,92,59,61.0,27.0,14.0,18.0,69.0,20.0,13.0,13.0
401715864,2024-11-07,2025,0,40,2460,270,Northern Iowa Panthers,Milwaukee Panthers,87,68,53.0,16.0,5.0,13.0,62.0,22.0,14.0,9.0
401718347,2024-11-07,2025,0,40,2350,2174,Loyola Chicago Ramblers,Detroit Mercy Titans,87,65,59.0,27.0,15.0,15.0,59.0,29.0,20.0,18.0
401719348,2024-11-07,2025,0,40,25,13,California Golden Bears,Cal Poly Mustangs,91,73,65.0,28.0,14.0,10.0,58.0,23.0,10.0,18.0
401719648,2024-11-07,2025,0,40,2502,2866,Portland State Vikings,Evergreen State Geoducks,131,84,76.0,18.0,8.0,13.0,56.0,33.0,5.0,23.0
401720539,2024-11-07,2025,0,40,254,2110,Utah Utes,Central Arkansas Bears,98,63,65.0,23.0,12.0,13.0,67.0,14.0,10.0,14.0
401720558,2024-11-07,2025,0,40,70,302,Idaho Vandals,UC Davis Aggies,75,79,53.0,25.0,10.0,18.0,61.0,26.0,13.0,12.0
401720708,2024-11-07,2025,0,40,2377,128256,McNeese Cowboys,College of Biblical Studies Ambassadors,111,57,70.0,26.0,13.0,12.0,61.0,11.0,8.0,22.0
401720871,2024-11-07,2025,0,40,30,304,USC Trojans,Idaho State Bengals,75,69,56.0,34.0,9.0,6.0,45.0,30.0,12.0,17.0
401721018,2024-11-07,2025,0,40,2117,2619,Central Michigan Chippewas,Stony Brook Seawolves,72,73,58.0,18.0,13.0,14.0,58.0,25.0,11.0,10.0
401721050,2024-11-07,2025,0,40,2459,103524,Northern Illinois Huskies,Holy Cross (IN) Saints,105,37,63.0,15.0,11.0,14.0,49.0,16.0,4.0,19.0
401721075,2024-11-07,2025,0,40,2711,3092,Western Michigan Broncos,Davenport Panthers,86,46,62.0,18.0,10.0,13.0,55.0,16.0,12.0,21.0
401721132,2024-11-07,2025,0,40,161,3103,Fairleigh Dickinson Knights,Purchase Panthers,112,72,64.0,26.0,12.0,13.0,71.0,16.0,16.0,13.0
401721226,2024-11-07,2025,0,40,2010,3083,Alabama A&M Bulldogs,Oakwood Ambassadors,121,78,84.0,26.0,17.0,18.0,68.0,43.0,14.0,24.0
401721668,2024-11-07,2025,0,40,219,2379,Pennsylvania Quakers,Maryland Eastern Shore Hawks,85,84,58.0,31.0,12.0,7.0,64.0,26.0,17.0,11.0
401721764,2024-11-07,2025,0,45,88,2083,Southern Indiana Screaming Eagles,Bucknell Bison,69,75,60.0,18.0,9.0,12.0,57.0,34.0,15.0,16.0
401721996,2024-11-07,2025,0,40,2066,355,Binghamton Bearcats,SUNY Oneonta Red Dragons,82,63,64.0,19.0,11.0,13.0,57.0,24.0,9.0,16.0
401722082,2024-11-07,2025,0,40,2400,126826,Mississippi Valley State Delta Devils,Mississippi U for Women Owls,66,49,48.0,12.0,3.0,13.0,60.0,8.0,10.0,10.0
401722149,2024-11-07,2025,0,40,2005,55,Air Force Falcons,Jacksonville State Gamecocks,73,67,54.0,16.0,8.0,9.0,54.0,19.0,12.0,14.0
401722296,2024-11-07,2025,0,40,5,2572,UAB Blazers,Southern Miss Golden Eagles,98,84,76.0,18.0,15.0,10.0,57.0,21.0,9.0,22.0
401722323,2024-11-07,2025,0,40,2934,3246,Cal State Bakersfield Roadrunners,Bethesda Flames,122,53,84.0,23.0,23.0,8.0,63.0,11.0,9.0,21.0
401722599,2024-11-07,2025,0,40,2449,2287,North Dakota State Bison,Illinois State Redbirds,68,77,66.0,6.0,8.0,6.0,59.0,14.0,8.0,5.0
401722607,2024-11-07,2025,0,40,282,101,Indiana State Sycamores,Eureka Red Devils,93,48,72.0,17.0,16.0,13.0,69.0,3.0,10.0,16.0
401725350,2024-11-07,2025,0,40,2608,236,Saint Mary's Gaels,Chattanooga Mocs,86,74,52.0,32.0,13.0,9.0,53.0,17.0,5.0,9.0
401726017,2024-11-07,2025,0,40,48,2523,Delaware Blue Hens,Robert Morris Colonials,81,77,53.0,32.0,7.0,15.0,69.0,22.0,14.0,11.0
401727060,2024-11-07,2025,0,40,309,2905,Louisiana Ragin' Cajuns,UT Dallas Comets,82,65,62.0,33.0,15.0,14.0,54.0,22.0,11.0,24.0
401727307,2024-11-07,2025,0,40,2514,2749,Quinnipiac Bobcats,WPI Engineers,71,47,63.0,23.0,11.0,14.0,64.0,10.0,6.0,15.0
401727314,2024-11-07,2025,0,40,2815,112686,Lindenwood Lions,Health Sciences & Pharmacy Eutectics,98,30,62.0,15.0,6.0,9.0,53.0,4.0,8.0,26.0
401727342,2024-11-07,2025,0,40,2635,2081,Tennessee Tech Golden Eagles,Bryan Lions,89,74,63.0,17.0,3.0,6.0,72.0,6.0,9.0,8.0
401727345,2024-11-07,2025,0,40,2630,3077,UT Martin Skyhawks,Kentucky Christian Knights,114,61,75.0,12.0,14.0,12.0,62.0,8.0,9.0,21.0
401727425,2024-11-07,2025,0,40,2643,2215,The Citadel Bulldogs,Erskine Flying Fleet,86,56,62.0,32.0,15.0,12.0,53.0,20.0,8.0,22.0
401727494,2024-11-07,2025,0,40,2382,3229,Mercer Bears,Virginia Lynchburg Dragons,125,54,87.0,11.0,20.0,13.0,64.0,12.0,6.0,22.0
401732252,2024-11-07,2025,0,40,249,630,North Texas Mean Green,Wayland Baptist Pioneers,80,38,59.0,24.0,16.0,12.0,50.0,7.0,6.0,19.0
401700398,2024-11-08,2025,0,40,2603,2115,Saint Joseph's Hawks,Central Connecticut Blue Devils,67,73,58.0,17.0,10.0,13.0,57.0,14.0,6.0,11.0
401700408,2024-11-08,2025,1,40,2670,103,VCU Rams,Boston College Eagles,80,55,60.0,29.0,14.0,12.0,58.0,29.0,17.0,17.0
401700418,2024-11-08,2025,0,40,228,2598,Clemson Tigers,Saint Francis Red Wolves,88,62,56.0,17.0,8.0,16.0,56.0,14.0,7.0,16.0
401700435,2024-11-08,2025,0,40,2305,153,Kansas Jayhawks,North Carolina Tar Heels,92,89,76.0,17.0,12.0,4.0,63.0,31.0,10.0,11.0
401706153,2024-11-08,2025,0,40,2275,314,Hofstra Pride,Iona Gaels,90,76,59.0,24.0,12.0,14.0,59.0,30.0,15.0,15.0
401706882,2024-11-08,2025,0,40,150,349,Duke Blue Devils,Army Black Knights,100,58,71.0,18.0,17.0,8.0,64.0,9.0,10.0,13.0
401706901,2024-11-08,2025,0,40,259,2908,Virginia Tech Hokies,South Carolina Upstate Spartans,93,74,62.0,30.0,12.0,7.0,55.0,13.0,5.0,17.0
401706910,2024-11-08,2025,0,40,252,27,BYU Cougars,UC Riverside Highlanders,86,80,62.0,26.0,11.0,10.0,58.0,23.0,6.0,12.0
401706919,2024-11-08,2025,0,50,38,2458,Colorado Buffaloes,Northern Colorado Bears,90,88,58.0,41.0,11.0,21.0,74.0,17.0,12.0,17.0
401706981,2024-11-08,2025,0,40,2628,526,TCU Horned Frogs,Florida Gulf Coast Eagles,67,51,55.0,14.0,12.0,14.0,50.0,9.0,5.0,15.0
401706991,2024-11-08,2025,0,40,277,113,West Virginia Mountaineers,Massachusetts Minutemen,75,69,57.0,29.0,12.0,14.0,60.0,20.0,12.0,15.0
401707848,2024-11-08,2025,0,40,356,2565,Illinois Fighting Illini,SIU Edwardsville Cougars,90,58,63.0,28.0,16.0,5.0,73.0,17.0,19.0,9.0
401707867,2024-11-08,2025,0,40,120,116,Maryland Terrapins,Mount St. Mary's Mountaineers,86,52,65.0,30.0,15.0,6.0,42.0,20.0,6.0,25.0
401707977,2024-11-08,2025,0,40,2509,94,Purdue Boilermakers,Northern Kentucky Norse,72,50,51.0,14.0,8.0,13.0,57.0,14.0,15.0,13.0
401709968,2024-11-08,2025,0,40,2571,299,South Dakota State Jackrabbits,Long Beach State Beach,80,79,56.0,24.0,9.0,12.0,55.0,27.0,9.0,10.0
401709999,2024-11-08,2025,1,40,26,167,UCLA Bruins,New Mexico Lobos,64,72,55.0,27.0,14.0,21.0,49.0,23.0,8.0,24.0
401711616,2024-11-08,2025,0,40,2193,2198,East Tennessee State Buccaneers,Eastern Kentucky Colonels,78,82,61.0,29.0,21.0,12.0,61.0,15.0,13.0,12.0
401711703,2024-11-08,2025,0,40,2511,2717,Queens University Royals,Western Carolina Catamounts,67,54,70.0,23.0,17.0,14.0,67.0,16.0,12.0,16.0
401712994,2024-11-08,2025,0,40,2086,2046,Butler Bulldogs,Austin Peay Governors,66,68,49.0,19.0,9.0,16.0,62.0,14.0,10.0,8.0
401715308,2024-11-08,2025,0,40,142,47,Missouri Tigers,Howard Bison,77,62,51.0,31.0,8.0,12.0,55.0,10.0,8.0,17.0
401715318,2024-11-08,2025,0,40,145,2755,Ole Miss Rebels,Grambling Tigers,66,64,65.0,18.0,10.0,6.0,45.0,20.0,5.0,22.0
401715327,2024-11-08,2025,0,40,2579,2569,South Carolina Gamecocks,South Carolina State Bulldogs,86,64,64.0,25.0,18.0,13.0,67.0,24.0,16.0,10.0
401715345,2024-11-08,2025,0,40,251,2277,Texas Longhorns,Houston Christian Huskies,90,59,62.0,13.0,9.0,7.0,51.0,17.0,8.0,17.0
401715356,2024-11-08,2025,0,40,245,2837,Texas A&M Aggies,East Texas A&M Lions,87,55,61.0,24.0,15.0,10.0,52.0,11.0,8.0,18.0
401715414,2024-11-08,2025,0,40,213,2378,Penn State Nittany Lions,UMBC Retrievers,103,54,67.0,29.0,10.0,11.0,65.0,14.0,9.0,17.0
401715477,2024-11-08,2025,0,40,269,2244,Marquette Golden Eagles,George Mason Patriots,82,63,67.0,26.0,14.0,9.0,58.0,15.0,12.0,19.0
401715617,2024-11-08,2025,0,40,222,2885,Villanova Wildcats,NJIT Highlanders,91,54,56.0,22.0,11.0,5.0,50.0,5.0,4.0,12.0
401715622,2024-11-08,2025,0,40,2752,85,Xavier Musketeers,IU Indianapolis Jaguars,94,80,59.0,22.0,9.0,8.0,60.0,12.0,8.0,9.0
401715628,2024-11-08,2025,0,40,2132,2413,Cincinnati Bearcats,Morehead State Eagles,83,56,55.0,15.0,5.0,4.0,56.0,18.0,11.0,10.0
401715637,2024-11-08,2025,0,40,2641,2466,Texas Tech Red Raiders,Northwestern State Demons,86,65,57.0,29.0,11.0,9.0,59.0,22.0,14.0,12.0
401715644,2024-11-08,2025,0,40,2116,2870,UCF Knights,Purdue Fort Wayne Mastodons,75,68,59.0,30.0,15.0,13.0,65.0,7.0,9.0,13.0
401715688,2024-11-08,2025,0,40,221,93,Pittsburgh Panthers,Murray State Racers,83,68,53.0,33.0,9.0,9.0,55.0,21.0,8.0,13.0
401715693,2024-11-08,2025,0,40,24,2239,Stanford Cardinal,Cal State Fullerton Titans,80,53,53.0,26.0,10.0,9.0,40.0,33.0,7.0,14.0
401716089,2024-11-08,2025,0,40,2426,108,Navy Midshipmen,Harvard Crimson,85,80,66.0,26.0,14.0,7.0,60.0,15.0,11.0,19.0
401716112,2024-11-08,2025,0,40,2916,2588,Incarnate Word Cardinals,Southwestern U Pirates,97,53,55.0,30.0,14.0,13.0,44.0,21.0,8.0,21.0
401718136,2024-11-08,2025,0,40,45,2261,George Washington Revolutionaries,Hampton Pirates,82,54,66.0,17.0,13.0,12.0,66.0,16.0,16.0,15.0
401718448,2024-11-08,2025,0,40,227,107,Rhode Island Rams,Holy Cross Crusaders,91,77,57.0,29.0,4.0,8.0,61.0,18.0,11.0,14.0
401720475,2024-11-08,2025,0,40,152,2506,NC State Wolfpack,Presbyterian Blue Hose,81,72,56.0,19.0,10.0,12.0,57.0,16.0,12.0,15.0
401720513,2024-11-08,2025,0,40,204,2692,Oregon State Beavers,Weber State Wildcats,76,48,59.0,11.0,10.0,11.0,51.0,11.0,8.0,15.0
401720567,2024-11-08,2025,0,40,344,2247,Mississippi State Bulldogs,Georgia State Panthers,101,66,72.0,10.0,12.0,10.0,64.0,25.0,18.0,17.0
401720580,2024-11-08,2025,0,45,2803,2561,Bryant Bulldogs,Siena Saints,88,90,58.0,37.0,16.0,23.0,70.0,27.0,18.0,19.0
401720746,2024-11-08,2025,0,40,357,2937,Texas A&M-Corpus Christi Islanders,Dallas Christian Crusaders,87,36,63.0,18.0,10.0,12.0,56.0,12.0,9.0,20.0
401720872,2024-11-08,2025,0,40,2464,112679,Northern Arizona Lumberjacks,Nelson Lions,115,67,75.0,24.0,16.0,11.0,69.0,13.0,7.0,12.0
401720873,2024-11-08,2025,0,40,2483,149,Oregon Ducks,Montana Grizzlies,79,48,60.0,23.0,13.0,8.0,50.0,17.0,8.0,14.0
401720874,2024-11-08,2025,0,40,278,16,Fresno State Bulldogs,Sacramento State Hornets,64,57,61.0,19.0,14.0,13.0,61.0,2.0,9.0,16.0
401720942,2024-11-08,2025,0,40,2006,2980,Akron Zips,Ohio Wesleyan Battling Bishops,88,57,64.0,3.0,9.0,11.0,54.0,8.0,7.0,16.0
401720978,2024-11-08,2025,0,40,2351,300,Loyola Marymount Lions,UC Irvine Anteaters,51,66,60.0,6.0,5.0,11.0,50.0,17.0,4.0,15.0
401720992,2024-11-08,2025,0,40,2050,2233,Ball State Cardinals,Franklin Grizzlies,87,60,55.0,37.0,13.0,19.0,60.0,14.0,5.0,18.0
401721000,2024-11-08,2025,0,40,189,2166,Bowling Green Falcons,Davidson Wildcats,85,91,60.0,25.0,7.0,10.0,61.0,28.0,10.0,13.0
401721010,2024-11-08,2025,0,40,2084,2902,Buffalo Bulls,SUNY Fredonia Blue Devils,87,78,65.0,26.0,11.0,13.0,59.0,8.0,5.0,21.0
401721020,2024-11-08,2025,0,40,2199,2562,Eastern Michigan Eagles,Siena Heights Saints,83,58,55.0,28.0,15.0,17.0,65.0,8.0,11.0,15.0
401721029,2024-11-08,2025,0,40,2309,124809,Kent State Golden Flashes,Miami (OH) Hamilton Harriers,98,53,64.0,18.0,12.0,10.0,43.0,24.0,9.0,24.0
401721669,2024-11-08,2025,1,40,2184,163,Duquesne Dukes,Princeton Tigers,68,75,58.0,19.0,8.0,11.0,53.0,29.0,5.0,11.0
401721670,2024-11-08,2025,0,40,172,2535,Cornell Big Red,Samford Bulldogs,88,86,65.0,33.0,15.0,18.0,66.0,35.0,13.0,13.0
401721671,2024-11-08,2025,0,40,82,43,UIC Flames,Yale Bulldogs,91,79,68.0,23.0,12.0,9.0,56.0,25.0,6.0,16.0
401721765,2024-11-08,2025,0,40,301,104,San Diego Toreros,Boston University Terriers,74,60,59.0,12.0,13.0,11.0,61.0,15.0,14.0,8.0
401722175,2024-11-08,2025,0,40,2349,2612,UMass Lowell River Hawks,Saint Peter's Peacocks,81,74,54.0,32.0,8.0,9.0,58.0,20.0,13.0,15.0
401722203,2024-11-08,2025,0,40,2226,3189,Florida Atlantic Owls,Coastal Georgia Mariner,99,49,77.0,19.0,19.0,11.0,48.0,16.0,1.0,24.0
401722222,2024-11-08,2025,0,45,36,2634,Colorado State Rams,Tennessee State Tigers,87,79,63.0,35.0,10.0,11.0,66.0,19.0,13.0,21.0
401722279,2024-11-08,2025,0,40,232,58,Charleston Cougars,South Florida Bulls,86,71,60.0,31.0,9.0,16.0,59.0,28.0,9.0,17.0
401722288,2024-11-08,2025,1,40,2405,218,Monmouth Hawks,Temple Owls,74,103,67.0,24.0,15.0,11.0,65.0,32.0,11.0,6.0
401722291,2024-11-08,2025,0,40,2655,2433,Tulane Green Wave,UL Monroe Warhawks,80,64,60.0,26.0,10.0,11.0,66.0,16.0,17.0,17.0
401722308,2024-11-08,2025,1,40,9,2541,Arizona State Sun Devils,Santa Clara Broncos,81,74,53.0,27.0,11.0,15.0,66.0,16.0,12.0,9.0
401722316,2024-11-08,2025,0,40,2515,2729,Radford Highlanders,William & Mary Tribe,89,77,54.0,34.0,13.0,12.0,58.0,35.0,14.0,11.0
401722338,2024-11-08,2025,0,40,62,109670,Hawai'i Rainbow Warriors,Life Pacific Warriors,96,61,64.0,19.0,15.0,5.0,53.0,12.0,4.0,10.0
401722342,2024-11-08,2025,1,40,279,23,Pacific Tigers,San José State Spartans,80,67,59.0,22.0,10.0,12.0,62.0,24.0,7.0,7.0
401722561,2024-11-08,2025,0,40,2057,231,Belmont Bruins,Furman Paladins,74,76,59.0,10.0,4.0,10.0,59.0,5.0,7.0,16.0
401722587,2024-11-08,2025,0,40,265,71,Washington State Cougars,Bradley Braves,91,74,61.0,33.0,14.0,9.0,54.0,21.0,7.0,14.0
401724520,2024-11-08,2025,0,40,2674,2985,Valparaiso Beacons,Concordia Ann Arbor Cardinals,111,46,79.0,9.0,13.0,7.0,71.0,8.0,7.0,9.0
401724531,2024-11-08,2025,0,40,333,2032,Alabama Crimson Tide,Arkansas State Red Wolves,88,79,66.0,44.0,14.0,12.0,62.0,36.0,8.0,13.0
401726048,2024-11-08,2025,0,40,119,111942,Towson Tigers,Penn State Wilkes-Barre Mountain Lions,89,34,62.0,16.0,12.0,8.0,49.0,12.0,10.0,21.0
401726053,2024-11-08,2025,0,40,350,290,UNC Wilmington Seahawks,Georgia Southern Eagles,92,84,50.0,59.0,14.0,12.0,59.0,28.0,8.0,14.0
401726441,2024-11-08,2025,0,40,2447,6,Nicholls Colonels,South Alabama Jaguars,64,70,63.0,13.0,11.0,8.0,57.0,30.0,13.0,5.0
401727077,2024-11-08,2025,0,40,326,241,Texas State Bobcats,McMurry War Hawks,102,62,67.0,22.0,9.0,13.0,63.0,7.0,2.0,16.0
401727089,2024-11-08,2025,0,40,2172,112694,Denver Pioneers,Western Colorado Mountaineers,97,80,64.0,32.0,11.0,14.0,57.0,38.0,13.0,20.0
401727095,2024-11-08,2025,0,40,140,123410,Kansas City Roos,Kansas Christian Falcons,124,36,70.0,41.0,19.0,9.0,59.0,11.0,5.0,18.0
401727111,2024-11-08,2025,0,40,198,127162,Oral Roberts Golden Eagles,Ozark Christian Ambassadors,105,49,63.0,20.0,9.0,9.0,60.0,6.0,8.0,19.0
401727116,2024-11-08,2025,0,40,2739,2900,Green Bay Phoenix,St. Thomas Tommies,76,90,63.0,15.0,8.0,10.0,53.0,24.0,7.0,14.0
401727121,2024-11-08,2025,0,40,2428,2241,North Carolina Central Eagles,Gardner-Webb Runnin' Bulldogs,82,88,63.0,20.0,12.0,10.0,50.0,22.0,8.0,23.0
401727311,2024-11-08,2025,0,40,79,6760,Southern Illinois Salukis,Missouri S&T Miners,86,64,63.0,24.0,10.0,12.0,62.0,20.0,11.0,19.0
401700265,2024-11-09,2025,0,40,2856,338,California Baptist Lancers,Kennesaw State Owls,88,84,62.0,42.0,15.0,8.0,60.0,16.0,11.0,17.0
401700388,2024-11-09,2025,0,40,2325,322,La Salle Explorers,Lafayette Leopards,81,60,61.0,26.0,15.0,11.0,61.0,15.0,5.0,9.0
401700427,2024-11-09,2025,0,40,97,2633,Louisville Cardinals,Tennessee Volunteers,55,77,60.0,13.0,13.0,15.0,53.0,11.0,12.0,20.0
401706154,2024-11-09,2025,0,40,2154,2520,Coppin State Eagles,Rider Broncs,53,64,61.0,11.0,9.0,12.0,47.0,29.0,7.0,14.0
401706155,2024-11-09,2025,0,40,2099,179,Canisius Golden Griffins,St. Bonaventure Bonnies,78,87,56.0,12.0,8.0,9.0,58.0,24.0,15.0,8.0
401706947,2024-11-09,2025,1,40,248,2,Houston Cougars,Auburn Tigers,69,74,58.0,22.0,15.0,10.0,51.0,19.0,11.0,12.0
401706972,2024-11-09,2025,0,40,2306,325,Kansas State Wildcats,Cleveland State Vikings,77,64,45.0,26.0,7.0,19.0,60.0,16.0,18.0,20.0
401707985,2024-11-09,2025,0,40,158,2065,Nebraska Cornhuskers,Bethune-Cookman Wildcats,63,58,55.0,26.0,13.0,18.0,62.0,7.0,12.0,22.0
401711665,2024-11-09,2025,0,40,288,2747,Lipscomb Bisons,Wofford Terriers,78,69,58.0,18.0,11.0,6.0,58.0,10.0,11.0,10.0
401714909,2024-11-09,2025,0,40,96,2083,Kentucky Wildcats,Bucknell Bison,100,72,79.0,16.0,22.0,15.0,73.0,6.0,12.0,14.0
401715388,2024-11-09,2025,0,40,135,2437,Minnesota Golden Gophers,Omaha Mavericks,68,64,55.0,26.0,13.0,12.0,51.0,23.0,12.0,16.0
401715398,2024-11-09,2025,0,40,2168,77,Dayton Flyers,Northwestern Wildcats,71,66,46.0,25.0,3.0,14.0,56.0,13.0,10.0,16.0
401715430,2024-11-09,2025,0,40,2440,264,Nevada Wolf Pack,Washington Huskies,63,53,55.0,25.0,13.0,11.0,56.0,13.0,10.0,14.0
401715467,2024-11-09,2025,0,40,46,2217,Georgetown Hoyas,Fairfield Stags,69,57,57.0,12.0,12.0,18.0,60.0,10.0,13.0,17.0
401715532,2024-11-09,2025,0,40,2507,284,Providence Friars,Stonehill Skyhawks,76,49,54.0,21.0,12.0,21.0,53.0,22.0,6.0,14.0
401715561,2024-11-09,2025,0,40,2550,2230,Seton Hall Pirates,Fordham Rams,56,57,54.0,16.0,12.0,15.0,52.0,18.0,9.0,14.0
401715591,2024-11-09,2025,0,40,2599,2514,St. John's Red Storm,Quinnipiac Bobcats,96,73,71.0,26.0,14.0,12.0,65.0,21.0,12.0,14.0
401715608,2024-11-09,2025,0,40,41,160,UConn Huskies,New Hampshire Wildcats,92,53,63.0,25.0,15.0,10.0,48.0,20.0,5.0,17.0
401715652,2024-11-09,2025,1,40,242,52,Rice Owls,Florida State Seminoles,65,73,53.0,31.0,14.0,17.0,54.0,34.0,11.0,13.0
401718457,2024-11-09,2025,0,40,257,2368,Richmond Spiders,Marist Red Foxes,72,79,51.0,31.0,8.0,10.0,60.0,17.0,11.0,10.0
401718707,2024-11-09,2025,0,40,2547,2335,Seattle U Redhawks,Liberty Flames,64,66,46.0,24.0,6.0,12.0,50.0,19.0,7.0,15.0
401719229,2024-11-09,2025,0,40,195,2427,Ohio Bobcats,UNC Asheville Bulldogs,82,76,56.0,31.0,13.0,13.0,63.0,22.0,14.0,15.0
401719248,2024-11-09,2025,0,40,2737,2031,Winthrop Eagles,Little Rock Trojans,82,67,55.0,42.0,21.0,22.0,64.0,23.0,14.0,20.0
401720455,2024-11-09,2025,0,40,2272,2296,High Point Panthers,Jackson State Tigers,80,71,42.0,29.0,4.0,18.0,54.0,26.0,7.0,12.0
401720468,2024-11-09,2025,0,40,2344,2415,Longwood Lancers,Morgan State Bears,84,66,49.0,33.0,7.0,15.0,54.0,20.0,10.0,19.0
401720728,2024-11-09,2025,0,40,2443,2653,LSU New Orleans Privateers,Troy Trojans,61,78,65.0,20.0,14.0,16.0,63.0,23.0,19.0,21.0
401720784,2024-11-09,2025,0,40,159,2529,Dartmouth Big Green,Sacred Heart Pioneers,81,76,58.0,39.0,14.0,14.0,63.0,12.0,5.0,13.0
401720875,2024-11-09,2025,0,40,2724,147,Wichita State Shockers,Montana State Bobcats,89,69,61.0,26.0,10.0,6.0,67.0,9.0,12.0,10.0
401721042,2024-11-09,2025,0,40,193,2750,Miami (OH) RedHawks,Wright State Raiders,68,81,64.0,13.0,11.0,12.0,56.0,18.0,7.0,14.0
401721068,2024-11-09,2025,0,40,276,2649,Marshall Thundering Herd,Toledo Rockets,80,90,72.0,17.0,13.0,9.0,59.0,32.0,8.0,9.0
401721108,2024-11-09,2025,0,40,2130,2754,Chicago State Cougars,Youngstown State Penguins,60,80,61.0,26.0,11.0,12.0,60.0,32.0,18.0,14.0
401721152,2024-11-09,2025,0,40,2330,18131,Le Moyne Dolphins,SUNY Polytechnic Wildcats,107,73,75.0,18.0,18.0,16.0,61.0,22.0,8.0,17.0
401721171,2024-11-09,2025,0,40,2385,538,Mercyhurst Lakers,Houghton Highlanders,88,62,58.0,21.0,10.0,12.0,48.0,15.0,8.0,23.0
401721672,2024-11-09,2025,0,40,171,2169,Columbia Lions,Delaware State Hornets,83,62,65.0,22.0,16.0,16.0,68.0,14.0,15.0,15.0
401721766,2024-11-09,2025,0,40,2352,123306,Loyola Maryland Greyhounds,Lancaster Bible Chargers,83,42,67.0,24.0,18.0,17.0,54.0,3.0,5.0,28.0
401721787,2024-11-09,2025,0,40,2182,2142,Drexel Dragons,Colgate Raiders,73,56,56.0,15.0,8.0,12.0,60.0,15.0,7.0,5.0
401721972,2024-11-09,2025,0,40,91,2678,Bellarmine Knights,VMI Keydets,71,76,51.0,15.0,5.0,17.0,62.0,14.0,9.0,9.0
401722023,2024-11-09,2025,0,40,2681,130196,Wagner Seahawks,Manor Blue Jays,94,52,50.0,30.0,7.0,13.0,41.0,17.0,3.0,22.0
401722098,2024-11-09,2025,0,40,399,355,UAlbany Great Danes,SUNY Oneonta Red Dragons,89,69,80.0,14.0,17.0,5.0,48.0,32.0,6.0,16.0
401722182,2024-11-09,2025,0,40,2771,261,Merrimack Warriors,Vermont Catamounts,65,51,61.0,10.0,14.0,12.0,57.0,6.0,13.0,17.0
401722188,2024-11-09,2025,0,40,328,2429,Utah State Aggies,Charlotte 49ers,103,74,66.0,27.0,16.0,7.0,52.0,22.0,10.0,17.0
401722194,2024-11-09,2025,0,40,151,324,East Carolina Pirates,Coastal Carolina Chanticleers,63,59,51.0,40.0,16.0,4.0,59.0,18.0,14.0,6.0
401722215,2024-11-09,2025,0,40,2539,68,San Francisco Dons,Boise State Broncos,84,73,55.0,19.0,8.0,11.0,60.0,29.0,11.0,7.0
401722267,2024-11-09,2025,0,40,2439,235,UNLV Rebels,Memphis Tigers,74,80,58.0,26.0,10.0,10.0,56.0,22.0,8.0,13.0
401722310,2024-11-09,2025,0,40,12,295,Arizona Wildcats,Old Dominion Monarchs,102,44,75.0,29.0,24.0,9.0,57.0,17.0,9.0,18.0
401722414,2024-11-09,2025,0,40,28,2492,UC San Diego Tritons,Pepperdine Waves,94,76,65.0,20.0,12.0,9.0,46.0,27.0,5.0,19.0
401722418,2024-11-09,2025,0,40,2501,2540,Portland Pilots,UC Santa Barbara Gauchos,53,94,66.0,13.0,11.0,11.0,68.0,11.0,9.0,8.0
401722591,2024-11-09,2025,0,40,339,2855,Evansville Purple Aces,Brescia Bearcats,96,49,71.0,10.0,10.0,9.0,65.0,12.0,8.0,9.0
401723733,2024-11-09,2025,0,40,2379,128344,Maryland Eastern Shore Hawks,Penn State Schuylkill Nittany Lions,96,77,65.0,22.0,11.0,10.0,52.0,31.0,8.0,15.0
401723770,2024-11-09,2025,0,40,2450,256,Norfolk State Spartans,James Madison Dukes,83,69,45.0,29.0,0.0,12.0,62.0,18.0,19.0,16.0
401724526,2024-11-09,2025,0,40,112358,2505,Long Island University Sharks,Pratt Institute Cannoneers,102,42,74.0,21.0,19.0,9.0,45.0,19.0,11.0,29.0
401725372,2024-11-09,2025,0,40,2000,2393,Abilene Christian Wildcats,Middle Tennessee Blue Raiders,56,79,49.0,25.0,9.0,19.0,60.0,14.0,10.0,15.0
401725384,2024-11-09,2025,0,40,2253,98,Grand Canyon Lopes,Western Kentucky Hilltoppers,74,72,60.0,29.0,9.0,12.0,61.0,13.0,7.0,16.0
401725791,2024-11-09,2025,0,40,253,2229,Southern Utah Thunderbirds,Florida International Panthers,80,75,46.0,42.0,8.0,24.0,69.0,22.0,14.0,15.0
401725797,2024-11-09,2025,0,40,250,2348,UT Arlington Mavericks,Louisiana Tech Bulldogs,77,92,67.0,17.0,18.0,11.0,61.0,26.0,15.0,7.0
401725806,2024-11-09,2025,0,40,3101,166,Utah Tech Trailblazers,New Mexico State Aggies,63,75,60.0,29.0,11.0,6.0,57.0,24.0,15.0,15.0
401725814,2024-11-09,2025,0,40,3084,2638,Utah Valley Wolverines,UTEP Miners,89,60,48.0,41.0,9.0,19.0,57.0,29.0,8.0,14.0
401726029,2024-11-09,2025,0,40,2210,495,Elon Phoenix,Bluefield Ramblin' Rams,103,66,66.0,31.0,16.0,13.0,68.0,16.0,11.0,14.0
401726385,2024-11-09,2025,0,40,202,2029,Tulsa Golden Hurricane,Arkansas-Pine Bluff Golden Lions,103,80,71.0,29.0,16.0,7.0,60.0,10.0,9.0,20.0
401726406,2024-11-09,2025,0,40,2627,2534,Tarleton State Texans,Sam Houston Bearkats,62,91,57.0,19.0,12.0,22.0,63.0,27.0,19.0,19.0
401726442,2024-11-09,2025,0,40,2447,126826,Nicholls Colonels,Mississippi U for Women Owls,93,44,71.0,15.0,15.0,8.0,50.0,10.0,9.0,22.0
401727063,2024-11-09,2025,1,40,8,239,Arkansas Razorbacks,Baylor Bears,67,72,58.0,17.0,12.0,11.0,58.0,17.0,9.0,8.0
401738328,2024-11-09,2025,0,40,2753,2016,Xavier (LA) Gold Nuggets,Alcorn State Braves,62,56,50.0,36.0,13.0,12.0,58.0,22.0,13.0,14.0
401700463,2024-11-10,2025,1,40,154,130,Wake Forest Demon Deacons,Michigan Wolverines,72,70,56.0,19.0,11.0,13.0,57.0,15.0,10.0,16.0
401707858,2024-11-10,2025,0,40,84,2197,Indiana Hoosiers,Eastern Illinois Panthers,90,55,62.0,12.0,7.0,12.0,57.0,9.0,7.0,17.0
401711744,2024-11-10,2025,0,40,59,2454,Georgia Tech Yellow Jackets,North Florida Ospreys,93,105,79.0,12.0,13.0,10.0,69.0,29.0,10.0,9.0
401714897,2024-11-10,2025,0,40,61,2640,Georgia Bulldogs,Texas Southern Tigers,92,64,59.0,39.0,18.0,14.0,65.0,19.0,7.0,4.0
401714918,2024-11-10,2025,0,40,99,2011,LSU Tigers,Alabama State Hornets,74,61,47.0,34.0,6.0,15.0,60.0,26.0,15.0,15.0
401715441,2024-11-10,2025,0,40,275,2026,Wisconsin Badgers,App State Mountaineers,87,56,70.0,16.0,14.0,6.0,56.0,13.0,11.0,18.0
401715449,2024-11-10,2025,0,40,156,161,Creighton Bluejays,Fairleigh Dickinson Knights,96,70,69.0,25.0,17.0,14.0,67.0,14.0,9.0,14.0
401715675,2024-11-10,2025,0,40,2390,2066,Miami Hurricanes,Binghamton Bearcats,88,64,58.0,25.0,8.0,7.0,55.0,15.0,6.0,12.0
401715916,2024-11-10,2025,0,40,2460,300,Northern Iowa Panthers,UC Irvine Anteaters,60,80,58.0,13.0,6.0,10.0,60.0,12.0,7.0,12.0
401715935,2024-11-10,2025,0,40,5,2545,UAB Blazers,SE Louisiana Lions,82,72,62.0,22.0,13.0,11.0,62.0,16.0,11.0,13.0
401718348,2024-11-10,2025,0,40,2350,101,Loyola Chicago Ramblers,Eureka Red Devils,105,53,57.0,32.0,12.0,17.0,51.0,22.0,10.0,23.0
401719218,2024-11-10,2025,0,40,197,2900,Oklahoma State Cowboys,St. Thomas Tommies,80,71,60.0,28.0,9.0,10.0,62.0,10.0,10.0,20.0
401719323,2024-11-10,2025,0,40,139,2048,Saint Louis Billikens,Avila Eagles,95,44,71.0,15.0,14.0,9.0,48.0,21.0,8.0,21.0
401720876,2024-11-10,2025,0,40,149,3218,Montana Grizzlies,Northwest Indian RedHawks,94,44,69.0,22.0,15.0,10.0,60.0,2.0,4.0,17.0
401721207,2024-11-10,2025,0,40,292,3134,UT Rio Grande Valley Vaqueros,Champion Christian Tigers,110,60,92.0,6.0,18.0,9.0,70.0,16.0,7.0,17.0
401721673,2024-11-10,2025,0,40,111,163,Northeastern Huskies,Princeton Tigers,76,79,62.0,10.0,9.0,14.0,60.0,22.0,7.0,7.0
401721674,2024-11-10,2025,0,40,225,311,Brown Bears,Maine Black Bears,67,69,51.0,27.0,10.0,15.0,58.0,15.0,11.0,14.0
401721675,2024-11-10,2025,0,40,44,108,American University Eagles,Harvard Crimson,67,55,50.0,17.0,5.0,11.0,52.0,15.0,7.0,11.0
401721934,2024-11-10,2025,0,40,2097,2598,Campbell Fighting Camels,Saint Francis Red Wolves,64,65,48.0,21.0,7.0,18.0,50.0,11.0,5.0,18.0
401722304,2024-11-10,2025,0,40,2250,9,Gonzaga Bulldogs,Arizona State Sun Devils,88,80,62.0,22.0,10.0,8.0,63.0,12.0,6.0,10.0
401722339,2024-11-10,2025,0,40,62,23,Hawai'i Rainbow Warriors,San José State Spartans,80,69,55.0,20.0,6.0,6.0,50.0,24.0,8.0,8.0
401722343,2024-11-10,2025,1,40,109670,279,Life Pacific Warriors,Pacific Tigers,41,94,56.0,17.0,6.0,15.0,66.0,28.0,17.0,9.0
401722427,2024-11-10,2025,0,40,2751,2634,Wyoming Cowboys,Tennessee State Tigers,81,66,57.0,24.0,9.0,11.0,59.0,32.0,15.0,12.0
401726023,2024-11-10,2025,0,40,233,573,South Dakota Coyotes,Mount Marty Lancers,77,47,62.0,31.0,16.0,16.0,54.0,13.0,6.0,24.0
401727269,2024-11-10,2025,0,40,13,2381,Cal Poly Mustangs,Menlo Oaks,99,66,71.0,17.0,15.0,16.0,78.0,12.0,10.0,8.0
401727285,2024-11-10,2025,0,45,2174,315,Detroit Mercy Titans,Niagara Purple Eagles,84,78,59.0,29.0,13.0,14.0,64.0,17.0,5.0,10.0
401727332,2024-11-10,2025,0,40,238,2546,Vanderbilt Commodores,Southeast Missouri State Redhawks,85,76,65.0,41.0,20.0,9.0,63.0,13.0,4.0,8.0
401727833,2024-11-10,2025,0,40,2181,2617,Drake Bulldogs,Stephen F. Austin Lumberjacks,66,51,43.0,25.0,10.0,17.0,49.0,15.0,15.0,19.0
401727838,2024-11-10,2025,0,40,2523,110412,Robert Morris Colonials,Chatham Cougars,79,51,56.0,20.0,14.0,16.0,70.0,10.0,17.0,11.0
401700444,2024-11-11,2025,0,40,2567,2430,SMU Mustangs,UNC Greensboro Spartans,81,68,63.0,30.0,14.0,11.0,58.0,22.0,11.0,15.0
401700453,2024-11-11,2025,0,40,258,2154,Virginia Cavaliers,Coppin State Eagles,62,45,52.0,12.0,6.0,12.0,50.0,16.0,4.0,10.0
401706902,2024-11-11,2025,0,40,259,2737,Virginia Tech Hokies,Winthrop Eagles,58,52,57.0,18.0,16.0,13.0,58.0,13.0,11.0,11.0
401706955,2024-11-11,2025,0,40,66,140,Iowa State Cyclones,Kansas City Roos,82,56,62.0,19.0,13.0,7.0,54.0,13.0,9.0,16.0
401707868,2024-11-11,2025,0,40,120,50,Maryland Terrapins,Florida A&M Rattlers,84,53,64.0,21.0,8.0,6.0,51.0,17.0,10.0,22.0
401707978,2024-11-11,2025,0,40,2509,43,Purdue Boilermakers,Yale Bulldogs,92,84,52.0,32.0,5.0,10.0,65.0,19.0,11.0,10.0
401710000,2024-11-11,2025,0,40,26,104,UCLA Bruins,Boston University Terriers,71,40,60.0,21.0,11.0,15.0,46.0,9.0,7.0,28.0
401711650,2024-11-11,2025,0,40,231,294,Furman Paladins,Jacksonville Dolphins,78,69,57.0,24.0,9.0,14.0,65.0,20.0,15.0,14.0
401711731,2024-11-11,2025,0,40,2453,2630,North Alabama Lions,UT Martin Skyhawks,87,69,70.0,13.0,14.0,10.0,56.0,15.0,12.0,18.0
401711755,2024-11-11,2025,0,40,2643,56,The Citadel Bulldogs,Stetson Hatters,74,52,67.0,10.0,15.0,11.0,56.0,19.0,10.0,12.0
401712995,2024-11-11,2025,0,40,2086,2711,Butler Bulldogs,Western Michigan Broncos,85,65,50.0,24.0,2.0,11.0,73.0,17.0,16.0,5.0
401714890,2024-11-11,2025,0,40,57,2755,Florida Gators,Grambling Tigers,86,62,64.0,26.0,17.0,12.0,54.0,17.0,5.0,18.0
401715309,2024-11-11,2025,0,40,142,331,Missouri Tigers,Eastern Washington Eagles,84,77,48.0,31.0,8.0,13.0,56.0,12.0,8.0,14.0
401715357,2024-11-11,2025,0,40,245,2320,Texas A&M Aggies,Lamar Cardinals,97,71,58.0,32.0,15.0,14.0,64.0,25.0,14.0,10.0
401715406,2024-11-11,2025,0,40,194,2754,Ohio State Buckeyes,Youngstown State Penguins,81,47,56.0,13.0,7.0,15.0,59.0,24.0,13.0,12.0
401715423,2024-11-11,2025,0,40,164,2612,Rutgers Scarlet Knights,Saint Peter's Peacocks,75,65,56.0,25.0,9.0,6.0,60.0,15.0,11.0,9.0
401715458,2024-11-11,2025,0,40,305,2382,DePaul Blue Demons,Mercer Bears,95,64,62.0,25.0,12.0,14.0,61.0,23.0,16.0,21.0
401715478,2024-11-11,2025,0,40,269,2117,Marquette Golden Eagles,Central Michigan Chippewas,70,62,55.0,25.0,6.0,12.0,52.0,21.0,13.0,26.0
401715682,2024-11-11,2025,0,40,87,2084,Notre Dame Fighting Irish,Buffalo Bulls,86,77,59.0,27.0,5.0,10.0,70.0,11.0,8.0,11.0
401715689,2024-11-11,2025,0,40,221,2241,Pittsburgh Panthers,Gardner-Webb Runnin' Bulldogs,83,64,66.0,15.0,10.0,9.0,63.0,13.0,12.0,17.0
401716876,2024-11-11,2025,0,40,2244,2619,George Mason Patriots,Stony Brook Seawolves,94,56,59.0,24.0,11.0,10.0,60.0,18.0,13.0,14.0
401720448,2024-11-11,2025,0,40,2127,571,Charleston Southern Buccaneers,Morris Hornets,108,50,71.0,35.0,19.0,9.0,64.0,6.0,7.0,18.0
401720559,2024-11-11,2025,0,40,265,70,Washington State Cougars,Idaho Vandals,90,67,66.0,20.0,15.0,12.0,63.0,23.0,10.0,11.0
401720709,2024-11-11,2025,0,40,333,2377,Alabama Crimson Tide,McNeese Cowboys,72,64,50.0,24.0,10.0,15.0,61.0,11.0,12.0,13.0
401720877,2024-11-11,2025,0,40,147,3218,Montana State Bobcats,Northwest Indian RedHawks,93,35,77.0,11.0,18.0,5.0,55.0,10.0,10.0,21.0
401720878,2024-11-11,2025,0,40,304,2584,Idaho State Bengals,Southern Oregon Raiders,87,63,66.0,19.0,17.0,8.0,56.0,13.0,7.0,10.0
401721001,2024-11-11,2025,0,40,189,620,Bowling Green Falcons,Taylor Trojans,107,43,67.0,15.0,10.0,10.0,56.0,14.0,9.0,20.0
401721083,2024-11-11,2025,0,40,2115,126751,Central Connecticut Blue Devils,Vermont State Johnson Badgers,117,68,72.0,16.0,10.0,3.0,65.0,11.0,12.0,15.0
401721279,2024-11-11,2025,0,40,2655,2016,Tulane Green Wave,Alcorn State Braves,84,51,59.0,15.0,13.0,12.0,56.0,16.0,16.0,16.0
401721951,2024-11-11,2025,0,40,2046,236,Austin Peay Governors,Chattanooga Mocs,67,61,48.0,26.0,8.0,11.0,64.0,9.0,14.0,12.0
401722106,2024-11-11,2025,0,40,2378,110414,UMBC Retrievers,Valley Forge Patriots,120,61,81.0,12.0,23.0,13.0,63.0,18.0,12.0,18.0
401722150,2024-11-11,2025,0,40,2005,112358,Air Force Falcons,Long Island University Sharks,54,63,39.0,28.0,5.0,12.0,56.0,19.0,16.0,10.0
401722325,2024-11-11,2025,0,40,2934,2449,Cal State Bakersfield Roadrunners,North Dakota State Bison,86,81,59.0,18.0,10.0,6.0,50.0,25.0,7.0,9.0
401722340,2024-11-11,2025,0,40,62,279,Hawai'i Rainbow Warriors,Pacific Tigers,76,66,52.0,29.0,10.0,12.0,61.0,28.0,13.0,8.0
401722344,2024-11-11,2025,1,40,23,109670,San José State Spartans,Life Pacific Warriors,93,56,70.0,7.0,14.0,8.0,62.0,6.0,7.0,9.0
401726561,2024-11-11,2025,0,40,276,88,Marshall Thundering Herd,Southern Indiana Screaming Eagles,77,63,46.0,50.0,11.0,11.0,50.0,36.0,14.0,18.0
401727053,2024-11-11,2025,0,40,290,2041,Georgia Southern Eagles,Augusta Jaguars,79,69,63.0,20.0,12.0,12.0,63.0,22.0,13.0,10.0
401727143,2024-11-11,2025,0,40,2623,2403,Missouri State Bears,Missouri Southern State Lions,90,61,64.0,27.0,11.0,13.0,67.0,15.0,13.0,18.0
401727355,2024-11-11,2025,0,40,201,2466,Oklahoma Sooners,Northwestern State Demons,73,57,58.0,22.0,10.0,9.0,50.0,11.0,6.0,20.0
401727843,2024-11-11,2025,0,40,2569,2679,South Carolina State Bulldogs,Voorhees Tigers,94,48,63.0,28.0,11.0,8.0,56.0,8.0,5.0,20.0
401730464,2024-11-11,2025,0,40,47,2176,Howard Bison,Dillard Blue Devils,91,73,61.0,31.0,8.0,16.0,63.0,31.0,7.0,15.0
401732267,2024-11-11,2025,0,40,2010,2027,Alabama A&M Bulldogs,Arkansas Baptist Buffaloes,103,57,68.0,28.0,21.0,16.0,48.0,24.0,8.0,23.0
401700389,2024-11-12,2025,0,40,2325,172,La Salle Explorers,Cornell Big Red,93,77,61.0,33.0,14.0,13.0,62.0,21.0,11.0,14.0
401700399,2024-11-12,2025,0,40,2603,222,Saint Joseph's Hawks,Villanova Wildcats,83,76,60.0,25.0,7.0,10.0,66.0,16.0,14.0,16.0
401700419,2024-11-12,2025,0,40,228,2198,Clemson Tigers,Eastern Kentucky Colonels,75,62,61.0,19.0,19.0,13.0,61.0,5.0,13.0,15.0
401706156,2024-11-12,2025,0,40,314,48,Iona Gaels,Delaware Blue Hens,58,64,73.0,22.0,31.0,17.0,59.0,17.0,13.0,15.0
401706157,2024-11-12,2025,0,40,2426,2520,Navy Midshipmen,Rider Broncs,79,90,60.0,25.0,11.0,8.0,51.0,32.0,13.0,16.0
401706883,2024-11-12,2025,1,40,96,150,Kentucky Wildcats,Duke Blue Devils,77,72,63.0,24.0,10.0,11.0,71.0,17.0,11.0,7.0
401706893,2024-11-12,2025,0,40,183,2142,Syracuse Orange,Colgate Raiders,74,72,70.0,8.0,11.0,7.0,64.0,11.0,5.0,6.0
401706963,2024-11-12,2025,1,40,2305,127,Kansas Jayhawks,Michigan State Spartans,77,69,69.0,22.0,11.0,10.0,69.0,21.0,11.0,11.0
401706982,2024-11-12,2025,0,40,2628,326,TCU Horned Frogs,Texas State Bobcats,76,71,52.0,32.0,6.0,11.0,57.0,21.0,5.0,12.0
401711683,2024-11-12,2025,0,40,288,2057,Lipscomb Bisons,Belmont Bruins,79,80,66.0,8.0,8.0,8.0,64.0,6.0,13.0,15.0
401711704,2024-11-12,2025,0,40,254,2511,Utah Utes,Queens University Royals,96,65,72.0,19.0,17.0,13.0,64.0,16.0,9.0,13.0
401711745,2024-11-12,2025,0,40,61,2454,Georgia Bulldogs,North Florida Ospreys,90,77,59.0,28.0,14.0,10.0,70.0,6.0,13.0,9.0
401714989,2024-11-12,2025,0,40,344,2545,Mississippi State Bulldogs,SE Louisiana Lions,80,59,62.0,26.0,13.0,11.0,54.0,17.0,9.0,19.0
401715319,2024-11-12,2025,0,40,145,6,Ole Miss Rebels,South Alabama Jaguars,64,54,64.0,14.0,14.0,9.0,52.0,11.0,6.0,14.0
401715328,2024-11-12,2025,0,40,2579,119,South Carolina Gamecocks,Towson Tigers,80,54,52.0,30.0,10.0,15.0,54.0,29.0,15.0,14.0
401715346,2024-11-12,2025,0,40,251,2130,Texas Longhorns,Chicago State Cougars,105,58,63.0,33.0,9.0,9.0,64.0,19.0,9.0,12.0
401715380,2024-11-12,2025,0,40,2294,233,Iowa Hawkeyes,South Dakota Coyotes,96,77,68.0,12.0,11.0,10.0,68.0,14.0,14.0,13.0
401715399,2024-11-12,2025,0,40,77,82,Northwestern Wildcats,UIC Flames,83,74,54.0,33.0,8.0,9.0,54.0,22.0,11.0,20.0
401715415,2024-11-12,2025,0,40,213,2598,Penn State Nittany Lions,Saint Francis Red Wolves,92,62,69.0,20.0,12.0,15.0,59.0,17.0,11.0,24.0
401715533,2024-11-12,2025,0,40,2507,2261,Providence Friars,Hampton Pirates,60,51,46.0,20.0,11.0,14.0,56.0,13.0,12.0,12.0
401715623,2024-11-12,2025,0,40,2752,2296,Xavier Musketeers,Jackson State Tigers,94,57,61.0,15.0,6.0,10.0,66.0,20.0,12.0,10.0
401715645,2024-11-12,2025,0,40,2116,2226,UCF Knights,Florida Atlantic Owls,100,94,60.0,25.0,9.0,16.0,64.0,29.0,10.0,13.0
401715653,2024-11-12,2025,0,40,52,2627,Florida State Seminoles,Tarleton State Texans,72,52,49.0,38.0,11.0,17.0,45.0,28.0,7.0,21.0
401715668,2024-11-12,2025,0,40,59,2640,Georgia Tech Yellow Jackets,Texas Southern Tigers,81,62,58.0,34.0,14.0,14.0,66.0,22.0,14.0,12.0
401715694,2024-11-12,2025,0,40,24,2464,Stanford Cardinal,Northern Arizona Lumberjacks,90,64,57.0,16.0,10.0,6.0,56.0,8.0,8.0,10.0
401716113,2024-11-12,2025,0,40,2916,2504,Incarnate Word Cardinals,Prairie View A&M Panthers,84,81,59.0,38.0,12.0,9.0,55.0,27.0,6.0,7.0
401716155,2024-11-12,2025,0,40,71,2636,Bradley Braves,UTSA Roadrunners,85,72,62.0,15.0,12.0,18.0,66.0,23.0,9.0,8.0
401716867,2024-11-12,2025,0,40,2230,2066,Fordham Rams,Binghamton Bearcats,78,63,60.0,30.0,11.0,8.0,54.0,19.0,10.0,18.0
401718137,2024-11-12,2025,0,40,45,2448,George Washington Revolutionaries,North Carolina A&T Aggies,85,80,64.0,18.0,11.0,13.0,64.0,10.0,7.0,14.0
401718449,2024-11-12,2025,0,40,227,144,Rhode Island Rams,Franklin Pierce Ravens,105,73,56.0,50.0,16.0,16.0,75.0,16.0,15.0,13.0
401718709,2024-11-12,2025,0,40,2335,108942,Liberty Flames,Carolina University Bruins,81,45,69.0,17.0,12.0,3.0,46.0,6.0,4.0,25.0
401719368,2024-11-12,2025,0,40,2458,2862,Northern Colorado Bears,Colorado Christian Cougars,113,56,65.0,5.0,8.0,8.0,57.0,9.0,4.0,11.0
401719649,2024-11-12,2025,0,40,301,2502,San Diego Toreros,Portland State Vikings,76,85,60.0,34.0,11.0,21.0,60.0,25.0,9.0,24.0
401720456,2024-11-12,2025,0,40,2272,2428,High Point Panthers,North Carolina Central Eagles,76,60,53.0,19.0,9.0,7.0,54.0,10.0,8.0,10.0
401720584,2024-11-12,2025,0,40,2561,44,Siena Saints,American University Eagles,74,66,47.0,25.0,10.0,10.0,55.0,12.0,9.0,8.0
401720747,2024-11-12,2025,1,40,167,357,New Mexico Lobos,Texas A&M-Corpus Christi Islanders,100,81,62.0,39.0,11.0,14.0,55.0,35.0,9.0,22.0
401720879,2024-11-12,2025,0,40,28,16,UC San Diego Tritons,Sacramento State Hornets,64,54,54.0,26.0,13.0,10.0,47.0,16.0,11.0,18.0
401720943,2024-11-12,2025,0,40,2608,2006,Saint Mary's Gaels,Akron Zips,87,68,70.0,18.0,20.0,11.0,65.0,8.0,7.0,10.0
401721043,2024-11-12,2025,0,40,193,2379,Miami (OH) RedHawks,Maryland Eastern Shore Hawks,88,70,64.0,6.0,14.0,10.0,51.0,18.0,6.0,10.0
401721051,2024-11-12,2025,0,40,2459,2405,Northern Illinois Huskies,Monmouth Hawks,79,66,48.0,35.0,8.0,14.0,61.0,36.0,18.0,12.0
401721060,2024-11-12,2025,0,40,2287,195,Illinois State Redbirds,Ohio Bobcats,85,75,49.0,16.0,5.0,12.0,55.0,16.0,8.0,10.0
401721651,2024-11-12,2025,0,45,2483,2501,Oregon Ducks,Portland Pilots,80,70,69.0,23.0,11.0,11.0,64.0,16.0,7.0,16.0
401721676,2024-11-12,2025,0,40,322,219,Lafayette Leopards,Pennsylvania Quakers,65,63,54.0,17.0,12.0,7.0,56.0,24.0,16.0,8.0
401721677,2024-11-12,2025,0,40,171,2329,Columbia Lions,Lehigh Mountain Hawks,76,75,62.0,21.0,16.0,6.0,53.0,14.0,4.0,8.0
401721788,2024-11-12,2025,0,40,2885,2352,NJIT Highlanders,Loyola Maryland Greyhounds,50,68,54.0,6.0,7.0,15.0,61.0,11.0,13.0,10.0
401721789,2024-11-12,2025,0,40,349,289,Army Black Knights,Mount St Mary Knights,101,48,73.0,6.0,21.0,11.0,47.0,8.0,6.0,23.0
401721980,2024-11-12,2025,0,40,2635,2698,Tennessee Tech Golden Eagles,West Georgia Wolves,76,73,55.0,16.0,5.0,15.0,69.0,12.0,17.0,16.0
401722033,2024-11-12,2025,0,40,2870,2065,Purdue Fort Wayne Mastodons,Bethune-Cookman Wildcats,91,69,64.0,31.0,13.0,8.0,55.0,14.0,7.0,20.0
401722095,2024-11-12,2025,0,40,160,2217,New Hampshire Wildcats,Fairfield Stags,56,62,54.0,15.0,7.0,11.0,64.0,15.0,13.0,8.0
401722195,2024-11-12,2025,0,40,151,2418,East Carolina Pirates,Mount Olive Trojans,110,73,79.0,33.0,20.0,11.0,78.0,15.0,12.0,13.0
401722216,2024-11-12,2025,0,40,68,3106,Boise State Broncos,Corban Warriors,100,65,63.0,25.0,12.0,12.0,68.0,6.0,9.0,14.0
401722223,2024-11-12,2025,0,40,36,2172,Colorado State Rams,Denver Pioneers,74,65,59.0,15.0,10.0,12.0,61.0,11.0,14.0,17.0
401722264,2024-11-12,2025,0,40,21,2475,San Diego State Aztecs,Occidental Tigers,100,49,76.0,13.0,16.0,4.0,58.0,13.0,14.0,21.0
401722278,2024-11-12,2025,0,40,242,2433,Rice Owls,UL Monroe Warhawks,66,50,56.0,21.0,15.0,15.0,52.0,21.0,11.0,15.0
401722281,2024-11-12,2025,0,40,58,2029,South Florida Bulls,Arkansas-Pine Bluff Golden Lions,85,69,69.0,33.0,21.0,8.0,60.0,19.0,12.0,12.0
401722286,2024-11-12,2025,0,40,218,2182,Temple Owls,Drexel Dragons,69,61,53.0,31.0,10.0,7.0,67.0,12.0,17.0,8.0
401722317,2024-11-12,2025,0,40,2515,295,Radford Highlanders,Old Dominion Monarchs,87,75,61.0,30.0,15.0,8.0,59.0,20.0,12.0,15.0
401722409,2024-11-12,2025,0,40,302,2381,UC Davis Aggies,Menlo Oaks,80,70,61.0,17.0,8.0,12.0,65.0,10.0,10.0,15.0
401722608,2024-11-12,2025,0,40,282,2565,Indiana State Sycamores,SIU Edwardsville Cougars,72,77,59.0,15.0,12.0,16.0,60.0,12.0,12.0,17.0
401723713,2024-11-12,2025,0,40,2169,461,Delaware State Hornets,Gwynedd Mercy Griffins,70,54,61.0,18.0,12.0,12.0,63.0,12.0,11.0,10.0
401723748,2024-11-12,2025,0,40,2415,2177,Morgan State Bears,District of Columbia Firebirds,90,64,64.0,23.0,16.0,22.0,57.0,21.0,14.0,27.0
401723759,2024-11-12,2025,0,40,2729,2450,William & Mary Tribe,Norfolk State Spartans,84,73,67.0,13.0,16.0,14.0,60.0,23.0,11.0,13.0
401724521,2024-11-12,2025,0,40,2674,325,Valparaiso Beacons,Cleveland State Vikings,67,75,54.0,24.0,12.0,14.0,58.0,13.0,10.0,15.0
401724532,2024-11-12,2025,0,40,2032,2031,Arkansas State Red Wolves,Little Rock Trojans,80,63,64.0,30.0,20.0,9.0,49.0,20.0,9.0,17.0
401725373,2024-11-12,2025,0,40,2000,241,Abilene Christian Wildcats,McMurry War Hawks,101,55,74.0,8.0,11.0,9.0,55.0,23.0,9.0,20.0
401725382,2024-11-12,2025,0,40,2856,27,California Baptist Lancers,UC Riverside Highlanders,69,70,60.0,15.0,10.0,10.0,61.0,23.0,12.0,6.0
401725792,2024-11-12,2025,0,40,253,3246,Southern Utah Thunderbirds,Bethesda Flames,107,54,74.0,34.0,13.0,6.0,78.0,9.0,11.0,14.0
401726427,2024-11-12,2025,0,40,239,2534,Baylor Bears,Sam Houston Bearkats,104,67,70.0,11.0,16.0,15.0,59.0,9.0,7.0,16.0
401726433,2024-11-12,2025,0,40,2638,3081,UTEP Miners,UT Permian Basin Falcons,78,58,51.0,19.0,7.0,18.0,60.0,15.0,16.0,20.0
401726437,2024-11-12,2025,0,40,98,2098,Western Kentucky Hilltoppers,Campbellsville Tigers,104,76,78.0,10.0,9.0,5.0,70.0,6.0,12.0,17.0
401727058,2024-11-12,2025,0,40,256,124942,James Madison Dukes,Mary Baldwin Fighting Squirrels,100,52,63.0,27.0,9.0,13.0,58.0,18.0,4.0,18.0
401727073,2024-11-12,2025,0,40,2572,100,Southern Miss Golden Eagles,Loyola New Orleans Wolfpack,104,65,72.0,13.0,12.0,15.0,74.0,9.0,10.0,14.0
401727098,2024-11-12,2025,0,40,155,316,North Dakota Fighting Hawks,Dickinson State Blue Hawks,85,54,66.0,23.0,14.0,10.0,67.0,3.0,8.0,13.0
401727295,2024-11-12,2025,0,40,2363,2384,Manhattan Jaspers,Mercy Mavericks,88,71,60.0,23.0,17.0,14.0,59.0,16.0,9.0,8.0
401727417,2024-11-12,2025,0,40,2678,111180,VMI Keydets,Christendom Crusaders,102,56,78.0,8.0,15.0,8.0,62.0,12.0,11.0,19.0
401727492,2024-11-12,2025,0,40,2535,2519,Samford Bulldogs,Rhodes Lynx,108,52,93.0,20.0,26.0,6.0,58.0,8.0,11.0,30.0
401727501,2024-11-12,2025,0,40,85,3067,IU Indianapolis Jaguars,Goshen Maple Leafs,97,55,64.0,31.0,13.0,13.0,61.0,15.0,7.0,18.0
401727831,2024-11-12,2025,0,40,204,2848,Oregon State Beavers,Western Oregon Wolves,94,58,67.0,15.0,13.0,13.0,69.0,6.0,19.0,20.0
401727834,2024-11-12,2025,0,40,2617,2326,Stephen F. Austin Lumberjacks,LeTourneau Yellow Jackets,87,68,62.0,23.0,19.0,19.0,58.0,19.0,12.0,17.0
401700266,2024-11-13,2025,0,40,338,2081,Kennesaw State Owls,Bryan Lions,94,59,85.0,15.0,22.0,9.0,75.0,7.0,10.0,11.0
401700409,2024-11-13,2025,0,40,2670,2771,VCU Rams,Merrimack Warriors,63,42,50.0,27.0,9.0,17.0,43.0,24.0,5.0,22.0
401700464,2024-11-13,2025,0,40,154,2908,Wake Forest Demon Deacons,South Carolina Upstate Spartans,85,80,55.0,33.0,11.0,11.0,63.0,10.0,11.0,17.0
401706158,2024-11-13,2025,0,40,2385,2099,Mercyhurst Lakers,Canisius Golden Griffins,62,52,56.0,18.0,8.0,6.0,45.0,12.0,8.0,18.0
401706911,2024-11-13,2025,0,40,252,2511,BYU Cougars,Queens University Royals,99,55,78.0,8.0,21.0,12.0,58.0,10.0,3.0,15.0
401706920,2024-11-13,2025,0,40,38,2239,Colorado Buffaloes,Cal State Fullerton Titans,83,53,53.0,14.0,8.0,16.0,58.0,17.0,11.0,11.0
401706948,2024-11-13,2025,0,40,248,309,Houston Cougars,Louisiana Ragin' Cajuns,91,45,68.0,27.0,18.0,10.0,46.0,12.0,4.0,23.0
401707849,2024-11-13,2025,0,40,356,2473,Illinois Fighting Illini,Oakland Golden Grizzlies,66,54,55.0,17.0,12.0,18.0,53.0,11.0,8.0,18.0
401707986,2024-11-13,2025,0,40,158,161,Nebraska Cornhuskers,Fairleigh Dickinson Knights,86,60,65.0,28.0,14.0,8.0,57.0,11.0,7.0,17.0
401709969,2024-11-13,2025,0,40,2539,299,San Francisco Dons,Long Beach State Beach,84,54,54.0,19.0,11.0,14.0,54.0,8.0,10.0,18.0
401714642,2024-11-13,2025,0,40,2,2309,Auburn Tigers,Kent State Golden Flashes,79,56,57.0,22.0,11.0,6.0,61.0,15.0,12.0,8.0
401715336,2024-11-13,2025,0,40,2633,149,Tennessee Volunteers,Montana Grizzlies,92,57,51.0,25.0,7.0,13.0,52.0,19.0,4.0,11.0
401715389,2024-11-13,2025,0,40,135,249,Minnesota Golden Gophers,North Texas Mean Green,51,54,48.0,22.0,13.0,13.0,53.0,16.0,13.0,8.0
401715450,2024-11-13,2025,0,40,156,2277,Creighton Bluejays,Houston Christian Huskies,78,43,52.0,20.0,4.0,10.0,71.0,3.0,15.0,10.0
401715562,2024-11-13,2025,1,40,2275,2550,Hofstra Pride,Seton Hall Pirates,49,48,46.0,11.0,7.0,14.0,48.0,17.0,12.0,14.0
401715592,2024-11-13,2025,0,40,2599,2681,St. John's Red Storm,Wagner Seahawks,66,45,42.0,30.0,7.0,15.0,55.0,9.0,11.0,16.0
401715609,2024-11-13,2025,0,40,41,2330,UConn Huskies,Le Moyne Dolphins,90,49,63.0,11.0,13.0,7.0,54.0,8.0,7.0,12.0
401715638,2024-11-13,2025,0,40,2641,2751,Texas Tech Red Raiders,Wyoming Cowboys,96,49,61.0,11.0,11.0,13.0,53.0,18.0,17.0,25.0
401715865,2024-11-13,2025,0,40,2344,270,Longwood Lancers,Milwaukee Panthers,76,62,56.0,40.0,12.0,18.0,64.0,20.0,13.0,20.0
401716877,2024-11-13,2025,0,40,2244,2117,George Mason Patriots,Central Michigan Chippewas,69,70,49.0,34.0,10.0,15.0,61.0,12.0,11.0,13.0
401718248,2024-11-13,2025,0,40,2168,2050,Dayton Flyers,Ball State Cardinals,77,69,53.0,29.0,7.0,8.0,52.0,24.0,5.0,15.0
401718417,2024-11-13,2025,1,40,113,2348,Massachusetts Minutemen,Louisiana Tech Bulldogs,66,76,67.0,21.0,16.0,11.0,58.0,12.0,9.0,14.0
401718458,2024-11-13,2025,0,40,2429,257,Charlotte 49ers,Richmond Spiders,65,48,51.0,30.0,8.0,7.0,50.0,13.0,2.0,10.0
401719335,2024-11-13,2025,0,40,526,179,Florida Gulf Coast Eagles,St. Bonaventure Bonnies,65,74,63.0,11.0,11.0,12.0,59.0,19.0,9.0,9.0
401719349,2024-11-13,2025,0,40,238,25,Vanderbilt Commodores,California Golden Bears,85,69,68.0,15.0,8.0,8.0,55.0,21.0,8.0,20.0
401720479,2024-11-13,2025,0,40,2506,2747,Presbyterian Blue Hose,Wofford Terriers,71,68,52.0,21.0,8.0,9.0,57.0,9.0,10.0,12.0
401720514,2024-11-13,2025,0,40,2440,2692,Nevada Wolf Pack,Weber State Wildcats,88,58,51.0,28.0,6.0,5.0,54.0,34.0,16.0,11.0
401720575,2024-11-13,2025,0,40,2193,2839,East Tennessee State Buccaneers,Tusculum Pioneers,82,54,58.0,12.0,6.0,18.0,65.0,8.0,12.0,19.0
401720785,2024-11-13,2025,0,40,159,399,Dartmouth Big Green,UAlbany Great Danes,73,87,47.0,31.0,5.0,16.0,74.0,14.0,15.0,5.0
401721069,2024-11-13,2025,0,40,2649,2750,Toledo Rockets,Wright State Raiders,86,77,57.0,23.0,6.0,10.0,69.0,11.0,9.0,7.0
401721227,2024-11-13,2025,0,40,2010,2225,Alabama A&M Bulldogs,Fisk Bulldogs,103,69,80.0,15.0,18.0,14.0,61.0,21.0,14.0,22.0
401721656,2024-11-13,2025,0,40,30,250,USC Trojans,UT Arlington Mavericks,98,95,63.0,27.0,3.0,10.0,53.0,23.0,3.0,16.0
401721678,2024-11-13,2025,0,40,111,108,Northeastern Huskies,Harvard Crimson,78,56,59.0,12.0,6.0,12.0,59.0,20.0,12.0,14.0
401721679,2024-11-13,2025,0,40,43,108842,Yale Bulldogs,Emerson Lions,100,46,68.0,13.0,13.0,12.0,54.0,13.0,7.0,18.0
401721790,2024-11-13,2025,0,50,2083,116,Bucknell Bison,Mount St. Mary's Mountaineers,89,93,75.0,18.0,10.0,11.0,68.0,28.0,11.0,16.0
401721960,2024-11-13,2025,0,40,2110,3090,Central Arkansas Bears,Randall Saints,108,49,89.0,9.0,19.0,5.0,61.0,6.0,5.0,17.0
401722135,2024-11-13,2025,0,40,2837,2582,East Texas A&M Lions,Southern Jaguars,70,68,52.0,18.0,8.0,17.0,59.0,22.0,12.0,14.0
401722227,2024-11-13,2025,0,40,2540,278,UC Santa Barbara Gauchos,Fresno State Bulldogs,91,86,52.0,33.0,6.0,20.0,67.0,24.0,10.0,13.0
401722390,2024-11-13,2025,0,40,328,224,Utah State Aggies,Westminster (UT) Griffins,117,53,66.0,22.0,12.0,9.0,60.0,8.0,15.0,24.0
401722592,2024-11-13,2025,0,40,2393,339,Middle Tennessee Blue Raiders,Evansville Purple Aces,80,63,59.0,23.0,14.0,16.0,61.0,25.0,11.0,13.0
401724535,2024-11-13,2025,0,40,152,324,NC State Wolfpack,Coastal Carolina Chanticleers,82,70,57.0,35.0,12.0,10.0,51.0,20.0,10.0,19.0
401724541,2024-11-13,2025,0,40,55,2247,Jacksonville State Gamecocks,Georgia State Panthers,72,67,65.0,17.0,10.0,10.0,69.0,14.0,10.0,8.0
401725367,2024-11-13,2025,0,45,2541,2449,Santa Clara Broncos,North Dakota State Bison,80,88,75.0,16.0,14.0,7.0,57.0,24.0,6.0,15.0
401725807,2024-11-13,2025,0,40,3101,3246,Utah Tech Trailblazers,Bethesda Flames,90,59,78.0,28.0,22.0,13.0,62.0,11.0,2.0,17.0
401726010,2024-11-13,2025,0,40,2097,2444,Campbell Fighting Camels,Newberry Wolves,83,40,60.0,11.0,6.0,8.0,46.0,22.0,12.0,22.0
401726386,2024-11-13,2025,0,40,202,198,Tulsa Golden Hurricane,Oral Roberts Golden Eagles,85,76,57.0,30.0,8.0,5.0,68.0,21.0,18.0,9.0
401727079,2024-11-13,2025,0,40,8,2653,Arkansas Razorbacks,Troy Trojans,65,49,56.0,14.0,9.0,14.0,55.0,7.0,13.0,24.0
401727262,2024-11-13,2025,0,40,91,88,Bellarmine Knights,Southern Indiana Screaming Eagles,69,71,54.0,14.0,6.0,13.0,53.0,22.0,7.0,12.0
401727271,2024-11-13,2025,0,40,2463,130201,Cal State Northridge Matadors,Nobel Knights,98,50,59.0,31.0,16.0,18.0,61.0,17.0,9.0,13.0
401727286,2024-11-13,2025,0,40,2710,2739,Western Illinois Leathernecks,Green Bay Phoenix,73,87,66.0,18.0,19.0,12.0,63.0,13.0,9.0,8.0
401727331,2024-11-13,2025,0,40,2546,3168,Southeast Missouri State Redhawks,Crowley's Ridge Pioneers,93,38,76.0,10.0,13.0,9.0,59.0,5.0,4.0,18.0
401727338,2024-11-13,2025,1,45,47,2634,Howard Bison,Tennessee State Tigers,88,84,62.0,20.0,9.0,14.0,59.0,26.0,13.0,12.0
401727414,2024-11-13,2025,0,40,2717,3245,Western Carolina Catamounts,Truett McConnell Bears,99,64,70.0,17.0,17.0,16.0,67.0,7.0,11.0,17.0
401727495,2024-11-13,2025,0,40,2382,3174,Mercer Bears,Trinity College of Jacksonville Eagles,101,43,79.0,20.0,15.0,12.0,65.0,13.0,12.0,27.0
401734421,2024-11-13,2025,0,40,264,2548,Washington Huskies,Seattle Pacific Falcons,77,62,58.0,32.0,11.0,10.0,49.0,14.0,3.0,20.0
401706973,2024-11-14,2025,0,40,2306,99,Kansas State Wildcats,LSU Tigers,65,76,61.0,20.0,8.0,7.0,54.0,18.0,11.0,16.0
401715310,2024-11-14,2025,0,40,142,2400,Missouri Tigers,Mississippi Valley State Delta Devils,111,39,65.0,35.0,18.0,5.0,48.0,15.0,11.0,23.0
401715431,2024-11-14,2025,0,40,94,2447,Northern Kentucky Norse,Nicholls Colonels,59,61,52.0,23.0,5.0,10.0,68.0,18.0,23.0,14.0
401715914,2024-11-14,2025,0,40,2724,2460,Wichita State Shockers,Northern Iowa Panthers,79,73,63.0,24.0,14.0,9.0,59.0,14.0,6.0,9.0
401715987,2024-11-14,2025,1,40,9,2253,Arizona State Sun Devils,Grand Canyon Lopes,87,76,54.0,21.0,5.0,15.0,59.0,25.0,11.0,15.0
401719219,2024-11-14,2025,0,40,197,79,Oklahoma State Cowboys,Southern Illinois Salukis,85,78,65.0,20.0,10.0,7.0,61.0,11.0,9.0,18.0
401719369,2024-11-14,2025,1,40,2571,2458,South Dakota State Jackrabbits,Northern Colorado Bears,69,78,71.0,20.0,17.0,8.0,64.0,8.0,4.0,6.0
401720729,2024-11-14,2025,1,40,2443,2815,LSU New Orleans Privateers,Lindenwood Lions,82,74,57.0,28.0,14.0,17.0,68.0,13.0,16.0,13.0
401720748,2024-11-14,2025,0,40,166,357,New Mexico State Aggies,Texas A&M-Corpus Christi Islanders,83,82,61.0,36.0,15.0,11.0,68.0,33.0,14.0,6.0
401720880,2024-11-14,2025,0,40,279,2464,Pacific Tigers,Northern Arizona Lumberjacks,57,60,51.0,16.0,10.0,17.0,65.0,14.0,16.0,11.0
401721011,2024-11-14,2025,0,40,2084,2803,Buffalo Bulls,Bryant Bulldogs,64,87,53.0,30.0,5.0,16.0,79.0,20.0,19.0,8.0
401721021,2024-11-14,2025,0,40,85,2199,IU Indianapolis Jaguars,Eastern Michigan Eagles,71,74,60.0,35.0,17.0,12.0,60.0,17.0,11.0,13.0
401721969,2024-11-14,2025,0,40,294,2569,Jacksonville Dolphins,South Carolina State Bulldogs,71,62,54.0,14.0,14.0,24.0,58.0,25.0,13.0,15.0
401722009,2024-11-14,2025,0,40,2523,284,Robert Morris Colonials,Stonehill Skyhawks,63,51,43.0,39.0,9.0,17.0,54.0,16.0,6.0,11.0
401722167,2024-11-14,2025,0,40,2378,2154,UMBC Retrievers,Coppin State Eagles,92,67,58.0,24.0,12.0,14.0,55.0,20.0,11.0,19.0
401722385,2024-11-14,2025,0,40,2439,2437,UNLV Rebels,Omaha Mavericks,80,69,57.0,25.0,7.0,11.0,54.0,18.0,8.0,19.0
401725507,2024-11-14,2025,0,40,13,2547,Cal Poly Mustangs,Seattle U Redhawks,75,71,55.0,18.0,9.0,18.0,65.0,14.0,13.0,16.0
401725815,2024-11-14,2025,0,40,155,3084,North Dakota Fighting Hawks,Utah Valley Wolverines,77,71,60.0,28.0,15.0,13.0,55.0,23.0,11.0,15.0
401726024,2024-11-14,2025,0,40,233,513,South Dakota Coyotes,Dakota Wesleyan Tigers,92,69,62.0,13.0,11.0,10.0,59.0,12.0,16.0,16.0
401726390,2024-11-14,2025,0,40,2229,107730,Florida International Panthers,Florida National Conquistadors,110,55,81.0,14.0,19.0,11.0,62.0,14.0,12.0,23.0
401727086,2024-11-14,2025,0,40,2433,3120,UL Monroe Warhawks,Ecclesia Royals,110,48,75.0,16.0,18.0,9.0,62.0,9.0,8.0,15.0
401727090,2024-11-14,2025,0,40,2172,2862,Denver Pioneers,Colorado Christian Cougars,86,63,57.0,29.0,10.0,11.0,43.0,29.0,10.0,22.0
401727274,2024-11-14,2025,0,40,27,3167,UC Riverside Highlanders,La Sierra Golden Eagles,79,51,68.0,7.0,20.0,16.0,51.0,10.0,5.0,17.0
401727322,2024-11-14,2025,0,40,236,2413,Chattanooga Mocs,Morehead State Eagles,76,62,62.0,15.0,8.0,10.0,51.0,25.0,6.0,14.0
401727426,2024-11-14,2025,0,40,2643,2822,The Citadel Bulldogs,North Greenville Trailblazers,79,54,60.0,32.0,12.0,7.0,55.0,23.0,10.0,13.0
401732949,2024-11-14,2025,0,40,2627,619,Tarleton State Texans,Tabor TABOR,88,57,61.0,23.0,17.0,20.0,56.0,1.0,7.0,26.0
401700400,2024-11-15,2025,0,40,219,2603,Pennsylvania Quakers,Saint Joseph's Hawks,69,86,57.0,9.0,8.0,13.0,69.0,14.0,20.0,9.0
401700436,2024-11-15,2025,0,40,153,44,North Carolina Tar Heels,American University Eagles,107,55,61.0,34.0,10.0,9.0,61.0,11.0,7.0,13.0
401700445,2024-11-15,2025,0,40,2086,2567,Butler Bulldogs,SMU Mustangs,81,70,61.0,24.0,14.0,13.0,65.0,18.0,17.0,11.0
401700454,2024-11-15,2025,1,40,222,258,Villanova Wildcats,Virginia Cavaliers,60,70,54.0,17.0,12.0,13.0,49.0,9.0,3.0,12.0
401706159,2024-11-15,2025,0,40,314,261,Iona Gaels,Vermont Catamounts,62,59,57.0,23.0,19.0,19.0,46.0,12.0,1.0,16.0
401706869,2024-11-15,2025,0,40,103,218,Boston College Eagles,Temple Owls,72,69,61.0,20.0,13.0,8.0,59.0,18.0,13.0,10.0
401706903,2024-11-15,2025,1,40,213,259,Penn State Nittany Lions,Virginia Tech Hokies,86,64,55.0,30.0,7.0,12.0,45.0,26.0,9.0,24.0
401706983,2024-11-15,2025,0,40,130,2628,Michigan Wolverines,TCU Horned Frogs,76,64,52.0,23.0,12.0,21.0,64.0,22.0,13.0,12.0
401706992,2024-11-15,2025,0,40,221,277,Pittsburgh Panthers,West Virginia Mountaineers,86,62,58.0,26.0,8.0,11.0,62.0,15.0,5.0,8.0
401707869,2024-11-15,2025,0,40,120,269,Maryland Terrapins,Marquette Golden Eagles,74,78,55.0,14.0,7.0,13.0,58.0,24.0,10.0,8.0
401707979,2024-11-15,2025,0,40,2509,333,Purdue Boilermakers,Alabama Crimson Tide,87,78,63.0,25.0,10.0,3.0,63.0,15.0,11.0,8.0
401710001,2024-11-15,2025,0,40,26,2329,UCLA Bruins,Lehigh Mountain Hawks,85,45,56.0,26.0,11.0,8.0,51.0,15.0,4.0,11.0
401711732,2024-11-15,2025,0,45,2453,2535,North Alabama Lions,Samford Bulldogs,96,97,74.0,38.0,18.0,14.0,67.0,30.0,14.0,21.0
401714891,2024-11-15,2025,0,40,52,57,Florida State Seminoles,Florida Gators,74,87,70.0,21.0,14.0,8.0,61.0,17.0,13.0,19.0
401714898,2024-11-15,2025,0,40,59,61,Georgia Tech Yellow Jackets,Georgia Bulldogs,69,77,63.0,22.0,10.0,13.0,56.0,31.0,9.0,12.0
401715358,2024-11-15,2025,0,40,245,194,Texas A&M Aggies,Ohio State Buckeyes,78,64,49.0,40.0,12.0,12.0,59.0,22.0,13.0,10.0
401715381,2024-11-15,2025,1,40,2294,265,Iowa Hawkeyes,Washington State Cougars,76,66,60.0,27.0,10.0,13.0,66.0,12.0,12.0,18.0
401715400,2024-11-15,2025,0,45,77,2197,Northwestern Wildcats,Eastern Illinois Panthers,67,58,52.0,27.0,16.0,15.0,61.0,8.0,14.0,15.0
401715424,2024-11-15,2025,0,40,164,2405,Rutgers Scarlet Knights,Monmouth Hawks,98,81,52.0,32.0,10.0,11.0,71.0,11.0,14.0,10.0
401715442,2024-11-15,2025,0,40,275,12,Wisconsin Badgers,Arizona Wildcats,103,88,52.0,47.0,2.0,10.0,74.0,40.0,24.0,13.0
401715459,2024-11-15,2025,0,40,305,2184,DePaul Blue Demons,Duquesne Dukes,84,58,54.0,17.0,11.0,11.0,58.0,20.0,11.0,7.0
401715629,2024-11-15,2025,0,40,2132,2447,Cincinnati Bearcats,Nicholls Colonels,86,49,61.0,14.0,15.0,12.0,69.0,7.0,17.0,11.0
401715948,2024-11-15,2025,1,40,2127,292,Charleston Southern Buccaneers,UT Rio Grande Valley Vaqueros,76,86,56.0,24.0,11.0,21.0,68.0,13.0,8.0,14.0
401715949,2024-11-15,2025,1,40,2678,2635,VMI Keydets,Tennessee Tech Golden Eagles,71,72,64.0,18.0,15.0,15.0,59.0,21.0,9.0,12.0
401716868,2024-11-15,2025,0,40,2363,2230,Manhattan Jaspers,Fordham Rams,78,76,62.0,28.0,15.0,14.0,72.0,14.0,13.0,10.0
401718349,2024-11-15,2025,0,40,163,2350,Princeton Tigers,Loyola Chicago Ramblers,68,73,59.0,13.0,4.0,10.0,64.0,19.0,12.0,10.0
401719249,2024-11-15,2025,0,40,2737,2729,Winthrop Eagles,William & Mary Tribe,86,85,65.0,31.0,12.0,11.0,55.0,30.0,12.0,22.0
401719269,2024-11-15,2025,0,40,2908,350,South Carolina Upstate Spartans,UNC Wilmington Seahawks,85,89,65.0,23.0,9.0,11.0,61.0,37.0,10.0,10.0
401720457,2024-11-15,2025,0,40,2272,5,High Point Panthers,UAB Blazers,68,65,64.0,19.0,13.0,8.0,55.0,28.0,15.0,14.0
401720730,2024-11-15,2025,1,40,284,2443,Stonehill Skyhawks,LSU New Orleans Privateers,80,54,49.0,24.0,7.0,17.0,74.0,16.0,19.0,9.0
401721061,2024-11-15,2025,0,40,235,195,Memphis Tigers,Ohio Bobcats,94,70,57.0,22.0,6.0,14.0,65.0,11.0,10.0,16.0
401721076,2024-11-15,2025,0,40,2711,2565,Western Michigan Broncos,SIU Edwardsville Cougars,60,79,54.0,37.0,14.0,9.0,61.0,8.0,10.0,13.0
401721680,2024-11-15,2025,0,40,225,160,Brown Bears,New Hampshire Wildcats,76,58,55.0,31.0,11.0,8.0,60.0,25.0,15.0,11.0
401721791,2024-11-15,2025,1,40,2529,107,Sacred Heart Pioneers,Holy Cross Crusaders,75,82,56.0,22.0,11.0,8.0,53.0,24.0,10.0,7.0
401721792,2024-11-15,2025,0,45,2368,349,Marist Red Foxes,Army Black Knights,91,88,65.0,18.0,15.0,12.0,64.0,16.0,11.0,9.0
401721981,2024-11-15,2025,0,40,58,2698,South Florida Bulls,West Georgia Wolves,74,55,55.0,18.0,8.0,9.0,57.0,19.0,10.0,10.0
401722006,2024-11-15,2025,0,40,2514,311,Quinnipiac Bobcats,Maine Black Bears,58,55,58.0,6.0,9.0,15.0,61.0,8.0,14.0,17.0
401722022,2024-11-15,2025,0,40,2523,2815,Robert Morris Colonials,Lindenwood Lions,67,53,61.0,5.0,12.0,11.0,54.0,18.0,9.0,10.0
401722151,2024-11-15,2025,0,40,2005,2057,Air Force Falcons,Belmont Bruins,71,79,54.0,22.0,9.0,10.0,55.0,24.0,12.0,8.0
401722173,2024-11-15,2025,0,40,2250,2349,Gonzaga Bulldogs,UMass Lowell River Hawks,113,54,76.0,27.0,14.0,9.0,50.0,20.0,3.0,25.0
401722201,2024-11-15,2025,0,50,232,2226,Charleston Cougars,Florida Atlantic Owls,119,116,82.0,24.0,11.0,12.0,76.0,22.0,11.0,16.0
401722292,2024-11-15,2025,0,40,231,2655,Furman Paladins,Tulane Green Wave,75,67,58.0,22.0,9.0,7.0,54.0,19.0,9.0,12.0
401722337,2024-11-15,2025,0,40,204,2239,Oregon State Beavers,Cal State Fullerton Titans,70,51,48.0,24.0,6.0,8.0,54.0,13.0,11.0,13.0
401723724,2024-11-15,2025,0,40,295,2379,Old Dominion Monarchs,Maryland Eastern Shore Hawks,73,71,63.0,18.0,12.0,12.0,62.0,22.0,9.0,6.0
401724547,2024-11-15,2025,0,40,2856,112358,California Baptist Lancers,Long Island University Sharks,90,77,68.0,12.0,13.0,7.0,56.0,12.0,4.0,9.0
401725798,2024-11-15,2025,0,40,250,2637,UT Arlington Mavericks,Texas College Steers,95,69,62.0,23.0,13.0,17.0,65.0,26.0,10.0,10.0
401726030,2024-11-15,2025,0,40,2241,2210,Gardner-Webb Runnin' Bulldogs,Elon Phoenix,80,79,59.0,22.0,14.0,10.0,55.0,27.0,12.0,11.0
401727054,2024-11-15,2025,1,40,290,2428,Georgia Southern Eagles,North Carolina Central Eagles,80,75,62.0,19.0,16.0,21.0,60.0,29.0,15.0,18.0
401727117,2024-11-15,2025,0,40,2900,2832,St. Thomas Tommies,St. Norbert Green Knights,102,54,61.0,17.0,8.0,13.0,49.0,20.0,6.0,21.0
401727292,2024-11-15,2025,0,40,2217,212,Fairfield Stags,John Jay Bloodhounds,93,44,67.0,28.0,18.0,10.0,59.0,7.0,11.0,20.0
401700267,2024-11-16,2025,0,40,338,2506,Kennesaw State Owls,Presbyterian Blue Hose,85,67,58.0,29.0,13.0,10.0,49.0,28.0,10.0,14.0
401700390,2024-11-16,2025,0,40,2182,2325,Drexel Dragons,La Salle Explorers,68,71,64.0,11.0,9.0,9.0,62.0,12.0,8.0,10.0
401700410,2024-11-16,2025,0,40,2670,2352,VCU Rams,Loyola Maryland Greyhounds,83,57,61.0,22.0,12.0,11.0,57.0,19.0,10.0,17.0
401700465,2024-11-16,2025,0,40,2752,154,Xavier Musketeers,Wake Forest Demon Deacons,75,60,57.0,22.0,12.0,12.0,47.0,15.0,7.0,18.0
401706160,2024-11-16,2025,1,40,2099,2565,Canisius Golden Griffins,SIU Edwardsville Cougars,58,76,55.0,11.0,7.0,14.0,58.0,10.0,10.0,14.0
401706884,2024-11-16,2025,0,40,150,2747,Duke Blue Devils,Wofford Terriers,86,35,62.0,11.0,14.0,10.0,57.0,3.0,12.0,19.0
401706912,2024-11-16,2025,0,40,252,70,BYU Cougars,Idaho Vandals,95,71,59.0,30.0,8.0,6.0,52.0,11.0,4.0,19.0
401706964,2024-11-16,2025,0,40,2305,2473,Kansas Jayhawks,Oakland Golden Grizzlies,78,57,56.0,11.0,6.0,8.0,55.0,12.0,10.0,12.0
401707859,2024-11-16,2025,0,40,84,2579,Indiana Hoosiers,South Carolina Gamecocks,87,71,51.0,33.0,7.0,11.0,63.0,23.0,13.0,12.0
401709970,2024-11-16,2025,0,40,299,2501,Long Beach State Beach,Portland Pilots,61,63,55.0,19.0,11.0,9.0,52.0,17.0,10.0,10.0
401711756,2024-11-16,2025,0,40,201,56,Oklahoma Sooners,Stetson Hatters,85,64,69.0,10.0,15.0,11.0,50.0,9.0,7.0,23.0
401715320,2024-11-16,2025,1,40,145,36,Ole Miss Rebels,Colorado State Rams,84,69,55.0,26.0,9.0,4.0,50.0,11.0,7.0,15.0
401715347,2024-11-16,2025,0,40,251,2400,Texas Longhorns,Mississippi Valley State Delta Devils,89,43,45.0,36.0,7.0,7.0,51.0,13.0,5.0,14.0
401715390,2024-11-16,2025,0,40,135,43,Minnesota Golden Gophers,Yale Bulldogs,59,56,55.0,26.0,17.0,3.0,45.0,12.0,10.0,14.0
401715451,2024-11-16,2025,0,40,156,140,Creighton Bluejays,Kansas City Roos,79,56,63.0,8.0,11.0,14.0,75.0,4.0,12.0,6.0
401715468,2024-11-16,2025,0,40,46,87,Georgetown Hoyas,Notre Dame Fighting Irish,63,84,70.0,16.0,18.0,5.0,54.0,12.0,8.0,12.0
401715534,2024-11-16,2025,0,40,2507,2739,Providence Friars,Green Bay Phoenix,79,65,62.0,28.0,15.0,6.0,56.0,15.0,6.0,11.0
401715563,2024-11-16,2025,0,40,2550,2681,Seton Hall Pirates,Wagner Seahawks,54,28,44.0,10.0,7.0,12.0,46.0,4.0,9.0,14.0
401715955,2024-11-16,2025,0,40,2277,2524,Houston Christian Huskies,Rockford Regents,84,64,54.0,26.0,14.0,15.0,54.0,15.0,11.0,17.0
401716114,2024-11-16,2025,0,40,2916,2029,Incarnate Word Cardinals,Arkansas-Pine Bluff Golden Lions,92,64,63.0,15.0,12.0,8.0,56.0,15.0,8.0,13.0
401716156,2024-11-16,2025,0,40,2636,2031,UTSA Roadrunners,Little Rock Trojans,64,81,60.0,27.0,18.0,17.0,55.0,20.0,6.0,14.0
401716878,2024-11-16,2025,0,50,151,2244,East Carolina Pirates,George Mason Patriots,78,77,71.0,32.0,24.0,14.0,60.0,25.0,11.0,19.0
401718249,2024-11-16,2025,0,40,2168,424,Dayton Flyers,Capital Crusaders,76,55,54.0,24.0,12.0,12.0,64.0,6.0,14.0,12.0
401718418,2024-11-16,2025,0,45,113,2275,Massachusetts Minutemen,Hofstra Pride,71,75,67.0,20.0,14.0,9.0,60.0,20.0,10.0,14.0
401718459,2024-11-16,2025,0,50,2083,257,Bucknell Bison,Richmond Spiders,80,76,52.0,33.0,4.0,22.0,75.0,20.0,11.0,10.0
401718716,2024-11-16,2025,1,45,2226,2335,Florida Atlantic Owls,Liberty Flames,77,74,59.0,12.0,4.0,13.0,61.0,21.0,10.0,12.0
401719250,2024-11-16,2025,0,40,2737,290,Winthrop Eagles,Georgia Southern Eagles,87,89,51.0,49.0,7.0,20.0,68.0,28.0,10.0,16.0
401719324,2024-11-16,2025,0,40,139,2351,Saint Louis Billikens,Loyola Marymount Lions,77,71,61.0,19.0,12.0,12.0,62.0,19.0,13.0,12.0
401719336,2024-11-16,2025,0,40,179,2330,St. Bonaventure Bonnies,Le Moyne Dolphins,71,52,52.0,23.0,12.0,12.0,59.0,7.0,10.0,13.0
401720469,2024-11-16,2025,0,40,2344,2630,Longwood Lancers,UT Martin Skyhawks,64,62,54.0,21.0,13.0,16.0,60.0,17.0,15.0,16.0
401720569,2024-11-16,2025,0,40,2166,2193,Davidson Wildcats,East Tennessee State Buccaneers,76,70,47.0,32.0,12.0,13.0,56.0,14.0,8.0,8.0
401720581,2024-11-16,2025,0,40,399,2561,UAlbany Great Danes,Siena Saints,70,60,52.0,24.0,11.0,13.0,58.0,13.0,11.0,14.0
401720786,2024-11-16,2025,0,40,104,159,Boston University Terriers,Dartmouth Big Green,78,50,55.0,20.0,9.0,12.0,58.0,17.0,8.0,10.0
401720881,2024-11-16,2025,0,40,301,304,San Diego Toreros,Idaho State Bengals,66,78,60.0,19.0,9.0,17.0,59.0,25.0,11.0,16.0
401720882,2024-11-16,2025,0,40,16,2463,Sacramento State Hornets,Cal State Northridge Matadors,69,79,53.0,20.0,9.0,16.0,50.0,31.0,9.0,14.0
401720979,2024-11-16,2025,0,40,300,2492,UC Irvine Anteaters,Pepperdine Waves,80,62,69.0,14.0,15.0,10.0,60.0,13.0,5.0,8.0
401720993,2024-11-16,2025,0,40,2050,282,Ball State Cardinals,Indiana State Sycamores,84,94,57.0,46.0,5.0,8.0,56.0,29.0,4.0,13.0
401721002,2024-11-16,2025,0,40,127,189,Michigan State Spartans,Bowling Green Falcons,86,72,59.0,32.0,15.0,11.0,62.0,14.0,9.0,12.0
401721022,2024-11-16,2025,0,40,325,2199,Cleveland State Vikings,Eastern Michigan Eagles,71,63,52.0,18.0,8.0,14.0,56.0,14.0,14.0,17.0
401721052,2024-11-16,2025,0,40,71,2459,Bradley Braves,Northern Illinois Huskies,76,60,43.0,24.0,4.0,16.0,55.0,14.0,6.0,12.0
401721070,2024-11-16,2025,0,40,2174,2649,Detroit Mercy Titans,Toledo Rockets,67,82,58.0,16.0,10.0,16.0,65.0,24.0,11.0,8.0
401721084,2024-11-16,2025,1,40,111,2115,Northeastern Huskies,Central Connecticut Blue Devils,80,62,60.0,7.0,5.0,12.0,54.0,11.0,6.0,15.0
401721109,2024-11-16,2025,0,40,2539,2130,San Francisco Dons,Chicago State Cougars,82,37,64.0,17.0,14.0,14.0,55.0,6.0,8.0,24.0
401721172,2024-11-16,2025,0,40,171,2385,Columbia Lions,Mercyhurst Lakers,77,63,56.0,13.0,11.0,12.0,51.0,18.0,6.0,10.0
401721228,2024-11-16,2025,0,40,2634,2010,Tennessee State Tigers,Alabama A&M Bulldogs,81,71,59.0,32.0,13.0,20.0,76.0,24.0,23.0,17.0
401721681,2024-11-16,2025,0,40,172,322,Cornell Big Red,Lafayette Leopards,81,71,56.0,27.0,14.0,12.0,61.0,15.0,14.0,16.0
401721682,2024-11-16,2025,0,40,225,107,Brown Bears,Holy Cross Crusaders,65,73,63.0,10.0,17.0,16.0,56.0,14.0,9.0,11.0
401721935,2024-11-16,2025,0,40,116,2598,Mount St. Mary's Mountaineers,Saint Francis Red Wolves,66,58,56.0,20.0,12.0,16.0,61.0,9.0,11.0,12.0
401721954,2024-11-16,2025,0,40,2710,2110,Western Illinois Leathernecks,Central Arkansas Bears,63,61,54.0,20.0,9.0,7.0,53.0,7.0,8.0,13.0
401721991,2024-11-16,2025,0,40,2066,111902,Binghamton Bearcats,Misericordia Cougars,77,48,54.0,13.0,10.0,18.0,49.0,22.0,4.0,13.0
401722034,2024-11-16,2025,0,40,2065,2569,Bethune-Cookman Wildcats,South Carolina State Bulldogs,75,62,53.0,30.0,7.0,12.0,60.0,22.0,13.0,15.0
401722066,2024-11-16,2025,0,40,238,2296,Vanderbilt Commodores,Jackson State Tigers,94,81,63.0,17.0,7.0,9.0,63.0,30.0,18.0,14.0
401722092,2024-11-16,2025,1,40,2529,160,Sacred Heart Pioneers,New Hampshire Wildcats,80,63,60.0,24.0,17.0,11.0,48.0,14.0,4.0,14.0
401722168,2024-11-16,2025,0,40,2378,2612,UMBC Retrievers,Saint Peter's Peacocks,61,69,55.0,22.0,12.0,9.0,58.0,11.0,16.0,14.0
401722228,2024-11-16,2025,0,40,2934,278,Cal State Bakersfield Roadrunners,Fresno State Bulldogs,74,56,65.0,18.0,19.0,17.0,56.0,19.0,7.0,15.0
401722234,2024-11-16,2025,0,40,2440,2541,Nevada Wolf Pack,Santa Clara Broncos,85,59,48.0,31.0,8.0,10.0,58.0,19.0,12.0,11.0
401722275,2024-11-16,2025,0,45,242,2466,Rice Owls,Northwestern State Demons,77,75,51.0,38.0,10.0,12.0,63.0,19.0,12.0,11.0
401722314,2024-11-16,2025,0,40,339,2515,Evansville Purple Aces,Radford Highlanders,81,92,54.0,14.0,9.0,11.0,55.0,19.0,9.0,9.0
401722415,2024-11-16,2025,0,40,28,2547,UC San Diego Tritons,Seattle U Redhawks,71,84,52.0,19.0,4.0,8.0,48.0,27.0,8.0,12.0
401722428,2024-11-16,2025,0,40,2751,3101,Wyoming Cowboys,Utah Tech Trailblazers,86,69,58.0,31.0,16.0,16.0,59.0,31.0,10.0,9.0
401723749,2024-11-16,2025,0,40,2415,2885,Morgan State Bears,NJIT Highlanders,81,69,62.0,24.0,11.0,9.0,61.0,17.0,11.0,11.0
401723760,2024-11-16,2025,0,40,2261,2450,Hampton Pirates,Norfolk State Spartans,58,67,67.0,14.0,24.0,12.0,49.0,22.0,11.0,12.0
401724513,2024-11-16,2025,0,40,82,2899,UIC Flames,Saint Mary's (MN) Cardinals,117,59,75.0,16.0,11.0,6.0,62.0,15.0,8.0,16.0
401724533,2024-11-16,2025,0,40,2032,2617,Arkansas State Red Wolves,Stephen F. Austin Lumberjacks,59,49,61.0,28.0,19.0,11.0,54.0,21.0,16.0,16.0
401724988,2024-11-16,2025,0,50,183,2754,Syracuse Orange,Youngstown State Penguins,104,95,73.0,38.0,13.0,11.0,72.0,30.0,6.0,10.0
401725374,2024-11-16,2025,0,40,2000,326,Abilene Christian Wildcats,Texas State Bobcats,72,60,49.0,22.0,9.0,20.0,37.0,38.0,4.0,17.0
401725793,2024-11-16,2025,0,40,253,2437,Southern Utah Thunderbirds,Omaha Mavericks,79,73,61.0,24.0,12.0,9.0,61.0,16.0,7.0,8.0
401726046,2024-11-16,2025,0,40,2619,3196,Stony Brook Seawolves,St. Joseph's Long Island Golden Eagles,93,45,73.0,14.0,15.0,9.0,63.0,10.0,8.0,13.0
401726049,2024-11-16,2025,0,40,119,256,Towson Tigers,James Madison Dukes,67,63,55.0,13.0,6.0,8.0,58.0,9.0,9.0,13.0
401726059,2024-11-16,2025,1,40,2729,2428,William & Mary Tribe,North Carolina Central Eagles,76,78,47.0,29.0,6.0,15.0,57.0,19.0,8.0,15.0
401726401,2024-11-16,2025,0,40,2393,93,Middle Tennessee Blue Raiders,Murray State Racers,67,88,64.0,19.0,12.0,7.0,52.0,16.0,4.0,12.0
401726407,2024-11-16,2025,0,55,2623,202,Missouri State Bears,Tulsa Golden Hurricane,111,106,68.0,51.0,11.0,21.0,89.0,44.0,22.0,18.0
401726562,2024-11-16,2025,0,40,276,91,Marshall Thundering Herd,Bellarmine Knights,83,62,60.0,17.0,8.0,10.0,49.0,25.0,6.0,15.0
401727068,2024-11-16,2025,0,40,6,2382,South Alabama Jaguars,Mercer Bears,75,66,60.0,25.0,12.0,9.0,58.0,11.0,5.0,11.0
401727333,2024-11-16,2025,0,40,2870,88,Purdue Fort Wayne Mastodons,Southern Indiana Screaming Eagles,93,74,56.0,28.0,8.0,8.0,54.0,16.0,5.0,11.0
401727421,2024-11-16,2025,0,40,2430,286,UNC Greensboro Spartans,North Carolina Wesleyan Battling Bishops,99,54,62.0,23.0,10.0,11.0,58.0,33.0,11.0,12.0
401727840,2024-11-16,2025,0,40,2750,2119,Wright State Raiders,Central State Marauders,92,56,69.0,12.0,16.0,9.0,55.0,20.0,16.0,17.0
401729805,2024-11-16,2025,1,40,2678,2127,VMI Keydets,Charleston Southern Buccaneers,80,69,57.0,27.0,7.0,8.0,62.0,19.0,14.0,17.0
401729806,2024-11-16,2025,1,40,2635,292,Tennessee Tech Golden Eagles,UT Rio Grande Valley Vaqueros,58,83,61.0,2.0,7.0,13.0,64.0,15.0,16.0,12.0
401729956,2024-11-16,2025,0,40,2181,526,Drake Bulldogs,Florida Gulf Coast Eagles,63,61,45.0,25.0,10.0,16.0,49.0,8.0,5.0,15.0
401730668,2024-11-16,2025,0,40,198,535,Oral Roberts Golden Eagles,Haskell Jayhawks,87,52,58.0,32.0,15.0,19.0,51.0,20.0,6.0,21.0
401731883,2024-11-16,2025,0,40,2169,2129,Delaware State Hornets,Cheyney (PA) Wolves,93,51,82.0,13.0,27.0,13.0,52.0,18.0,12.0,24.0
401700420,2024-11-17,2025,0,40,68,228,Boise State Broncos,Clemson Tigers,84,71,55.0,30.0,11.0,12.0,68.0,20.0,14.0,8.0
401706161,2024-11-17,2025,0,40,2711,2099,Western Michigan Broncos,Canisius Golden Griffins,92,69,60.0,10.0,4.0,7.0,64.0,16.0,7.0,5.0
401706921,2024-11-17,2025,0,40,38,108,Colorado Buffaloes,Harvard Crimson,88,66,56.0,25.0,11.0,13.0,65.0,14.0,11.0,8.0
401707987,2024-11-17,2025,1,40,2608,158,Saint Mary's Gaels,Nebraska Cornhuskers,77,74,61.0,25.0,17.0,9.0,49.0,29.0,13.0,15.0
401711684,2024-11-17,2025,0,40,98,288,Western Kentucky Hilltoppers,Lipscomb Bisons,66,61,63.0,18.0,10.0,13.0,66.0,11.0,9.0,13.0
401715337,2024-11-17,2025,0,40,2633,2046,Tennessee Volunteers,Austin Peay Governors,103,68,58.0,33.0,13.0,11.0,62.0,17.0,11.0,13.0
401715432,2024-11-17,2025,0,40,264,2349,Washington Huskies,UMass Lowell River Hawks,74,69,73.0,26.0,27.0,12.0,56.0,26.0,10.0,12.0
401715593,2024-11-17,2025,0,40,2599,167,St. John's Red Storm,New Mexico Lobos,85,71,68.0,20.0,22.0,16.0,64.0,18.0,16.0,11.0
401715676,2024-11-17,2025,0,40,2390,2154,Miami Hurricanes,Coppin State Eagles,93,63,64.0,9.0,10.0,9.0,56.0,21.0,7.0,8.0
401715695,2024-11-17,2025,0,40,24,302,Stanford Cardinal,UC Davis Aggies,79,65,67.0,25.0,16.0,10.0,53.0,17.0,3.0,14.0
401718466,2024-11-17,2025,0,40,331,13,Eastern Washington Eagles,Cal Poly Mustangs,78,82,60.0,16.0,9.0,19.0,64.0,11.0,12.0,22.0
401718708,2024-11-17,2025,0,40,232,2335,Charleston Cougars,Liberty Flames,47,68,52.0,14.0,10.0,15.0,50.0,15.0,5.0,15.0
401719251,2024-11-17,2025,0,40,2737,2428,Winthrop Eagles,North Carolina Central Eagles,77,75,54.0,26.0,13.0,15.0,58.0,15.0,9.0,14.0
401719350,2024-11-17,2025,0,40,30,25,USC Trojans,California Golden Bears,66,71,57.0,14.0,9.0,10.0,55.0,13.0,7.0,13.0
401720515,2024-11-17,2025,0,45,62,2692,Hawai'i Rainbow Warriors,Weber State Wildcats,73,68,51.0,40.0,12.0,13.0,60.0,20.0,9.0,10.0
401720545,2024-11-17,2025,1,40,344,254,Mississippi State Bulldogs,Utah Utes,78,73,67.0,33.0,17.0,7.0,62.0,14.0,10.0,13.0
401720665,2024-11-17,2025,0,40,2320,2534,Lamar Cardinals,Sam Houston Bearkats,72,85,64.0,25.0,22.0,14.0,57.0,18.0,9.0,10.0
401720731,2024-11-17,2025,0,40,2523,2443,Robert Morris Colonials,LSU New Orleans Privateers,73,62,52.0,28.0,12.0,20.0,50.0,26.0,4.0,14.0
401720883,2024-11-17,2025,0,40,2172,147,Denver Pioneers,Montana State Bobcats,79,78,52.0,31.0,8.0,20.0,55.0,37.0,11.0,13.0
401721133,2024-11-17,2025,0,40,161,2363,Fairleigh Dickinson Knights,Manhattan Jaspers,85,82,64.0,16.0,14.0,11.0,64.0,13.0,14.0,13.0
401721652,2024-11-17,2025,0,40,2483,2653,Oregon Ducks,Troy Trojans,82,61,56.0,19.0,10.0,17.0,67.0,10.0,13.0,17.0
401721683,2024-11-17,2025,0,40,2771,163,Merrimack Warriors,Princeton Tigers,57,68,56.0,10.0,8.0,8.0,49.0,9.0,11.0,15.0
401721684,2024-11-17,2025,0,40,225,2529,Brown Bears,Sacred Heart Pioneers,89,70,55.0,18.0,6.0,9.0,59.0,11.0,6.0,8.0
401721793,2024-11-17,2025,1,40,107,160,Holy Cross Crusaders,New Hampshire Wildcats,74,72,54.0,20.0,10.0,9.0,50.0,16.0,5.0,11.0
401721794,2024-11-17,2025,0,40,2426,2097,Navy Midshipmen,Campbell Fighting Camels,66,86,55.0,24.0,10.0,15.0,60.0,22.0,9.0,9.0
401722010,2024-11-17,2025,1,40,2815,284,Lindenwood Lions,Stonehill Skyhawks,75,74,59.0,24.0,15.0,12.0,51.0,17.0,5.0,13.0
401722136,2024-11-17,2025,0,40,2582,3120,Southern Jaguars,Ecclesia Royals,131,42,96.0,15.0,25.0,9.0,45.0,29.0,7.0,33.0
401722305,2024-11-17,2025,0,40,9,2900,Arizona State Sun Devils,St. Thomas Tommies,81,66,54.0,26.0,11.0,13.0,66.0,5.0,9.0,10.0
401722365,2024-11-17,2025,0,40,23,2540,San José State Spartans,UC Santa Barbara Gauchos,59,64,54.0,10.0,10.0,9.0,55.0,9.0,10.0,8.0
401722600,2024-11-17,2025,0,40,2287,2652,Illinois State Redbirds,Trinity Christian Trolls,107,52,66.0,6.0,9.0,9.0,54.0,13.0,2.0,9.0
401724536,2024-11-17,2025,0,40,324,55,Coastal Carolina Chanticleers,Jacksonville State Gamecocks,53,71,53.0,14.0,6.0,5.0,54.0,12.0,5.0,3.0
401726060,2024-11-17,2025,1,40,2729,290,William & Mary Tribe,Georgia Southern Eagles,102,87,67.0,26.0,10.0,11.0,66.0,24.0,14.0,17.0
401727064,2024-11-17,2025,0,40,239,2627,Baylor Bears,Tarleton State Texans,104,41,60.0,36.0,18.0,12.0,39.0,11.0,2.0,28.0
401727328,2024-11-17,2025,0,40,2546,236,Southeast Missouri State Redhawks,Chattanooga Mocs,82,87,70.0,17.0,7.0,8.0,58.0,31.0,7.0,15.0
401727487,2024-11-17,2025,0,40,2643,2448,The Citadel Bulldogs,North Carolina A&T Aggies,73,82,62.0,17.0,15.0,16.0,58.0,30.0,5.0,2.0
401727493,2024-11-17,2025,0,40,2535,2640,Samford Bulldogs,Texas Southern Tigers,97,82,72.0,12.0,11.0,9.0,61.0,26.0,14.0,16.0
401700446,2024-11-18,2025,0,40,2567,2504,SMU Mustangs,Prairie View A&M Panthers,110,69,74.0,31.0,23.0,14.0,71.0,23.0,15.0,15.0
401706956,2024-11-18,2025,0,40,66,85,Iowa State Cyclones,IU Indianapolis Jaguars,87,52,62.0,24.0,11.0,9.0,52.0,9.0,6.0,19.0
401707876,2024-11-18,2025,0,40,130,193,Michigan Wolverines,Miami (OH) RedHawks,94,67,60.0,15.0,13.0,18.0,65.0,8.0,8.0,13.0
401711733,2024-11-18,2025,0,40,2,2453,Auburn Tigers,North Alabama Lions,102,69,63.0,17.0,8.0,11.0,64.0,11.0,8.0,13.0
401711746,2024-11-18,2025,0,40,2454,2427,North Florida Ospreys,UNC Asheville Bulldogs,75,89,70.0,8.0,11.0,6.0,69.0,17.0,16.0,5.0
401715443,2024-11-18,2025,0,40,275,292,Wisconsin Badgers,UT Rio Grande Valley Vaqueros,87,84,53.0,32.0,9.0,9.0,63.0,11.0,7.0,10.0
401715639,2024-11-18,2025,0,40,2641,2029,Texas Tech Red Raiders,Arkansas-Pine Bluff Golden Lions,98,64,62.0,12.0,10.0,15.0,48.0,13.0,5.0,23.0
401715690,2024-11-18,2025,0,40,221,2678,Pittsburgh Panthers,VMI Keydets,93,48,64.0,14.0,12.0,8.0,60.0,18.0,13.0,15.0
401715936,2024-11-18,2025,0,40,2433,2545,UL Monroe Warhawks,SE Louisiana Lions,67,70,53.0,20.0,6.0,13.0,53.0,9.0,4.0,17.0
401718138,2024-11-18,2025,0,40,45,2885,George Washington Revolutionaries,NJIT Highlanders,84,64,55.0,29.0,9.0,7.0,55.0,10.0,10.0,18.0
401719370,2024-11-18,2025,0,40,265,2458,Washington State Cougars,Northern Colorado Bears,83,69,57.0,16.0,6.0,12.0,68.0,17.0,11.0,6.0
401720458,2024-11-18,2025,0,40,2272,44,High Point Panthers,American University Eagles,80,73,51.0,21.0,9.0,8.0,52.0,12.0,12.0,11.0
401720884,2024-11-18,2025,0,40,328,149,Utah State Aggies,Montana Grizzlies,95,83,58.0,36.0,12.0,12.0,62.0,20.0,15.0,18.0
401720885,2024-11-18,2025,0,40,2239,304,Cal State Fullerton Titans,Idaho State Bengals,62,61,49.0,8.0,6.0,15.0,68.0,14.0,22.0,10.0
401721795,2024-11-18,2025,0,40,152,2142,NC State Wolfpack,Colgate Raiders,72,49,54.0,26.0,6.0,12.0,63.0,5.0,9.0,15.0
401721998,2024-11-18,2025,0,40,48,2803,Delaware Blue Hens,Bryant Bulldogs,84,85,68.0,21.0,10.0,10.0,65.0,15.0,11.0,17.0
401722265,2024-11-18,2025,0,40,21,2250,San Diego State Aztecs,Gonzaga Bulldogs,67,80,61.0,18.0,10.0,11.0,57.0,31.0,12.0,8.0
401722297,2024-11-18,2025,0,40,5,2040,UAB Blazers,Auburn Montgomery Senators,109,64,76.0,13.0,14.0,18.0,68.0,19.0,14.0,22.0
401722301,2024-11-18,2025,0,40,2724,2405,Wichita State Shockers,Monmouth Hawks,70,66,54.0,31.0,8.0,10.0,58.0,18.0,11.0,14.0
401722318,2024-11-18,2025,0,40,2515,2896,Radford Highlanders,Southern Virginia Knights,96,50,77.0,22.0,21.0,10.0,57.0,7.0,4.0,19.0
401723734,2024-11-18,2025,0,40,2379,417,Maryland Eastern Shore Hawks,Gallaudet Bison,113,58,78.0,12.0,15.0,14.0,69.0,14.0,8.0,13.0
401724542,2024-11-18,2025,0,40,2247,2648,Georgia State Panthers,Toccoa Falls Eagles,106,66,84.0,9.0,24.0,13.0,57.0,15.0,6.0,19.0
401725196,2024-11-18,2025,0,40,8,279,Arkansas Razorbacks,Pacific Tigers,91,72,52.0,25.0,3.0,15.0,60.0,13.0,8.0,17.0
401726391,2024-11-18,2025,0,40,2229,47,Florida International Panthers,Howard Bison,70,75,64.0,18.0,10.0,9.0,61.0,17.0,13.0,15.0
401727069,2024-11-18,2025,0,40,6,2590,South Alabama Jaguars,Spring Hill Badgers,95,61,62.0,24.0,12.0,8.0,52.0,8.0,9.0,23.0
401727096,2024-11-18,2025,0,40,140,111176,Kansas City Roos,Calvary Warriors,119,19,81.0,19.0,23.0,8.0,50.0,2.0,9.0,34.0
401727102,2024-11-18,2025,0,40,79,2449,Southern Illinois Salukis,North Dakota State Bison,69,44,56.0,15.0,5.0,7.0,68.0,7.0,15.0,9.0
401728318,2024-11-18,2025,0,40,2348,2401,Louisiana Tech Bulldogs,Mississippi College Choctaws,105,67,59.0,28.0,10.0,15.0,50.0,10.0,3.0,27.0
401728538,2024-11-18,2025,0,40,2011,3229,Alabama State Hornets,Virginia Lynchburg Dragons,115,64,86.0,23.0,22.0,8.0,63.0,20.0,9.0,21.0
401730572,2024-11-18,2025,0,40,2571,573,South Dakota State Jackrabbits,Mount Marty Lancers,89,41,60.0,23.0,16.0,7.0,48.0,2.0,7.0,19.0
401730768,2024-11-18,2025,0,40,2377,249,McNeese Cowboys,North Texas Mean Green,68,61,43.0,39.0,10.0,13.0,54.0,23.0,16.0,15.0
401700428,2024-11-19,2025,0,40,97,91,Louisville Cardinals,Bellarmine Knights,100,68,64.0,24.0,10.0,9.0,53.0,17.0,4.0,16.0
401700466,2024-11-19,2025,0,40,154,2717,Wake Forest Demon Deacons,Western Carolina Catamounts,82,69,63.0,19.0,11.0,8.0,56.0,11.0,12.0,21.0
401706162,2024-11-19,2025,0,40,120,2099,Maryland Terrapins,Canisius Golden Griffins,108,37,72.0,25.0,16.0,9.0,55.0,6.0,5.0,23.0
401706163,2024-11-19,2025,0,40,2294,2520,Iowa Hawkeyes,Rider Broncs,83,58,64.0,21.0,10.0,8.0,54.0,13.0,8.0,20.0
401706870,2024-11-19,2025,0,40,103,2352,Boston College Eagles,Loyola Maryland Greyhounds,82,61,72.0,14.0,22.0,8.0,58.0,4.0,7.0,13.0
401706965,2024-11-19,2025,0,40,2305,350,Kansas Jayhawks,UNC Wilmington Seahawks,84,66,62.0,16.0,9.0,10.0,56.0,24.0,10.0,12.0
401706974,2024-11-19,2025,0,40,2306,2400,Kansas State Wildcats,Mississippi Valley State Delta Devils,74,56,64.0,27.0,21.0,10.0,53.0,8.0,7.0,17.0
401706984,2024-11-19,2025,0,40,2628,2016,TCU Horned Frogs,Alcorn State Braves,71,48,55.0,19.0,11.0,11.0,56.0,12.0,13.0,18.0
401707980,2024-11-19,2025,0,40,269,2509,Marquette Golden Eagles,Purdue Boilermakers,76,58,60.0,15.0,6.0,6.0,50.0,18.0,5.0,15.0
401711685,2024-11-19,2025,0,40,96,288,Kentucky Wildcats,Lipscomb Bisons,97,68,62.0,21.0,9.0,8.0,67.0,12.0,7.0,6.0
401711705,2024-11-19,2025,0,40,2026,2511,App State Mountaineers,Queens University Royals,65,53,47.0,30.0,11.0,14.0,66.0,13.0,18.0,12.0
401714892,2024-11-19,2025,0,40,57,50,Florida Gators,Florida A&M Rattlers,84,60,68.0,26.0,19.0,7.0,55.0,24.0,12.0,15.0
401714899,2024-11-19,2025,0,40,61,2010,Georgia Bulldogs,Alabama A&M Bulldogs,93,45,53.0,41.0,17.0,16.0,54.0,12.0,9.0,21.0
401714919,2024-11-19,2025,0,40,99,2127,LSU Tigers,Charleston Southern Buccaneers,77,68,59.0,23.0,13.0,11.0,66.0,21.0,18.0,9.0
401715391,2024-11-19,2025,0,40,135,325,Minnesota Golden Gophers,Cleveland State Vikings,58,47,52.0,19.0,9.0,14.0,54.0,4.0,7.0,15.0
401715401,2024-11-19,2025,0,40,77,147,Northwestern Wildcats,Montana State Bobcats,72,69,64.0,16.0,15.0,9.0,56.0,12.0,9.0,10.0
401715407,2024-11-19,2025,0,40,194,339,Ohio State Buckeyes,Evansville Purple Aces,80,30,54.0,26.0,8.0,10.0,58.0,10.0,7.0,11.0
401715460,2024-11-19,2025,0,40,305,2197,DePaul Blue Demons,Eastern Illinois Panthers,78,69,53.0,23.0,12.0,17.0,57.0,17.0,10.0,14.0
401715535,2024-11-19,2025,0,40,2507,2169,Providence Friars,Delaware State Hornets,78,48,59.0,13.0,16.0,10.0,53.0,15.0,7.0,8.0
401715610,2024-11-19,2025,0,40,41,2837,UConn Huskies,East Texas A&M Lions,81,46,59.0,14.0,11.0,19.0,59.0,22.0,17.0,18.0
401715618,2024-11-19,2025,0,40,222,219,Villanova Wildcats,Pennsylvania Quakers,93,49,62.0,11.0,14.0,11.0,52.0,30.0,16.0,15.0
401715630,2024-11-19,2025,0,40,94,2132,Northern Kentucky Norse,Cincinnati Bearcats,60,76,61.0,8.0,15.0,15.0,58.0,6.0,6.0,10.0
401715646,2024-11-19,2025,0,40,2116,2635,UCF Knights,Tennessee Tech Golden Eagles,80,69,70.0,15.0,22.0,13.0,57.0,22.0,10.0,10.0
401715654,2024-11-19,2025,0,40,52,2275,Florida State Seminoles,Hofstra Pride,79,61,57.0,23.0,10.0,12.0,50.0,7.0,5.0,20.0
401715683,2024-11-19,2025,0,40,87,155,Notre Dame Fighting Irish,North Dakota Fighting Hawks,75,58,62.0,10.0,7.0,7.0,64.0,8.0,14.0,15.0
401715866,2024-11-19,2025,0,40,2184,270,Duquesne Dukes,Milwaukee Panthers,74,80,60.0,23.0,13.0,11.0,52.0,30.0,11.0,14.0
401715917,2024-11-19,2025,0,40,2460,2710,Northern Iowa Panthers,Western Illinois Leathernecks,82,56,51.0,21.0,5.0,8.0,53.0,9.0,8.0,12.0
401716869,2024-11-19,2025,0,40,2230,111179,Fordham Rams,Georgian Court Lions,101,61,65.0,30.0,16.0,15.0,62.0,9.0,8.0,19.0
401718350,2024-11-19,2025,0,40,2350,253,Loyola Chicago Ramblers,Southern Utah Thunderbirds,76,72,60.0,22.0,14.0,7.0,55.0,27.0,10.0,10.0
401719270,2024-11-19,2025,0,40,2908,2576,South Carolina Upstate Spartans,Southern Wesleyan Warriors,95,63,64.0,33.0,11.0,12.0,60.0,30.0,8.0,13.0
401720464,2024-11-19,2025,0,40,2066,2344,Binghamton Bearcats,Longwood Lancers,60,66,48.0,13.0,6.0,13.0,62.0,25.0,20.0,7.0
401720560,2024-11-19,2025,0,40,70,2866,Idaho Vandals,Evergreen State Geoducks,101,58,71.0,29.0,22.0,11.0,51.0,18.0,8.0,19.0
401720886,2024-11-19,2025,0,40,2464,111226,Northern Arizona Lumberjacks,Embry Riddle (AZ) Eagles,82,47,54.0,29.0,15.0,10.0,55.0,10.0,11.0,14.0
401720947,2024-11-19,2025,0,40,2368,159,Marist Red Foxes,Dartmouth Big Green,75,62,59.0,19.0,8.0,12.0,61.0,10.0,7.0,12.0
401721003,2024-11-19,2025,0,40,189,315,Bowling Green Falcons,Niagara Purple Eagles,76,68,52.0,10.0,5.0,10.0,55.0,14.0,10.0,12.0
401721012,2024-11-19,2025,0,40,261,2084,Vermont Catamounts,Buffalo Bulls,78,67,57.0,22.0,8.0,5.0,55.0,22.0,12.0,12.0
401721110,2024-11-19,2025,0,40,2130,2198,Chicago State Cougars,Eastern Kentucky Colonels,66,86,61.0,14.0,6.0,15.0,75.0,12.0,16.0,10.0
401721173,2024-11-19,2025,0,40,2385,111943,Mercyhurst Lakers,Mount Aloysius Mounties,98,45,78.0,25.0,20.0,8.0,45.0,25.0,3.0,24.0
401721647,2024-11-19,2025,0,40,127,2535,Michigan State Spartans,Samford Bulldogs,83,75,55.0,23.0,10.0,14.0,57.0,14.0,11.0,19.0
401721796,2024-11-19,2025,0,40,104,2681,Boston University Terriers,Wagner Seahawks,58,60,47.0,26.0,14.0,15.0,55.0,13.0,11.0,10.0
401721797,2024-11-19,2025,0,40,2426,2514,Navy Midshipmen,Quinnipiac Bobcats,63,74,63.0,17.0,17.0,13.0,53.0,30.0,12.0,12.0
401721986,2024-11-19,2025,0,40,2698,2653,West Georgia Wolves,Troy Trojans,65,84,61.0,6.0,15.0,16.0,49.0,27.0,10.0,11.0
401722035,2024-11-19,2025,0,40,2655,2065,Tulane Green Wave,Bethune-Cookman Wildcats,72,57,63.0,18.0,16.0,12.0,62.0,19.0,12.0,12.0
401722169,2024-11-19,2025,0,40,2378,2261,UMBC Retrievers,Hampton Pirates,68,78,54.0,12.0,5.0,10.0,52.0,22.0,11.0,12.0
401722190,2024-11-19,2025,0,40,2429,2241,Charlotte 49ers,Gardner-Webb Runnin' Bulldogs,60,54,57.0,20.0,11.0,8.0,51.0,18.0,8.0,13.0
401722277,2024-11-19,2025,0,40,309,242,Louisiana Ragin' Cajuns,Rice Owls,61,83,70.0,8.0,14.0,5.0,49.0,34.0,12.0,11.0
401722562,2024-11-19,2025,0,40,2057,198,Belmont Bruins,Oral Roberts Golden Eagles,90,80,59.0,27.0,9.0,14.0,63.0,15.0,5.0,14.0
401725368,2024-11-19,2025,0,40,2541,27,Santa Clara Broncos,UC Riverside Highlanders,96,54,60.0,15.0,12.0,13.0,68.0,13.0,16.0,10.0
401725799,2024-11-19,2025,0,40,2623,250,Missouri State Bears,UT Arlington Mavericks,78,68,57.0,34.0,13.0,10.0,48.0,19.0,4.0,18.0
401726020,2024-11-19,2025,0,40,2217,2182,Fairfield Stags,Drexel Dragons,61,67,67.0,13.0,15.0,6.0,55.0,11.0,10.0,13.0
401727066,2024-11-19,2025,0,40,295,2516,Old Dominion Monarchs,Randolph Macon Yellow Jackets,71,55,54.0,26.0,11.0,14.0,61.0,13.0,11.0,14.0
401727287,2024-11-19,2025,0,40,2739,2565,Green Bay Phoenix,SIU Edwardsville Cougars,82,57,51.0,29.0,4.0,10.0,59.0,18.0,10.0,14.0
401727337,2024-11-19,2025,0,40,2634,3107,Tennessee State Tigers,East West Phantoms,110,33,88.0,25.0,32.0,18.0,69.0,18.0,12.0,21.0
401700268,2024-11-20,2025,0,40,338,2000,Kennesaw State Owls,Abilene Christian Wildcats,84,78,41.0,41.0,7.0,19.0,59.0,30.0,7.0,7.0
401706164,2024-11-20,2025,0,40,277,314,West Virginia Mountaineers,Iona Gaels,86,43,56.0,19.0,12.0,16.0,59.0,15.0,18.0,21.0
401706165,2024-11-20,2025,0,40,2752,2561,Xavier Musketeers,Siena Saints,80,55,65.0,4.0,9.0,9.0,48.0,20.0,7.0,16.0
401706904,2024-11-20,2025,0,40,259,294,Virginia Tech Hokies,Jacksonville Dolphins,64,74,56.0,20.0,12.0,16.0,60.0,8.0,9.0,14.0
401707850,2024-11-20,2025,1,40,333,356,Alabama Crimson Tide,Illinois Fighting Illini,100,87,75.0,13.0,7.0,7.0,71.0,24.0,14.0,13.0
401709971,2024-11-20,2025,0,40,2250,299,Gonzaga Bulldogs,Long Beach State Beach,84,41,63.0,24.0,15.0,4.0,54.0,11.0,12.0,16.0
401710002,2024-11-20,2025,0,40,26,304,UCLA Bruins,Idaho State Bengals,84,70,47.0,26.0,8.0,11.0,54.0,14.0,10.0,12.0
401715359,2024-11-20,2025,0,40,245,2582,Texas A&M Aggies,Southern Jaguars,71,54,69.0,26.0,29.0,11.0,54.0,11.0,10.0,18.0
401715416,2024-11-20,2025,0,40,213,2870,Penn State Nittany Lions,Purdue Fort Wayne Mastodons,102,89,61.0,30.0,17.0,13.0,70.0,19.0,16.0,10.0
401715425,2024-11-20,2025,0,40,164,2771,Rutgers Scarlet Knights,Merrimack Warriors,74,63,60.0,23.0,15.0,11.0,64.0,7.0,8.0,9.0
401715469,2024-11-20,2025,0,40,46,116,Georgetown Hoyas,Mount St. Mary's Mountaineers,79,51,64.0,12.0,12.0,13.0,67.0,6.0,13.0,13.0
401715696,2024-11-20,2025,0,40,24,2450,Stanford Cardinal,Norfolk State Spartans,70,63,56.0,37.0,18.0,6.0,54.0,11.0,6.0,12.0
401716879,2024-11-20,2025,0,40,2244,2154,George Mason Patriots,Coppin State Eagles,93,55,53.0,30.0,12.0,10.0,57.0,19.0,17.0,17.0
401718250,2024-11-20,2025,0,40,2168,166,Dayton Flyers,New Mexico State Aggies,74,53,58.0,18.0,13.0,7.0,55.0,14.0,10.0,9.0
401718450,2024-11-20,2025,0,40,227,322,Rhode Island Rams,Lafayette Leopards,86,72,56.0,40.0,10.0,7.0,60.0,27.0,12.0,12.0
401718460,2024-11-20,2025,0,40,257,311,Richmond Spiders,Maine Black Bears,70,66,47.0,25.0,6.0,15.0,58.0,23.0,7.0,6.0
401719337,2024-11-20,2025,0,40,179,2365,St. Bonaventure Bonnies,Mansfield Mountaineers,76,54,69.0,10.0,16.0,9.0,52.0,10.0,5.0,17.0
401719371,2024-11-20,2025,0,40,2856,2458,California Baptist Lancers,Northern Colorado Bears,68,79,65.0,21.0,11.0,10.0,65.0,8.0,12.0,15.0
401720994,2024-11-20,2025,0,40,2050,2174,Ball State Cardinals,Detroit Mercy Titans,59,70,44.0,30.0,6.0,15.0,55.0,18.0,13.0,16.0
401721053,2024-11-20,2025,0,40,2459,2210,Northern Illinois Huskies,Elon Phoenix,48,75,59.0,10.0,7.0,12.0,49.0,27.0,13.0,17.0
401721077,2024-11-20,2025,0,40,2711,233,Western Michigan Broncos,South Dakota Coyotes,76,80,71.0,20.0,24.0,16.0,69.0,30.0,17.0,6.0
401721134,2024-11-20,2025,0,40,349,161,Army Black Knights,Fairleigh Dickinson Knights,84,70,69.0,21.0,12.0,5.0,67.0,13.0,12.0,10.0
401721657,2024-11-20,2025,0,40,30,23,USC Trojans,San José State Spartans,82,68,56.0,9.0,8.0,11.0,62.0,7.0,10.0,9.0
401721685,2024-11-20,2025,0,40,112358,171,Long Island University Sharks,Columbia Lions,72,80,58.0,15.0,7.0,13.0,52.0,23.0,5.0,11.0
401721686,2024-11-20,2025,0,40,2619,43,Stony Brook Seawolves,Yale Bulldogs,64,86,53.0,16.0,5.0,16.0,69.0,16.0,13.0,6.0
401721798,2024-11-20,2025,0,40,107,108838,Holy Cross Crusaders,Mitchell Mariners,88,49,58.0,13.0,7.0,14.0,57.0,9.0,8.0,17.0
401721799,2024-11-20,2025,0,40,2329,110414,Lehigh Mountain Hawks,Valley Forge Patriots,100,53,68.0,12.0,12.0,14.0,63.0,12.0,5.0,15.0
401721936,2024-11-20,2025,0,40,2598,128344,Saint Francis Red Wolves,Penn State Schuylkill Nittany Lions,96,57,70.0,10.0,14.0,15.0,56.0,19.0,7.0,17.0
401721947,2024-11-20,2025,0,40,2413,2046,Morehead State Eagles,Austin Peay Governors,63,58,49.0,21.0,8.0,11.0,55.0,12.0,7.0,8.0
401722067,2024-11-20,2025,0,40,98,2296,Western Kentucky Hilltoppers,Jackson State Tigers,79,62,69.0,8.0,13.0,13.0,58.0,12.0,9.0,19.0
401722096,2024-11-20,2025,0,40,160,130199,New Hampshire Wildcats,Endicott Gulls,78,64,65.0,17.0,16.0,15.0,56.0,15.0,3.0,12.0
401722119,2024-11-20,2025,0,40,278,2504,Fresno State Bulldogs,Prairie View A&M Panthers,94,83,72.0,25.0,16.0,12.0,72.0,26.0,15.0,10.0
401722176,2024-11-20,2025,0,40,2349,524,UMass Lowell River Hawks,Fisher Eagles,121,66,66.0,40.0,12.0,15.0,78.0,9.0,7.0,11.0
401722306,2024-11-20,2025,0,40,9,13,Arizona State Sun Devils,Cal Poly Mustangs,93,89,58.0,41.0,13.0,13.0,64.0,15.0,3.0,12.0
401722346,2024-11-20,2025,0,40,2253,302,Grand Canyon Lopes,UC Davis Aggies,68,75,59.0,28.0,15.0,18.0,57.0,18.0,10.0,18.0
401722386,2024-11-20,2025,0,40,2439,2492,UNLV Rebels,Pepperdine Waves,80,59,53.0,19.0,7.0,10.0,49.0,14.0,8.0,16.0
401722422,2024-11-20,2025,0,40,2540,2638,UC Santa Barbara Gauchos,UTEP Miners,76,79,50.0,24.0,11.0,16.0,57.0,18.0,5.0,8.0
401723725,2024-11-20,2025,0,40,93,2379,Murray State Racers,Maryland Eastern Shore Hawks,79,61,54.0,30.0,15.0,12.0,51.0,19.0,6.0,11.0
401723742,2024-11-20,2025,0,40,2448,2415,North Carolina A&T Aggies,Morgan State Bears,86,83,59.0,35.0,10.0,14.0,73.0,12.0,15.0,15.0
401725351,2024-11-20,2025,0,40,2608,2616,Saint Mary's Gaels,Stanislaus State Warriors,78,38,63.0,15.0,13.0,13.0,59.0,7.0,7.0,15.0
401726013,2024-11-20,2025,0,40,2643,232,The Citadel Bulldogs,Charleston Cougars,61,76,61.0,7.0,12.0,15.0,54.0,16.0,8.0,13.0
401726050,2024-11-20,2025,0,40,2447,119,Nicholls Colonels,Towson Tigers,64,70,51.0,28.0,6.0,6.0,55.0,30.0,13.0,7.0
401726408,2024-11-20,2025,0,40,202,2031,Tulsa Golden Hurricane,Little Rock Trojans,57,71,49.0,17.0,8.0,14.0,56.0,15.0,11.0,11.0
401727074,2024-11-20,2025,0,40,2571,2572,South Dakota State Jackrabbits,Southern Miss Golden Eagles,101,76,59.0,29.0,8.0,18.0,75.0,29.0,13.0,11.0
401727309,2024-11-20,2025,0,40,2612,66786,Saint Peter's Peacocks,Saint Elizabeth Eagles,116,51,73.0,20.0,19.0,18.0,55.0,15.0,10.0,27.0
401729951,2024-11-20,2025,0,40,2117,2119,Central Michigan Chippewas,Central State Marauders,86,52,62.0,28.0,10.0,9.0,54.0,27.0,14.0,20.0
401731992,2024-11-20,2025,0,40,231,2476,Furman Paladins,Oglethorpe Stormy Petrels,124,48,85.0,15.0,20.0,8.0,61.0,14.0,2.0,14.0
401700391,2024-11-21,2025,1,40,28,2325,UC San Diego Tritons,La Salle Explorers,72,67,62.0,28.0,13.0,9.0,55.0,31.0,12.0,15.0
401700421,2024-11-21,2025,0,40,228,2515,Clemson Tigers,Radford Highlanders,79,51,49.0,22.0,6.0,11.0,55.0,19.0,11.0,11.0
401706876,2024-11-21,2025,0,40,25,2005,California Golden Bears,Air Force Falcons,78,69,52.0,27.0,13.0,15.0,51.0,11.0,7.0,16.0
401706894,2024-11-21,2025,1,40,251,183,Texas Longhorns,Syracuse Orange,70,66,58.0,14.0,8.0,10.0,57.0,18.0,8.0,11.0
401707860,2024-11-21,2025,0,40,84,2430,Indiana Hoosiers,UNC Greensboro Spartans,69,58,60.0,16.0,13.0,14.0,63.0,15.0,17.0,14.0
401711747,2024-11-21,2025,0,40,2454,2206,North Florida Ospreys,Edward Waters Tigers,108,59,77.0,14.0,17.0,12.0,67.0,13.0,12.0,16.0
401711757,2024-11-21,2025,1,40,56,2649,Stetson Hatters,Toledo Rockets,78,103,57.0,23.0,12.0,17.0,72.0,11.0,8.0,5.0
401715321,2024-11-21,2025,0,40,145,198,Ole Miss Rebels,Oral Roberts Golden Eagles,100,68,69.0,22.0,14.0,8.0,54.0,18.0,10.0,21.0
401715329,2024-11-21,2025,0,40,2579,2382,South Carolina Gamecocks,Mercer Bears,84,72,55.0,29.0,8.0,9.0,57.0,9.0,6.0,12.0
401715338,2024-11-21,2025,1,40,2633,258,Tennessee Volunteers,Virginia Cavaliers,64,42,66.0,10.0,18.0,7.0,49.0,11.0,11.0,18.0
401715564,2024-11-21,2025,1,45,2670,2550,VCU Rams,Seton Hall Pirates,66,69,60.0,18.0,7.0,15.0,55.0,25.0,10.0,18.0
401715587,2024-11-21,2025,1,40,2181,2390,Drake Bulldogs,Miami Hurricanes,80,69,56.0,28.0,14.0,6.0,44.0,29.0,5.0,9.0
401715588,2024-11-21,2025,1,40,2226,197,Florida Atlantic Owls,Oklahoma State Cowboys,86,78,52.0,49.0,6.0,15.0,73.0,32.0,19.0,15.0
401715594,2024-11-21,2025,1,50,2599,239,St. John's Red Storm,Baylor Bears,98,99,62.0,28.0,7.0,18.0,83.0,23.0,16.0,15.0
401715640,2024-11-21,2025,1,40,2603,2641,Saint Joseph's Hawks,Texas Tech Red Raiders,78,77,50.0,29.0,6.0,13.0,66.0,20.0,17.0,11.0
401716057,2024-11-21,2025,1,45,2393,195,Middle Tennessee Blue Raiders,Ohio Bobcats,83,81,64.0,32.0,16.0,20.0,67.0,29.0,13.0,13.0
401716058,2024-11-21,2025,1,40,2501,58,Portland Pilots,South Florida Bulls,68,74,60.0,19.0,8.0,10.0,60.0,21.0,9.0,10.0
401716059,2024-11-21,2025,1,40,326,71,Texas State Bobcats,Bradley Braves,68,82,57.0,27.0,13.0,12.0,52.0,26.0,6.0,9.0
401716060,2024-11-21,2025,1,40,2750,163,Wright State Raiders,Princeton Tigers,80,62,49.0,20.0,6.0,14.0,57.0,20.0,7.0,7.0
401718467,2024-11-21,2025,1,40,265,331,Washington State Cougars,Eastern Washington Eagles,96,81,64.0,22.0,17.0,21.0,65.0,22.0,10.0,14.0
401720749,2024-11-21,2025,0,40,357,2630,Texas A&M-Corpus Christi Islanders,UT Martin Skyhawks,81,77,56.0,27.0,12.0,12.0,66.0,21.0,17.0,12.0
401721023,2024-11-21,2025,0,40,2473,2199,Oakland Golden Grizzlies,Eastern Michigan Eagles,64,68,47.0,22.0,6.0,11.0,60.0,16.0,11.0,6.0
401721030,2024-11-21,2025,0,40,2309,315,Kent State Golden Flashes,Niagara Purple Eagles,76,73,55.0,22.0,15.0,13.0,50.0,23.0,6.0,12.0
401721085,2024-11-21,2025,0,40,2529,2115,Sacred Heart Pioneers,Central Connecticut Blue Devils,67,54,63.0,5.0,11.0,13.0,57.0,14.0,11.0,15.0
401721653,2024-11-21,2025,0,40,204,2483,Oregon State Beavers,Oregon Ducks,75,78,62.0,23.0,17.0,10.0,61.0,12.0,7.0,7.0
401721687,2024-11-21,2025,0,40,172,2523,Cornell Big Red,Robert Morris Colonials,76,86,58.0,15.0,6.0,13.0,65.0,31.0,17.0,11.0
401721800,2024-11-21,2025,0,40,2083,2885,Bucknell Bison,NJIT Highlanders,81,64,54.0,29.0,8.0,11.0,61.0,20.0,15.0,14.0
401721961,2024-11-21,2025,0,45,2110,2546,Central Arkansas Bears,Southeast Missouri State Redhawks,73,77,62.0,32.0,11.0,13.0,68.0,17.0,11.0,13.0
401722011,2024-11-21,2025,0,40,284,2803,Stonehill Skyhawks,Bryant Bulldogs,67,66,66.0,21.0,19.0,11.0,60.0,21.0,9.0,8.0
401722200,2024-11-21,2025,1,40,55,151,Jacksonville State Gamecocks,East Carolina Pirates,86,78,53.0,31.0,8.0,8.0,66.0,15.0,10.0,7.0
401722235,2024-11-21,2025,1,40,2440,238,Nevada Wolf Pack,Vanderbilt Commodores,71,73,54.0,10.0,8.0,16.0,59.0,18.0,11.0,13.0
401722259,2024-11-21,2025,0,40,167,2755,New Mexico Lobos,Grambling Tigers,80,58,60.0,26.0,10.0,16.0,62.0,15.0,11.0,22.0
401722268,2024-11-21,2025,0,40,2539,235,San Francisco Dons,Memphis Tigers,64,68,61.0,27.0,18.0,15.0,52.0,31.0,12.0,15.0
401724514,2024-11-21,2025,1,40,82,256,UIC Flames,James Madison Dukes,81,99,64.0,19.0,12.0,16.0,64.0,27.0,14.0,12.0
401724522,2024-11-21,2025,0,40,2674,2815,Valparaiso Beacons,Lindenwood Lions,77,64,57.0,22.0,10.0,14.0,61.0,11.0,10.0,17.0
401726039,2024-11-21,2025,1,40,2405,2754,Monmouth Hawks,Youngstown State Penguins,62,72,70.0,18.0,18.0,14.0,56.0,27.0,10.0,14.0
401726428,2024-11-21,2025,0,40,2534,386,Sam Houston Bearkats,Trinity (TX) Tigers,105,78,73.0,18.0,12.0,10.0,61.0,25.0,10.0,17.0
401727103,2024-11-21,2025,0,40,2449,2772,North Dakota State Bison,Crookston (MN) Golden Eagles,67,60,59.0,23.0,17.0,10.0,52.0,13.0,9.0,13.0
401727258,2024-11-21,2025,0,40,201,2837,Oklahoma Sooners,East Texas A&M Lions,84,56,59.0,22.0,9.0,10.0,53.0,17.0,8.0,15.0
401727349,2024-11-21,2025,0,40,2710,2919,Western Illinois Leathernecks,Monmouth (IL) Fighting Scots,73,46,55.0,19.0,18.0,17.0,55.0,11.0,13.0,14.0
401727496,2024-11-21,2025,0,40,236,3239,Chattanooga Mocs,Johnson Royals,72,52,66.0,11.0,12.0,7.0,50.0,9.0,6.0,16.0
401727835,2024-11-21,2025,0,45,2617,2506,Stephen F. Austin Lumberjacks,Presbyterian Blue Hose,55,58,54.0,22.0,13.0,21.0,61.0,24.0,12.0,19.0
401728787,2024-11-21,2025,0,40,130,2627,Michigan Wolverines,Tarleton State Texans,72,49,56.0,23.0,13.0,11.0,41.0,10.0,5.0,24.0
401734106,2024-11-21,2025,0,40,249,2642,North Texas Mean Green,Texas Wesleyan Rams,73,66,53.0,19.0,10.0,10.0,47.0,12.0,4.0,12.0
401700429,2024-11-22,2025,0,40,97,2737,Louisville Cardinals,Winthrop Eagles,76,61,54.0,26.0,10.0,20.0,70.0,22.0,19.0,19.0
401700437,2024-11-22,2025,0,40,62,153,Hawai'i Rainbow Warriors,North Carolina Tar Heels,69,87,57.0,24.0,15.0,13.0,54.0,34.0,5.0,5.0
401700447,2024-11-22,2025,0,40,2567,344,SMU Mustangs,Mississippi State Bulldogs,79,84,47.0,34.0,6.0,13.0,68.0,25.0,16.0,7.0
401706885,2024-11-22,2025,0,40,12,150,Arizona Wildcats,Duke Blue Devils,55,69,53.0,11.0,6.0,15.0,61.0,13.0,13.0,14.0
401706949,2024-11-22,2025,0,40,248,2275,Houston Cougars,Hofstra Pride,80,44,62.0,16.0,10.0,4.0,52.0,5.0,7.0,15.0
401706975,2024-11-22,2025,1,40,2306,45,Kansas State Wildcats,George Washington Revolutionaries,83,71,56.0,27.0,11.0,14.0,55.0,33.0,7.0,10.0
401710003,2024-11-22,2025,0,40,26,2239,UCLA Bruins,Cal State Fullerton Titans,80,47,60.0,23.0,12.0,7.0,52.0,13.0,13.0,21.0
401712996,2024-11-22,2025,0,40,2086,2771,Butler Bulldogs,Merrimack Warriors,78,39,51.0,31.0,14.0,9.0,57.0,7.0,6.0,7.0
401714893,2024-11-22,2025,0,40,57,79,Florida Gators,Southern Illinois Salukis,93,68,75.0,14.0,16.0,6.0,72.0,18.0,20.0,12.0
401714910,2024-11-22,2025,0,40,96,2296,Kentucky Wildcats,Jackson State Tigers,108,59,71.0,10.0,4.0,10.0,69.0,18.0,13.0,17.0
401714920,2024-11-22,2025,1,40,221,99,Pittsburgh Panthers,LSU Tigers,74,63,54.0,22.0,12.0,13.0,59.0,20.0,14.0,15.0
401715311,2024-11-22,2025,0,40,142,279,Missouri Tigers,Pacific Tigers,91,56,61.0,23.0,12.0,6.0,59.0,8.0,11.0,14.0
401715382,2024-11-22,2025,1,40,2294,328,Iowa Hawkeyes,Utah State Aggies,69,77,64.0,16.0,9.0,16.0,65.0,16.0,15.0,18.0
401715402,2024-11-22,2025,0,40,77,2492,Northwestern Wildcats,Pepperdine Waves,68,50,57.0,21.0,6.0,6.0,56.0,18.0,10.0,11.0
401715408,2024-11-22,2025,0,40,194,2097,Ohio State Buckeyes,Campbell Fighting Camels,104,60,62.0,19.0,6.0,8.0,52.0,21.0,4.0,15.0
401715433,2024-11-22,2025,0,40,264,2016,Washington Huskies,Alcorn State Braves,77,60,49.0,30.0,11.0,13.0,58.0,12.0,10.0,10.0
401715444,2024-11-22,2025,1,40,275,2116,Wisconsin Badgers,UCF Knights,86,70,66.0,16.0,8.0,13.0,62.0,37.0,13.0,10.0
401715452,2024-11-22,2025,0,40,156,158,Creighton Bluejays,Nebraska Cornhuskers,63,74,52.0,23.0,8.0,17.0,57.0,30.0,7.0,7.0
401715655,2024-11-22,2025,1,40,52,218,Florida State Seminoles,Temple Owls,78,69,61.0,24.0,13.0,15.0,56.0,32.0,12.0,14.0
401715684,2024-11-22,2025,0,40,87,2210,Notre Dame Fighting Irish,Elon Phoenix,77,84,61.0,9.0,7.0,6.0,56.0,17.0,10.0,10.0
401715889,2024-11-22,2025,0,40,270,2502,Milwaukee Panthers,Portland State Vikings,91,74,67.0,13.0,17.0,15.0,63.0,22.0,13.0,9.0
401715937,2024-11-22,2025,0,40,2751,2545,Wyoming Cowboys,SE Louisiana Lions,64,61,54.0,33.0,17.0,16.0,63.0,16.0,8.0,7.0
401715956,2024-11-22,2025,0,40,2277,242,Houston Christian Huskies,Rice Owls,58,61,55.0,20.0,6.0,4.0,47.0,22.0,13.0,16.0
401715982,2024-11-22,2025,1,40,139,2724,Saint Louis Billikens,Wichita State Shockers,63,88,58.0,21.0,6.0,14.0,68.0,25.0,7.0,7.0
401716062,2024-11-22,2025,1,40,5,2344,UAB Blazers,Longwood Lancers,81,89,69.0,20.0,17.0,11.0,60.0,26.0,6.0,7.0
401716063,2024-11-22,2025,1,40,2377,2287,McNeese Cowboys,Illinois State Redbirds,76,68,54.0,26.0,11.0,7.0,50.0,21.0,6.0,7.0
401716064,2024-11-22,2025,1,40,2335,309,Liberty Flames,Louisiana Ragin' Cajuns,89,69,49.0,23.0,9.0,15.0,56.0,13.0,6.0,8.0
401716115,2024-11-22,2025,0,40,2464,2916,Northern Arizona Lumberjacks,Incarnate Word Cardinals,75,74,62.0,28.0,20.0,9.0,65.0,15.0,14.0,8.0
401716870,2024-11-22,2025,0,40,2230,2182,Fordham Rams,Drexel Dragons,71,73,60.0,11.0,10.0,10.0,53.0,11.0,7.0,13.0
401719238,2024-11-22,2025,1,40,2546,2427,Southeast Missouri State Redhawks,UNC Asheville Bulldogs,64,72,63.0,21.0,11.0,7.0,59.0,29.0,13.0,9.0
401719271,2024-11-22,2025,0,40,2193,2908,East Tennessee State Buccaneers,South Carolina Upstate Spartans,87,76,65.0,23.0,13.0,12.0,55.0,21.0,6.0,17.0
401720516,2024-11-22,2025,0,40,2692,300,Weber State Wildcats,UC Irvine Anteaters,87,93,63.0,20.0,9.0,12.0,61.0,27.0,12.0,14.0
401720540,2024-11-22,2025,0,40,254,3101,Utah Utes,Utah Tech Trailblazers,84,53,66.0,18.0,11.0,13.0,66.0,14.0,11.0,15.0
401720666,2024-11-22,2025,0,40,2006,2320,Akron Zips,Lamar Cardinals,79,72,70.0,31.0,21.0,10.0,52.0,33.0,10.0,19.0
401720732,2024-11-22,2025,0,45,2655,2443,Tulane Green Wave,LSU New Orleans Privateers,87,93,67.0,33.0,11.0,12.0,62.0,31.0,7.0,14.0
401720944,2024-11-22,2025,1,40,2011,2437,Alabama State Hornets,Omaha Mavericks,85,67,55.0,29.0,7.0,10.0,63.0,26.0,13.0,10.0
401721013,2024-11-22,2025,0,40,2084,2415,Buffalo Bulls,Morgan State Bears,82,73,55.0,25.0,8.0,10.0,68.0,2.0,15.0,15.0
401721111,2024-11-22,2025,0,40,282,2130,Indiana State Sycamores,Chicago State Cougars,97,61,60.0,21.0,11.0,13.0,68.0,14.0,12.0,11.0
401721135,2024-11-22,2025,0,40,161,130189,Fairleigh Dickinson Knights,Vermont State Randolph Knights,107,58,73.0,27.0,15.0,2.0,60.0,4.0,9.0,18.0
401721153,2024-11-22,2025,1,40,2330,2630,Le Moyne Dolphins,UT Martin Skyhawks,65,53,53.0,26.0,9.0,16.0,67.0,24.0,18.0,12.0
401721229,2024-11-22,2025,0,40,2010,2569,Alabama A&M Bulldogs,South Carolina State Bulldogs,70,82,59.0,26.0,14.0,13.0,56.0,13.0,8.0,15.0
401721688,2024-11-22,2025,0,40,108,2142,Harvard Crimson,Colgate Raiders,78,67,59.0,11.0,7.0,10.0,58.0,0.0,4.0,12.0
401721783,2024-11-22,2025,0,40,2166,2678,Davidson Wildcats,VMI Keydets,93,66,66.0,15.0,9.0,8.0,49.0,28.0,7.0,15.0
401721801,2024-11-22,2025,0,40,2363,349,Manhattan Jaspers,Army Black Knights,80,79,70.0,13.0,10.0,6.0,61.0,13.0,9.0,13.0
401721928,2024-11-22,2025,1,40,44,140,American University Eagles,Kansas City Roos,64,60,43.0,27.0,8.0,20.0,49.0,19.0,7.0,15.0
401722053,2024-11-22,2025,0,40,50,3174,Florida A&M Rattlers,Trinity College of Jacksonville Eagles,110,68,73.0,22.0,12.0,10.0,75.0,15.0,14.0,14.0
401722101,2024-11-22,2025,1,40,399,2503,UAlbany Great Danes,Puerto Rico-Mayaguez Bulldogs,93,50,61.0,16.0,11.0,15.0,50.0,23.0,7.0,19.0
401722224,2024-11-22,2025,0,45,36,27,Colorado State Rams,UC Riverside Highlanders,75,77,62.0,25.0,5.0,9.0,65.0,18.0,15.0,18.0
401722320,2024-11-22,2025,0,40,526,2934,Florida Gulf Coast Eagles,Cal State Bakersfield Roadrunners,74,54,52.0,9.0,9.0,10.0,53.0,19.0,10.0,7.0
401722593,2024-11-22,2025,0,40,339,2739,Evansville Purple Aces,Green Bay Phoenix,98,81,62.0,17.0,8.0,19.0,62.0,23.0,4.0,12.0
401723761,2024-11-22,2025,0,40,2253,2450,Grand Canyon Lopes,Norfolk State Spartans,91,73,54.0,14.0,4.0,12.0,62.0,14.0,8.0,12.0
401724534,2024-11-22,2025,0,40,2032,6371,Arkansas State Red Wolves,Lane College Dragons,103,60,78.0,13.0,19.0,13.0,67.0,17.0,13.0,15.0
401724543,2024-11-22,2025,0,40,2247,2428,Georgia State Panthers,North Carolina Central Eagles,93,79,47.0,25.0,8.0,15.0,65.0,16.0,14.0,6.0
401724552,2024-11-22,2025,1,40,324,85,Coastal Carolina Chanticleers,IU Indianapolis Jaguars,71,57,48.0,11.0,5.0,13.0,52.0,17.0,6.0,6.0
401724989,2024-11-22,2025,0,40,152,2729,NC State Wolfpack,William & Mary Tribe,84,61,64.0,23.0,11.0,11.0,60.0,12.0,11.0,21.0
401725193,2024-11-22,2025,0,40,2351,155,Loyola Marymount Lions,North Dakota Fighting Hawks,73,77,71.0,22.0,14.0,6.0,67.0,15.0,14.0,11.0
401725354,2024-11-22,2025,0,40,301,253,San Diego Toreros,Southern Utah Thunderbirds,67,72,63.0,23.0,12.0,14.0,63.0,16.0,13.0,14.0
401725508,2024-11-22,2025,0,40,2547,2465,Seattle U Redhawks,Northwest University Eagles,80,52,59.0,40.0,13.0,14.0,47.0,30.0,8.0,24.0
401725816,2024-11-22,2025,0,40,93,3084,Murray State Racers,Utah Valley Wolverines,75,77,50.0,33.0,5.0,7.0,61.0,16.0,12.0,11.0
401726025,2024-11-22,2025,0,40,88,233,Southern Indiana Screaming Eagles,South Dakota Coyotes,92,83,68.0,16.0,12.0,11.0,75.0,18.0,19.0,10.0
401726040,2024-11-22,2025,0,40,2617,2405,Stephen F. Austin Lumberjacks,Monmouth Hawks,72,67,54.0,20.0,15.0,20.0,58.0,9.0,9.0,14.0
401726043,2024-11-22,2025,1,40,2229,111,Florida International Panthers,Northeastern Huskies,58,60,56.0,11.0,8.0,11.0,53.0,22.0,9.0,11.0
401726462,2024-11-22,2025,0,40,2466,2433,Northwestern State Demons,UL Monroe Warhawks,63,65,53.0,9.0,4.0,12.0,59.0,16.0,9.0,8.0
401727118,2024-11-22,2025,1,40,2747,2900,Wofford Terriers,St. Thomas Tommies,81,73,55.0,19.0,10.0,14.0,53.0,28.0,8.0,10.0
401727319,2024-11-22,2025,0,40,8,2031,Arkansas Razorbacks,Little Rock Trojans,79,67,53.0,27.0,8.0,19.0,59.0,23.0,13.0,19.0
401727844,2024-11-22,2025,1,40,2754,2506,Youngstown State Penguins,Presbyterian Blue Hose,42,67,59.0,9.0,11.0,15.0,54.0,19.0,6.0,11.0
401729733,2024-11-22,2025,1,40,239,2633,Baylor Bears,Tennessee Volunteers,62,77,59.0,8.0,15.0,12.0,46.0,22.0,9.0,15.0
401729735,2024-11-22,2025,1,40,2599,258,St. John's Red Storm,Virginia Cavaliers,80,55,61.0,10.0,11.0,7.0,45.0,18.0,6.0,16.0
401729760,2024-11-22,2025,1,40,82,2325,UIC Flames,La Salle Explorers,96,83,53.0,34.0,8.0,13.0,66.0,18.0,7.0,10.0
401729761,2024-11-22,2025,1,40,56,151,Stetson Hatters,East Carolina Pirates,64,71,44.0,25.0,5.0,18.0,55.0,33.0,16.0,12.0
401729762,2024-11-22,2025,1,40,28,256,UC San Diego Tritons,James Madison Dukes,73,67,48.0,26.0,5.0,5.0,56.0,8.0,9.0,12.0
401729763,2024-11-22,2025,1,40,55,2649,Jacksonville State Gamecocks,Toledo Rockets,80,82,58.0,15.0,12.0,13.0,65.0,10.0,8.0,4.0
401729782,2024-11-22,2025,1,40,2226,2181,Florida Atlantic Owls,Drake Bulldogs,63,75,43.0,25.0,4.0,15.0,50.0,25.0,11.0,15.0
401729788,2024-11-22,2025,1,40,197,2390,Oklahoma State Cowboys,Miami Hurricanes,80,74,57.0,21.0,11.0,8.0,58.0,21.0,13.0,13.0
401729789,2024-11-22,2025,1,40,238,2550,Vanderbilt Commodores,Seton Hall Pirates,76,60,54.0,12.0,6.0,11.0,63.0,11.0,16.0,16.0
401729790,2024-11-22,2025,1,40,2440,2670,Nevada Wolf Pack,VCU Rams,64,61,44.0,26.0,8.0,13.0,51.0,14.0,9.0,11.0
401729821,2024-11-22,2025,1,40,2641,183,Texas Tech Red Raiders,Syracuse Orange,79,74,63.0,21.0,9.0,3.0,53.0,28.0,10.0,12.0
401729822,2024-11-22,2025,1,40,2603,251,Saint Joseph's Hawks,Texas Longhorns,58,67,66.0,17.0,19.0,13.0,55.0,17.0,7.0,12.0
401729823,2024-11-22,2025,1,40,2501,195,Portland Pilots,Ohio Bobcats,73,85,60.0,21.0,3.0,13.0,73.0,11.0,9.0,9.0
401729824,2024-11-22,2025,1,40,58,2393,South Florida Bulls,Middle Tennessee Blue Raiders,88,95,53.0,27.0,8.0,13.0,59.0,21.0,11.0,12.0
401729825,2024-11-22,2025,1,40,2750,71,Wright State Raiders,Bradley Braves,74,77,52.0,15.0,7.0,9.0,55.0,15.0,11.0,11.0
401729826,2024-11-22,2025,1,40,163,326,Princeton Tigers,Texas State Bobcats,80,83,59.0,17.0,11.0,9.0,54.0,23.0,11.0,13.0
401700467,2024-11-23,2025,0,40,154,2174,Wake Forest Demon Deacons,Detroit Mercy Titans,67,57,61.0,13.0,6.0,5.0,60.0,16.0,14.0,14.0
401706166,2024-11-23,2025,0,40,2099,225,Canisius Golden Griffins,Brown Bears,76,83,57.0,12.0,10.0,11.0,50.0,25.0,12.0,11.0
401706167,2024-11-23,2025,0,40,2083,2520,Bucknell Bison,Rider Broncs,53,57,48.0,20.0,8.0,12.0,52.0,27.0,16.0,12.0
401706913,2024-11-23,2025,0,40,252,2400,BYU Cougars,Mississippi Valley State Delta Devils,87,43,58.0,19.0,13.0,9.0,45.0,10.0,5.0,17.0
401707851,2024-11-23,2025,0,40,356,2379,Illinois Fighting Illini,Maryland Eastern Shore Hawks,87,40,74.0,18.0,19.0,9.0,68.0,8.0,14.0,15.0
401707981,2024-11-23,2025,0,40,2509,276,Purdue Boilermakers,Marshall Thundering Herd,80,45,48.0,33.0,9.0,13.0,53.0,17.0,14.0,19.0
401709972,2024-11-23,2025,0,40,299,278,Long Beach State Beach,Fresno State Bulldogs,69,72,64.0,4.0,12.0,19.0,60.0,44.0,18.0,8.0
401711706,2024-11-23,2025,1,40,2511,2908,Queens University Royals,South Carolina Upstate Spartans,98,74,67.0,26.0,13.0,10.0,58.0,29.0,11.0,13.0
401711734,2024-11-23,2025,1,40,2453,2433,North Alabama Lions,UL Monroe Warhawks,74,62,65.0,11.0,11.0,5.0,52.0,15.0,9.0,14.0
401714900,2024-11-23,2025,1,40,269,61,Marquette Golden Eagles,Georgia Bulldogs,80,69,58.0,15.0,8.0,13.0,54.0,19.0,11.0,18.0
401715461,2024-11-23,2025,0,40,305,2459,DePaul Blue Demons,Northern Illinois Huskies,98,52,66.0,15.0,10.0,11.0,67.0,15.0,7.0,6.0
401715470,2024-11-23,2025,0,40,46,2598,Georgetown Hoyas,Saint Francis Red Wolves,82,65,69.0,19.0,14.0,9.0,56.0,15.0,14.0,20.0
401715631,2024-11-23,2025,0,40,59,2132,Georgia Tech Yellow Jackets,Cincinnati Bearcats,58,81,59.0,20.0,12.0,12.0,62.0,12.0,9.0,12.0
401715697,2024-11-23,2025,0,40,2541,24,Santa Clara Broncos,Stanford Cardinal,69,71,53.0,26.0,12.0,17.0,63.0,21.0,15.0,12.0
401715890,2024-11-23,2025,0,40,270,2747,Milwaukee Panthers,Wofford Terriers,76,74,57.0,33.0,15.0,7.0,61.0,15.0,10.0,7.0
401716880,2024-11-23,2025,0,40,2244,366,George Mason Patriots,Ferrum Panthers,100,55,68.0,21.0,13.0,5.0,59.0,13.0,7.0,13.0
401718351,2024-11-23,2025,0,40,2350,202,Loyola Chicago Ramblers,Tulsa Golden Hurricane,89,53,61.0,25.0,12.0,10.0,60.0,25.0,16.0,18.0
401718419,2024-11-23,2025,1,40,218,113,Temple Owls,Massachusetts Minutemen,87,80,59.0,38.0,14.0,11.0,56.0,42.0,13.0,10.0
401718468,2024-11-23,2025,0,40,2856,331,California Baptist Lancers,Eastern Washington Eagles,79,68,57.0,12.0,10.0,14.0,54.0,21.0,10.0,12.0
401719372,2024-11-23,2025,0,40,2458,2504,Northern Colorado Bears,Prairie View A&M Panthers,114,98,70.0,20.0,10.0,13.0,77.0,11.0,5.0,4.0
401719650,2024-11-23,2025,1,40,2502,2900,Portland State Vikings,St. Thomas Tommies,65,91,59.0,29.0,15.0,15.0,66.0,8.0,10.0,10.0
401720449,2024-11-23,2025,0,40,2127,231,Charleston Southern Buccaneers,Furman Paladins,46,67,54.0,14.0,11.0,14.0,57.0,14.0,5.0,9.0
401720561,2024-11-23,2025,1,40,253,70,Southern Utah Thunderbirds,Idaho Vandals,82,67,53.0,14.0,10.0,9.0,57.0,12.0,10.0,4.0
401720667,2024-11-23,2025,1,40,2011,2320,Alabama State Hornets,Lamar Cardinals,77,75,53.0,24.0,6.0,9.0,54.0,28.0,12.0,13.0
401720750,2024-11-23,2025,0,40,357,2330,Texas A&M-Corpus Christi Islanders,Le Moyne Dolphins,82,61,54.0,22.0,11.0,15.0,47.0,27.0,6.0,15.0
401720945,2024-11-23,2025,0,40,2006,2437,Akron Zips,Omaha Mavericks,92,84,66.0,9.0,13.0,8.0,56.0,22.0,13.0,13.0
401721004,2024-11-23,2025,0,40,91,189,Bellarmine Knights,Bowling Green Falcons,80,68,52.0,22.0,5.0,10.0,55.0,16.0,5.0,11.0
401721031,2024-11-23,2025,0,40,325,2309,Cleveland State Vikings,Kent State Golden Flashes,52,68,50.0,28.0,12.0,14.0,51.0,13.0,10.0,18.0
401721230,2024-11-23,2025,0,40,2010,324,Alabama A&M Bulldogs,Coastal Carolina Chanticleers,77,70,56.0,31.0,12.0,11.0,52.0,29.0,17.0,19.0
401721689,2024-11-23,2025,1,40,43,2217,Yale Bulldogs,Fairfield Stags,91,66,55.0,20.0,9.0,5.0,50.0,25.0,9.0,8.0
401721690,2024-11-23,2025,0,40,171,2619,Columbia Lions,Stony Brook Seawolves,82,63,60.0,8.0,10.0,12.0,64.0,20.0,15.0,11.0
401721802,2024-11-23,2025,0,40,2378,104,UMBC Retrievers,Boston University Terriers,71,75,55.0,26.0,5.0,8.0,58.0,15.0,9.0,17.0
401721929,2024-11-23,2025,1,40,2889,44,Puerto Rico-Bayamon Pirates,American University Eagles,56,73,51.0,26.0,8.0,20.0,59.0,22.0,8.0,14.0
401721982,2024-11-23,2025,0,40,290,2698,Georgia Southern Eagles,West Georgia Wolves,64,54,62.0,8.0,13.0,20.0,59.0,11.0,9.0,16.0
401722024,2024-11-23,2025,0,40,2681,81,Wagner Seahawks,Springfield Pride,81,46,69.0,12.0,16.0,10.0,44.0,6.0,2.0,22.0
401722093,2024-11-23,2025,0,40,2368,160,Marist Red Foxes,New Hampshire Wildcats,54,49,43.0,21.0,3.0,13.0,53.0,12.0,9.0,13.0
401722102,2024-11-23,2025,1,40,140,399,Kansas City Roos,UAlbany Great Danes,65,67,45.0,29.0,11.0,17.0,48.0,23.0,4.0,8.0
401722177,2024-11-23,2025,0,40,2349,2514,UMass Lowell River Hawks,Quinnipiac Bobcats,80,70,57.0,19.0,13.0,20.0,78.0,12.0,23.0,11.0
401722186,2024-11-23,2025,1,40,261,48,Vermont Catamounts,Delaware Blue Hens,75,71,56.0,21.0,9.0,10.0,48.0,19.0,2.0,16.0
401722191,2024-11-23,2025,0,40,2429,112358,Charlotte 49ers,Long Island University Sharks,76,79,53.0,53.0,16.0,5.0,53.0,31.0,10.0,10.0
401722321,2024-11-23,2025,1,45,2934,2229,Cal State Bakersfield Roadrunners,Florida International Panthers,73,76,56.0,20.0,8.0,14.0,56.0,29.0,10.0,13.0
401722387,2024-11-23,2025,0,40,2439,166,UNLV Rebels,New Mexico State Aggies,72,65,50.0,42.0,12.0,8.0,64.0,27.0,21.0,10.0
401723703,2024-11-23,2025,0,40,116,2169,Mount St. Mary's Mountaineers,Delaware State Hornets,76,66,57.0,18.0,13.0,13.0,67.0,9.0,15.0,8.0
401725352,2024-11-23,2025,0,40,2608,13,Saint Mary's Gaels,Cal Poly Mustangs,80,66,69.0,16.0,20.0,14.0,58.0,13.0,9.0,17.0
401726041,2024-11-23,2025,1,40,2405,2506,Monmouth Hawks,Presbyterian Blue Hose,61,71,45.0,24.0,9.0,14.0,60.0,11.0,12.0,12.0
401726044,2024-11-23,2025,0,40,526,111,Florida Gulf Coast Eagles,Northeastern Huskies,55,59,59.0,9.0,11.0,10.0,56.0,11.0,7.0,9.0
401727326,2024-11-23,2025,0,40,2565,2591,SIU Edwardsville Cougars,St. Ambrose Fighting Bees,83,49,74.0,20.0,21.0,9.0,57.0,13.0,9.0,17.0
401727498,2024-11-23,2025,1,40,85,2569,IU Indianapolis Jaguars,South Carolina State Bulldogs,62,72,56.0,19.0,11.0,14.0,46.0,31.0,8.0,13.0
401727538,2024-11-23,2025,0,40,94,2310,Northern Kentucky Norse,Kentucky State Thorobreds,85,59,66.0,23.0,15.0,16.0,55.0,25.0,14.0,26.0
401727836,2024-11-23,2025,0,40,2617,2754,Stephen F. Austin Lumberjacks,Youngstown State Penguins,64,57,44.0,18.0,9.0,22.0,58.0,17.0,11.0,12.0
401729764,2024-11-23,2025,1,40,56,2325,Stetson Hatters,La Salle Explorers,77,92,64.0,18.0,12.0,12.0,69.0,21.0,15.0,10.0
401729765,2024-11-23,2025,1,40,82,151,UIC Flames,East Carolina Pirates,55,72,59.0,7.0,14.0,16.0,58.0,15.0,9.0,8.0
401729766,2024-11-23,2025,1,40,55,256,Jacksonville State Gamecocks,James Madison Dukes,65,71,51.0,18.0,6.0,11.0,55.0,16.0,9.0,8.0
401729767,2024-11-23,2025,1,40,28,2649,UC San Diego Tritons,Toledo Rockets,80,45,57.0,7.0,4.0,12.0,53.0,10.0,8.0,17.0
401732294,2024-11-23,2025,1,40,2287,5,Illinois State Redbirds,UAB Blazers,84,83,53.0,17.0,5.0,16.0,56.0,19.0,5.0,16.0
401732295,2024-11-23,2025,1,40,45,309,George Washington Revolutionaries,Louisiana Ragin' Cajuns,83,74,47.0,42.0,11.0,18.0,60.0,30.0,11.0,11.0
401700269,2024-11-24,2025,0,40,338,164,Kennesaw State Owls,Rutgers Scarlet Knights,79,77,60.0,24.0,14.0,22.0,66.0,23.0,8.0,9.0
401706871,2024-11-24,2025,1,40,103,295,Boston College Eagles,Old Dominion Monarchs,82,52,67.0,16.0,16.0,8.0,57.0,19.0,13.0,13.0
401706877,2024-11-24,2025,0,40,25,16,California Golden Bears,Sacramento State Hornets,83,77,53.0,39.0,13.0,13.0,58.0,26.0,10.0,11.0
401707870,2024-11-24,2025,1,40,120,222,Maryland Terrapins,Villanova Wildcats,76,75,56.0,19.0,16.0,13.0,62.0,9.0,14.0,10.0
401711686,2024-11-24,2025,0,40,288,2296,Lipscomb Bisons,Jackson State Tigers,77,53,73.0,15.0,17.0,5.0,63.0,5.0,13.0,18.0
401711707,2024-11-24,2025,0,40,2193,2511,East Tennessee State Buccaneers,Queens University Royals,82,67,66.0,15.0,17.0,13.0,61.0,18.0,14.0,13.0
401711735,2024-11-24,2025,0,40,2466,2453,Northwestern State Demons,North Alabama Lions,71,58,57.0,10.0,11.0,11.0,59.0,11.0,12.0,12.0
401714901,2024-11-24,2025,1,40,61,2599,Georgia Bulldogs,St. John's Red Storm,66,63,49.0,16.0,13.0,24.0,61.0,28.0,21.0,15.0
401715312,2024-11-24,2025,0,40,142,2029,Missouri Tigers,Arkansas-Pine Bluff Golden Lions,112,63,71.0,41.0,19.0,8.0,62.0,14.0,11.0,19.0
401715656,2024-11-24,2025,1,40,113,52,Massachusetts Minutemen,Florida State Seminoles,59,92,58.0,29.0,17.0,17.0,58.0,28.0,8.0,10.0
401715869,2024-11-24,2025,1,40,2272,2623,High Point Panthers,Missouri State Bears,61,71,46.0,24.0,4.0,13.0,59.0,21.0,16.0,13.0
401715870,2024-11-24,2025,1,40,2184,2571,Duquesne Dukes,South Dakota State Jackrabbits,60,71,61.0,11.0,8.0,9.0,49.0,18.0,9.0,16.0
401715871,2024-11-24,2025,1,40,68,2261,Boise State Broncos,Hampton Pirates,83,69,48.0,35.0,10.0,13.0,62.0,10.0,6.0,9.0
401715891,2024-11-24,2025,0,40,270,2900,Milwaukee Panthers,St. Thomas Tommies,69,65,54.0,22.0,14.0,16.0,53.0,18.0,5.0,15.0
401718451,2024-11-24,2025,0,40,227,232,Rhode Island Rams,Charleston Cougars,91,53,61.0,20.0,11.0,15.0,67.0,8.0,12.0,16.0
401719230,2024-11-24,2025,0,50,2110,2427,Central Arkansas Bears,UNC Asheville Bulldogs,92,83,66.0,28.0,11.0,13.0,71.0,13.0,16.0,22.0
401719338,2024-11-24,2025,0,40,179,2803,St. Bonaventure Bonnies,Bryant Bulldogs,85,70,57.0,16.0,6.0,13.0,63.0,14.0,14.0,13.0
401719651,2024-11-24,2025,1,40,2502,2747,Portland State Vikings,Wofford Terriers,79,74,63.0,16.0,14.0,12.0,50.0,21.0,10.0,16.0
401720562,2024-11-24,2025,0,40,301,70,San Diego Toreros,Idaho Vandals,68,61,55.0,17.0,8.0,15.0,59.0,19.0,19.0,21.0
401720668,2024-11-24,2025,1,40,2320,2437,Lamar Cardinals,Omaha Mavericks,59,65,53.0,11.0,8.0,15.0,56.0,18.0,14.0,14.0
401720887,2024-11-24,2025,0,40,147,2572,Montana State Bobcats,Southern Miss Golden Eagles,79,59,56.0,17.0,5.0,12.0,56.0,22.0,10.0,18.0
401720888,2024-11-24,2025,0,40,149,2172,Montana Grizzlies,Denver Pioneers,83,73,61.0,19.0,7.0,12.0,64.0,24.0,14.0,13.0
401720946,2024-11-24,2025,0,40,2006,2011,Akron Zips,Alabama State Hornets,97,78,69.0,23.0,18.0,11.0,66.0,15.0,9.0,10.0
401721086,2024-11-24,2025,0,40,2115,2066,Central Connecticut Blue Devils,Binghamton Bearcats,64,56,60.0,9.0,15.0,7.0,51.0,5.0,5.0,10.0
401721174,2024-11-24,2025,0,40,2005,2385,Air Force Falcons,Mercyhurst Lakers,82,48,48.0,9.0,6.0,12.0,51.0,14.0,5.0,6.0
401721281,2024-11-24,2025,0,40,27,2016,UC Riverside Highlanders,Alcorn State Braves,69,52,62.0,20.0,17.0,12.0,64.0,14.0,14.0,11.0
401721658,2024-11-24,2025,0,40,30,2755,USC Trojans,Grambling Tigers,80,69,50.0,33.0,10.0,13.0,55.0,14.0,8.0,12.0
401721691,2024-11-24,2025,1,40,48,43,Delaware Blue Hens,Yale Bulldogs,100,94,55.0,30.0,8.0,11.0,67.0,30.0,9.0,6.0
401721803,2024-11-24,2025,1,40,47,104,Howard Bison,Boston University Terriers,62,69,55.0,11.0,8.0,14.0,54.0,16.0,11.0,12.0
401721804,2024-11-24,2025,0,40,311,107,Maine Black Bears,Holy Cross Crusaders,80,55,62.0,8.0,7.0,9.0,60.0,10.0,11.0,15.0
401721930,2024-11-24,2025,1,40,399,44,UAlbany Great Danes,American University Eagles,77,81,60.0,26.0,8.0,10.0,45.0,24.0,4.0,16.0
401722187,2024-11-24,2025,1,40,2217,261,Fairfield Stags,Vermont Catamounts,67,66,51.0,12.0,6.0,11.0,49.0,17.0,7.0,14.0
401722260,2024-11-24,2025,0,40,167,2640,New Mexico Lobos,Texas Southern Tigers,99,68,75.0,21.0,14.0,7.0,59.0,17.0,9.0,20.0
401722322,2024-11-24,2025,1,40,111,2934,Northeastern Huskies,Cal State Bakersfield Roadrunners,60,68,45.0,23.0,8.0,14.0,64.0,17.0,15.0,6.0
401722594,2024-11-24,2025,0,40,339,2097,Evansville Purple Aces,Campbell Fighting Camels,66,53,51.0,20.0,6.0,11.0,49.0,18.0,5.0,14.0
401723750,2024-11-24,2025,0,40,2415,119,Morgan State Bears,Towson Tigers,60,64,53.0,23.0,6.0,9.0,59.0,27.0,16.0,12.0
401724523,2024-11-24,2025,0,40,2674,2197,Valparaiso Beacons,Eastern Illinois Panthers,81,53,62.0,25.0,18.0,7.0,48.0,20.0,9.0,12.0
401724529,2024-11-24,2025,0,40,2026,2729,App State Mountaineers,William & Mary Tribe,79,76,56.0,24.0,12.0,10.0,63.0,10.0,9.0,9.0
401725808,2024-11-24,2025,1,40,3101,2463,Utah Tech Trailblazers,Cal State Northridge Matadors,79,89,50.0,27.0,5.0,14.0,63.0,20.0,12.0,11.0
401726392,2024-11-24,2025,0,40,526,2229,Florida Gulf Coast Eagles,Florida International Panthers,60,59,55.0,15.0,9.0,11.0,49.0,25.0,10.0,13.0
401727352,2024-11-24,2025,0,40,322,465,Lafayette Leopards,Rosemont Ravens,91,45,69.0,19.0,21.0,8.0,39.0,18.0,5.0,23.0
401729791,2024-11-24,2025,1,40,2670,2390,VCU Rams,Miami Hurricanes,77,70,55.0,15.0,10.0,11.0,60.0,19.0,14.0,9.0
401729792,2024-11-24,2025,1,40,2440,197,Nevada Wolf Pack,Oklahoma State Cowboys,90,78,56.0,25.0,8.0,10.0,50.0,41.0,9.0,8.0
401729793,2024-11-24,2025,1,40,2550,2226,Seton Hall Pirates,Florida Atlantic Owls,63,61,57.0,10.0,10.0,13.0,62.0,18.0,14.0,10.0
401729794,2024-11-24,2025,1,40,238,2181,Vanderbilt Commodores,Drake Bulldogs,70,81,54.0,24.0,9.0,15.0,54.0,20.0,13.0,20.0
401729803,2024-11-24,2025,1,55,2116,99,UCF Knights,LSU Tigers,102,109,90.0,25.0,21.0,16.0,88.0,29.0,21.0,17.0
401729804,2024-11-24,2025,1,40,221,275,Pittsburgh Panthers,Wisconsin Badgers,75,81,60.0,13.0,5.0,8.0,60.0,22.0,9.0,6.0
401729847,2024-11-24,2025,1,40,163,2501,Princeton Tigers,Portland Pilots,94,67,72.0,10.0,10.0,8.0,50.0,21.0,6.0,20.0
401729848,2024-11-24,2025,1,40,2750,58,Wright State Raiders,South Florida Bulls,72,73,62.0,13.0,9.0,9.0,55.0,14.0,2.0,10.0
401729849,2024-11-24,2025,1,40,71,2393,Bradley Braves,Middle Tennessee Blue Raiders,80,69,58.0,12.0,9.0,9.0,65.0,16.0,13.0,6.0
401729850,2024-11-24,2025,1,40,326,195,Texas State Bobcats,Ohio Bobcats,74,65,63.0,18.0,19.0,10.0,52.0,25.0,8.0,7.0
401732296,2024-11-24,2025,1,40,2377,2344,McNeese Cowboys,Longwood Lancers,84,69,55.0,17.0,8.0,14.0,49.0,27.0,11.0,20.0
401732297,2024-11-24,2025,1,40,2306,2335,Kansas State Wildcats,Liberty Flames,65,67,60.0,5.0,11.0,13.0,53.0,14.0,9.0,13.0
401732302,2024-11-24,2025,1,40,435,140,Puerto Rico-Rio Piedras PR-RIO PIEDRAS,Kansas City Roos,55,88,40.0,26.0,5.0,13.0,57.0,12.0,9.0,9.0
401706168,2024-11-25,2025,0,40,314,172,Iona Gaels,Cornell Big Red,68,84,65.0,19.0,13.0,14.0,56.0,20.0,8.0,19.0
401706169,2024-11-25,2025,1,40,193,2561,Miami (OH) RedHawks,Siena Saints,70,58,55.0,17.0,10.0,13.0,54.0,15.0,7.0,13.0
401706905,2024-11-25,2025,1,40,259,130,Virginia Tech Hokies,Michigan Wolverines,63,75,58.0,24.0,18.0,19.0,62.0,20.0,17.0,15.0
401707852,2024-11-25,2025,0,40,356,2031,Illinois Fighting Illini,Little Rock Trojans,92,34,68.0,26.0,19.0,8.0,55.0,12.0,7.0,14.0
401709973,2024-11-25,2025,1,40,299,2430,Long Beach State Beach,UNC Greensboro Spartans,48,71,53.0,21.0,15.0,16.0,62.0,17.0,15.0,8.0
401714643,2024-11-25,2025,1,40,66,2,Iowa State Cyclones,Auburn Tigers,81,83,53.0,29.0,5.0,9.0,59.0,22.0,10.0,12.0
401715330,2024-11-25,2025,1,40,2579,2752,South Carolina Gamecocks,Xavier Musketeers,66,75,54.0,20.0,4.0,12.0,63.0,21.0,12.0,10.0
401715392,2024-11-25,2025,0,40,135,2117,Minnesota Golden Gophers,Central Michigan Chippewas,68,65,54.0,17.0,6.0,10.0,62.0,10.0,10.0,8.0
401715409,2024-11-25,2025,0,40,194,2739,Ohio State Buckeyes,Green Bay Phoenix,102,69,68.0,19.0,11.0,8.0,49.0,16.0,3.0,18.0
401715417,2024-11-25,2025,1,40,2230,213,Fordham Rams,Penn State Nittany Lions,66,85,54.0,20.0,7.0,14.0,57.0,32.0,12.0,12.0
401715611,2024-11-25,2025,1,45,41,235,UConn Huskies,Memphis Tigers,97,99,65.0,24.0,14.0,10.0,53.0,40.0,9.0,13.0
401715947,2024-11-25,2025,1,45,294,2382,Jacksonville Dolphins,Mercer Bears,89,90,72.0,24.0,20.0,16.0,62.0,16.0,9.0,18.0
401715957,2024-11-25,2025,0,40,2277,2199,Houston Christian Huskies,Eastern Michigan Eagles,73,74,55.0,15.0,9.0,13.0,51.0,14.0,7.0,16.0
401716055,2024-11-25,2025,1,40,127,38,Michigan State Spartans,Colorado Buffaloes,72,56,61.0,13.0,9.0,11.0,54.0,20.0,7.0,12.0
401716056,2024-11-25,2025,1,40,153,2168,North Carolina Tar Heels,Dayton Flyers,92,90,54.0,34.0,8.0,15.0,74.0,15.0,13.0,10.0
401716066,2024-11-25,2025,1,40,2539,228,San Francisco Dons,Clemson Tigers,55,70,51.0,7.0,5.0,13.0,58.0,10.0,14.0,12.0
401716087,2024-11-25,2025,1,40,2130,2515,Chicago State Cougars,Radford Highlanders,48,63,54.0,23.0,14.0,11.0,51.0,34.0,23.0,19.0
401716088,2024-11-25,2025,1,40,2870,2182,Purdue Fort Wayne Mastodons,Drexel Dragons,87,81,59.0,13.0,6.0,5.0,64.0,11.0,16.0,12.0
401716116,2024-11-25,2025,0,40,6,2916,South Alabama Jaguars,Incarnate Word Cardinals,84,63,49.0,12.0,2.0,13.0,52.0,10.0,6.0,14.0
401716157,2024-11-25,2025,0,40,2653,2636,Troy Trojans,UTSA Roadrunners,86,72,51.0,25.0,7.0,16.0,55.0,13.0,11.0,20.0
401719252,2024-11-25,2025,0,40,2737,112358,Winthrop Eagles,Long Island University Sharks,87,65,61.0,32.0,13.0,10.0,64.0,21.0,20.0,17.0
401719325,2024-11-25,2025,0,40,139,2514,Saint Louis Billikens,Quinnipiac Bobcats,81,67,60.0,29.0,5.0,10.0,70.0,17.0,12.0,15.0
401720517,2024-11-25,2025,0,40,2692,130183,Weber State Wildcats,Justice Lions,93,45,62.0,34.0,18.0,9.0,46.0,25.0,5.0,17.0
401720889,2024-11-25,2025,0,40,149,3101,Montana Grizzlies,Utah Tech Trailblazers,69,66,56.0,24.0,13.0,13.0,64.0,8.0,9.0,7.0
401720890,2024-11-25,2025,0,40,304,111226,Idaho State Bengals,Embry Riddle (AZ) Eagles,97,46,61.0,22.0,16.0,11.0,57.0,7.0,8.0,19.0
401721014,2024-11-25,2025,0,40,2084,2448,Buffalo Bulls,North Carolina A&T Aggies,82,81,64.0,28.0,9.0,13.0,70.0,18.0,12.0,11.0
401721154,2024-11-25,2025,0,40,292,2330,UT Rio Grande Valley Vaqueros,Le Moyne Dolphins,97,77,72.0,18.0,15.0,10.0,60.0,15.0,12.0,20.0
401721231,2024-11-25,2025,0,40,2010,85,Alabama A&M Bulldogs,IU Indianapolis Jaguars,83,88,57.0,33.0,12.0,8.0,57.0,32.0,13.0,10.0
401721692,2024-11-25,2025,0,40,171,160,Columbia Lions,New Hampshire Wildcats,83,57,66.0,11.0,13.0,13.0,55.0,14.0,12.0,20.0
401721805,2024-11-25,2025,0,40,2426,2689,Navy Midshipmen,Washington Maryland Shoremen,94,43,64.0,13.0,11.0,10.0,62.0,8.0,9.0,13.0
401722012,2024-11-25,2025,0,40,284,2837,Stonehill Skyhawks,East Texas A&M Lions,67,65,48.0,13.0,6.0,14.0,54.0,12.0,11.0,12.0
401722137,2024-11-25,2025,0,40,2582,3134,Southern Jaguars,Champion Christian Tigers,121,58,74.0,26.0,12.0,7.0,58.0,13.0,4.0,16.0
401722170,2024-11-25,2025,0,40,2378,47,UMBC Retrievers,Howard Bison,95,77,58.0,18.0,5.0,6.0,59.0,17.0,10.0,14.0
401722178,2024-11-25,2025,0,40,2349,2771,UMass Lowell River Hawks,Merrimack Warriors,81,74,58.0,33.0,13.0,14.0,66.0,13.0,8.0,8.0
401722272,2024-11-25,2025,0,40,249,204,North Texas Mean Green,Oregon State Beavers,58,55,48.0,21.0,9.0,9.0,38.0,14.0,8.0,22.0
401722366,2024-11-25,2025,1,40,23,2638,San José State Spartans,UTEP Miners,71,65,43.0,25.0,11.0,24.0,51.0,24.0,7.0,14.0
401722410,2024-11-25,2025,0,40,302,2450,UC Davis Aggies,Norfolk State Spartans,55,76,39.0,29.0,6.0,23.0,58.0,18.0,11.0,14.0
401722609,2024-11-25,2025,0,40,88,282,Southern Indiana Screaming Eagles,Indiana State Sycamores,87,77,61.0,23.0,10.0,15.0,64.0,11.0,12.0,20.0
401723726,2024-11-25,2025,0,40,8,2379,Arkansas Razorbacks,Maryland Eastern Shore Hawks,109,35,72.0,17.0,9.0,4.0,61.0,8.0,7.0,19.0
401725375,2024-11-25,2025,1,40,2572,2000,Southern Miss Golden Eagles,Abilene Christian Wildcats,74,82,49.0,32.0,9.0,12.0,47.0,40.0,12.0,12.0
401726026,2024-11-25,2025,0,40,233,3090,South Dakota Coyotes,Randall Saints,112,50,71.0,14.0,13.0,7.0,61.0,10.0,7.0,12.0
401726443,2024-11-25,2025,0,40,2447,2401,Nicholls Colonels,Mississippi College Choctaws,79,35,59.0,22.0,11.0,11.0,55.0,3.0,10.0,22.0
401727091,2024-11-25,2025,1,40,2463,2172,Cal State Northridge Matadors,Denver Pioneers,89,60,52.0,38.0,9.0,10.0,56.0,18.0,6.0,14.0
401727112,2024-11-25,2025,0,40,198,3122,Oral Roberts Golden Eagles,Rogers State Hillcats,68,69,57.0,14.0,16.0,16.0,56.0,4.0,4.0,8.0
401727122,2024-11-25,2025,0,40,2428,108942,North Carolina Central Eagles,Carolina University Bruins,91,36,72.0,29.0,23.0,7.0,46.0,8.0,7.0,24.0
401727340,2024-11-25,2025,0,40,236,2634,Chattanooga Mocs,Tennessee State Tigers,85,78,57.0,36.0,7.0,9.0,72.0,14.0,15.0,13.0
401729772,2024-11-25,2025,1,40,2184,2261,Duquesne Dukes,Hampton Pirates,59,64,45.0,29.0,11.0,18.0,52.0,22.0,12.0,15.0
401729773,2024-11-25,2025,1,40,2571,68,South Dakota State Jackrabbits,Boise State Broncos,82,83,61.0,25.0,9.0,6.0,61.0,14.0,7.0,9.0
401729774,2024-11-25,2025,1,40,295,2272,Old Dominion Monarchs,High Point Panthers,67,73,64.0,11.0,14.0,8.0,47.0,23.0,7.0,10.0
401729775,2024-11-25,2025,1,45,103,2623,Boston College Eagles,Missouri State Bears,76,74,56.0,18.0,7.0,14.0,58.0,29.0,11.0,12.0
401732167,2024-11-25,2025,1,40,2050,2198,Ball State Cardinals,Eastern Kentucky Colonels,63,61,45.0,19.0,5.0,18.0,61.0,26.0,20.0,12.0
401732168,2024-11-25,2025,1,45,2348,79,Louisiana Tech Bulldogs,Southern Illinois Salukis,85,79,62.0,30.0,8.0,16.0,71.0,24.0,15.0,17.0
401732169,2024-11-25,2025,1,40,257,53,Richmond Spiders,Florida Tech Panthers,67,57,55.0,20.0,8.0,10.0,61.0,11.0,7.0,6.0
401732298,2024-11-25,2025,1,40,45,2287,George Washington Revolutionaries,Illinois State Redbirds,72,64,50.0,30.0,7.0,10.0,48.0,21.0,4.0,11.0
401732299,2024-11-25,2025,1,40,309,5,Louisiana Ragin' Cajuns,UAB Blazers,86,98,64.0,16.0,11.0,10.0,74.0,20.0,20.0,8.0
401732300,2024-11-25,2025,1,40,2335,2377,Liberty Flames,McNeese Cowboys,62,58,48.0,14.0,6.0,12.0,47.0,18.0,8.0,13.0
401732301,2024-11-25,2025,1,40,2306,2344,Kansas State Wildcats,Longwood Lancers,80,64,56.0,5.0,8.0,19.0,58.0,19.0,8.0,13.0
401700401,2024-11-26,2025,0,40,2603,2154,Saint Joseph's Hawks,Coppin State Eagles,83,54,62.0,13.0,11.0,11.0,58.0,16.0,12.0,14.0
401700448,2024-11-26,2025,1,40,2567,2856,SMU Mustangs,California Baptist Lancers,79,77,55.0,18.0,10.0,11.0,58.0,13.0,9.0,9.0
401700455,2024-11-26,2025,0,40,258,2363,Virginia Cavaliers,Manhattan Jaspers,74,65,54.0,15.0,7.0,8.0,53.0,10.0,10.0,14.0
401706886,2024-11-26,2025,1,40,150,2305,Duke Blue Devils,Kansas Jayhawks,72,75,48.0,18.0,5.0,16.0,57.0,12.0,10.0,16.0
401709974,2024-11-26,2025,1,40,2638,299,UTEP Miners,Long Beach State Beach,70,44,56.0,17.0,13.0,17.0,37.0,14.0,4.0,27.0
401710004,2024-11-26,2025,0,40,26,253,UCLA Bruins,Southern Utah Thunderbirds,88,43,80.0,9.0,20.0,8.0,40.0,15.0,7.0,30.0
401714911,2024-11-26,2025,0,40,96,98,Kentucky Wildcats,Western Kentucky Hilltoppers,87,68,62.0,42.0,16.0,11.0,66.0,29.0,12.0,11.0
401715383,2024-11-26,2025,0,40,2294,2908,Iowa Hawkeyes,South Carolina Upstate Spartans,110,77,71.0,15.0,6.0,7.0,66.0,14.0,11.0,19.0
401715453,2024-11-26,2025,1,40,21,156,San Diego State Aztecs,Creighton Bluejays,71,53,62.0,7.0,7.0,8.0,62.0,13.0,14.0,10.0
401715471,2024-11-26,2025,0,40,46,2681,Georgetown Hoyas,Wagner Seahawks,66,41,51.0,21.0,12.0,11.0,50.0,8.0,11.0,18.0
401715698,2024-11-26,2025,1,40,2253,24,Grand Canyon Lopes,Stanford Cardinal,78,71,54.0,29.0,6.0,12.0,63.0,24.0,12.0,13.0
401716080,2024-11-26,2025,1,40,2241,2545,Gardner-Webb Runnin' Bulldogs,SE Louisiana Lions,73,69,54.0,17.0,13.0,23.0,64.0,10.0,12.0,16.0
401718469,2024-11-26,2025,0,40,2540,331,UC Santa Barbara Gauchos,Eastern Washington Eagles,67,51,48.0,12.0,6.0,15.0,61.0,17.0,16.0,10.0
401719207,2024-11-26,2025,1,40,2483,245,Oregon Ducks,Texas A&M Aggies,80,70,55.0,31.0,11.0,9.0,68.0,20.0,21.0,13.0
401719210,2024-11-26,2025,1,45,248,333,Houston Cougars,Alabama Crimson Tide,80,85,65.0,33.0,16.0,12.0,60.0,41.0,20.0,15.0
401719211,2024-11-26,2025,1,45,164,87,Rutgers Scarlet Knights,Notre Dame Fighting Irish,85,84,65.0,28.0,14.0,9.0,66.0,15.0,14.0,14.0
401719373,2024-11-26,2025,0,40,2458,3141,Northern Colorado Bears,Northern New Mexico Eagles,92,50,52.0,30.0,6.0,9.0,57.0,6.0,7.0,15.0
401720541,2024-11-26,2025,0,40,254,2400,Utah Utes,Mississippi Valley State Delta Devils,94,48,59.0,20.0,12.0,10.0,47.0,18.0,6.0,15.0
401720751,2024-11-26,2025,0,40,357,2639,Texas A&M-Corpus Christi Islanders,Texas Lutheran Bulldogs,94,45,71.0,27.0,17.0,13.0,57.0,11.0,5.0,20.0
401720891,2024-11-26,2025,0,40,147,2000,Montana State Bobcats,Abilene Christian Wildcats,85,59,50.0,13.0,5.0,13.0,58.0,12.0,7.0,8.0
401720892,2024-11-26,2025,1,40,2464,2199,Northern Arizona Lumberjacks,Eastern Michigan Eagles,68,72,65.0,12.0,17.0,17.0,55.0,28.0,9.0,8.0
401721136,2024-11-26,2025,0,40,161,2612,Fairleigh Dickinson Knights,Saint Peter's Peacocks,76,78,56.0,23.0,14.0,12.0,53.0,22.0,10.0,15.0
401721806,2024-11-26,2025,0,40,2352,2678,Loyola Maryland Greyhounds,VMI Keydets,70,67,67.0,15.0,16.0,7.0,49.0,20.0,5.0,12.0
401721807,2024-11-26,2025,0,40,2598,2329,Saint Francis Red Wolves,Lehigh Mountain Hawks,88,78,62.0,14.0,10.0,10.0,63.0,12.0,9.0,10.0
401721808,2024-11-26,2025,0,40,349,2951,Army Black Knights,SUNY Maritime Privateers,91,52,64.0,20.0,14.0,12.0,65.0,6.0,12.0,16.0
401721989,2024-11-26,2025,1,40,3084,2698,Utah Valley Wolverines,West Georgia Wolves,77,74,59.0,35.0,15.0,11.0,58.0,15.0,4.0,11.0
401722005,2024-11-26,2025,1,40,2634,2803,Tennessee State Tigers,Bryant Bulldogs,85,97,73.0,26.0,12.0,10.0,67.0,18.0,16.0,21.0
401722036,2024-11-26,2025,1,40,2065,155,Bethune-Cookman Wildcats,North Dakota Fighting Hawks,79,67,66.0,16.0,12.0,9.0,67.0,16.0,21.0,17.0
401722229,2024-11-26,2025,1,40,265,278,Washington State Cougars,Fresno State Bulldogs,84,73,64.0,18.0,11.0,19.0,63.0,21.0,9.0,18.0
401722289,2024-11-26,2025,1,40,2655,2751,Tulane Green Wave,Wyoming Cowboys,63,64,59.0,23.0,8.0,6.0,53.0,26.0,11.0,11.0
401722334,2024-11-26,2025,0,40,2492,2239,Pepperdine Waves,Cal State Fullerton Titans,63,72,61.0,15.0,17.0,12.0,52.0,25.0,8.0,9.0
401722341,2024-11-26,2025,0,40,62,2269,Hawai'i Rainbow Warriors,Hawaiʻi Pacific Sea Warriors,67,63,58.0,18.0,11.0,9.0,60.0,9.0,9.0,11.0
401722367,2024-11-26,2025,1,40,23,2430,San José State Spartans,UNC Greensboro Spartans,69,64,54.0,21.0,11.0,13.0,51.0,23.0,7.0,10.0
401722563,2024-11-26,2025,1,40,2057,2351,Belmont Bruins,Loyola Marymount Lions,63,77,63.0,11.0,8.0,14.0,70.0,12.0,11.0,7.0
401723714,2024-11-26,2025,0,40,2169,111942,Delaware State Hornets,Penn State Wilkes-Barre Mountain Lions,111,43,73.0,22.0,18.0,9.0,58.0,13.0,9.0,19.0
401724518,2024-11-26,2025,1,40,2547,231,Seattle U Redhawks,Furman Paladins,56,61,61.0,25.0,22.0,13.0,40.0,18.0,4.0,16.0
401725800,2024-11-26,2025,1,40,93,250,Murray State Racers,UT Arlington Mavericks,79,66,55.0,31.0,9.0,12.0,61.0,20.0,11.0,11.0
401725809,2024-11-26,2025,1,40,3101,2172,Utah Tech Trailblazers,Denver Pioneers,68,54,51.0,24.0,10.0,9.0,51.0,18.0,8.0,11.0
401726489,2024-11-26,2025,0,40,325,2885,Cleveland State Vikings,NJIT Highlanders,56,53,52.0,24.0,12.0,13.0,49.0,15.0,8.0,18.0
401727070,2024-11-26,2025,0,40,6,2710,South Alabama Jaguars,Western Illinois Leathernecks,63,64,59.0,19.0,12.0,5.0,53.0,6.0,9.0,12.0
401727104,2024-11-26,2025,0,45,2535,2449,Samford Bulldogs,North Dakota State Bison,103,98,70.0,23.0,18.0,12.0,67.0,10.0,14.0,17.0
401727263,2024-11-26,2025,0,40,91,111166,Bellarmine Knights,Midway Eagles,101,60,65.0,14.0,10.0,18.0,68.0,12.0,6.0,12.0
401727270,2024-11-26,2025,0,40,13,2755,Cal Poly Mustangs,Grambling Tigers,82,79,63.0,12.0,7.0,8.0,61.0,14.0,8.0,11.0
401727488,2024-11-26,2025,0,40,2643,2592,The Citadel Bulldogs,St. Andrews Knights,100,85,68.0,25.0,13.0,12.0,62.0,17.0,5.0,15.0
401729691,2024-11-26,2025,1,40,38,41,Colorado Buffaloes,UConn Huskies,73,72,45.0,28.0,8.0,11.0,52.0,13.0,6.0,9.0
401729692,2024-11-26,2025,1,40,127,235,Michigan State Spartans,Memphis Tigers,63,71,52.0,19.0,12.0,13.0,55.0,14.0,6.0,9.0
401729693,2024-11-26,2025,1,40,2168,66,Dayton Flyers,Iowa State Cyclones,84,89,50.0,26.0,7.0,11.0,58.0,29.0,8.0,7.0
401729694,2024-11-26,2025,1,40,153,2,North Carolina Tar Heels,Auburn Tigers,72,85,62.0,19.0,7.0,10.0,69.0,17.0,11.0,8.0
401729776,2024-11-26,2025,1,40,295,2184,Old Dominion Monarchs,Duquesne Dukes,54,67,64.0,15.0,16.0,16.0,53.0,18.0,11.0,20.0
401729777,2024-11-26,2025,1,40,2272,2261,High Point Panthers,Hampton Pirates,76,73,49.0,23.0,11.0,11.0,59.0,21.0,13.0,3.0
401729778,2024-11-26,2025,1,40,2623,2571,Missouri State Bears,South Dakota State Jackrabbits,55,75,59.0,16.0,13.0,12.0,54.0,14.0,8.0,13.0
401729779,2024-11-26,2025,1,40,103,68,Boston College Eagles,Boise State Broncos,63,61,51.0,14.0,6.0,18.0,51.0,22.0,8.0,14.0
401729799,2024-11-26,2025,1,40,2561,294,Siena Saints,Jacksonville Dolphins,64,75,52.0,20.0,6.0,15.0,53.0,26.0,6.0,8.0
401729800,2024-11-26,2025,1,40,2382,193,Mercer Bears,Miami (OH) RedHawks,72,75,62.0,15.0,13.0,19.0,53.0,18.0,6.0,18.0
401729815,2024-11-26,2025,1,40,2174,202,Detroit Mercy Titans,Tulsa Golden Hurricane,44,63,65.0,12.0,16.0,9.0,57.0,18.0,9.0,8.0
401729817,2024-11-26,2025,1,40,2046,2247,Austin Peay Governors,Georgia State Panthers,62,50,50.0,19.0,9.0,12.0,39.0,23.0,5.0,17.0
401729853,2024-11-26,2025,1,40,213,228,Penn State Nittany Lions,Clemson Tigers,67,75,56.0,15.0,10.0,17.0,57.0,20.0,11.0,13.0
401729854,2024-11-26,2025,1,40,2230,2539,Fordham Rams,San Francisco Dons,64,85,61.0,14.0,14.0,11.0,49.0,23.0,8.0,11.0
401729855,2024-11-26,2025,1,40,2130,2182,Chicago State Cougars,Drexel Dragons,71,83,55.0,15.0,13.0,16.0,52.0,20.0,12.0,15.0
401729856,2024-11-26,2025,1,40,2870,2515,Purdue Fort Wayne Mastodons,Radford Highlanders,56,69,54.0,10.0,6.0,12.0,59.0,7.0,8.0,11.0
401732170,2024-11-26,2025,1,40,79,2198,Southern Illinois Salukis,Eastern Kentucky Colonels,72,77,53.0,27.0,10.0,17.0,63.0,22.0,13.0,10.0
401732171,2024-11-26,2025,1,40,257,2348,Richmond Spiders,Louisiana Tech Bulldogs,62,65,57.0,12.0,7.0,8.0,52.0,18.0,7.0,10.0
401732172,2024-11-26,2025,1,40,53,2050,Florida Tech Panthers,Ball State Cardinals,57,94,58.0,18.0,7.0,11.0,61.0,23.0,13.0,12.0
401733679,2024-11-26,2025,0,40,52,2717,Florida State Seminoles,Western Carolina Catamounts,91,57,54.0,26.0,8.0,18.0,64.0,9.0,11.0,19.0
401706170,2024-11-27,2025,0,40,222,2520,Villanova Wildcats,Rider Broncs,72,48,58.0,12.0,12.0,8.0,48.0,8.0,10.0,17.0
401706171,2024-11-27,2025,0,40,2523,2099,Robert Morris Colonials,Canisius Golden Griffins,72,64,56.0,23.0,12.0,13.0,62.0,7.0,8.0,10.0
401706878,2024-11-27,2025,0,40,25,2385,California Golden Bears,Mercyhurst Lakers,81,55,53.0,18.0,10.0,14.0,53.0,16.0,7.0,11.0
401706895,2024-11-27,2025,0,40,183,172,Syracuse Orange,Cornell Big Red,82,72,73.0,20.0,13.0,6.0,62.0,12.0,4.0,12.0
401707861,2024-11-27,2025,1,40,84,97,Indiana Hoosiers,Louisville Cardinals,61,89,63.0,17.0,22.0,23.0,65.0,7.0,11.0,15.0
401707871,2024-11-27,2025,0,40,120,2083,Maryland Terrapins,Bucknell Bison,91,67,66.0,20.0,7.0,7.0,53.0,19.0,8.0,20.0
401707989,2024-11-27,2025,0,40,158,233,Nebraska Cornhuskers,South Dakota Coyotes,96,79,68.0,21.0,14.0,12.0,60.0,27.0,9.0,12.0
401709975,2024-11-27,2025,1,40,299,23,Long Beach State Beach,San José State Spartans,66,82,54.0,18.0,12.0,9.0,57.0,24.0,13.0,8.0
401711736,2024-11-27,2025,0,40,2453,3247,North Alabama Lions,Dalton State Roadrunners,100,69,64.0,25.0,15.0,13.0,73.0,7.0,18.0,14.0
401715313,2024-11-27,2025,0,40,142,2815,Missouri Tigers,Lindenwood Lions,81,61,54.0,29.0,15.0,20.0,59.0,21.0,9.0,12.0
401715339,2024-11-27,2025,0,40,2633,2630,Tennessee Volunteers,UT Martin Skyhawks,78,35,63.0,10.0,20.0,11.0,53.0,7.0,10.0,18.0
401715479,2024-11-27,2025,0,40,269,284,Marquette Golden Eagles,Stonehill Skyhawks,94,59,61.0,17.0,12.0,10.0,54.0,7.0,6.0,18.0
401715632,2024-11-27,2025,0,40,2132,2011,Cincinnati Bearcats,Alabama State Hornets,77,59,69.0,12.0,15.0,10.0,66.0,14.0,9.0,7.0
401715647,2024-11-27,2025,0,40,2116,270,UCF Knights,Milwaukee Panthers,84,76,63.0,16.0,7.0,8.0,65.0,14.0,14.0,15.0
401715669,2024-11-27,2025,0,40,59,2127,Georgia Tech Yellow Jackets,Charleston Southern Buccaneers,91,67,72.0,20.0,13.0,7.0,56.0,35.0,13.0,14.0
401715867,2024-11-27,2025,1,45,277,2250,West Virginia Mountaineers,Gonzaga Bulldogs,86,78,63.0,26.0,12.0,13.0,65.0,22.0,11.0,13.0
401715868,2024-11-27,2025,1,40,2166,12,Davidson Wildcats,Arizona Wildcats,71,104,71.0,8.0,10.0,12.0,69.0,20.0,12.0,14.0
401715958,2024-11-27,2025,0,40,2277,2464,Houston Christian Huskies,Northern Arizona Lumberjacks,71,74,54.0,13.0,5.0,9.0,60.0,10.0,9.0,9.0
401716117,2024-11-27,2025,1,40,2710,2916,Western Illinois Leathernecks,Incarnate Word Cardinals,75,86,45.0,28.0,9.0,17.0,64.0,13.0,10.0,6.0
401716158,2024-11-27,2025,1,40,2771,2636,Merrimack Warriors,UTSA Roadrunners,74,76,54.0,32.0,10.0,15.0,70.0,16.0,21.0,20.0
401718420,2024-11-27,2025,0,40,108,113,Harvard Crimson,Massachusetts Minutemen,54,62,61.0,3.0,8.0,11.0,67.0,11.0,21.0,14.0
401719067,2024-11-27,2025,1,40,245,156,Texas A&M Aggies,Creighton Bluejays,77,73,71.0,23.0,21.0,10.0,60.0,16.0,11.0,15.0
401719208,2024-11-27,2025,1,40,2483,21,Oregon Ducks,San Diego State Aztecs,78,68,56.0,26.0,16.0,15.0,57.0,8.0,6.0,13.0
401719212,2024-11-27,2025,1,40,164,333,Rutgers Scarlet Knights,Alabama Crimson Tide,90,95,65.0,35.0,12.0,9.0,58.0,36.0,16.0,20.0
401719213,2024-11-27,2025,1,40,87,248,Notre Dame Fighting Irish,Houston Cougars,54,65,49.0,14.0,7.0,12.0,60.0,9.0,8.0,5.0
401719253,2024-11-27,2025,0,40,2737,2047,Winthrop Eagles,Averett Cougars,99,56,64.0,41.0,16.0,8.0,53.0,19.0,12.0,23.0
401719326,2024-11-27,2025,0,40,139,2349,Saint Louis Billikens,UMass Lowell River Hawks,93,90,56.0,18.0,7.0,10.0,61.0,8.0,5.0,7.0
401720476,2024-11-27,2025,0,40,2635,2506,Tennessee Tech Golden Eagles,Presbyterian Blue Hose,90,75,68.0,10.0,11.0,6.0,66.0,12.0,12.0,7.0
401720570,2024-11-27,2025,0,40,2429,2193,Charlotte 49ers,East Tennessee State Buccaneers,55,75,53.0,18.0,6.0,12.0,64.0,18.0,16.0,8.0
401720733,2024-11-27,2025,0,40,239,2443,Baylor Bears,LSU New Orleans Privateers,91,60,72.0,7.0,16.0,6.0,52.0,18.0,13.0,16.0
401720893,2024-11-27,2025,0,40,149,2463,Montana Grizzlies,Cal State Northridge Matadors,83,75,53.0,37.0,11.0,17.0,78.0,14.0,19.0,11.0
401720894,2024-11-27,2025,0,40,2005,16,Air Force Falcons,Sacramento State Hornets,61,63,52.0,29.0,8.0,6.0,56.0,14.0,10.0,12.0
401721054,2024-11-27,2025,0,40,2674,2459,Valparaiso Beacons,Northern Illinois Huskies,87,82,59.0,44.0,9.0,4.0,55.0,30.0,8.0,13.0
401721078,2024-11-27,2025,0,40,2754,2711,Youngstown State Penguins,Western Michigan Broncos,62,73,64.0,19.0,12.0,9.0,57.0,28.0,18.0,12.0
401721693,2024-11-27,2025,0,40,225,2619,Brown Bears,Stony Brook Seawolves,77,54,57.0,11.0,7.0,11.0,57.0,16.0,14.0,15.0
401721694,2024-11-27,2025,0,40,163,110426,Princeton Tigers,Nazareth Golden Flyers,99,63,76.0,14.0,18.0,10.0,69.0,13.0,13.0,13.0
401721809,2024-11-27,2025,0,40,350,2142,UNC Wilmington Seahawks,Colgate Raiders,59,72,61.0,15.0,18.0,11.0,54.0,9.0,11.0,12.0
401721933,2024-11-27,2025,1,40,2026,2534,App State Mountaineers,Sam Houston Bearkats,66,63,53.0,22.0,10.0,12.0,64.0,14.0,14.0,9.0
401721990,2024-11-27,2025,1,40,2449,2698,North Dakota State Bison,West Georgia Wolves,73,61,50.0,16.0,7.0,14.0,65.0,16.0,10.0,5.0
401721999,2024-11-27,2025,0,40,236,2803,Chattanooga Mocs,Bryant Bulldogs,84,76,57.0,22.0,11.0,11.0,65.0,25.0,19.0,11.0
401722171,2024-11-27,2025,0,40,2378,2415,UMBC Retrievers,Morgan State Bears,92,69,60.0,29.0,9.0,13.0,66.0,22.0,13.0,16.0
401722183,2024-11-27,2025,0,40,261,177,Vermont Catamounts,Plattsburgh Cardinals,78,55,45.0,30.0,8.0,19.0,58.0,17.0,12.0,18.0
401723727,2024-11-27,2025,0,40,2031,2379,Little Rock Trojans,Maryland Eastern Shore Hawks,78,59,61.0,13.0,10.0,10.0,57.0,15.0,10.0,15.0
401724706,2024-11-27,2025,0,40,2640,2658,Texas Southern Tigers,Texas A&M-Kingsville Javelinas,80,72,52.0,11.0,4.0,13.0,67.0,8.0,10.0,7.0
401725197,2024-11-27,2025,0,40,279,2029,Pacific Tigers,Arkansas-Pine Bluff Golden Lions,83,71,63.0,25.0,17.0,12.0,53.0,17.0,4.0,12.0
401725355,2024-11-27,2025,0,40,301,124851,San Diego Toreros,Marian (WI) Sabres,69,64,52.0,17.0,11.0,17.0,50.0,18.0,8.0,14.0
401725817,2024-11-27,2025,0,40,2535,3084,Samford Bulldogs,Utah Valley Wolverines,84,76,71.0,10.0,12.0,13.0,58.0,20.0,13.0,23.0
401726014,2024-11-27,2025,0,40,232,94,Charleston Cougars,Northern Kentucky Norse,79,64,51.0,20.0,10.0,16.0,64.0,12.0,12.0,12.0
401726434,2024-11-27,2025,1,40,2430,2638,UNC Greensboro Spartans,UTEP Miners,58,64,54.0,18.0,15.0,13.0,54.0,21.0,11.0,8.0
401726490,2024-11-27,2025,1,40,2413,2885,Morehead State Eagles,NJIT Highlanders,69,78,58.0,23.0,16.0,9.0,52.0,23.0,12.0,12.0
401726563,2024-11-27,2025,0,40,276,2569,Marshall Thundering Herd,South Carolina State Bulldogs,82,53,60.0,27.0,16.0,13.0,64.0,17.0,16.0,12.0
401729695,2024-11-27,2025,1,40,66,38,Iowa State Cyclones,Colorado Buffaloes,99,71,58.0,23.0,7.0,10.0,55.0,18.0,7.0,18.0
401729696,2024-11-27,2025,1,40,2,235,Auburn Tigers,Memphis Tigers,90,76,60.0,17.0,11.0,9.0,56.0,19.0,8.0,11.0
401729697,2024-11-27,2025,1,45,153,127,North Carolina Tar Heels,Michigan State Spartans,91,94,64.0,21.0,5.0,11.0,61.0,31.0,8.0,12.0
401729698,2024-11-27,2025,1,40,2168,41,Dayton Flyers,UConn Huskies,85,67,50.0,30.0,9.0,10.0,62.0,11.0,8.0,5.0
401729701,2024-11-27,2025,1,40,265,2567,Washington State Cougars,SMU Mustangs,60,77,57.0,15.0,8.0,8.0,66.0,19.0,22.0,9.0
401729702,2024-11-27,2025,1,50,278,2856,Fresno State Bulldogs,California Baptist Lancers,81,86,78.0,17.0,14.0,15.0,90.0,14.0,19.0,7.0
401729768,2024-11-27,2025,1,40,155,2545,North Dakota Fighting Hawks,SE Louisiana Lions,60,76,57.0,20.0,14.0,14.0,53.0,24.0,12.0,13.0
401729769,2024-11-27,2025,1,40,2065,2241,Bethune-Cookman Wildcats,Gardner-Webb Runnin' Bulldogs,64,79,67.0,20.0,9.0,8.0,62.0,18.0,12.0,15.0
401729770,2024-11-27,2025,1,40,2057,2655,Belmont Bruins,Tulane Green Wave,89,66,66.0,12.0,10.0,7.0,59.0,18.0,14.0,15.0
401729771,2024-11-27,2025,1,40,2351,2751,Loyola Marymount Lions,Wyoming Cowboys,73,70,57.0,11.0,6.0,10.0,63.0,14.0,12.0,9.0
401729801,2024-11-27,2025,1,40,259,2579,Virginia Tech Hokies,South Carolina Gamecocks,60,70,59.0,9.0,9.0,9.0,52.0,21.0,9.0,10.0
401729802,2024-11-27,2025,1,40,130,2752,Michigan Wolverines,Xavier Musketeers,78,53,61.0,14.0,7.0,10.0,58.0,9.0,10.0,19.0
401729816,2024-11-27,2025,1,40,2174,227,Detroit Mercy Titans,Rhode Island Rams,75,81,66.0,17.0,12.0,8.0,59.0,23.0,12.0,12.0
401729818,2024-11-27,2025,1,40,2046,250,Austin Peay Governors,UT Arlington Mavericks,58,68,61.0,8.0,9.0,7.0,44.0,27.0,7.0,13.0
401729819,2024-11-27,2025,1,40,2247,202,Georgia State Panthers,Tulsa Golden Hurricane,74,71,62.0,23.0,14.0,11.0,64.0,11.0,7.0,8.0
401732173,2024-11-27,2025,1,40,2348,2198,Louisiana Tech Bulldogs,Eastern Kentucky Colonels,78,69,56.0,21.0,10.0,9.0,60.0,11.0,7.0,4.0
401732174,2024-11-27,2025,1,40,53,79,Florida Tech Panthers,Southern Illinois Salukis,54,81,52.0,19.0,7.0,14.0,61.0,11.0,9.0,11.0
401732175,2024-11-27,2025,1,40,257,2050,Richmond Spiders,Ball State Cardinals,73,60,48.0,29.0,4.0,5.0,54.0,20.0,5.0,3.0
401735273,2024-11-27,2025,1,40,201,2507,Oklahoma Sooners,Providence Friars,79,77,49.0,29.0,5.0,13.0,56.0,23.0,14.0,16.0
401700270,2024-11-28,2025,1,40,300,338,UC Irvine Anteaters,Kennesaw State Owls,76,59,62.0,9.0,8.0,16.0,62.0,13.0,9.0,17.0
401706985,2024-11-28,2025,1,40,2628,2541,TCU Horned Frogs,Santa Clara Broncos,52,69,63.0,16.0,13.0,12.0,67.0,7.0,15.0,13.0
401707853,2024-11-28,2025,1,40,8,356,Arkansas Razorbacks,Illinois Fighting Illini,77,90,58.0,27.0,10.0,11.0,57.0,22.0,6.0,11.0
401712997,2024-11-28,2025,1,40,2086,77,Butler Bulldogs,Northwestern Wildcats,71,69,47.0,27.0,8.0,15.0,61.0,26.0,12.0,5.0
401714894,2024-11-28,2025,1,40,154,57,Wake Forest Demon Deacons,Florida Gators,58,75,56.0,15.0,8.0,13.0,58.0,27.0,15.0,11.0
401714990,2024-11-28,2025,1,40,2439,344,UNLV Rebels,Mississippi State Bulldogs,58,80,48.0,15.0,4.0,15.0,67.0,18.0,19.0,10.0
401715322,2024-11-28,2025,1,45,145,252,Ole Miss Rebels,BYU Cougars,96,85,64.0,36.0,10.0,9.0,64.0,26.0,11.0,17.0
401715393,2024-11-28,2025,1,45,2724,135,Wichita State Shockers,Minnesota Golden Gophers,68,66,60.0,14.0,7.0,12.0,65.0,17.0,13.0,12.0
401715434,2024-11-28,2025,1,40,36,264,Colorado State Rams,Washington Huskies,67,73,61.0,12.0,12.0,15.0,56.0,24.0,8.0,10.0
401715921,2024-11-28,2025,1,40,249,2460,North Texas Mean Green,Northern Iowa Panthers,68,48,50.0,11.0,3.0,12.0,49.0,6.0,2.0,15.0
401716061,2024-11-28,2025,1,40,179,328,St. Bonaventure Bonnies,Utah State Aggies,67,72,61.0,15.0,12.0,12.0,64.0,28.0,17.0,8.0
401716065,2024-11-28,2025,1,40,2509,152,Purdue Boilermakers,NC State Wolfpack,71,61,54.0,26.0,13.0,6.0,53.0,15.0,9.0,8.0
401721032,2024-11-28,2025,1,40,119,2309,Towson Tigers,Kent State Golden Flashes,54,65,46.0,15.0,8.0,14.0,61.0,8.0,11.0,7.0
401721659,2024-11-28,2025,1,40,30,2608,USC Trojans,Saint Mary's Gaels,36,71,50.0,12.0,4.0,10.0,59.0,12.0,13.0,10.0
401722309,2024-11-28,2025,1,40,167,9,New Mexico Lobos,Arizona State Sun Devils,82,85,63.0,32.0,14.0,11.0,55.0,32.0,9.0,10.0
401725818,2024-11-28,2025,1,40,2449,3084,North Dakota State Bison,Utah Valley Wolverines,83,63,47.0,19.0,4.0,8.0,54.0,15.0,11.0,9.0
401729739,2024-11-28,2025,1,45,97,277,Louisville Cardinals,West Virginia Mountaineers,79,70,57.0,33.0,14.0,15.0,59.0,12.0,9.0,16.0
401729740,2024-11-28,2025,1,40,84,2250,Indiana Hoosiers,Gonzaga Bulldogs,73,89,59.0,22.0,7.0,12.0,64.0,22.0,13.0,13.0
401729741,2024-11-28,2025,1,40,201,12,Oklahoma Sooners,Arizona Wildcats,82,77,58.0,21.0,15.0,17.0,65.0,19.0,15.0,10.0
401729742,2024-11-28,2025,1,40,2507,2166,Providence Friars,Davidson Wildcats,58,69,58.0,18.0,13.0,6.0,49.0,21.0,4.0,8.0
401729820,2024-11-28,2025,1,40,227,250,Rhode Island Rams,UT Arlington Mavericks,83,78,54.0,23.0,6.0,14.0,71.0,16.0,17.0,12.0
401700271,2024-11-29,2025,1,45,338,119,Kennesaw State Owls,Towson Tigers,67,63,59.0,24.0,16.0,12.0,75.0,12.0,25.0,12.0
401700411,2024-11-29,2025,0,40,2670,2207,VCU Rams,Elizabeth City State Vikings,103,58,68.0,33.0,19.0,14.0,61.0,26.0,15.0,17.0
401700422,2024-11-29,2025,0,40,228,50,Clemson Tigers,Florida A&M Rattlers,86,58,60.0,20.0,13.0,9.0,55.0,6.0,7.0,16.0
401700456,2024-11-29,2025,0,40,258,107,Virginia Cavaliers,Holy Cross Crusaders,67,41,55.0,12.0,9.0,6.0,51.0,5.0,7.0,11.0
401706872,2024-11-29,2025,0,40,103,159,Boston College Eagles,Dartmouth Big Green,83,88,56.0,27.0,5.0,10.0,62.0,16.0,3.0,8.0
401706887,2024-11-29,2025,0,40,150,2547,Duke Blue Devils,Seattle U Redhawks,70,48,58.0,19.0,12.0,13.0,47.0,31.0,10.0,16.0
401714912,2024-11-29,2025,0,40,96,2247,Kentucky Wildcats,Georgia State Panthers,105,76,67.0,22.0,7.0,9.0,56.0,20.0,5.0,18.0
401714921,2024-11-29,2025,0,40,99,2466,LSU Tigers,Northwestern State Demons,77,53,58.0,18.0,11.0,14.0,67.0,10.0,21.0,19.0
401715348,2024-11-29,2025,0,40,251,2169,Texas Longhorns,Delaware State Hornets,90,68,62.0,24.0,6.0,8.0,65.0,21.0,14.0,13.0
401715410,2024-11-29,2025,0,45,194,221,Ohio State Buckeyes,Pittsburgh Panthers,90,91,58.0,29.0,8.0,11.0,67.0,30.0,16.0,11.0
401715462,2024-11-29,2025,0,40,305,2674,DePaul Blue Demons,Valparaiso Beacons,89,70,61.0,19.0,12.0,10.0,65.0,11.0,12.0,10.0
401715641,2024-11-29,2025,0,40,2641,2458,Texas Tech Red Raiders,Northern Colorado Bears,89,64,56.0,26.0,13.0,15.0,61.0,16.0,10.0,11.0
401716019,2024-11-29,2025,1,40,314,2627,Iona Gaels,Tarleton State Texans,62,51,53.0,10.0,10.0,15.0,43.0,18.0,7.0,18.0
401716020,2024-11-29,2025,1,40,2032,282,Arkansas State Red Wolves,Indiana State Sycamores,86,81,68.0,22.0,12.0,8.0,67.0,20.0,12.0,9.0
401716021,2024-11-29,2025,1,45,2275,242,Hofstra Pride,Rice Owls,68,63,63.0,25.0,11.0,10.0,62.0,20.0,10.0,12.0
401716881,2024-11-29,2025,0,40,256,2244,James Madison Dukes,George Mason Patriots,61,66,64.0,7.0,15.0,12.0,47.0,24.0,5.0,11.0
401718139,2024-11-29,2025,0,40,45,2678,George Washington Revolutionaries,VMI Keydets,77,64,53.0,13.0,8.0,12.0,59.0,8.0,14.0,15.0
401718710,2024-11-29,2025,0,40,2335,3164,Liberty Flames,Central Penn Knights,93,36,71.0,8.0,14.0,8.0,57.0,2.0,7.0,16.0
401720518,2024-11-29,2025,1,40,2692,189,Weber State Wildcats,Bowling Green Falcons,73,70,55.0,21.0,10.0,14.0,59.0,21.0,13.0,14.0
401721033,2024-11-29,2025,1,40,2309,300,Kent State Golden Flashes,UC Irvine Anteaters,39,51,62.0,12.0,11.0,6.0,47.0,22.0,9.0,14.0
401721055,2024-11-29,2025,0,40,2197,2459,Eastern Illinois Panthers,Northern Illinois Huskies,72,59,58.0,22.0,9.0,10.0,54.0,17.0,3.0,12.0
401721155,2024-11-29,2025,0,40,2363,2330,Manhattan Jaspers,Le Moyne Dolphins,77,81,63.0,28.0,15.0,14.0,53.0,21.0,4.0,14.0
401721282,2024-11-29,2025,0,45,6,2016,South Alabama Jaguars,Alcorn State Braves,74,65,56.0,19.0,8.0,8.0,65.0,10.0,19.0,15.0
401721695,2024-11-29,2025,0,40,219,2426,Pennsylvania Quakers,Navy Midshipmen,78,86,60.0,24.0,13.0,13.0,60.0,28.0,12.0,8.0
401721810,2024-11-29,2025,1,40,2026,2142,App State Mountaineers,Colgate Raiders,72,50,56.0,5.0,8.0,9.0,53.0,5.0,7.0,10.0
401721931,2024-11-29,2025,0,40,350,2534,UNC Wilmington Seahawks,Sam Houston Bearkats,69,60,54.0,17.0,11.0,13.0,56.0,25.0,19.0,16.0
401721983,2024-11-29,2025,0,40,2535,2698,Samford Bulldogs,West Georgia Wolves,86,65,61.0,17.0,13.0,12.0,61.0,16.0,15.0,17.0
401721993,2024-11-29,2025,1,40,2066,315,Binghamton Bearcats,Niagara Purple Eagles,62,65,54.0,4.0,8.0,14.0,54.0,6.0,5.0,9.0
401722083,2024-11-29,2025,0,40,2540,2400,UC Santa Barbara Gauchos,Mississippi Valley State Delta Devils,81,48,58.0,21.0,17.0,7.0,53.0,9.0,12.0,13.0
401722088,2024-11-29,2025,1,40,2210,311,Elon Phoenix,Maine Black Bears,56,69,48.0,18.0,10.0,18.0,59.0,11.0,7.0,7.0
401722196,2024-11-29,2025,0,40,151,2448,East Carolina Pirates,North Carolina A&T Aggies,93,69,63.0,22.0,13.0,9.0,67.0,13.0,15.0,10.0
401722564,2024-11-29,2025,0,40,2057,2241,Belmont Bruins,Gardner-Webb Runnin' Bulldogs,83,74,68.0,16.0,12.0,12.0,64.0,14.0,12.0,16.0
401722588,2024-11-29,2025,0,40,71,546,Bradley Braves,Judson Eagles,107,41,83.0,8.0,17.0,8.0,52.0,11.0,12.0,33.0
401724548,2024-11-29,2025,0,40,322,112358,Lafayette Leopards,Long Island University Sharks,75,56,48.0,27.0,6.0,13.0,56.0,15.0,9.0,14.0
401725200,2024-11-29,2025,1,40,166,2492,New Mexico State Aggies,Pepperdine Waves,70,82,71.0,26.0,18.0,10.0,51.0,30.0,8.0,16.0
401727080,2024-11-29,2025,0,40,2653,2771,Troy Trojans,Merrimack Warriors,68,72,48.0,30.0,12.0,14.0,49.0,6.0,3.0,14.0
401727087,2024-11-29,2025,0,40,2433,2617,UL Monroe Warhawks,Stephen F. Austin Lumberjacks,60,68,51.0,18.0,8.0,11.0,55.0,13.0,11.0,11.0
401727281,2024-11-29,2025,0,40,325,2413,Cleveland State Vikings,Morehead State Eagles,69,71,53.0,30.0,10.0,11.0,41.0,31.0,6.0,19.0
401727327,2024-11-29,2025,0,40,2565,2454,SIU Edwardsville Cougars,North Florida Ospreys,73,78,72.0,16.0,19.0,12.0,65.0,22.0,15.0,10.0
401727343,2024-11-29,2025,0,40,238,2635,Vanderbilt Commodores,Tennessee Tech Golden Eagles,87,56,71.0,12.0,15.0,9.0,64.0,10.0,12.0,15.0
401729699,2024-11-29,2025,1,40,9,2608,Arizona State Sun Devils,Saint Mary's Gaels,68,64,61.0,12.0,8.0,10.0,60.0,12.0,13.0,13.0
401729700,2024-11-29,2025,1,40,167,30,New Mexico Lobos,USC Trojans,83,73,58.0,24.0,11.0,14.0,55.0,18.0,8.0,16.0
401729703,2024-11-29,2025,1,45,36,2628,Colorado State Rams,TCU Horned Frogs,76,72,67.0,12.0,10.0,16.0,62.0,30.0,9.0,13.0
401729704,2024-11-29,2025,1,40,264,2541,Washington Huskies,Santa Clara Broncos,76,69,62.0,26.0,15.0,8.0,57.0,11.0,8.0,14.0
401729705,2024-11-29,2025,1,40,77,2439,Northwestern Wildcats,UNLV Rebels,66,61,49.0,26.0,12.0,12.0,57.0,10.0,13.0,14.0
401729706,2024-11-29,2025,1,40,344,2086,Mississippi State Bulldogs,Butler Bulldogs,77,87,69.0,21.0,11.0,6.0,53.0,27.0,9.0,14.0
401729744,2024-11-29,2025,1,40,84,2507,Indiana Hoosiers,Providence Friars,89,73,60.0,20.0,11.0,10.0,64.0,21.0,17.0,7.0
401729746,2024-11-29,2025,1,45,277,12,West Virginia Mountaineers,Arizona Wildcats,83,76,68.0,22.0,15.0,10.0,64.0,13.0,12.0,14.0
401729747,2024-11-29,2025,1,40,97,201,Louisville Cardinals,Oklahoma Sooners,64,69,63.0,16.0,21.0,14.0,44.0,25.0,4.0,10.0
401729748,2024-11-29,2025,1,40,2250,2166,Gonzaga Bulldogs,Davidson Wildcats,90,65,64.0,15.0,8.0,9.0,56.0,16.0,2.0,10.0
401729797,2024-11-29,2025,1,40,154,135,Wake Forest Demon Deacons,Minnesota Golden Gophers,57,51,53.0,16.0,13.0,13.0,51.0,15.0,8.0,11.0
401729798,2024-11-29,2025,1,40,57,2724,Florida Gators,Wichita State Shockers,88,51,78.0,5.0,20.0,8.0,57.0,19.0,7.0,10.0
401729851,2024-11-29,2025,1,40,249,328,North Texas Mean Green,Utah State Aggies,57,61,61.0,9.0,11.0,9.0,46.0,21.0,9.0,16.0
401729852,2024-11-29,2025,1,40,2460,179,Northern Iowa Panthers,St. Bonaventure Bonnies,56,68,46.0,10.0,5.0,17.0,50.0,13.0,7.0,13.0
401731040,2024-11-29,2025,1,40,2509,145,Purdue Boilermakers,Ole Miss Rebels,80,78,48.0,26.0,11.0,12.0,61.0,13.0,10.0,7.0
401731041,2024-11-29,2025,1,40,252,152,BYU Cougars,NC State Wolfpack,72,61,59.0,16.0,15.0,14.0,57.0,14.0,9.0,9.0
401700272,2024-11-30,2025,1,40,338,2309,Kennesaw State Owls,Kent State Golden Flashes,60,67,52.0,23.0,11.0,17.0,63.0,33.0,20.0,10.0
401700392,2024-11-30,2025,0,40,2325,218,La Salle Explorers,Temple Owls,83,75,81.0,16.0,17.0,7.0,67.0,16.0,10.0,15.0
401706172,2024-11-30,2025,0,40,2520,48,Rider Broncs,Delaware Blue Hens,66,72,69.0,3.0,15.0,7.0,58.0,13.0,7.0,6.0
401706966,2024-11-30,2025,0,40,2305,231,Kansas Jayhawks,Furman Paladins,86,51,64.0,6.0,8.0,7.0,57.0,13.0,8.0,11.0
401711687,2024-11-30,2025,0,40,2010,288,Alabama A&M Bulldogs,Lipscomb Bisons,44,82,64.0,11.0,13.0,16.0,61.0,15.0,13.0,19.0
401714902,2024-11-30,2025,0,40,61,294,Georgia Bulldogs,Jacksonville Dolphins,102,56,54.0,21.0,5.0,12.0,57.0,13.0,9.0,15.0
401715445,2024-11-30,2025,0,40,275,2130,Wisconsin Badgers,Chicago State Cougars,74,53,59.0,21.0,11.0,8.0,59.0,7.0,7.0,11.0
401715472,2024-11-30,2025,0,40,46,399,Georgetown Hoyas,UAlbany Great Danes,100,68,65.0,9.0,7.0,15.0,56.0,24.0,9.0,18.0
401715480,2024-11-30,2025,0,40,269,2717,Marquette Golden Eagles,Western Carolina Catamounts,94,62,72.0,10.0,9.0,13.0,60.0,12.0,7.0,21.0
401715565,2024-11-30,2025,0,40,2550,2405,Seton Hall Pirates,Monmouth Hawks,51,63,53.0,16.0,11.0,10.0,50.0,10.0,8.0,14.0
401715595,2024-11-30,2025,0,40,2599,108,St. John's Red Storm,Harvard Crimson,77,64,70.0,13.0,17.0,10.0,61.0,16.0,9.0,10.0
401715612,2024-11-30,2025,0,40,41,2379,UConn Huskies,Maryland Eastern Shore Hawks,99,45,59.0,27.0,11.0,10.0,50.0,25.0,6.0,11.0
401715670,2024-11-30,2025,0,40,59,2110,Georgia Tech Yellow Jackets,Central Arkansas Bears,87,68,61.0,20.0,12.0,5.0,57.0,14.0,6.0,8.0
401715677,2024-11-30,2025,0,40,2390,2127,Miami Hurricanes,Charleston Southern Buccaneers,79,83,59.0,14.0,8.0,10.0,63.0,11.0,12.0,12.0
401715699,2024-11-30,2025,0,40,24,13,Stanford Cardinal,Cal Poly Mustangs,90,97,67.0,22.0,10.0,9.0,61.0,22.0,8.0,14.0
401715887,2024-11-30,2025,0,40,2572,270,Southern Miss Golden Eagles,Milwaukee Panthers,66,65,58.0,12.0,13.0,12.0,54.0,17.0,14.0,17.0
401715959,2024-11-30,2025,0,40,2636,2277,UTSA Roadrunners,Houston Christian Huskies,78,71,53.0,25.0,7.0,9.0,63.0,22.0,15.0,6.0
401716022,2024-11-30,2025,1,40,282,314,Indiana State Sycamores,Iona Gaels,83,80,51.0,24.0,6.0,17.0,64.0,19.0,14.0,14.0
401716023,2024-11-30,2025,1,40,242,2032,Rice Owls,Arkansas State Red Wolves,75,67,51.0,39.0,13.0,12.0,57.0,31.0,16.0,14.0
401716024,2024-11-30,2025,1,40,2627,2275,Tarleton State Texans,Hofstra Pride,61,59,49.0,18.0,11.0,14.0,50.0,24.0,8.0,9.0
401718470,2024-11-30,2025,0,40,254,331,Utah Utes,Eastern Washington Eagles,88,80,58.0,45.0,17.0,8.0,57.0,18.0,9.0,11.0
401719272,2024-11-30,2025,0,40,324,2908,Coastal Carolina Chanticleers,South Carolina Upstate Spartans,73,51,55.0,10.0,6.0,14.0,63.0,12.0,6.0,4.0
401719652,2024-11-30,2025,0,40,2502,3101,Portland State Vikings,Utah Tech Trailblazers,71,68,59.0,26.0,15.0,11.0,61.0,11.0,10.0,11.0
401720459,2024-11-30,2025,0,40,2272,2945,High Point Panthers,Pfeiffer Falcons,81,50,66.0,19.0,17.0,10.0,48.0,16.0,4.0,19.0
401720563,2024-11-30,2025,0,40,70,27,Idaho Vandals,UC Riverside Highlanders,80,68,59.0,14.0,11.0,8.0,57.0,12.0,12.0,13.0
401720576,2024-11-30,2025,0,40,2193,2046,East Tennessee State Buccaneers,Austin Peay Governors,79,57,63.0,17.0,15.0,9.0,57.0,17.0,8.0,10.0
401720586,2024-11-30,2025,1,40,2083,2561,Bucknell Bison,Siena Saints,58,71,51.0,18.0,10.0,12.0,43.0,28.0,5.0,11.0
401720669,2024-11-30,2025,0,40,2320,3158,Lamar Cardinals,Our Lady of the Lake Saints,88,54,66.0,15.0,16.0,15.0,60.0,9.0,12.0,21.0
401720752,2024-11-30,2025,0,40,357,2504,Texas A&M-Corpus Christi Islanders,Prairie View A&M Panthers,109,74,60.0,26.0,13.0,16.0,51.0,33.0,12.0,16.0
401720895,2024-11-30,2025,0,45,147,2463,Montana State Bobcats,Cal State Northridge Matadors,69,72,61.0,19.0,8.0,12.0,61.0,18.0,9.0,14.0
401720896,2024-11-30,2025,0,40,16,2385,Sacramento State Hornets,Mercyhurst Lakers,60,66,47.0,20.0,10.0,15.0,47.0,16.0,6.0,14.0
401720980,2024-11-30,2025,1,40,119,300,Towson Tigers,UC Irvine Anteaters,60,67,63.0,11.0,10.0,8.0,46.0,14.0,6.0,20.0
401721024,2024-11-30,2025,0,45,2199,2174,Eastern Michigan Eagles,Detroit Mercy Titans,89,98,59.0,27.0,7.0,14.0,62.0,24.0,7.0,14.0
401721062,2024-11-30,2025,0,40,195,2523,Ohio Bobcats,Robert Morris Colonials,84,68,56.0,22.0,9.0,12.0,54.0,20.0,6.0,13.0
401721071,2024-11-30,2025,0,40,2649,2473,Toledo Rockets,Oakland Golden Grizzlies,52,85,55.0,17.0,7.0,8.0,62.0,10.0,9.0,5.0
401721696,2024-11-30,2025,0,40,219,311,Pennsylvania Quakers,Maine Black Bears,77,64,54.0,24.0,13.0,13.0,57.0,5.0,4.0,9.0
401721811,2024-11-30,2025,1,40,2534,2142,Sam Houston Bearkats,Colgate Raiders,82,78,54.0,24.0,8.0,8.0,56.0,10.0,9.0,14.0
401721812,2024-11-30,2025,0,40,2329,2368,Lehigh Mountain Hawks,Marist Red Foxes,74,69,53.0,25.0,6.0,8.0,66.0,8.0,7.0,5.0
401721813,2024-11-30,2025,1,40,2210,2426,Elon Phoenix,Navy Midshipmen,69,63,64.0,26.0,17.0,8.0,66.0,16.0,13.0,8.0
401721932,2024-11-30,2025,0,40,350,2026,UNC Wilmington Seahawks,App State Mountaineers,76,61,61.0,22.0,15.0,4.0,53.0,21.0,11.0,9.0
401721994,2024-11-30,2025,1,45,112358,2066,Long Island University Sharks,Binghamton Bearcats,70,75,62.0,23.0,13.0,16.0,46.0,38.0,6.0,14.0
401722138,2024-11-30,2025,0,40,2348,2582,Louisiana Tech Bulldogs,Southern Jaguars,70,73,50.0,22.0,7.0,17.0,60.0,17.0,12.0,14.0
401722152,2024-11-30,2025,0,40,2750,2005,Wright State Raiders,Air Force Falcons,70,57,52.0,12.0,2.0,7.0,53.0,15.0,13.0,15.0
401722184,2024-11-30,2025,0,40,261,111,Vermont Catamounts,Northeastern Huskies,68,64,43.0,26.0,8.0,20.0,64.0,22.0,14.0,8.0
401722204,2024-11-30,2025,0,40,2226,526,Florida Atlantic Owls,Florida Gulf Coast Eagles,78,80,63.0,8.0,10.0,7.0,63.0,4.0,9.0,9.0
401722326,2024-11-30,2025,0,40,253,2934,Southern Utah Thunderbirds,Cal State Bakersfield Roadrunners,74,64,48.0,28.0,6.0,13.0,56.0,20.0,13.0,14.0
401722333,2024-11-30,2025,0,40,279,2239,Pacific Tigers,Cal State Fullerton Titans,64,55,46.0,24.0,9.0,15.0,57.0,21.0,8.0,6.0
401722407,2024-11-30,2025,0,40,204,302,Oregon State Beavers,UC Davis Aggies,90,57,48.0,25.0,8.0,14.0,53.0,17.0,6.0,10.0
401722412,2024-11-30,2025,0,40,28,2318,UC San Diego Tritons,La Verne Leopards,109,33,76.0,19.0,14.0,6.0,53.0,6.0,5.0,26.0
401725376,2024-11-30,2025,0,40,2437,2000,Omaha Mavericks,Abilene Christian Wildcats,55,71,44.0,24.0,5.0,16.0,54.0,19.0,7.0,10.0
401726011,2024-11-30,2025,0,40,2739,2097,Green Bay Phoenix,Campbell Fighting Camels,66,72,58.0,19.0,6.0,11.0,58.0,15.0,6.0,12.0
401726438,2024-11-30,2025,0,40,98,276,Western Kentucky Hilltoppers,Marshall Thundering Herd,90,82,48.0,40.0,3.0,14.0,67.0,28.0,15.0,14.0
401726444,2024-11-30,2025,0,40,309,2447,Louisiana Ragin' Cajuns,Nicholls Colonels,75,76,58.0,21.0,12.0,8.0,55.0,20.0,9.0,10.0
401727055,2024-11-30,2025,0,40,2181,290,Drake Bulldogs,Georgia Southern Eagles,61,47,51.0,22.0,11.0,14.0,45.0,16.0,6.0,17.0
401727097,2024-11-30,2025,0,40,2546,140,Southeast Missouri State Redhawks,Kansas City Roos,80,59,66.0,18.0,11.0,12.0,57.0,23.0,8.0,19.0
401727123,2024-11-30,2025,0,40,2428,3229,North Carolina Central Eagles,Virginia Lynchburg Dragons,131,51,87.0,27.0,18.0,6.0,39.0,29.0,2.0,34.0
401727259,2024-11-30,2025,0,40,2837,2870,East Texas A&M Lions,Purdue Fort Wayne Mastodons,57,77,50.0,9.0,9.0,21.0,57.0,15.0,8.0,8.0
401727264,2024-11-30,2025,0,40,94,91,Northern Kentucky Norse,Bellarmine Knights,86,70,62.0,21.0,10.0,5.0,53.0,10.0,3.0,15.0
401727303,2024-11-30,2025,0,40,47,116,Howard Bison,Mount St. Mary's Mountaineers,75,79,52.0,27.0,7.0,16.0,50.0,30.0,5.0,13.0
401727304,2024-11-30,2025,0,40,322,315,Lafayette Leopards,Niagara Purple Eagles,59,47,60.0,17.0,7.0,4.0,59.0,17.0,10.0,9.0
401727500,2024-11-30,2025,0,40,85,2652,IU Indianapolis Jaguars,Trinity Christian Trolls,106,49,67.0,11.0,11.0,10.0,57.0,14.0,5.0,14.0
401727845,2024-11-30,2025,0,40,2754,2062,Youngstown State Penguins,Bethany (WV) Bison,128,60,77.0,22.0,18.0,6.0,55.0,15.0,4.0,19.0
401729727,2024-11-30,2025,1,40,189,166,Bowling Green Falcons,New Mexico State Aggies,61,60,52.0,30.0,8.0,8.0,65.0,10.0,17.0,15.0
401729728,2024-11-30,2025,1,40,2492,2692,Pepperdine Waves,Weber State Wildcats,53,68,52.0,24.0,9.0,14.0,58.0,19.0,10.0,13.0
401730557,2024-11-30,2025,1,40,87,156,Notre Dame Fighting Irish,Creighton Bluejays,76,80,65.0,15.0,12.0,9.0,57.0,15.0,5.0,12.0
401730558,2024-11-30,2025,1,40,164,245,Rutgers Scarlet Knights,Texas A&M Aggies,77,81,68.0,17.0,15.0,16.0,56.0,42.0,12.0,13.0
401730559,2024-11-30,2025,1,45,248,21,Houston Cougars,San Diego State Aztecs,70,73,62.0,17.0,17.0,12.0,57.0,27.0,14.0,7.0
401730560,2024-11-30,2025,1,40,333,2483,Alabama Crimson Tide,Oregon Ducks,81,83,64.0,20.0,15.0,15.0,66.0,25.0,12.0,8.0
401706976,2024-12-01,2025,0,40,2306,2029,Kansas State Wildcats,Arkansas-Pine Bluff Golden Lions,120,73,65.0,26.0,10.0,13.0,68.0,6.0,11.0,20.0
401707872,2024-12-01,2025,0,40,120,2016,Maryland Terrapins,Alcorn State Braves,96,58,56.0,24.0,9.0,13.0,67.0,17.0,15.0,14.0
401707990,2024-12-01,2025,0,40,158,2454,Nebraska Cornhuskers,North Florida Ospreys,103,72,69.0,18.0,6.0,6.0,65.0,12.0,10.0,16.0
401711737,2024-12-01,2025,0,40,2747,2453,Wofford Terriers,North Alabama Lions,74,54,63.0,11.0,15.0,14.0,54.0,18.0,5.0,10.0
401715394,2024-12-01,2025,0,40,135,2065,Minnesota Golden Gophers,Bethune-Cookman Wildcats,79,62,61.0,12.0,12.0,10.0,52.0,9.0,3.0,11.0
401715418,2024-12-01,2025,0,40,213,2084,Penn State Nittany Lions,Buffalo Bulls,87,64,62.0,13.0,9.0,11.0,53.0,16.0,6.0,15.0
401715624,2024-12-01,2025,0,40,2752,2569,Xavier Musketeers,South Carolina State Bulldogs,71,68,44.0,36.0,5.0,16.0,54.0,22.0,10.0,18.0
401715648,2024-12-01,2025,0,40,2116,2856,UCF Knights,California Baptist Lancers,74,59,53.0,26.0,7.0,11.0,57.0,13.0,12.0,19.0
401716025,2024-12-01,2025,1,40,314,242,Iona Gaels,Rice Owls,66,70,62.0,20.0,17.0,15.0,46.0,29.0,10.0,19.0
401716026,2024-12-01,2025,1,40,2275,2032,Hofstra Pride,Arkansas State Red Wolves,68,66,54.0,19.0,9.0,12.0,48.0,22.0,6.0,15.0
401716053,2024-12-01,2025,1,40,282,2627,Indiana State Sycamores,Tarleton State Texans,87,71,56.0,6.0,7.0,18.0,54.0,24.0,10.0,14.0
401716871,2024-12-01,2025,0,40,2230,160,Fordham Rams,New Hampshire Wildcats,83,61,61.0,19.0,14.0,19.0,60.0,11.0,8.0,16.0
401718421,2024-12-01,2025,0,40,113,2885,Massachusetts Minutemen,NJIT Highlanders,80,68,60.0,28.0,13.0,8.0,58.0,28.0,15.0,10.0
401719231,2024-12-01,2025,0,40,2634,2427,Tennessee State Tigers,UNC Asheville Bulldogs,74,92,66.0,19.0,18.0,15.0,68.0,17.0,14.0,11.0
401720470,2024-12-01,2025,0,40,2344,111926,Longwood Lancers,Regent Royals,108,55,67.0,14.0,13.0,11.0,48.0,8.0,4.0,22.0
401721087,2024-12-01,2025,0,40,2115,2349,Central Connecticut Blue Devils,UMass Lowell River Hawks,69,67,53.0,17.0,5.0,15.0,56.0,20.0,10.0,15.0
401721137,2024-12-01,2025,0,40,2217,161,Fairfield Stags,Fairleigh Dickinson Knights,78,74,64.0,29.0,16.0,7.0,54.0,19.0,8.0,15.0
401721175,2024-12-01,2025,0,40,2539,2385,San Francisco Dons,Mercyhurst Lakers,87,59,55.0,31.0,13.0,10.0,53.0,3.0,3.0,13.0
401721697,2024-12-01,2025,0,40,219,2210,Pennsylvania Quakers,Elon Phoenix,53,68,64.0,9.0,13.0,6.0,58.0,10.0,11.0,9.0
401721814,2024-12-01,2025,0,40,44,128342,American University Eagles,Notre Dame (MD) Gators,97,52,59.0,30.0,13.0,15.0,55.0,18.0,10.0,21.0
401721815,2024-12-01,2025,0,40,104,2529,Boston University Terriers,Sacred Heart Pioneers,65,73,57.0,17.0,10.0,15.0,55.0,16.0,7.0,12.0
401721816,2024-12-01,2025,1,40,2426,311,Navy Midshipmen,Maine Black Bears,66,71,54.0,15.0,9.0,15.0,51.0,17.0,5.0,12.0
401721937,2024-12-01,2025,0,40,2598,2515,Saint Francis Red Wolves,Radford Highlanders,70,79,62.0,13.0,11.0,7.0,48.0,25.0,5.0,8.0
401721995,2024-12-01,2025,0,45,322,2066,Lafayette Leopards,Binghamton Bearcats,81,82,60.0,29.0,10.0,10.0,57.0,25.0,10.0,16.0
401722013,2024-12-01,2025,0,40,284,2514,Stonehill Skyhawks,Quinnipiac Bobcats,88,74,62.0,12.0,11.0,10.0,62.0,17.0,13.0,9.0
401722298,2024-12-01,2025,0,40,5,2393,UAB Blazers,Middle Tennessee Blue Raiders,69,76,70.0,22.0,20.0,8.0,61.0,24.0,11.0,8.0
401723751,2024-12-01,2025,0,40,2415,3164,Morgan State Bears,Central Penn Knights,123,70,71.0,22.0,10.0,16.0,66.0,28.0,15.0,22.0
401723762,2024-12-01,2025,0,40,2619,2450,Stony Brook Seawolves,Norfolk State Spartans,66,77,56.0,20.0,7.0,6.0,54.0,20.0,8.0,9.0
401724549,2024-12-01,2025,1,40,315,112358,Niagara Purple Eagles,Long Island University Sharks,60,52,43.0,17.0,5.0,15.0,54.0,7.0,7.0,11.0
401724707,2024-12-01,2025,0,40,2640,326,Texas Southern Tigers,Texas State Bobcats,59,72,57.0,23.0,17.0,14.0,60.0,11.0,14.0,14.0
401725204,2024-12-01,2025,0,50,2501,2172,Portland Pilots,Denver Pioneers,101,90,64.0,34.0,6.0,16.0,80.0,16.0,5.0,6.0
401727081,2024-12-01,2025,0,40,2653,2198,Troy Trojans,Eastern Kentucky Colonels,84,74,50.0,20.0,9.0,19.0,62.0,16.0,11.0,10.0
401727113,2024-12-01,2025,0,40,198,2623,Oral Roberts Golden Eagles,Missouri State Bears,67,72,49.0,19.0,5.0,10.0,48.0,15.0,9.0,17.0
401729952,2024-12-01,2025,0,40,2117,368,Central Michigan Chippewas,Purdue Northwest Pride,115,69,65.0,33.0,11.0,13.0,76.0,14.0,12.0,14.0
401706922,2024-12-02,2025,0,40,38,279,Colorado Buffaloes,Pacific Tigers,75,66,59.0,21.0,9.0,10.0,63.0,24.0,14.0,11.0
401715473,2024-12-02,2025,0,40,46,2378,Georgetown Hoyas,UMBC Retrievers,86,62,68.0,22.0,11.0,10.0,63.0,9.0,6.0,21.0
401715938,2024-12-02,2025,0,40,2655,2545,Tulane Green Wave,SE Louisiana Lions,67,71,57.0,8.0,9.0,14.0,62.0,10.0,13.0,13.0
401718452,2024-12-02,2025,0,40,227,43,Rhode Island Rams,Yale Bulldogs,84,78,59.0,30.0,11.0,12.0,65.0,26.0,9.0,8.0
401719327,2024-12-02,2025,0,40,139,2296,Saint Louis Billikens,Jackson State Tigers,74,66,53.0,22.0,14.0,15.0,67.0,5.0,11.0,9.0
401721044,2024-12-02,2025,0,40,193,2005,Miami (OH) RedHawks,Air Force Falcons,73,60,53.0,15.0,7.0,9.0,47.0,13.0,4.0,13.0
401721112,2024-12-02,2025,0,40,2900,2130,St. Thomas Tommies,Chicago State Cougars,98,76,56.0,35.0,8.0,16.0,64.0,27.0,14.0,16.0
401721817,2024-12-02,2025,0,40,2154,2352,Coppin State Eagles,Loyola Maryland Greyhounds,57,68,48.0,25.0,6.0,7.0,52.0,20.0,15.0,13.0
401722000,2024-12-02,2025,0,40,2182,2803,Drexel Dragons,Bryant Bulldogs,73,78,68.0,14.0,15.0,11.0,61.0,31.0,11.0,6.0
401722084,2024-12-02,2025,0,40,2400,3083,Mississippi Valley State Delta Devils,Oakwood Ambassadors,91,71,64.0,29.0,17.0,22.0,55.0,12.0,4.0,23.0
401722236,2024-12-02,2025,0,40,2440,265,Nevada Wolf Pack,Washington State Cougars,57,68,57.0,13.0,11.0,15.0,60.0,9.0,10.0,15.0
401725801,2024-12-02,2025,0,40,2433,250,UL Monroe Warhawks,UT Arlington Mavericks,70,84,65.0,30.0,19.0,15.0,66.0,14.0,14.0,12.0
401726061,2024-12-02,2025,0,40,295,2729,Old Dominion Monarchs,William & Mary Tribe,88,83,66.0,17.0,13.0,13.0,61.0,17.0,5.0,11.0
401726396,2024-12-02,2025,0,40,55,3242,Jacksonville State Gamecocks,Columbia International Rams,89,59,69.0,14.0,17.0,5.0,63.0,4.0,10.0,10.0
401727334,2024-12-02,2025,0,40,88,3107,Southern Indiana Screaming Eagles,East West Phantoms,104,46,77.0,15.0,20.0,11.0,69.0,13.0,17.0,18.0
401730573,2024-12-02,2025,0,40,2571,513,South Dakota State Jackrabbits,Dakota Wesleyan Tigers,78,62,56.0,16.0,9.0,12.0,65.0,8.0,14.0,12.0
401700393,2024-12-03,2025,0,40,111,2325,Northeastern Huskies,La Salle Explorers,82,68,63.0,11.0,8.0,18.0,67.0,13.0,12.0,17.0
401700402,2024-12-03,2025,0,40,2603,163,Saint Joseph's Hawks,Princeton Tigers,69,77,64.0,14.0,7.0,8.0,59.0,16.0,6.0,10.0
401700423,2024-12-03,2025,0,40,228,96,Clemson Tigers,Kentucky Wildcats,70,66,65.0,19.0,15.0,8.0,63.0,18.0,15.0,12.0
401700430,2024-12-03,2025,0,40,97,145,Louisville Cardinals,Ole Miss Rebels,63,86,57.0,30.0,17.0,12.0,60.0,13.0,6.0,8.0
401700449,2024-12-03,2025,0,40,2567,2011,SMU Mustangs,Alabama State Hornets,101,72,69.0,34.0,20.0,8.0,69.0,16.0,12.0,8.0
401700468,2024-12-03,2025,0,40,245,154,Texas A&M Aggies,Wake Forest Demon Deacons,57,44,49.0,17.0,13.0,18.0,60.0,7.0,15.0,15.0
401706873,2024-12-03,2025,0,40,103,2579,Boston College Eagles,South Carolina Gamecocks,51,73,57.0,18.0,11.0,11.0,50.0,25.0,6.0,10.0
401706879,2024-12-03,2025,0,40,142,25,Missouri Tigers,California Golden Bears,98,93,53.0,38.0,5.0,11.0,62.0,25.0,14.0,15.0
401706896,2024-12-03,2025,0,40,2633,183,Tennessee Volunteers,Syracuse Orange,96,70,65.0,24.0,13.0,8.0,53.0,21.0,5.0,11.0
401706914,2024-12-03,2025,0,40,2507,252,Providence Friars,BYU Cougars,83,64,42.0,26.0,2.0,10.0,69.0,17.0,21.0,5.0
401707862,2024-12-03,2025,0,40,84,2534,Indiana Hoosiers,Sam Houston Bearkats,97,71,55.0,29.0,3.0,12.0,61.0,20.0,5.0,11.0
401711666,2024-12-03,2025,0,40,236,288,Chattanooga Mocs,Lipscomb Bisons,62,80,56.0,9.0,3.0,9.0,57.0,6.0,5.0,13.0
401711708,2024-12-03,2025,0,40,2511,2737,Queens University Royals,Winthrop Eagles,78,86,61.0,24.0,9.0,13.0,61.0,34.0,14.0,13.0
401711758,2024-12-03,2025,0,40,58,56,South Florida Bulls,Stetson Hatters,74,72,63.0,18.0,13.0,11.0,61.0,10.0,10.0,16.0
401712998,2024-12-03,2025,0,40,2086,2197,Butler Bulldogs,Eastern Illinois Panthers,73,58,44.0,25.0,7.0,17.0,64.0,13.0,11.0,10.0
401713720,2024-12-03,2025,0,40,2261,2448,Hampton Pirates,North Carolina A&T Aggies,82,71,65.0,27.0,11.0,5.0,55.0,25.0,9.0,15.0
401714903,2024-12-03,2025,0,40,61,87,Georgia Bulldogs,Notre Dame Fighting Irish,69,48,63.0,9.0,14.0,5.0,52.0,9.0,7.0,10.0
401714922,2024-12-03,2025,0,40,99,52,LSU Tigers,Florida State Seminoles,85,75,62.0,29.0,15.0,11.0,72.0,22.0,22.0,14.0
401715619,2024-12-03,2025,0,40,222,2132,Villanova Wildcats,Cincinnati Bearcats,68,60,47.0,17.0,6.0,9.0,60.0,11.0,13.0,6.0
401715671,2024-12-03,2025,0,40,201,59,Oklahoma Sooners,Georgia Tech Yellow Jackets,76,61,52.0,30.0,9.0,7.0,53.0,18.0,7.0,11.0
401715678,2024-12-03,2025,0,40,2390,8,Miami Hurricanes,Arkansas Razorbacks,73,76,60.0,8.0,8.0,11.0,62.0,9.0,9.0,11.0
401715700,2024-12-03,2025,0,40,24,3084,Stanford Cardinal,Utah Valley Wolverines,77,63,63.0,17.0,10.0,13.0,65.0,16.0,11.0,12.0
401716159,2024-12-03,2025,0,45,2608,2636,Saint Mary's Gaels,UTSA Roadrunners,82,74,59.0,43.0,20.0,15.0,70.0,19.0,21.0,17.0
401716882,2024-12-03,2025,0,40,2244,2427,George Mason Patriots,UNC Asheville Bulldogs,74,52,43.0,23.0,7.0,18.0,52.0,13.0,7.0,15.0
401718251,2024-12-03,2025,0,40,2168,2711,Dayton Flyers,Western Michigan Broncos,77,69,48.0,22.0,9.0,9.0,54.0,7.0,10.0,13.0
401718352,2024-12-03,2025,0,40,2350,2199,Loyola Chicago Ramblers,Eastern Michigan Eagles,76,54,53.0,13.0,13.0,17.0,45.0,18.0,3.0,12.0
401720450,2024-12-03,2025,0,40,2127,2630,Charleston Southern Buccaneers,UT Martin Skyhawks,83,68,56.0,23.0,8.0,6.0,54.0,19.0,6.0,11.0
401720452,2024-12-03,2025,0,40,2430,2272,UNC Greensboro Spartans,High Point Panthers,72,68,58.0,13.0,13.0,8.0,59.0,9.0,10.0,6.0
401720477,2024-12-03,2025,0,40,50,2506,Florida A&M Rattlers,Presbyterian Blue Hose,66,63,59.0,20.0,10.0,13.0,60.0,22.0,18.0,20.0
401720571,2024-12-03,2025,0,40,256,2193,James Madison Dukes,East Tennessee State Buccaneers,71,61,50.0,25.0,6.0,10.0,64.0,14.0,15.0,10.0
401720710,2024-12-03,2025,0,40,2377,2541,McNeese Cowboys,Santa Clara Broncos,67,74,61.0,17.0,13.0,8.0,56.0,19.0,14.0,15.0
401720948,2024-12-03,2025,0,40,160,159,New Hampshire Wildcats,Dartmouth Big Green,65,69,58.0,9.0,8.0,15.0,62.0,19.0,11.0,9.0
401720987,2024-12-03,2025,0,40,2006,94,Akron Zips,Northern Kentucky Norse,86,73,49.0,28.0,12.0,16.0,53.0,28.0,9.0,11.0
401721015,2024-12-03,2025,0,40,2084,220,Buffalo Bulls,Pittsburgh-Bradford Panthers,100,65,64.0,36.0,10.0,29.0,83.0,7.0,14.0,28.0
401721056,2024-12-03,2025,0,40,2459,5345,Northern Illinois Huskies,Benedictine (IL) Eagles,89,70,71.0,6.0,8.0,9.0,66.0,17.0,16.0,19.0
401721156,2024-12-03,2025,0,55,2330,349,Le Moyne Dolphins,Army Black Knights,100,103,87.0,24.0,14.0,13.0,87.0,29.0,15.0,11.0
401721304,2024-12-03,2025,0,40,2294,77,Iowa Hawkeyes,Northwestern Wildcats,80,79,55.0,19.0,5.0,12.0,60.0,16.0,11.0,12.0
401721305,2024-12-03,2025,0,40,26,264,UCLA Bruins,Washington Huskies,69,58,60.0,22.0,12.0,8.0,49.0,24.0,10.0,12.0
401721306,2024-12-03,2025,0,40,275,130,Wisconsin Badgers,Michigan Wolverines,64,67,64.0,19.0,16.0,10.0,59.0,21.0,13.0,12.0
401721698,2024-12-03,2025,0,40,261,225,Vermont Catamounts,Brown Bears,53,60,58.0,6.0,11.0,8.0,58.0,7.0,12.0,6.0
401722090,2024-12-03,2025,0,40,311,126890,Maine Black Bears,Maine Augusta Moose,103,51,79.0,6.0,13.0,8.0,53.0,10.0,4.0,24.0
401722197,2024-12-03,2025,0,40,151,350,East Carolina Pirates,UNC Wilmington Seahawks,53,67,53.0,15.0,9.0,17.0,58.0,15.0,13.0,15.0
401722217,2024-12-03,2025,0,40,68,3101,Boise State Broncos,Utah Tech Trailblazers,87,64,57.0,25.0,14.0,9.0,53.0,12.0,8.0,14.0
401722307,2024-12-03,2025,0,40,9,301,Arizona State Sun Devils,San Diego Toreros,90,53,57.0,35.0,12.0,14.0,63.0,13.0,8.0,13.0
401722345,2024-12-03,2025,0,40,2253,62,Grand Canyon Lopes,Hawai'i Rainbow Warriors,78,72,57.0,32.0,6.0,8.0,56.0,20.0,7.0,20.0
401722440,2024-12-03,2025,0,40,79,71,Southern Illinois Salukis,Bradley Braves,60,83,57.0,16.0,13.0,17.0,61.0,10.0,7.0,9.0
401722441,2024-12-03,2025,0,40,93,339,Murray State Racers,Evansville Purple Aces,63,61,51.0,18.0,9.0,14.0,57.0,12.0,6.0,8.0
401723704,2024-12-03,2025,0,40,48,2169,Delaware Blue Hens,Delaware State Hornets,93,80,52.0,23.0,2.0,16.0,67.0,26.0,11.0,11.0
401724504,2024-12-03,2025,0,40,2184,2612,Duquesne Dukes,Saint Peter's Peacocks,59,62,52.0,22.0,14.0,10.0,59.0,19.0,17.0,9.0
401724530,2024-12-03,2025,0,40,2026,108806,App State Mountaineers,Mid Atlantic Christian Mustangs,85,43,62.0,14.0,12.0,15.0,68.0,9.0,13.0,11.0
401725794,2024-12-03,2025,0,40,253,123350,Southern Utah Thunderbirds,Park University Gilbert Buccaneers,90,55,79.0,20.0,21.0,6.0,77.0,5.0,20.0,13.0
401726015,2024-12-03,2025,0,40,232,2839,Charleston Cougars,Tusculum Pioneers,94,71,64.0,26.0,10.0,8.0,64.0,9.0,4.0,10.0
401727418,2024-12-03,2025,0,40,2678,3229,VMI Keydets,Virginia Lynchburg Dragons,113,51,75.0,27.0,23.0,15.0,71.0,7.0,14.0,19.0
401727489,2024-12-03,2025,0,40,2643,2648,The Citadel Bulldogs,Toccoa Falls Eagles,94,57,61.0,23.0,17.0,8.0,55.0,11.0,8.0,13.0
401731989,2024-12-03,2025,0,40,2755,2027,Grambling Tigers,Arkansas Baptist Buffaloes,82,56,57.0,14.0,7.0,10.0,58.0,19.0,6.0,13.0
401733681,2024-12-03,2025,0,40,2627,2937,Tarleton State Texans,Dallas Christian Crusaders,90,50,52.0,34.0,15.0,23.0,47.0,16.0,10.0,29.0
401700412,2024-12-04,2025,0,40,2670,290,VCU Rams,Georgia Southern Eagles,89,54,54.0,34.0,13.0,12.0,60.0,17.0,15.0,14.0
401700438,2024-12-04,2025,0,40,153,333,North Carolina Tar Heels,Alabama Crimson Tide,79,94,78.0,16.0,15.0,13.0,71.0,13.0,8.0,14.0
401700457,2024-12-04,2025,0,40,57,258,Florida Gators,Virginia Cavaliers,87,69,60.0,21.0,11.0,6.0,57.0,10.0,13.0,15.0
401706173,2024-12-04,2025,0,40,2217,2520,Fairfield Stags,Rider Broncs,78,75,62.0,14.0,18.0,15.0,55.0,26.0,12.0,11.0
401706888,2024-12-04,2025,0,40,150,2,Duke Blue Devils,Auburn Tigers,84,78,58.0,27.0,12.0,4.0,64.0,12.0,15.0,8.0
401706906,2024-12-04,2025,0,40,259,238,Virginia Tech Hokies,Vanderbilt Commodores,64,80,60.0,13.0,14.0,15.0,55.0,18.0,5.0,8.0
401706957,2024-12-04,2025,0,40,66,269,Iowa State Cyclones,Marquette Golden Eagles,81,70,59.0,21.0,11.0,12.0,70.0,10.0,16.0,11.0
401706967,2024-12-04,2025,0,40,156,2305,Creighton Bluejays,Kansas Jayhawks,76,63,53.0,17.0,6.0,15.0,70.0,8.0,9.0,5.0
401711738,2024-12-04,2025,0,40,2453,2635,North Alabama Lions,Tennessee Tech Golden Eagles,82,59,72.0,7.0,14.0,5.0,55.0,11.0,6.0,11.0
401714396,2024-12-04,2025,0,40,85,2739,IU Indianapolis Jaguars,Green Bay Phoenix,84,75,66.0,23.0,14.0,5.0,51.0,20.0,6.0,11.0
401714397,2024-12-04,2025,0,40,2523,2754,Robert Morris Colonials,Youngstown State Penguins,58,72,58.0,22.0,12.0,17.0,61.0,13.0,9.0,16.0
401714991,2024-12-04,2025,0,40,344,221,Mississippi State Bulldogs,Pittsburgh Panthers,90,57,64.0,13.0,16.0,14.0,64.0,13.0,14.0,11.0
401715349,2024-12-04,2025,0,40,152,251,NC State Wolfpack,Texas Longhorns,59,63,54.0,14.0,10.0,9.0,53.0,14.0,13.0,12.0
401715463,2024-12-04,2025,0,40,2641,305,Texas Tech Red Raiders,DePaul Blue Demons,76,62,58.0,17.0,8.0,6.0,57.0,6.0,6.0,14.0
401715566,2024-12-04,2025,0,40,2550,2885,Seton Hall Pirates,NJIT Highlanders,67,56,54.0,24.0,14.0,8.0,49.0,12.0,8.0,15.0
401715613,2024-12-04,2025,0,40,41,239,UConn Huskies,Baylor Bears,76,72,46.0,33.0,9.0,7.0,55.0,19.0,13.0,10.0
401716872,2024-12-04,2025,0,40,2230,161,Fordham Rams,Fairleigh Dickinson Knights,84,75,65.0,23.0,15.0,16.0,65.0,18.0,5.0,11.0
401718140,2024-12-04,2025,0,45,44,45,American University Eagles,George Washington Revolutionaries,81,71,62.0,24.0,12.0,16.0,66.0,27.0,13.0,14.0
401718422,2024-12-04,2025,0,40,113,2115,Massachusetts Minutemen,Central Connecticut Blue Devils,69,73,60.0,17.0,10.0,11.0,60.0,11.0,9.0,12.0
401718471,2024-12-04,2025,0,40,331,155,Eastern Washington Eagles,North Dakota Fighting Hawks,87,81,62.0,18.0,15.0,8.0,55.0,28.0,13.0,9.0
401719273,2024-12-04,2025,0,40,2908,2913,South Carolina Upstate Spartans,Brevard Tornados,91,60,60.0,25.0,10.0,19.0,61.0,10.0,6.0,20.0
401719339,2024-12-04,2025,0,40,2083,179,Bucknell Bison,St. Bonaventure Bonnies,47,64,47.0,19.0,10.0,18.0,56.0,11.0,10.0,14.0
401719374,2024-12-04,2025,0,40,2458,2900,Northern Colorado Bears,St. Thomas Tommies,75,87,49.0,24.0,10.0,16.0,56.0,13.0,4.0,6.0
401719653,2024-12-04,2025,0,40,2547,2502,Seattle U Redhawks,Portland State Vikings,91,74,55.0,24.0,10.0,11.0,64.0,14.0,13.0,10.0
401720519,2024-12-04,2025,0,40,2692,2449,Weber State Wildcats,North Dakota State Bison,73,77,61.0,14.0,10.0,3.0,57.0,16.0,10.0,8.0
401720564,2024-12-04,2025,0,40,140,70,Kansas City Roos,Idaho Vandals,77,82,59.0,26.0,16.0,13.0,51.0,23.0,9.0,15.0
401720897,2024-12-04,2025,0,40,149,2571,Montana Grizzlies,South Dakota State Jackrabbits,71,67,58.0,16.0,5.0,11.0,64.0,12.0,11.0,15.0
401720898,2024-12-04,2025,0,40,198,2464,Oral Roberts Golden Eagles,Northern Arizona Lumberjacks,83,76,55.0,32.0,8.0,6.0,64.0,22.0,13.0,7.0
401720899,2024-12-04,2025,0,40,233,304,South Dakota Coyotes,Idaho State Bengals,94,80,57.0,32.0,14.0,9.0,64.0,23.0,20.0,12.0
401720900,2024-12-04,2025,0,40,2437,147,Omaha Mavericks,Montana State Bobcats,65,76,54.0,20.0,8.0,10.0,50.0,16.0,3.0,9.0
401720901,2024-12-04,2025,0,40,2172,16,Denver Pioneers,Sacramento State Hornets,80,59,55.0,13.0,8.0,10.0,53.0,19.0,8.0,9.0
401721283,2024-12-04,2025,0,40,2724,2016,Wichita State Shockers,Alcorn State Braves,78,54,61.0,18.0,9.0,10.0,73.0,20.0,21.0,8.0
401721307,2024-12-04,2025,0,40,120,194,Maryland Terrapins,Ohio State Buckeyes,83,59,62.0,24.0,10.0,10.0,58.0,18.0,9.0,16.0
401721308,2024-12-04,2025,0,40,135,127,Minnesota Golden Gophers,Michigan State Spartans,72,90,59.0,17.0,10.0,7.0,55.0,26.0,12.0,9.0
401721309,2024-12-04,2025,0,40,30,2483,USC Trojans,Oregon Ducks,60,68,55.0,26.0,12.0,14.0,55.0,24.0,13.0,14.0
401721699,2024-12-04,2025,0,40,399,171,UAlbany Great Danes,Columbia Lions,88,73,67.0,12.0,10.0,12.0,46.0,26.0,5.0,19.0
401721700,2024-12-04,2025,0,40,107,108,Holy Cross Crusaders,Harvard Crimson,68,67,54.0,14.0,6.0,11.0,65.0,6.0,13.0,12.0
401721701,2024-12-04,2025,0,40,2142,172,Colgate Raiders,Cornell Big Red,57,84,56.0,5.0,7.0,14.0,57.0,7.0,5.0,12.0
401721818,2024-12-04,2025,0,40,2329,2405,Lehigh Mountain Hawks,Monmouth Hawks,90,63,53.0,23.0,6.0,12.0,59.0,35.0,16.0,9.0
401721938,2024-12-04,2025,0,40,2598,130195,Saint Francis Red Wolves,Penn State Shenango Nittany Lions,107,55,78.0,13.0,12.0,5.0,68.0,4.0,3.0,10.0
401721955,2024-12-04,2025,0,40,2031,2110,Little Rock Trojans,Central Arkansas Bears,63,57,58.0,10.0,10.0,21.0,61.0,18.0,12.0,16.0
401721973,2024-12-04,2025,0,40,2382,2698,Mercer Bears,West Georgia Wolves,86,72,61.0,18.0,13.0,7.0,59.0,15.0,10.0,12.0
401721974,2024-12-04,2025,0,40,2717,91,Western Carolina Catamounts,Bellarmine Knights,86,74,64.0,18.0,13.0,11.0,56.0,15.0,4.0,12.0
401721975,2024-12-04,2025,0,40,526,231,Florida Gulf Coast Eagles,Furman Paladins,73,76,55.0,13.0,5.0,10.0,61.0,16.0,13.0,11.0
401722025,2024-12-04,2025,0,40,2681,2154,Wagner Seahawks,Coppin State Eagles,65,52,46.0,26.0,13.0,12.0,40.0,22.0,7.0,13.0
401722192,2024-12-04,2025,0,40,2429,2940,Charlotte 49ers,Livingstone Blue Bears,83,61,65.0,23.0,14.0,6.0,57.0,23.0,7.0,7.0
401722202,2024-12-04,2025,0,40,2229,2226,Florida International Panthers,Florida Atlantic Owls,77,88,62.0,21.0,13.0,13.0,68.0,12.0,10.0,10.0
401722225,2024-12-04,2025,0,40,36,2351,Colorado State Rams,Loyola Marymount Lions,83,54,67.0,10.0,11.0,8.0,56.0,16.0,5.0,10.0
401722266,2024-12-04,2025,0,40,278,21,Fresno State Bulldogs,San Diego State Aztecs,62,84,67.0,30.0,13.0,10.0,68.0,17.0,13.0,14.0
401722269,2024-12-04,2025,0,40,235,2348,Memphis Tigers,Louisiana Tech Bulldogs,81,71,60.0,33.0,20.0,14.0,49.0,12.0,7.0,20.0
401722368,2024-12-04,2025,0,40,167,23,New Mexico Lobos,San José State Spartans,83,77,65.0,30.0,16.0,9.0,56.0,21.0,7.0,10.0
401722391,2024-12-04,2025,0,40,328,2751,Utah State Aggies,Wyoming Cowboys,70,67,56.0,26.0,15.0,8.0,48.0,9.0,5.0,12.0
401722443,2024-12-04,2025,0,45,2057,2287,Belmont Bruins,Illinois State Redbirds,99,97,75.0,16.0,11.0,10.0,65.0,10.0,9.0,19.0
401722444,2024-12-04,2025,0,40,82,2460,UIC Flames,Northern Iowa Panthers,56,83,59.0,18.0,20.0,14.0,53.0,18.0,9.0,9.0
401723752,2024-12-04,2025,0,40,2415,2129,Morgan State Bears,Cheyney (PA) Wolves,124,57,71.0,28.0,13.0,13.0,55.0,27.0,4.0,21.0
401724537,2024-12-04,2025,0,40,2097,324,Campbell Fighting Camels,Coastal Carolina Chanticleers,57,58,50.0,27.0,8.0,9.0,48.0,19.0,8.0,13.0
401724550,2024-12-04,2025,0,40,112358,122196,Long Island University Sharks,York (NY) Cardinals,103,53,78.0,12.0,21.0,8.0,57.0,19.0,12.0,17.0
401725201,2024-12-04,2025,0,40,2492,109670,Pepperdine Waves,Life Pacific Warriors,119,57,77.0,21.0,16.0,8.0,64.0,11.0,7.0,15.0
401725377,2024-12-04,2025,0,40,166,2000,New Mexico State Aggies,Abilene Christian Wildcats,70,78,50.0,29.0,8.0,12.0,45.0,35.0,8.0,11.0
401726062,2024-12-04,2025,0,40,2729,3229,William & Mary Tribe,Virginia Lynchburg Dragons,109,55,74.0,10.0,16.0,13.0,63.0,12.0,9.0,18.0
401726402,2024-12-04,2025,0,40,2393,2519,Middle Tennessee Blue Raiders,Rhodes Lynx,103,55,69.0,31.0,18.0,8.0,58.0,18.0,11.0,19.0
401726409,2024-12-04,2025,0,40,202,197,Tulsa Golden Hurricane,Oklahoma State Cowboys,55,76,58.0,15.0,13.0,22.0,61.0,21.0,12.0,14.0
401726564,2024-12-04,2025,0,40,276,2413,Marshall Thundering Herd,Morehead State Eagles,80,77,57.0,26.0,8.0,8.0,59.0,26.0,16.0,14.0
401727078,2024-12-04,2025,0,40,326,3166,Texas State Bobcats,Arlington Baptist Patriots,97,49,64.0,33.0,21.0,9.0,44.0,15.0,9.0,25.0
401727260,2024-12-04,2025,0,40,2747,2241,Wofford Terriers,Gardner-Webb Runnin' Bulldogs,88,64,58.0,10.0,11.0,13.0,48.0,28.0,11.0,17.0
401727315,2024-12-04,2025,0,40,2815,3107,Lindenwood Lions,East West Phantoms,102,45,64.0,25.0,12.0,14.0,69.0,11.0,15.0,22.0
401727350,2024-12-04,2025,0,40,2710,2591,Western Illinois Leathernecks,St. Ambrose Fighting Bees,97,64,72.0,15.0,13.0,5.0,62.0,14.0,8.0,10.0
401706986,2024-12-05,2025,0,40,2628,2752,TCU Horned Frogs,Xavier Musketeers,76,72,60.0,18.0,10.0,8.0,58.0,9.0,10.0,15.0
401709976,2024-12-05,2025,0,40,2239,299,Cal State Fullerton Titans,Long Beach State Beach,56,73,49.0,18.0,9.0,15.0,51.0,25.0,9.0,15.0
401711688,2024-12-05,2025,0,40,288,2546,Lipscomb Bisons,Southeast Missouri State Redhawks,78,60,60.0,16.0,10.0,11.0,60.0,8.0,9.0,15.0
401711748,2024-12-05,2025,0,40,2454,2683,North Florida Ospreys,Warner Royals,115,83,78.0,14.0,15.0,16.0,77.0,18.0,10.0,10.0
401714306,2024-12-05,2025,0,40,300,2934,UC Irvine Anteaters,Cal State Bakersfield Roadrunners,82,66,53.0,40.0,12.0,7.0,57.0,19.0,15.0,20.0
401714307,2024-12-05,2025,0,40,2540,28,UC Santa Barbara Gauchos,UC San Diego Tritons,76,84,49.0,15.0,6.0,18.0,64.0,24.0,15.0,7.0
401714308,2024-12-05,2025,0,40,2463,27,Cal State Northridge Matadors,UC Riverside Highlanders,64,68,55.0,20.0,12.0,18.0,59.0,15.0,11.0,16.0
401714309,2024-12-05,2025,0,40,302,13,UC Davis Aggies,Cal Poly Mustangs,77,66,63.0,16.0,10.0,21.0,58.0,14.0,16.0,33.0
401714398,2024-12-05,2025,0,40,2473,2750,Oakland Golden Grizzlies,Wright State Raiders,66,64,54.0,19.0,9.0,7.0,51.0,5.0,3.0,11.0
401714399,2024-12-05,2025,0,40,2174,2870,Detroit Mercy Titans,Purdue Fort Wayne Mastodons,79,78,60.0,13.0,12.0,13.0,59.0,21.0,8.0,9.0
401714400,2024-12-05,2025,0,40,270,325,Milwaukee Panthers,Cleveland State Vikings,79,67,52.0,37.0,19.0,12.0,57.0,12.0,9.0,13.0
401715939,2024-12-05,2025,0,40,2447,2545,Nicholls Colonels,SE Louisiana Lions,67,64,62.0,18.0,7.0,10.0,59.0,15.0,8.0,16.0
401715961,2024-12-05,2025,0,40,2277,2837,Houston Christian Huskies,East Texas A&M Lions,83,79,42.0,39.0,7.0,17.0,59.0,22.0,14.0,13.0
401719328,2024-12-05,2025,0,40,2539,139,San Francisco Dons,Saint Louis Billikens,78,61,59.0,11.0,10.0,15.0,58.0,9.0,9.0,17.0
401720471,2024-12-05,2025,0,40,2344,2379,Longwood Lancers,Maryland Eastern Shore Hawks,80,76,69.0,21.0,19.0,8.0,38.0,31.0,4.0,21.0
401720670,2024-12-05,2025,0,40,357,2320,Texas A&M-Corpus Christi Islanders,Lamar Cardinals,61,65,56.0,23.0,10.0,11.0,58.0,9.0,10.0,15.0
401721208,2024-12-05,2025,0,40,292,2617,UT Rio Grande Valley Vaqueros,Stephen F. Austin Lumberjacks,68,65,54.0,21.0,10.0,17.0,58.0,26.0,14.0,14.0
401721310,2024-12-05,2025,0,40,213,2509,Penn State Nittany Lions,Purdue Boilermakers,81,70,47.0,32.0,8.0,16.0,47.0,19.0,7.0,24.0
401721970,2024-12-05,2025,0,40,294,53,Jacksonville Dolphins,Florida Tech Panthers,88,67,57.0,29.0,9.0,10.0,64.0,11.0,12.0,13.0
401722068,2024-12-05,2025,0,40,2032,2296,Arkansas State Red Wolves,Jackson State Tigers,66,64,63.0,20.0,13.0,15.0,55.0,24.0,8.0,14.0
401722315,2024-12-05,2025,0,40,2428,2515,North Carolina Central Eagles,Radford Highlanders,67,70,54.0,20.0,12.0,19.0,55.0,33.0,18.0,18.0
401722442,2024-12-05,2025,0,40,2674,2181,Valparaiso Beacons,Drake Bulldogs,60,66,46.0,18.0,4.0,10.0,42.0,26.0,6.0,13.0
401726456,2024-12-05,2025,0,40,2916,2466,Incarnate Word Cardinals,Northwestern State Demons,70,72,52.0,11.0,9.0,14.0,53.0,18.0,7.0,7.0
401727075,2024-12-05,2025,0,40,2572,2011,Southern Miss Golden Eagles,Alabama State Hornets,81,64,60.0,17.0,8.0,13.0,71.0,12.0,9.0,7.0
401727490,2024-12-05,2025,0,40,2569,2535,South Carolina State Bulldogs,Samford Bulldogs,81,88,54.0,19.0,10.0,14.0,56.0,15.0,7.0,13.0
401729953,2024-12-05,2025,0,40,486,2117,Aquinas Saints,Central Michigan Chippewas,69,93,72.0,7.0,6.0,8.0,63.0,17.0,9.0,15.0
401700273,2024-12-06,2025,0,40,2247,338,Georgia State Panthers,Kennesaw State Owls,77,81,65.0,25.0,17.0,14.0,61.0,27.0,10.0,11.0
401706174,2024-12-06,2025,0,40,2099,2771,Canisius Golden Griffins,Merrimack Warriors,52,60,64.0,8.0,13.0,13.0,54.0,28.0,8.0,5.0
401706175,2024-12-06,2025,0,40,2520,2514,Rider Broncs,Quinnipiac Bobcats,67,72,56.0,20.0,12.0,10.0,57.0,18.0,15.0,14.0
401706176,2024-12-06,2025,0,40,2368,116,Marist Red Foxes,Mount St. Mary's Mountaineers,53,50,54.0,4.0,8.0,17.0,55.0,11.0,10.0,13.0
401706177,2024-12-06,2025,0,40,2529,314,Sacred Heart Pioneers,Iona Gaels,83,59,57.0,21.0,10.0,16.0,60.0,16.0,13.0,19.0
401706178,2024-12-06,2025,0,40,315,2561,Niagara Purple Eagles,Siena Saints,69,68,45.0,20.0,3.0,8.0,54.0,14.0,7.0,6.0
401706993,2024-12-06,2025,0,40,277,46,West Virginia Mountaineers,Georgetown Hoyas,73,60,57.0,13.0,7.0,12.0,58.0,8.0,10.0,14.0
401707863,2024-12-06,2025,0,40,84,193,Indiana Hoosiers,Miami (OH) RedHawks,76,57,52.0,19.0,9.0,16.0,65.0,11.0,12.0,8.0
401720446,2024-12-06,2025,0,40,2166,2127,Davidson Wildcats,Charleston Southern Buccaneers,73,72,59.0,18.0,6.0,6.0,59.0,18.0,11.0,11.0
401720460,2024-12-06,2025,0,40,2272,249,High Point Panthers,North Texas Mean Green,76,71,45.0,37.0,10.0,18.0,50.0,27.0,8.0,14.0
401721034,2024-12-06,2025,0,40,2309,2501,Kent State Golden Flashes,Portland Pilots,76,57,73.0,2.0,13.0,6.0,46.0,20.0,7.0,14.0
401721311,2024-12-06,2025,0,45,77,356,Northwestern Wildcats,Illinois Fighting Illini,70,66,72.0,17.0,10.0,4.0,67.0,11.0,7.0,11.0
401721702,2024-12-06,2025,0,40,2803,225,Bryant Bulldogs,Brown Bears,75,76,57.0,20.0,7.0,11.0,59.0,17.0,7.0,12.0
401722054,2024-12-06,2025,0,40,50,3155,Florida A&M Rattlers,Trinity (FL) Tigers,130,58,83.0,21.0,18.0,5.0,58.0,12.0,9.0,26.0
401722120,2024-12-06,2025,0,40,5,2504,UAB Blazers,Prairie View A&M Panthers,95,66,61.0,24.0,14.0,14.0,64.0,16.0,12.0,13.0
401724505,2024-12-06,2025,0,40,2184,48,Duquesne Dukes,Delaware Blue Hens,80,66,62.0,28.0,20.0,9.0,58.0,18.0,12.0,12.0
401725960,2024-12-06,2025,0,40,2197,502,Eastern Illinois Panthers,Calumet St. Joseph Crimson Wave,87,57,65.0,27.0,12.0,9.0,55.0,20.0,13.0,23.0
401726393,2024-12-06,2025,0,40,2229,128550,Florida International Panthers,New College Mighty Banyans,70,63,61.0,14.0,10.0,14.0,63.0,12.0,12.0,14.0
401727278,2024-12-06,2025,0,40,2275,3196,Hofstra Pride,St. Joseph's Long Island Golden Eagles,114,46,67.0,16.0,7.0,3.0,52.0,19.0,6.0,14.0
401727296,2024-12-06,2025,0,40,2612,2363,Saint Peter's Peacocks,Manhattan Jaspers,67,70,67.0,20.0,17.0,8.0,62.0,21.0,13.0,10.0
401727351,2024-12-06,2025,0,40,2710,3107,Western Illinois Leathernecks,East West Phantoms,96,49,67.0,23.0,20.0,16.0,67.0,8.0,4.0,7.0
401728973,2024-12-06,2025,0,40,2198,111921,Eastern Kentucky Colonels,Campbellsville (HB) Pioneers,98,62,81.0,28.0,27.0,10.0,63.0,6.0,10.0,18.0
401706923,2024-12-07,2025,0,40,38,36,Colorado Buffaloes,Colorado State Rams,72,55,56.0,12.0,8.0,17.0,64.0,8.0,8.0,11.0
401706950,2024-12-07,2025,0,40,248,2086,Houston Cougars,Butler Bulldogs,79,51,60.0,6.0,13.0,11.0,46.0,22.0,7.0,12.0
401706977,2024-12-07,2025,0,40,2599,2306,St. John's Red Storm,Kansas State Wildcats,88,71,75.0,17.0,15.0,8.0,71.0,20.0,12.0,8.0
401709977,2024-12-07,2025,0,40,299,62,Long Beach State Beach,Hawai'i Rainbow Warriors,76,68,50.0,17.0,4.0,11.0,53.0,12.0,10.0,17.0
401711709,2024-12-07,2025,0,40,2678,2511,VMI Keydets,Queens University Royals,78,81,56.0,20.0,6.0,7.0,53.0,15.0,12.0,21.0
401711749,2024-12-07,2025,0,45,290,2454,Georgia Southern Eagles,North Florida Ospreys,93,91,73.0,22.0,14.0,14.0,78.0,14.0,11.0,11.0
401714351,2024-12-07,2025,0,40,302,2540,UC Davis Aggies,UC Santa Barbara Gauchos,71,60,53.0,23.0,8.0,11.0,56.0,13.0,9.0,12.0
401714352,2024-12-07,2025,0,40,27,2239,UC Riverside Highlanders,Cal State Fullerton Titans,75,68,53.0,21.0,4.0,9.0,50.0,26.0,7.0,15.0
401714353,2024-12-07,2025,0,40,28,2934,UC San Diego Tritons,Cal State Bakersfield Roadrunners,81,60,55.0,19.0,6.0,12.0,48.0,12.0,6.0,21.0
401714354,2024-12-07,2025,0,40,13,2463,Cal Poly Mustangs,Cal State Northridge Matadors,91,102,70.0,30.0,16.0,17.0,74.0,29.0,18.0,12.0
401714401,2024-12-07,2025,0,40,85,94,IU Indianapolis Jaguars,Northern Kentucky Norse,64,66,47.0,9.0,7.0,16.0,58.0,7.0,7.0,10.0
401714402,2024-12-07,2025,0,40,2174,2750,Detroit Mercy Titans,Wright State Raiders,72,80,67.0,16.0,15.0,7.0,49.0,19.0,6.0,15.0
401714403,2024-12-07,2025,0,40,2754,2473,Youngstown State Penguins,Oakland Golden Grizzlies,66,50,52.0,14.0,9.0,10.0,52.0,17.0,9.0,11.0
401714404,2024-12-07,2025,0,40,2739,325,Green Bay Phoenix,Cleveland State Vikings,61,83,46.0,21.0,7.0,19.0,56.0,21.0,9.0,13.0
401714913,2024-12-07,2025,1,45,2250,96,Gonzaga Bulldogs,Kentucky Wildcats,89,90,71.0,24.0,15.0,6.0,75.0,18.0,16.0,7.0
401715323,2024-12-07,2025,0,40,145,2815,Ole Miss Rebels,Lindenwood Lions,86,53,60.0,22.0,9.0,7.0,51.0,19.0,11.0,15.0
401715331,2024-12-07,2025,0,40,2579,151,South Carolina Gamecocks,East Carolina Pirates,75,68,50.0,17.0,8.0,10.0,55.0,14.0,9.0,6.0
401715446,2024-12-07,2025,0,40,269,275,Marquette Golden Eagles,Wisconsin Badgers,88,74,62.0,21.0,11.0,5.0,52.0,18.0,11.0,16.0
401715454,2024-12-07,2025,0,40,156,2439,Creighton Bluejays,UNLV Rebels,83,65,49.0,12.0,4.0,16.0,64.0,7.0,8.0,7.0
401715537,2024-12-07,2025,0,40,227,2507,Rhode Island Rams,Providence Friars,69,63,61.0,19.0,14.0,12.0,57.0,15.0,9.0,13.0
401715918,2024-12-07,2025,0,40,2460,2459,Northern Iowa Panthers,Northern Illinois Huskies,101,57,55.0,29.0,11.0,9.0,56.0,20.0,7.0,8.0
401716160,2024-12-07,2025,0,40,8,2636,Arkansas Razorbacks,UTSA Roadrunners,75,60,53.0,19.0,9.0,15.0,59.0,5.0,4.0,9.0
401716883,2024-12-07,2025,0,40,2244,2655,George Mason Patriots,Tulane Green Wave,76,64,55.0,24.0,10.0,12.0,56.0,10.0,7.0,9.0
401718141,2024-12-07,2025,0,40,295,45,Old Dominion Monarchs,George Washington Revolutionaries,70,78,64.0,17.0,18.0,14.0,49.0,37.0,13.0,12.0
401718252,2024-12-07,2025,0,40,2168,2329,Dayton Flyers,Lehigh Mountain Hawks,86,62,49.0,23.0,1.0,4.0,62.0,11.0,8.0,4.0
401718353,2024-12-07,2025,0,40,2350,58,Loyola Chicago Ramblers,South Florida Bulls,74,72,61.0,23.0,8.0,7.0,53.0,16.0,7.0,16.0
401718423,2024-12-07,2025,0,40,113,2349,Massachusetts Minutemen,UMass Lowell River Hawks,83,96,63.0,33.0,11.0,13.0,50.0,34.0,3.0,21.0
401718472,2024-12-07,2025,0,40,2571,331,South Dakota State Jackrabbits,Eastern Washington Eagles,74,53,64.0,16.0,18.0,15.0,44.0,22.0,2.0,14.0
401718711,2024-12-07,2025,0,40,2335,2400,Liberty Flames,Mississippi Valley State Delta Devils,89,52,52.0,20.0,6.0,10.0,48.0,15.0,7.0,17.0
401719234,2024-12-07,2025,0,40,2427,2592,UNC Asheville Bulldogs,St. Andrews Knights,120,64,72.0,25.0,12.0,15.0,61.0,20.0,13.0,28.0
401719254,2024-12-07,2025,0,40,2737,324,Winthrop Eagles,Coastal Carolina Chanticleers,96,89,53.0,40.0,7.0,5.0,54.0,29.0,9.0,12.0
401719274,2024-12-07,2025,0,40,2717,2908,Western Carolina Catamounts,South Carolina Upstate Spartans,68,74,54.0,16.0,7.0,19.0,56.0,22.0,8.0,13.0
401719340,2024-12-07,2025,0,40,179,2084,St. Bonaventure Bonnies,Buffalo Bulls,65,55,47.0,24.0,6.0,11.0,48.0,7.0,5.0,18.0
401719375,2024-12-07,2025,0,40,2449,2458,North Dakota State Bison,Northern Colorado Bears,82,70,54.0,19.0,2.0,15.0,72.0,14.0,3.0,3.0
401719654,2024-12-07,2025,0,40,2502,2172,Portland State Vikings,Denver Pioneers,67,68,54.0,26.0,12.0,8.0,58.0,14.0,8.0,5.0
401720520,2024-12-07,2025,0,40,155,2692,North Dakota Fighting Hawks,Weber State Wildcats,80,75,64.0,29.0,19.0,8.0,53.0,14.0,5.0,11.0
401720542,2024-12-07,2025,0,40,254,2608,Utah Utes,Saint Mary's Gaels,63,72,64.0,17.0,15.0,10.0,57.0,23.0,11.0,14.0
401720565,2024-12-07,2025,0,40,204,70,Oregon State Beavers,Idaho Vandals,78,62,64.0,17.0,14.0,5.0,51.0,16.0,12.0,16.0
401720572,2024-12-07,2025,0,40,2724,2193,Wichita State Shockers,East Tennessee State Buccaneers,96,87,64.0,21.0,9.0,11.0,71.0,12.0,11.0,12.0
401720671,2024-12-07,2025,0,40,292,2320,UT Rio Grande Valley Vaqueros,Lamar Cardinals,52,84,54.0,12.0,10.0,17.0,64.0,7.0,10.0,10.0
401720711,2024-12-07,2025,0,40,2377,2326,McNeese Cowboys,LeTourneau Yellow Jackets,103,69,59.0,11.0,9.0,14.0,56.0,5.0,7.0,18.0
401720734,2024-12-07,2025,0,40,2447,2443,Nicholls Colonels,LSU New Orleans Privateers,73,70,66.0,21.0,17.0,9.0,55.0,25.0,10.0,13.0
401720753,2024-12-07,2025,0,40,357,2617,Texas A&M-Corpus Christi Islanders,Stephen F. Austin Lumberjacks,67,48,53.0,17.0,9.0,11.0,59.0,15.0,19.0,17.0
401720902,2024-12-07,2025,0,40,2464,233,Northern Arizona Lumberjacks,South Dakota Coyotes,95,82,55.0,35.0,6.0,9.0,62.0,33.0,10.0,9.0
401720903,2024-12-07,2025,0,40,147,140,Montana State Bobcats,Kansas City Roos,74,62,53.0,16.0,8.0,9.0,58.0,17.0,12.0,9.0
401720904,2024-12-07,2025,0,40,2900,149,St. Thomas Tommies,Montana Grizzlies,88,81,58.0,25.0,8.0,10.0,59.0,9.0,5.0,12.0
401720905,2024-12-07,2025,0,40,16,2437,Sacramento State Hornets,Omaha Mavericks,60,70,45.0,26.0,9.0,17.0,60.0,8.0,7.0,10.0
401720906,2024-12-07,2025,0,40,304,198,Idaho State Bengals,Oral Roberts Golden Eagles,71,55,57.0,27.0,17.0,12.0,55.0,15.0,3.0,9.0
401720988,2024-12-07,2025,0,40,2006,2781,Akron Zips,Brockport Golden Eagles,101,48,81.0,17.0,19.0,10.0,71.0,12.0,10.0,13.0
401721005,2024-12-07,2025,0,40,189,2415,Bowling Green Falcons,Morgan State Bears,102,81,68.0,16.0,9.0,8.0,72.0,21.0,16.0,12.0
401721063,2024-12-07,2025,0,40,195,2413,Ohio Bobcats,Morehead State Eagles,88,76,62.0,18.0,9.0,11.0,61.0,24.0,12.0,13.0
401721072,2024-12-07,2025,0,40,2649,190,Toledo Rockets,Defiance Yellow Jackets,111,49,70.0,24.0,16.0,5.0,59.0,14.0,9.0,16.0
401721088,2024-12-07,2025,0,40,107,2115,Holy Cross Crusaders,Central Connecticut Blue Devils,56,69,51.0,5.0,9.0,18.0,54.0,12.0,8.0,10.0
401721138,2024-12-07,2025,0,40,161,130190,Fairleigh Dickinson Knights,Lehman Bridges,98,54,64.0,30.0,16.0,15.0,61.0,21.0,13.0,20.0
401721157,2024-12-07,2025,0,40,2330,2066,Le Moyne Dolphins,Binghamton Bearcats,62,72,60.0,15.0,9.0,6.0,53.0,17.0,12.0,14.0
401721176,2024-12-07,2025,0,40,2385,322,Mercyhurst Lakers,Lafayette Leopards,73,77,51.0,17.0,6.0,11.0,51.0,21.0,11.0,14.0
401721284,2024-12-07,2025,0,40,201,2016,Oklahoma Sooners,Alcorn State Braves,94,78,64.0,14.0,10.0,12.0,57.0,12.0,9.0,18.0
401721312,2024-12-07,2025,0,40,130,2294,Michigan Wolverines,Iowa Hawkeyes,85,83,58.0,22.0,11.0,17.0,77.0,17.0,15.0,4.0
401721313,2024-12-07,2025,0,40,127,158,Michigan State Spartans,Nebraska Cornhuskers,89,52,56.0,23.0,12.0,17.0,54.0,18.0,4.0,11.0
401721314,2024-12-07,2025,0,40,194,164,Ohio State Buckeyes,Rutgers Scarlet Knights,80,66,58.0,13.0,10.0,11.0,57.0,12.0,10.0,14.0
401721315,2024-12-07,2025,0,40,264,30,Washington Huskies,USC Trojans,61,85,56.0,21.0,11.0,14.0,50.0,17.0,2.0,13.0
401721703,2024-12-07,2025,0,40,231,163,Furman Paladins,Princeton Tigers,69,63,58.0,16.0,14.0,14.0,54.0,20.0,11.0,13.0
401721704,2024-12-07,2025,0,40,171,2383,Columbia Lions,Merchant Marine Mariners,98,49,72.0,11.0,17.0,9.0,63.0,12.0,14.0,15.0
401721705,2024-12-07,2025,0,40,43,261,Yale Bulldogs,Vermont Catamounts,65,50,52.0,13.0,10.0,14.0,55.0,9.0,9.0,13.0
401721819,2024-12-07,2025,0,45,104,399,Boston University Terriers,UAlbany Great Danes,80,74,52.0,26.0,13.0,19.0,62.0,14.0,10.0,10.0
401721820,2024-12-07,2025,0,40,2169,2352,Delaware State Hornets,Loyola Maryland Greyhounds,80,77,59.0,23.0,11.0,15.0,61.0,16.0,10.0,14.0
401721821,2024-12-07,2025,0,40,2885,2426,NJIT Highlanders,Navy Midshipmen,69,64,59.0,14.0,10.0,10.0,77.0,14.0,21.0,5.0
401721956,2024-12-07,2025,0,40,2029,2110,Arkansas-Pine Bluff Golden Lions,Central Arkansas Bears,84,78,53.0,18.0,7.0,14.0,71.0,26.0,22.0,11.0
401721987,2024-12-07,2025,0,40,2698,2635,West Georgia Wolves,Tennessee Tech Golden Eagles,78,73,58.0,16.0,5.0,8.0,52.0,20.0,8.0,15.0
401722103,2024-12-07,2025,0,40,119,2378,Towson Tigers,UMBC Retrievers,71,84,78.0,9.0,18.0,9.0,60.0,16.0,2.0,8.0
401722139,2024-12-07,2025,0,40,202,2582,Tulsa Golden Hurricane,Southern Jaguars,66,70,51.0,21.0,9.0,13.0,62.0,25.0,15.0,7.0
401722153,2024-12-07,2025,1,40,2005,2619,Air Force Falcons,Stony Brook Seawolves,69,61,42.0,19.0,4.0,22.0,59.0,17.0,14.0,17.0
401722218,2024-12-07,2025,0,40,68,265,Boise State Broncos,Washington State Cougars,69,74,66.0,20.0,13.0,10.0,57.0,18.0,6.0,13.0
401722230,2024-12-07,2025,0,40,2541,278,Santa Clara Broncos,Fresno State Bulldogs,81,66,62.0,22.0,14.0,16.0,59.0,21.0,8.0,17.0
401722237,2024-12-07,2025,0,40,2351,2440,Loyola Marymount Lions,Nevada Wolf Pack,68,64,50.0,21.0,10.0,12.0,60.0,21.0,14.0,6.0
401722261,2024-12-07,2025,0,45,167,166,New Mexico Lobos,New Mexico State Aggies,83,89,84.0,22.0,23.0,6.0,62.0,17.0,8.0,17.0
401722311,2024-12-07,2025,0,40,12,253,Arizona Wildcats,Southern Utah Thunderbirds,102,66,68.0,36.0,16.0,9.0,64.0,15.0,13.0,18.0
401722347,2024-12-07,2025,0,40,21,301,San Diego State Aztecs,San Diego Toreros,74,57,66.0,15.0,11.0,11.0,55.0,23.0,8.0,16.0
401722392,2024-12-07,2025,0,40,328,3101,Utah State Aggies,Utah Tech Trailblazers,92,62,65.0,26.0,17.0,14.0,61.0,11.0,10.0,15.0
401722445,2024-12-07,2025,0,40,2623,282,Missouri State Bears,Indiana State Sycamores,77,80,58.0,27.0,12.0,10.0,56.0,10.0,6.0,14.0
401722565,2024-12-07,2025,0,40,2057,2393,Belmont Bruins,Middle Tennessee Blue Raiders,82,79,73.0,21.0,19.0,8.0,66.0,12.0,12.0,14.0
401722595,2024-12-07,2025,0,40,339,98,Evansville Purple Aces,Western Kentucky Hilltoppers,65,79,61.0,16.0,8.0,10.0,61.0,18.0,8.0,10.0
401722601,2024-12-07,2025,0,40,2287,279,Illinois State Redbirds,Pacific Tigers,72,61,52.0,19.0,7.0,8.0,57.0,9.0,9.0,12.0
401724708,2024-12-07,2025,0,40,2534,2640,Sam Houston Bearkats,Texas Southern Tigers,87,71,61.0,24.0,19.0,13.0,62.0,15.0,10.0,8.0
401724767,2024-12-07,2025,0,40,154,103,Wake Forest Demon Deacons,Boston College Eagles,72,66,47.0,34.0,7.0,8.0,57.0,14.0,10.0,14.0
401724768,2024-12-07,2025,0,40,2390,228,Miami Hurricanes,Clemson Tigers,55,65,56.0,6.0,12.0,13.0,58.0,12.0,12.0,7.0
401724769,2024-12-07,2025,0,40,87,183,Notre Dame Fighting Irish,Syracuse Orange,69,64,49.0,27.0,9.0,15.0,51.0,24.0,7.0,13.0
401724770,2024-12-07,2025,0,40,153,59,North Carolina Tar Heels,Georgia Tech Yellow Jackets,68,65,59.0,21.0,13.0,18.0,64.0,24.0,11.0,14.0
401724771,2024-12-07,2025,0,40,259,221,Virginia Tech Hokies,Pittsburgh Panthers,59,64,53.0,7.0,8.0,17.0,56.0,12.0,9.0,12.0
401724772,2024-12-07,2025,0,40,2567,258,SMU Mustangs,Virginia Cavaliers,63,51,49.0,20.0,8.0,12.0,47.0,12.0,3.0,14.0
401724773,2024-12-07,2025,0,40,25,24,California Golden Bears,Stanford Cardinal,81,89,71.0,16.0,20.0,7.0,57.0,20.0,7.0,7.0
401724774,2024-12-07,2025,0,45,152,52,NC State Wolfpack,Florida State Seminoles,84,74,54.0,29.0,9.0,10.0,54.0,29.0,11.0,13.0
401725202,2024-12-07,2025,0,40,2492,2755,Pepperdine Waves,Grambling Tigers,85,57,69.0,9.0,11.0,8.0,55.0,18.0,8.0,14.0
401725385,2024-12-07,2025,0,40,2253,109670,Grand Canyon Lopes,Life Pacific Warriors,100,52,68.0,35.0,14.0,5.0,69.0,9.0,14.0,19.0
401725509,2024-12-07,2025,0,40,2638,2547,UTEP Miners,Seattle U Redhawks,88,72,57.0,19.0,10.0,14.0,49.0,25.0,10.0,17.0
401725819,2024-12-07,2025,0,40,256,3084,James Madison Dukes,Utah Valley Wolverines,78,61,54.0,16.0,9.0,12.0,57.0,25.0,13.0,9.0
401726031,2024-12-07,2025,0,40,2210,2747,Elon Phoenix,Wofford Terriers,79,56,47.0,16.0,6.0,16.0,73.0,8.0,19.0,9.0
401726054,2024-12-07,2025,0,40,350,276,UNC Wilmington Seahawks,Marshall Thundering Herd,78,69,55.0,27.0,8.0,13.0,64.0,24.0,15.0,13.0
401726455,2024-12-07,2025,0,40,2277,2466,Houston Christian Huskies,Northwestern State Demons,57,64,52.0,13.0,9.0,12.0,50.0,11.0,8.0,13.0
401727124,2024-12-07,2025,0,40,2241,2428,Gardner-Webb Runnin' Bulldogs,North Carolina Central Eagles,77,78,51.0,28.0,11.0,19.0,58.0,28.0,12.0,11.0
401727257,2024-12-07,2025,0,40,2916,2837,Incarnate Word Cardinals,East Texas A&M Lions,65,53,49.0,21.0,13.0,17.0,41.0,20.0,7.0,21.0
401727265,2024-12-07,2025,0,40,91,2855,Bellarmine Knights,Brescia Bearcats,94,66,66.0,3.0,11.0,10.0,61.0,9.0,6.0,6.0
401727312,2024-12-07,2025,0,40,79,88,Southern Illinois Salukis,Southern Indiana Screaming Eagles,73,70,56.0,19.0,12.0,13.0,54.0,17.0,7.0,9.0
401727346,2024-12-07,2025,0,40,2630,2410,UT Martin Skyhawks,Montreat Cavaliers,112,60,68.0,42.0,19.0,7.0,60.0,22.0,8.0,14.0
401727420,2024-12-07,2025,0,40,2448,2430,North Carolina A&T Aggies,UNC Greensboro Spartans,55,67,56.0,13.0,8.0,10.0,55.0,18.0,12.0,12.0
401729755,2024-12-07,2025,1,40,218,222,Temple Owls,Villanova Wildcats,65,94,54.0,29.0,12.0,7.0,53.0,20.0,11.0,12.0
401729757,2024-12-07,2025,1,40,2182,219,Drexel Dragons,Pennsylvania Quakers,60,47,53.0,11.0,8.0,14.0,59.0,6.0,7.0,11.0
401729758,2024-12-07,2025,1,40,2325,2603,La Salle Explorers,Saint Joseph's Hawks,68,82,60.0,21.0,14.0,12.0,60.0,16.0,6.0,9.0
401706179,2024-12-08,2025,0,40,116,2217,Mount St. Mary's Mountaineers,Fairfield Stags,101,94,65.0,27.0,12.0,5.0,68.0,22.0,13.0,6.0
401706180,2024-12-08,2025,0,40,2099,2561,Canisius Golden Griffins,Siena Saints,53,66,42.0,19.0,3.0,11.0,54.0,12.0,12.0,11.0
401706181,2024-12-08,2025,0,40,315,2771,Niagara Purple Eagles,Merrimack Warriors,62,80,48.0,23.0,9.0,7.0,53.0,13.0,7.0,3.0
401706182,2024-12-08,2025,0,40,2363,2368,Manhattan Jaspers,Marist Red Foxes,75,82,61.0,17.0,13.0,12.0,60.0,12.0,11.0,13.0
401706183,2024-12-08,2025,0,40,2514,2529,Quinnipiac Bobcats,Sacred Heart Pioneers,83,73,61.0,19.0,6.0,8.0,55.0,18.0,9.0,18.0
401706958,2024-12-08,2025,0,40,66,2296,Iowa State Cyclones,Jackson State Tigers,100,58,67.0,29.0,15.0,7.0,54.0,13.0,8.0,24.0
401706968,2024-12-08,2025,0,40,142,2305,Missouri Tigers,Kansas Jayhawks,76,67,52.0,31.0,6.0,11.0,63.0,11.0,16.0,22.0
401706987,2024-12-08,2025,1,40,2628,238,TCU Horned Frogs,Vanderbilt Commodores,74,83,51.0,26.0,7.0,18.0,59.0,33.0,13.0,12.0
401711759,2024-12-08,2025,0,45,56,2382,Stetson Hatters,Mercer Bears,83,89,63.0,21.0,9.0,17.0,67.0,27.0,11.0,9.0
401714405,2024-12-08,2025,0,40,2870,2523,Purdue Fort Wayne Mastodons,Robert Morris Colonials,82,77,56.0,30.0,5.0,13.0,72.0,15.0,13.0,14.0
401714644,2024-12-08,2025,0,40,2,257,Auburn Tigers,Richmond Spiders,98,54,69.0,27.0,15.0,7.0,59.0,19.0,10.0,15.0
401714923,2024-12-08,2025,0,40,99,526,LSU Tigers,Florida Gulf Coast Eagles,80,71,58.0,16.0,11.0,14.0,66.0,5.0,13.0,13.0
401714992,2024-12-08,2025,0,40,344,2504,Mississippi State Bulldogs,Prairie View A&M Panthers,91,84,54.0,31.0,12.0,12.0,55.0,20.0,7.0,10.0
401715350,2024-12-08,2025,0,40,251,41,Texas Longhorns,UConn Huskies,65,76,50.0,24.0,7.0,9.0,54.0,16.0,13.0,14.0
401715360,2024-12-08,2025,1,40,2641,245,Texas Tech Red Raiders,Texas A&M Aggies,67,72,51.0,12.0,9.0,18.0,67.0,18.0,18.0,9.0
401715567,2024-12-08,2025,0,40,2550,197,Seton Hall Pirates,Oklahoma State Cowboys,76,85,54.0,23.0,11.0,15.0,51.0,19.0,8.0,16.0
401715633,2024-12-08,2025,0,40,2132,47,Cincinnati Bearcats,Howard Bison,84,67,64.0,13.0,14.0,13.0,54.0,9.0,5.0,16.0
401715649,2024-12-08,2025,0,40,2116,2627,UCF Knights,Tarleton State Texans,66,51,53.0,22.0,16.0,17.0,53.0,9.0,14.0,23.0
401716873,2024-12-08,2025,0,40,2230,311,Fordham Rams,Maine Black Bears,87,72,61.0,25.0,13.0,16.0,66.0,19.0,9.0,13.0
401719329,2024-12-08,2025,0,40,139,2130,Saint Louis Billikens,Chicago State Cougars,85,62,60.0,20.0,14.0,11.0,62.0,15.0,13.0,11.0
401720472,2024-12-08,2025,0,40,2344,124942,Longwood Lancers,Mary Baldwin Fighting Squirrels,97,40,70.0,33.0,21.0,11.0,52.0,22.0,4.0,16.0
401720949,2024-12-08,2025,0,45,82,159,UIC Flames,Dartmouth Big Green,69,68,71.0,17.0,18.0,19.0,79.0,10.0,12.0,12.0
401720995,2024-12-08,2025,0,40,2565,2050,SIU Edwardsville Cougars,Ball State Cardinals,82,69,57.0,21.0,13.0,10.0,63.0,10.0,9.0,8.0
401721316,2024-12-08,2025,0,40,2509,120,Purdue Boilermakers,Maryland Terrapins,83,78,66.0,13.0,10.0,8.0,66.0,9.0,11.0,10.0
401721317,2024-12-08,2025,0,40,2483,26,Oregon Ducks,UCLA Bruins,71,73,55.0,14.0,9.0,13.0,62.0,7.0,6.0,9.0
401721706,2024-12-08,2025,0,40,160,108,New Hampshire Wildcats,Harvard Crimson,62,72,55.0,14.0,10.0,16.0,44.0,28.0,6.0,19.0
401721707,2024-12-08,2025,0,40,349,172,Army Black Knights,Cornell Big Red,84,103,69.0,11.0,11.0,8.0,68.0,11.0,6.0,5.0
401721822,2024-12-08,2025,0,45,2515,2083,Radford Highlanders,Bucknell Bison,74,70,59.0,36.0,17.0,15.0,58.0,33.0,11.0,10.0
401721823,2024-12-08,2025,0,40,111,2142,Northeastern Huskies,Colgate Raiders,78,75,50.0,29.0,11.0,18.0,52.0,26.0,6.0,12.0
401721948,2024-12-08,2025,0,40,2535,2046,Samford Bulldogs,Austin Peay Governors,72,47,66.0,10.0,18.0,12.0,54.0,10.0,10.0,16.0
401722004,2024-12-08,2025,0,40,2803,126751,Bryant Bulldogs,Vermont State Johnson Badgers,122,63,85.0,12.0,20.0,7.0,69.0,11.0,11.0,14.0
401722026,2024-12-08,2025,0,40,2379,2681,Maryland Eastern Shore Hawks,Wagner Seahawks,61,63,47.0,21.0,8.0,11.0,46.0,23.0,8.0,12.0
401722270,2024-12-08,2025,0,40,235,2032,Memphis Tigers,Arkansas State Red Wolves,72,85,59.0,34.0,17.0,20.0,71.0,27.0,16.0,17.0
401722274,2024-12-08,2025,0,40,326,242,Texas State Bobcats,Rice Owls,75,66,54.0,20.0,13.0,11.0,55.0,25.0,13.0,6.0
401724775,2024-12-08,2025,0,40,97,150,Louisville Cardinals,Duke Blue Devils,65,76,51.0,21.0,8.0,15.0,62.0,14.0,9.0,7.0
401726397,2024-12-08,2025,0,40,6,55,South Alabama Jaguars,Jacksonville State Gamecocks,76,74,63.0,18.0,13.0,6.0,53.0,15.0,12.0,18.0
401727061,2024-12-08,2025,0,40,309,2348,Louisiana Ragin' Cajuns,Louisiana Tech Bulldogs,58,69,53.0,14.0,5.0,11.0,51.0,14.0,9.0,16.0
401727146,2024-12-08,2025,0,40,93,2546,Murray State Racers,Southeast Missouri State Redhawks,73,53,54.0,20.0,14.0,12.0,52.0,11.0,7.0,11.0
401727310,2024-12-08,2025,0,40,314,2612,Iona Gaels,Saint Peter's Peacocks,72,63,50.0,35.0,20.0,19.0,51.0,33.0,16.0,16.0
401700413,2024-12-09,2025,0,40,2670,219,VCU Rams,Pennsylvania Quakers,66,47,67.0,11.0,18.0,10.0,50.0,7.0,5.0,16.0
401720447,2024-12-09,2025,0,40,2569,2127,South Carolina State Bulldogs,Charleston Southern Buccaneers,82,63,65.0,25.0,11.0,5.0,48.0,29.0,10.0,17.0
401721318,2024-12-09,2025,0,40,84,135,Indiana Hoosiers,Minnesota Golden Gophers,82,67,53.0,29.0,12.0,14.0,55.0,15.0,6.0,12.0
401721708,2024-12-09,2025,0,40,171,108862,Columbia Lions,Sarah Lawrence Gryphons,92,46,62.0,21.0,15.0,11.0,58.0,3.0,7.0,17.0
401721824,2024-12-09,2025,0,40,104,2645,Boston University Terriers,Thomas College Terriers,113,75,69.0,29.0,16.0,10.0,61.0,17.0,7.0,16.0
401722369,2024-12-09,2025,0,40,23,124946,San José State Spartans,Lincoln (CA) Oaklanders,117,80,75.0,16.0,16.0,10.0,79.0,7.0,9.0,5.0
401723771,2024-12-09,2025,0,40,2450,2275,Norfolk State Spartans,Hofstra Pride,67,80,49.0,26.0,6.0,10.0,45.0,20.0,6.0,15.0
401725378,2024-12-09,2025,0,40,239,2000,Baylor Bears,Abilene Christian Wildcats,88,57,59.0,16.0,10.0,9.0,55.0,23.0,10.0,10.0
401700403,2024-12-10,2025,0,40,2603,232,Saint Joseph's Hawks,Charleston Cougars,75,78,66.0,10.0,11.0,15.0,62.0,13.0,5.0,12.0
401706889,2024-12-10,2025,0,40,150,2916,Duke Blue Devils,Incarnate Word Cardinals,72,46,55.0,21.0,16.0,13.0,53.0,12.0,8.0,11.0
401706897,2024-12-10,2025,0,40,183,399,Syracuse Orange,UAlbany Great Danes,102,85,63.0,18.0,9.0,11.0,70.0,19.0,12.0,5.0
401706951,2024-12-10,2025,0,40,248,2653,Houston Cougars,Troy Trojans,62,42,51.0,14.0,13.0,10.0,50.0,22.0,17.0,12.0
401706994,2024-12-10,2025,0,40,277,2428,West Virginia Mountaineers,North Carolina Central Eagles,79,45,68.0,10.0,19.0,9.0,48.0,19.0,9.0,14.0
401709978,2024-12-10,2025,0,40,301,299,San Diego Toreros,Long Beach State Beach,70,76,58.0,11.0,12.0,11.0,43.0,25.0,5.0,12.0
401711710,2024-12-10,2025,0,40,2511,108942,Queens University Royals,Carolina University Bruins,91,53,70.0,30.0,19.0,5.0,47.0,11.0,6.0,23.0
401712999,2024-12-10,2025,0,40,2086,2449,Butler Bulldogs,North Dakota State Bison,68,71,62.0,20.0,15.0,4.0,55.0,10.0,10.0,11.0
401715340,2024-12-10,2025,1,40,2633,2390,Tennessee Volunteers,Miami Hurricanes,75,62,52.0,18.0,5.0,11.0,61.0,10.0,11.0,14.0
401715435,2024-12-10,2025,0,40,264,331,Washington Huskies,Eastern Washington Eagles,87,69,56.0,15.0,8.0,15.0,56.0,11.0,6.0,16.0
401715625,2024-12-10,2025,0,40,2752,2415,Xavier Musketeers,Morgan State Bears,119,58,68.0,34.0,16.0,6.0,61.0,22.0,8.0,10.0
401718453,2024-12-10,2025,0,50,225,227,Brown Bears,Rhode Island Rams,84,80,71.0,20.0,10.0,14.0,79.0,21.0,21.0,21.0
401719069,2024-12-10,2025,0,45,305,2507,DePaul Blue Demons,Providence Friars,63,70,67.0,15.0,10.0,11.0,63.0,9.0,9.0,17.0
401719351,2024-12-10,2025,0,40,25,172,California Golden Bears,Cornell Big Red,80,88,64.0,16.0,17.0,18.0,67.0,20.0,13.0,10.0
401720907,2024-12-10,2025,0,40,149,148,Montana Grizzlies,Montana Tech Orediggers,89,60,61.0,11.0,7.0,14.0,60.0,11.0,5.0,11.0
401721177,2024-12-10,2025,0,40,2385,478,Mercyhurst Lakers,Penn State Altoona Nittany Lions,77,51,60.0,13.0,7.0,14.0,49.0,18.0,10.0,26.0
401721319,2024-12-10,2025,0,40,356,275,Illinois Fighting Illini,Wisconsin Badgers,86,80,64.0,25.0,15.0,13.0,63.0,21.0,11.0,12.0
401721320,2024-12-10,2025,0,40,164,213,Rutgers Scarlet Knights,Penn State Nittany Lions,80,76,60.0,25.0,12.0,14.0,68.0,9.0,6.0,6.0
401721709,2024-12-10,2025,0,40,163,2405,Princeton Tigers,Monmouth Hawks,71,67,49.0,23.0,7.0,13.0,48.0,28.0,6.0,10.0
401721784,2024-12-10,2025,0,40,2166,2429,Davidson Wildcats,Charlotte 49ers,75,71,55.0,19.0,14.0,6.0,54.0,19.0,13.0,5.0
401721967,2024-12-10,2025,0,40,2226,294,Florida Atlantic Owls,Jacksonville Dolphins,85,63,68.0,26.0,17.0,13.0,55.0,27.0,10.0,17.0
401722140,2024-12-10,2025,0,40,2582,2877,Southern Jaguars,Lindsey Wilson Blue Raiders,94,69,66.0,27.0,16.0,7.0,51.0,12.0,4.0,15.0
401722172,2024-12-10,2025,0,40,2378,3216,UMBC Retrievers,Cairn University Highlanders,103,57,72.0,23.0,13.0,11.0,70.0,7.0,11.0,16.0
401722287,2024-12-10,2025,0,40,218,420,Temple Owls,Holy Family Tigers,110,81,63.0,29.0,8.0,5.0,63.0,17.0,13.0,18.0
401722293,2024-12-10,2025,0,40,2655,2572,Tulane Green Wave,Southern Miss Golden Eagles,86,58,61.0,21.0,8.0,7.0,52.0,18.0,11.0,21.0
401722335,2024-12-10,2025,0,40,2239,3167,Cal State Fullerton Titans,La Sierra Golden Eagles,61,55,45.0,24.0,16.0,22.0,57.0,16.0,13.0,11.0
401723687,2024-12-10,2025,0,40,152,2154,NC State Wolfpack,Coppin State Eagles,66,56,60.0,24.0,16.0,9.0,44.0,26.0,9.0,15.0
401725205,2024-12-10,2025,0,40,2501,140,Portland Pilots,Kansas City Roos,64,69,48.0,20.0,7.0,17.0,54.0,14.0,9.0,13.0
401726027,2024-12-10,2025,0,40,233,2751,South Dakota Coyotes,Wyoming Cowboys,82,81,60.0,34.0,9.0,10.0,56.0,33.0,16.0,19.0
401726036,2024-12-10,2025,0,40,2261,3111,Hampton Pirates,Apprentice School Builders,86,68,65.0,21.0,14.0,14.0,66.0,12.0,7.0,10.0
401726445,2024-12-10,2025,0,40,2447,2573,Nicholls Colonels,Southern New Orleans Knights,110,66,78.0,28.0,17.0,17.0,65.0,17.0,8.0,23.0
401727092,2024-12-10,2025,0,40,2172,2145,Denver Pioneers,Colorado Colorado Springs Mountain Lions,94,87,61.0,19.0,7.0,9.0,55.0,18.0,10.0,19.0
401727316,2024-12-10,2025,0,40,2815,534,Lindenwood Lions,Harris Stowe State Hornets,99,53,72.0,27.0,15.0,10.0,59.0,11.0,7.0,23.0
401727320,2024-12-10,2025,0,40,2031,2888,Little Rock Trojans,Ouachita Baptist Tigers,80,57,54.0,13.0,8.0,15.0,49.0,12.0,7.0,18.0
401727341,2024-12-10,2025,0,40,98,2634,Western Kentucky Hilltoppers,Tennessee State Tigers,84,60,61.0,20.0,5.0,10.0,60.0,18.0,14.0,21.0
401727356,2024-12-10,2025,1,40,8,130,Arkansas Razorbacks,Michigan Wolverines,89,87,66.0,22.0,12.0,14.0,59.0,18.0,8.0,17.0
401730555,2024-12-10,2025,0,40,48,469,Delaware Blue Hens,Chestnut Hill Griffins,78,51,66.0,15.0,14.0,16.0,74.0,10.0,11.0,6.0
401700431,2024-12-11,2025,0,40,97,2638,Louisville Cardinals,UTEP Miners,77,74,58.0,34.0,16.0,11.0,57.0,11.0,7.0,15.0
401706915,2024-12-11,2025,0,40,252,278,BYU Cougars,Fresno State Bulldogs,95,67,69.0,6.0,12.0,17.0,69.0,10.0,8.0,10.0
401711633,2024-12-11,2025,0,40,221,2198,Pittsburgh Panthers,Eastern Kentucky Colonels,96,56,54.0,25.0,6.0,10.0,70.0,5.0,15.0,13.0
401711739,2024-12-11,2025,0,40,151,2453,East Carolina Pirates,North Alabama Lions,67,74,60.0,19.0,7.0,9.0,54.0,18.0,9.0,15.0
401714406,2024-12-11,2025,0,40,2739,270,Green Bay Phoenix,Milwaukee Panthers,67,88,53.0,17.0,6.0,15.0,69.0,15.0,22.0,15.0
401714407,2024-12-11,2025,0,40,2870,85,Purdue Fort Wayne Mastodons,IU Indianapolis Jaguars,78,76,51.0,16.0,2.0,9.0,48.0,16.0,5.0,19.0
401714914,2024-12-11,2025,0,40,96,2142,Kentucky Wildcats,Colgate Raiders,78,67,70.0,13.0,16.0,6.0,66.0,3.0,8.0,8.0
401715596,2024-12-11,2025,0,40,2599,2803,St. John's Red Storm,Bryant Bulldogs,99,77,78.0,19.0,21.0,13.0,57.0,24.0,10.0,19.0
401715620,2024-12-11,2025,0,40,222,161,Villanova Wildcats,Fairleigh Dickinson Knights,86,72,54.0,22.0,12.0,11.0,53.0,19.0,7.0,9.0
401715685,2024-12-11,2025,0,40,87,159,Notre Dame Fighting Irish,Dartmouth Big Green,77,65,59.0,14.0,6.0,9.0,55.0,17.0,6.0,11.0
401715940,2024-12-11,2025,0,40,309,2545,Louisiana Ragin' Cajuns,SE Louisiana Lions,68,61,54.0,18.0,11.0,16.0,53.0,20.0,9.0,16.0
401722014,2024-12-11,2025,0,40,284,477,Stonehill Skyhawks,Lesley Lynx,97,53,69.0,18.0,15.0,14.0,61.0,8.0,5.0,16.0
401722091,2024-12-11,2025,0,40,2184,311,Duquesne Dukes,Maine Black Bears,56,61,58.0,11.0,20.0,19.0,48.0,16.0,9.0,14.0
401722179,2024-12-11,2025,0,40,2349,112358,UMass Lowell River Hawks,Long Island University Sharks,69,62,51.0,25.0,9.0,17.0,67.0,9.0,10.0,11.0
401722238,2024-12-11,2025,0,40,2440,2571,Nevada Wolf Pack,South Dakota State Jackrabbits,77,63,54.0,5.0,4.0,8.0,55.0,5.0,9.0,11.0
401722348,2024-12-11,2025,0,40,21,2856,San Diego State Aztecs,California Baptist Lancers,81,75,51.0,20.0,7.0,7.0,64.0,5.0,17.0,13.0
401723715,2024-12-11,2025,0,40,2169,2885,Delaware State Hornets,NJIT Highlanders,71,59,67.0,21.0,20.0,14.0,56.0,25.0,8.0,9.0
401723763,2024-12-11,2025,0,40,239,2450,Baylor Bears,Norfolk State Spartans,94,69,65.0,19.0,12.0,8.0,47.0,21.0,7.0,20.0
401724538,2024-12-11,2025,0,40,324,2896,Coastal Carolina Chanticleers,Southern Virginia Knights,82,57,54.0,24.0,7.0,12.0,51.0,21.0,8.0,15.0
401725366,2024-12-11,2025,0,40,2539,2616,San Francisco Dons,Stanislaus State Warriors,68,52,60.0,14.0,14.0,16.0,49.0,20.0,7.0,16.0
401725820,2024-12-11,2025,0,40,3084,155,Utah Valley Wolverines,North Dakota Fighting Hawks,80,57,60.0,9.0,7.0,9.0,65.0,7.0,12.0,10.0
401726565,2024-12-11,2025,0,40,2750,276,Wright State Raiders,Marshall Thundering Herd,88,79,54.0,24.0,4.0,14.0,64.0,20.0,8.0,10.0
401727088,2024-12-11,2025,0,40,2433,2029,UL Monroe Warhawks,Arkansas-Pine Bluff Golden Lions,89,73,57.0,22.0,8.0,18.0,60.0,21.0,7.0,15.0
401727347,2024-12-11,2025,0,45,2011,2630,Alabama State Hornets,UT Martin Skyhawks,103,93,72.0,22.0,9.0,5.0,64.0,30.0,14.0,16.0
401727539,2024-12-11,2025,0,40,94,511,Northern Kentucky Norse,Cumberlands Patriots,98,79,66.0,21.0,18.0,17.0,69.0,12.0,10.0,12.0
401730465,2024-12-11,2025,0,40,47,3229,Howard Bison,Virginia Lynchburg Dragons,124,50,85.0,31.0,27.0,10.0,63.0,22.0,8.0,12.0
401732527,2024-12-11,2025,0,40,2427,495,UNC Asheville Bulldogs,Bluefield Ramblin' Rams,92,46,61.0,22.0,12.0,8.0,51.0,27.0,13.0,19.0
401733707,2024-12-11,2025,0,40,2506,130401,Presbyterian Blue Hose,Columbia (SC) Fighting Koalas,97,57,63.0,16.0,11.0,11.0,61.0,10.0,8.0,14.0
401700458,2024-12-12,2025,0,40,258,2065,Virginia Cavaliers,Bethune-Cookman Wildcats,59,41,50.0,12.0,10.0,11.0,55.0,6.0,8.0,8.0
401706907,2024-12-12,2025,0,40,259,2448,Virginia Tech Hokies,North Carolina A&T Aggies,95,67,70.0,16.0,16.0,16.0,58.0,28.0,9.0,13.0
401706959,2024-12-12,2025,0,40,2294,66,Iowa Hawkeyes,Iowa State Cyclones,80,89,63.0,15.0,8.0,9.0,70.0,22.0,18.0,9.0
401715351,2024-12-12,2025,0,40,251,166,Texas Longhorns,New Mexico State Aggies,91,67,58.0,23.0,10.0,10.0,56.0,13.0,7.0,15.0
401719255,2024-12-12,2025,0,40,2737,3243,Winthrop Eagles,Bob Jones Bruins,103,55,65.0,20.0,20.0,19.0,62.0,8.0,8.0,16.0
401722596,2024-12-12,2025,0,40,339,236,Evansville Purple Aces,Chattanooga Mocs,67,75,54.0,13.0,8.0,15.0,58.0,6.0,8.0,13.0
401725802,2024-12-12,2025,0,40,2032,250,Arkansas State Red Wolves,UT Arlington Mavericks,83,79,57.0,42.0,16.0,10.0,59.0,21.0,11.0,13.0
401726012,2024-12-12,2025,0,40,2643,2097,The Citadel Bulldogs,Campbell Fighting Camels,58,86,55.0,12.0,10.0,14.0,62.0,14.0,11.0,6.0
401727419,2024-12-12,2025,0,40,2678,111926,VMI Keydets,Regent Royals,100,61,77.0,9.0,18.0,8.0,68.0,10.0,9.0,7.0
401729957,2024-12-12,2025,0,40,2181,2591,Drake Bulldogs,St. Ambrose Fighting Bees,90,35,57.0,16.0,11.0,12.0,51.0,7.0,7.0,20.0
401706924,2024-12-13,2025,0,40,38,2571,Colorado Buffaloes,South Dakota State Jackrabbits,81,70,55.0,19.0,9.0,10.0,58.0,13.0,8.0,10.0
401715919,2024-12-13,2025,0,40,2460,2437,Northern Iowa Panthers,Omaha Mavericks,78,58,46.0,35.0,5.0,7.0,57.0,10.0,9.0,13.0
401718142,2024-12-13,2025,0,40,45,349,George Washington Revolutionaries,Army Black Knights,75,60,56.0,15.0,7.0,8.0,67.0,7.0,17.0,12.0
401720521,2024-12-13,2025,0,40,3101,2692,Utah Tech Trailblazers,Weber State Wildcats,71,73,49.0,24.0,9.0,10.0,53.0,19.0,12.0,11.0
401721079,2024-12-13,2025,0,40,2900,2711,St. Thomas Tommies,Western Michigan Broncos,77,71,59.0,12.0,4.0,5.0,67.0,10.0,16.0,9.0
401721321,2024-12-13,2025,0,40,158,84,Nebraska Cornhuskers,Indiana Hoosiers,85,68,49.0,26.0,6.0,14.0,65.0,20.0,15.0,9.0
401721825,2024-12-13,2025,0,40,2771,104,Merrimack Warriors,Boston University Terriers,64,61,50.0,9.0,4.0,6.0,54.0,11.0,12.0,11.0
401727056,2024-12-13,2025,0,40,2348,290,Louisiana Tech Bulldogs,Georgia Southern Eagles,77,63,58.0,10.0,10.0,12.0,63.0,6.0,14.0,13.0
401727105,2024-12-13,2025,0,40,2449,2744,North Dakota State Bison,Wisconsin Stout Blue Devils,91,62,59.0,30.0,15.0,11.0,57.0,17.0,6.0,11.0
401736875,2024-12-13,2025,0,40,2636,155,UTSA Roadrunners,North Dakota Fighting Hawks,80,76,65.0,13.0,8.0,11.0,67.0,30.0,23.0,14.0
401700394,2024-12-14,2025,0,40,153,2325,North Carolina Tar Heels,La Salle Explorers,93,67,67.0,23.0,12.0,11.0,73.0,11.0,14.0,12.0
401700414,2024-12-14,2025,1,40,36,2670,Colorado State Rams,VCU Rams,68,76,51.0,13.0,6.0,15.0,57.0,25.0,12.0,9.0
401700424,2024-12-14,2025,0,45,228,235,Clemson Tigers,Memphis Tigers,82,87,67.0,15.0,12.0,13.0,60.0,17.0,10.0,16.0
401700432,2024-12-14,2025,0,40,96,97,Kentucky Wildcats,Louisville Cardinals,93,85,55.0,28.0,7.0,11.0,70.0,14.0,10.0,7.0
401700450,2024-12-14,2025,1,40,2567,99,SMU Mustangs,LSU Tigers,74,64,60.0,23.0,13.0,15.0,54.0,18.0,7.0,17.0
401706184,2024-12-14,2025,0,40,2520,2619,Rider Broncs,Stony Brook Seawolves,55,72,52.0,19.0,11.0,10.0,52.0,6.0,11.0,14.0
401706185,2024-12-14,2025,0,40,2099,311,Canisius Golden Griffins,Maine Black Bears,79,84,54.0,14.0,3.0,7.0,53.0,16.0,6.0,10.0
401706916,2024-12-14,2025,1,40,252,2751,BYU Cougars,Wyoming Cowboys,68,49,46.0,14.0,5.0,13.0,48.0,8.0,6.0,14.0
401706969,2024-12-14,2025,0,40,2305,152,Kansas Jayhawks,NC State Wolfpack,75,60,53.0,7.0,8.0,13.0,57.0,18.0,11.0,8.0
401706995,2024-12-14,2025,0,40,277,2065,West Virginia Mountaineers,Bethune-Cookman Wildcats,84,61,58.0,22.0,6.0,8.0,61.0,19.0,12.0,13.0
401707854,2024-12-14,2025,0,40,356,2633,Illinois Fighting Illini,Tennessee Volunteers,64,66,51.0,36.0,12.0,11.0,62.0,28.0,17.0,6.0
401707975,2024-12-14,2025,1,40,2509,245,Purdue Boilermakers,Texas A&M Aggies,66,70,53.0,10.0,8.0,16.0,50.0,24.0,14.0,18.0
401710005,2024-12-14,2025,1,40,12,26,Arizona Wildcats,UCLA Bruins,54,57,42.0,19.0,9.0,22.0,51.0,16.0,8.0,14.0
401711651,2024-12-14,2025,0,40,294,2193,Jacksonville Dolphins,East Tennessee State Buccaneers,60,52,56.0,11.0,12.0,19.0,58.0,14.0,10.0,14.0
401711711,2024-12-14,2025,0,40,2241,2511,Gardner-Webb Runnin' Bulldogs,Queens University Royals,83,85,52.0,22.0,9.0,16.0,48.0,29.0,7.0,12.0
401711750,2024-12-14,2025,0,40,2454,2430,North Florida Ospreys,UNC Greensboro Spartans,89,77,69.0,15.0,12.0,7.0,66.0,10.0,11.0,12.0
401711760,2024-12-14,2025,0,40,56,2229,Stetson Hatters,Florida International Panthers,72,81,61.0,24.0,12.0,11.0,61.0,26.0,13.0,9.0
401713000,2024-12-14,2025,1,40,2086,275,Butler Bulldogs,Wisconsin Badgers,74,83,51.0,32.0,5.0,6.0,58.0,27.0,5.0,3.0
401714645,2024-12-14,2025,1,40,2,194,Auburn Tigers,Ohio State Buckeyes,91,53,72.0,14.0,16.0,5.0,51.0,19.0,5.0,8.0
401714895,2024-12-14,2025,1,40,57,9,Florida Gators,Arizona State Sun Devils,83,66,67.0,10.0,12.0,14.0,62.0,19.0,6.0,12.0
401714904,2024-12-14,2025,1,40,61,2253,Georgia Bulldogs,Grand Canyon Lopes,73,68,53.0,17.0,7.0,18.0,63.0,17.0,14.0,13.0
401714993,2024-12-14,2025,1,40,344,2377,Mississippi State Bulldogs,McNeese Cowboys,66,63,52.0,33.0,11.0,8.0,53.0,17.0,11.0,15.0
401715314,2024-12-14,2025,0,40,142,112358,Missouri Tigers,Long Island University Sharks,88,61,55.0,19.0,11.0,13.0,64.0,6.0,16.0,15.0
401715324,2024-12-14,2025,1,40,145,2572,Ole Miss Rebels,Southern Miss Golden Eagles,77,46,58.0,20.0,13.0,9.0,49.0,15.0,9.0,17.0
401715332,2024-12-14,2025,0,40,2579,2908,South Carolina Gamecocks,South Carolina Upstate Spartans,73,53,59.0,25.0,11.0,8.0,61.0,11.0,13.0,15.0
401715419,2024-12-14,2025,0,40,213,2154,Penn State Nittany Lions,Coppin State Eagles,99,51,67.0,16.0,10.0,13.0,62.0,6.0,6.0,18.0
401715426,2024-12-14,2025,0,40,164,2550,Rutgers Scarlet Knights,Seton Hall Pirates,66,63,43.0,28.0,5.0,15.0,56.0,13.0,8.0,10.0
401715455,2024-12-14,2025,0,40,333,156,Alabama Crimson Tide,Creighton Bluejays,83,75,70.0,22.0,17.0,11.0,60.0,16.0,5.0,13.0
401715464,2024-12-14,2025,0,40,305,2724,DePaul Blue Demons,Wichita State Shockers,91,72,62.0,13.0,7.0,12.0,51.0,22.0,7.0,16.0
401715474,2024-12-14,2025,0,40,183,46,Syracuse Orange,Georgetown Hoyas,71,75,54.0,29.0,10.0,10.0,65.0,11.0,12.0,10.0
401715481,2024-12-14,2025,0,40,2168,269,Dayton Flyers,Marquette Golden Eagles,71,63,61.0,16.0,15.0,7.0,54.0,15.0,11.0,13.0
401715538,2024-12-14,2025,1,40,2507,179,Providence Friars,St. Bonaventure Bonnies,70,74,56.0,24.0,14.0,9.0,60.0,28.0,19.0,7.0
401715559,2024-12-14,2025,1,40,2803,2230,Bryant Bulldogs,Fordham Rams,84,86,61.0,31.0,12.0,16.0,69.0,22.0,12.0,14.0
401715614,2024-12-14,2025,1,40,41,2250,UConn Huskies,Gonzaga Bulldogs,77,71,59.0,21.0,8.0,8.0,57.0,19.0,8.0,10.0
401715626,2024-12-14,2025,0,40,2132,2752,Cincinnati Bearcats,Xavier Musketeers,68,65,58.0,26.0,12.0,10.0,58.0,17.0,9.0,14.0
401718424,2024-12-14,2025,0,40,113,2660,Massachusetts Minutemen,UMass Boston Beacons,86,52,66.0,26.0,19.0,16.0,68.0,7.0,8.0,15.0
401718461,2024-12-14,2025,0,40,257,2057,Richmond Spiders,Belmont Bruins,86,93,54.0,29.0,4.0,13.0,57.0,19.0,4.0,14.0
401718712,2024-12-14,2025,0,40,2335,2448,Liberty Flames,North Carolina A&T Aggies,83,74,66.0,15.0,8.0,6.0,67.0,12.0,10.0,9.0
401719222,2024-12-14,2025,1,40,201,197,Oklahoma Sooners,Oklahoma State Cowboys,80,65,61.0,19.0,10.0,12.0,56.0,25.0,14.0,16.0
401719235,2024-12-14,2025,0,40,2427,2717,UNC Asheville Bulldogs,Western Carolina Catamounts,78,61,50.0,28.0,5.0,14.0,61.0,13.0,11.0,15.0
401719352,2024-12-14,2025,0,40,25,2466,California Golden Bears,Northwestern State Demons,84,66,53.0,21.0,11.0,13.0,58.0,16.0,13.0,11.0
401719655,2024-12-14,2025,0,40,2502,3218,Portland State Vikings,Northwest Indian RedHawks,110,48,81.0,17.0,18.0,10.0,69.0,3.0,9.0,19.0
401720463,2024-12-14,2025,1,40,2272,2026,High Point Panthers,App State Mountaineers,65,59,61.0,18.0,11.0,13.0,57.0,18.0,12.0,17.0
401720473,2024-12-14,2025,0,40,2344,2428,Longwood Lancers,North Carolina Central Eagles,70,77,49.0,23.0,8.0,17.0,53.0,19.0,12.0,19.0
401720543,2024-12-14,2025,0,40,254,2515,Utah Utes,Radford Highlanders,81,63,60.0,21.0,8.0,8.0,56.0,12.0,10.0,16.0
401720686,2024-12-14,2025,0,40,309,2320,Louisiana Ragin' Cajuns,Lamar Cardinals,45,74,53.0,16.0,11.0,13.0,58.0,15.0,13.0,9.0
401720754,2024-12-14,2025,0,40,62,357,Hawai'i Rainbow Warriors,Texas A&M-Corpus Christi Islanders,71,62,47.0,23.0,10.0,16.0,52.0,21.0,7.0,12.0
401720908,2024-12-14,2025,0,40,2492,2464,Pepperdine Waves,Northern Arizona Lumberjacks,86,76,59.0,20.0,6.0,7.0,67.0,14.0,14.0,12.0
401720909,2024-12-14,2025,0,40,304,3152,Idaho State Bengals,Walla Walla Wolves,97,43,73.0,14.0,19.0,8.0,61.0,2.0,7.0,12.0
401720910,2024-12-14,2025,0,40,16,302,Sacramento State Hornets,UC Davis Aggies,62,69,55.0,13.0,9.0,16.0,48.0,27.0,8.0,14.0
401720950,2024-12-14,2025,0,40,2349,159,UMass Lowell River Hawks,Dartmouth Big Green,92,83,59.0,19.0,4.0,7.0,61.0,11.0,8.0,13.0
401720981,2024-12-14,2025,0,40,204,300,Oregon State Beavers,UC Irvine Anteaters,67,55,52.0,17.0,9.0,21.0,54.0,12.0,7.0,17.0
401720996,2024-12-14,2025,0,40,91,2050,Bellarmine Knights,Ball State Cardinals,82,86,61.0,15.0,14.0,10.0,48.0,32.0,8.0,9.0
401721006,2024-12-14,2025,0,40,140,189,Kansas City Roos,Bowling Green Falcons,85,77,54.0,12.0,5.0,11.0,56.0,14.0,8.0,13.0
401721064,2024-12-14,2025,0,40,276,195,Marshall Thundering Herd,Ohio Bobcats,79,70,55.0,19.0,4.0,12.0,65.0,11.0,9.0,11.0
401721073,2024-12-14,2025,0,40,2754,2649,Youngstown State Penguins,Toledo Rockets,93,87,59.0,28.0,12.0,11.0,60.0,37.0,15.0,10.0
401721158,2024-12-14,2025,0,40,2330,126848,Le Moyne Dolphins,SUNY Delhi Broncos,106,51,65.0,18.0,13.0,13.0,60.0,17.0,9.0,16.0
401721209,2024-12-14,2025,0,40,292,3141,UT Rio Grande Valley Vaqueros,Northern New Mexico Eagles,72,60,50.0,24.0,7.0,14.0,58.0,17.0,12.0,14.0
401721785,2024-12-14,2025,0,40,2166,2174,Davidson Wildcats,Detroit Mercy Titans,86,51,61.0,14.0,13.0,13.0,60.0,12.0,12.0,13.0
401721826,2024-12-14,2025,0,40,116,2352,Mount St. Mary's Mountaineers,Loyola Maryland Greyhounds,69,77,57.0,17.0,12.0,19.0,51.0,29.0,8.0,15.0
401721939,2024-12-14,2025,0,40,315,2598,Niagara Purple Eagles,Saint Francis Red Wolves,69,66,57.0,7.0,7.0,10.0,58.0,4.0,5.0,8.0
401721952,2024-12-14,2025,0,40,2046,79,Austin Peay Governors,Southern Illinois Salukis,60,65,48.0,24.0,12.0,17.0,56.0,17.0,13.0,12.0
401721966,2024-12-14,2025,1,40,8,2110,Arkansas Razorbacks,Central Arkansas Bears,82,57,55.0,9.0,7.0,12.0,54.0,18.0,6.0,9.0
401722027,2024-12-14,2025,0,40,2885,2681,NJIT Highlanders,Wagner Seahawks,43,50,58.0,9.0,8.0,10.0,63.0,17.0,19.0,11.0
401722099,2024-12-14,2025,0,40,399,2182,UAlbany Great Danes,Drexel Dragons,70,77,57.0,15.0,8.0,11.0,41.0,26.0,6.0,19.0
401722121,2024-12-14,2025,0,40,2351,2504,Loyola Marymount Lions,Prairie View A&M Panthers,76,75,52.0,25.0,11.0,18.0,51.0,25.0,3.0,10.0
401722189,2024-12-14,2025,0,40,2247,2429,Georgia State Panthers,Charlotte 49ers,63,77,58.0,29.0,15.0,13.0,48.0,36.0,5.0,13.0
401722205,2024-12-14,2025,0,40,2226,326,Florida Atlantic Owls,Texas State Bobcats,89,80,59.0,29.0,8.0,6.0,56.0,15.0,11.0,17.0
401722219,2024-12-14,2025,1,45,68,2608,Boise State Broncos,Saint Mary's Gaels,67,65,51.0,27.0,11.0,12.0,61.0,16.0,10.0,7.0
401722231,2024-12-14,2025,0,40,278,301,Fresno State Bulldogs,San Diego Toreros,73,65,61.0,25.0,14.0,12.0,66.0,10.0,16.0,17.0
401722239,2024-12-14,2025,0,40,2440,2640,Nevada Wolf Pack,Texas Southern Tigers,105,73,61.0,17.0,7.0,10.0,59.0,13.0,6.0,13.0
401722262,2024-12-14,2025,0,40,167,2703,New Mexico Lobos,Western New Mexico Mustangs,122,70,78.0,17.0,15.0,11.0,59.0,12.0,7.0,24.0
401722280,2024-12-14,2025,0,40,328,58,Utah State Aggies,South Florida Bulls,88,67,64.0,21.0,14.0,12.0,52.0,15.0,11.0,22.0
401722295,2024-12-14,2025,1,40,52,2655,Florida State Seminoles,Tulane Green Wave,77,64,43.0,35.0,2.0,11.0,59.0,25.0,15.0,14.0
401722370,2024-12-14,2025,0,45,23,13,San José State Spartans,Cal Poly Mustangs,107,100,74.0,29.0,12.0,14.0,69.0,18.0,6.0,18.0
401722388,2024-12-14,2025,0,40,2439,279,UNLV Rebels,Pacific Tigers,72,65,58.0,16.0,12.0,13.0,58.0,22.0,15.0,13.0
401722423,2024-12-14,2025,0,40,2540,2739,UC Santa Barbara Gauchos,Green Bay Phoenix,83,66,71.0,12.0,13.0,9.0,56.0,14.0,3.0,15.0
401722424,2024-12-14,2025,1,40,2116,202,UCF Knights,Tulsa Golden Hurricane,88,75,67.0,24.0,15.0,5.0,57.0,26.0,12.0,11.0
401722589,2024-12-14,2025,1,40,2541,71,Santa Clara Broncos,Bradley Braves,84,74,56.0,24.0,13.0,10.0,56.0,16.0,9.0,12.0
401723735,2024-12-14,2025,0,40,2379,109684,Maryland Eastern Shore Hawks,Bryn Athyn Lions,91,65,60.0,16.0,9.0,12.0,64.0,5.0,3.0,7.0
401724506,2024-12-14,2025,1,40,2184,119,Duquesne Dukes,Towson Tigers,65,47,48.0,15.0,12.0,11.0,53.0,14.0,11.0,6.0
401724519,2024-12-14,2025,0,40,231,2569,Furman Paladins,South Carolina State Bulldogs,68,64,43.0,24.0,9.0,14.0,60.0,18.0,16.0,9.0
401724524,2024-12-14,2025,0,40,2674,2117,Valparaiso Beacons,Central Michigan Chippewas,93,77,58.0,31.0,9.0,16.0,55.0,34.0,9.0,16.0
401725370,2024-12-14,2025,0,40,265,2623,Washington State Cougars,Missouri State Bears,91,78,51.0,28.0,8.0,14.0,64.0,15.0,16.0,14.0
401725379,2024-12-14,2025,0,40,2000,2810,Abilene Christian Wildcats,Hardin Simmons Cowboys,93,62,67.0,19.0,16.0,9.0,54.0,14.0,12.0,21.0
401725510,2024-12-14,2025,0,40,2547,205,Seattle U Redhawks,Pacific (OR) Boxers,111,44,66.0,19.0,11.0,6.0,60.0,11.0,5.0,12.0
401725803,2024-12-14,2025,0,40,250,2433,UT Arlington Mavericks,UL Monroe Warhawks,77,68,60.0,19.0,7.0,7.0,69.0,9.0,17.0,13.0
401725821,2024-12-14,2025,0,40,55,3084,Jacksonville State Gamecocks,Utah Valley Wolverines,70,66,55.0,20.0,7.0,9.0,60.0,21.0,11.0,11.0
401725961,2024-12-14,2025,0,40,2198,2197,Eastern Kentucky Colonels,Eastern Illinois Panthers,81,66,62.0,12.0,10.0,15.0,67.0,15.0,18.0,17.0
401726028,2024-12-14,2025,0,40,233,2710,South Dakota Coyotes,Western Illinois Leathernecks,89,66,56.0,36.0,15.0,10.0,68.0,8.0,14.0,10.0
401726032,2024-12-14,2025,0,40,2210,3229,Elon Phoenix,Virginia Lynchburg Dragons,114,52,89.0,20.0,32.0,11.0,62.0,7.0,4.0,16.0
401726055,2024-12-14,2025,0,40,47,350,Howard Bison,UNC Wilmington Seahawks,88,83,51.0,26.0,6.0,13.0,63.0,27.0,12.0,9.0
401726439,2024-12-14,2025,0,45,98,93,Western Kentucky Hilltoppers,Murray State Racers,81,76,71.0,25.0,15.0,14.0,66.0,26.0,8.0,14.0
401727082,2024-12-14,2025,0,40,2653,109014,Troy Trojans,Middle Georgia Knights,87,53,63.0,34.0,18.0,19.0,64.0,21.0,14.0,21.0
401727282,2024-12-14,2025,0,40,325,2855,Cleveland State Vikings,Brescia Bearcats,103,37,80.0,16.0,23.0,6.0,49.0,15.0,12.0,27.0
401727317,2024-12-14,2025,0,40,2815,85,Lindenwood Lions,IU Indianapolis Jaguars,81,63,60.0,17.0,12.0,12.0,52.0,14.0,4.0,12.0
401727336,2024-12-14,2025,0,40,2634,3239,Tennessee State Tigers,Johnson Royals,89,58,68.0,22.0,23.0,12.0,56.0,7.0,10.0,19.0
401706874,2024-12-15,2025,0,40,103,284,Boston College Eagles,Stonehill Skyhawks,73,69,58.0,12.0,12.0,9.0,53.0,12.0,8.0,12.0
401706908,2024-12-15,2025,0,40,259,2426,Virginia Tech Hokies,Navy Midshipmen,80,72,51.0,18.0,8.0,10.0,51.0,16.0,15.0,16.0
401706960,2024-12-15,2025,0,40,66,2437,Iowa State Cyclones,Omaha Mavericks,83,51,60.0,18.0,12.0,12.0,56.0,9.0,9.0,19.0
401715352,2024-12-15,2025,0,40,251,2029,Texas Longhorns,Arkansas-Pine Bluff Golden Lions,121,57,70.0,20.0,11.0,7.0,53.0,17.0,6.0,22.0
401715384,2024-12-15,2025,0,40,2294,2443,Iowa Hawkeyes,LSU New Orleans Privateers,104,57,67.0,9.0,8.0,6.0,67.0,5.0,16.0,15.0
401715403,2024-12-15,2025,1,40,77,59,Northwestern Wildcats,Georgia Tech Yellow Jackets,71,60,65.0,16.0,9.0,6.0,56.0,13.0,8.0,16.0
401715679,2024-12-15,2025,0,40,2390,2506,Miami Hurricanes,Presbyterian Blue Hose,94,75,52.0,22.0,6.0,9.0,63.0,12.0,9.0,3.0
401715893,2024-12-15,2025,1,40,270,2006,Milwaukee Panthers,Akron Zips,100,81,64.0,20.0,12.0,22.0,72.0,11.0,8.0,17.0
401716118,2024-12-15,2025,0,40,2916,3158,Incarnate Word Cardinals,Our Lady of the Lake Saints,93,69,61.0,19.0,13.0,11.0,52.0,24.0,10.0,13.0
401716161,2024-12-15,2025,0,40,155,2636,North Dakota Fighting Hawks,UTSA Roadrunners,85,95,65.0,26.0,17.0,14.0,56.0,24.0,3.0,11.0
401718354,2024-12-15,2025,1,40,2350,2539,Loyola Chicago Ramblers,San Francisco Dons,66,76,59.0,32.0,10.0,11.0,53.0,23.0,5.0,15.0
401718454,2024-12-15,2025,0,40,227,2115,Rhode Island Rams,Central Connecticut Blue Devils,77,69,60.0,28.0,9.0,7.0,58.0,9.0,4.0,12.0
401719330,2024-12-15,2025,0,40,2287,139,Illinois State Redbirds,Saint Louis Billikens,81,77,55.0,21.0,10.0,8.0,54.0,14.0,10.0,11.0
401720566,2024-12-15,2025,0,40,70,28,Idaho Vandals,UC San Diego Tritons,56,80,51.0,9.0,5.0,16.0,58.0,23.0,11.0,10.0
401720911,2024-12-15,2025,0,40,30,147,USC Trojans,Montana State Bobcats,89,63,63.0,24.0,12.0,11.0,61.0,25.0,7.0,12.0
401721025,2024-12-15,2025,0,40,2199,2870,Eastern Michigan Eagles,Purdue Fort Wayne Mastodons,76,99,61.0,18.0,13.0,10.0,64.0,18.0,12.0,9.0
401721035,2024-12-15,2025,0,40,2309,2385,Kent State Golden Flashes,Mercyhurst Lakers,82,57,59.0,24.0,14.0,9.0,52.0,6.0,5.0,15.0
401721045,2024-12-15,2025,0,40,193,2062,Miami (OH) RedHawks,Bethany (WV) Bison,112,70,76.0,13.0,17.0,12.0,55.0,9.0,6.0,26.0
401721080,2024-12-15,2025,0,40,2449,2711,North Dakota State Bison,Western Michigan Broncos,98,62,55.0,9.0,3.0,11.0,62.0,13.0,8.0,7.0
401721113,2024-12-15,2025,0,40,2382,2130,Mercer Bears,Chicago State Cougars,75,63,66.0,16.0,13.0,9.0,65.0,8.0,10.0,11.0
401721232,2024-12-15,2025,0,40,236,2010,Chattanooga Mocs,Alabama A&M Bulldogs,85,63,49.0,24.0,9.0,10.0,55.0,13.0,9.0,10.0
401721654,2024-12-15,2025,0,40,2483,2617,Oregon Ducks,Stephen F. Austin Lumberjacks,79,61,49.0,32.0,13.0,19.0,63.0,11.0,19.0,22.0
401721827,2024-12-15,2025,0,40,2142,261,Colgate Raiders,Vermont Catamounts,65,60,53.0,18.0,5.0,6.0,49.0,19.0,11.0,15.0
401721992,2024-12-15,2025,0,40,2066,123306,Binghamton Bearcats,Lancaster Bible Chargers,85,60,49.0,23.0,9.0,18.0,64.0,16.0,12.0,11.0
401722284,2024-12-15,2025,0,40,2275,218,Hofstra Pride,Temple Owls,42,60,56.0,15.0,8.0,9.0,64.0,20.0,16.0,8.0
401722299,2024-12-15,2025,0,45,5,2032,UAB Blazers,Arkansas State Red Wolves,89,98,75.0,24.0,9.0,12.0,79.0,24.0,15.0,14.0
401722324,2024-12-15,2025,0,40,2934,3167,Cal State Bakersfield Roadrunners,La Sierra Golden Eagles,96,47,61.0,22.0,16.0,13.0,65.0,10.0,14.0,13.0
401722330,2024-12-15,2025,0,40,2239,2172,Cal State Fullerton Titans,Denver Pioneers,74,59,48.0,18.0,6.0,9.0,55.0,18.0,11.0,6.0
401723753,2024-12-15,2025,0,40,2415,2097,Morgan State Bears,Campbell Fighting Camels,86,76,54.0,17.0,7.0,14.0,58.0,24.0,12.0,13.0
401723764,2024-12-15,2025,0,40,94,2450,Northern Kentucky Norse,Norfolk State Spartans,71,62,49.0,24.0,10.0,15.0,58.0,21.0,13.0,12.0
401724515,2024-12-15,2025,0,45,2031,82,Little Rock Trojans,UIC Flames,69,77,61.0,24.0,14.0,13.0,64.0,25.0,21.0,18.0
401726045,2024-12-15,2025,0,40,295,111,Old Dominion Monarchs,Northeastern Huskies,71,75,68.0,19.0,15.0,9.0,60.0,30.0,15.0,12.0
401727071,2024-12-15,2025,0,40,2837,6,East Texas A&M Lions,South Alabama Jaguars,72,81,50.0,11.0,7.0,20.0,54.0,29.0,8.0,7.0
401727119,2024-12-15,2025,0,40,2900,509,St. Thomas Tommies,Crown Polars,100,61,70.0,17.0,10.0,5.0,56.0,14.0,6.0,17.0
401727275,2024-12-15,2025,0,40,27,2595,UC Riverside Highlanders,St. Francis (IL) Fighting Saints,78,55,70.0,8.0,20.0,10.0,54.0,8.0,8.0,14.0
401727323,2024-12-15,2025,0,40,2413,3077,Morehead State Eagles,Kentucky Christian Knights,86,63,68.0,25.0,19.0,11.0,56.0,11.0,4.0,13.0
401727329,2024-12-15,2025,0,40,2546,126824,Southeast Missouri State Redhawks,Saint Mary of the Woods Pomeroys,93,56,73.0,21.0,14.0,12.0,57.0,20.0,5.0,18.0
401727335,2024-12-15,2025,0,40,88,2893,Southern Indiana Screaming Eagles,Shawnee State Bears,91,56,68.0,22.0,13.0,7.0,65.0,6.0,8.0,12.0
401727348,2024-12-15,2025,0,40,2630,3134,UT Martin Skyhawks,Champion Christian Tigers,123,56,85.0,20.0,22.0,13.0,70.0,22.0,7.0,12.0
401728321,2024-12-15,2025,0,40,2565,101,SIU Edwardsville Cougars,Eureka Red Devils,100,52,65.0,18.0,7.0,8.0,59.0,10.0,8.0,17.0
401706988,2024-12-16,2025,0,40,2628,6,TCU Horned Frogs,South Alabama Jaguars,58,49,55.0,17.0,14.0,12.0,51.0,12.0,9.0,12.0
401715642,2024-12-16,2025,0,40,2641,198,Texas Tech Red Raiders,Oral Roberts Golden Eagles,86,50,64.0,13.0,13.0,10.0,53.0,12.0,8.0,15.0
401715920,2024-12-16,2025,0,40,2460,149,Northern Iowa Panthers,Montana Grizzlies,104,76,58.0,18.0,7.0,7.0,53.0,17.0,6.0,13.0
401715941,2024-12-16,2025,0,40,2755,2545,Grambling Tigers,SE Louisiana Lions,65,75,50.0,16.0,1.0,6.0,48.0,17.0,7.0,16.0
401719376,2024-12-16,2025,0,40,2458,2005,Northern Colorado Bears,Air Force Falcons,81,76,53.0,23.0,7.0,13.0,55.0,33.0,4.0,6.0
401721285,2024-12-16,2025,0,40,242,2016,Rice Owls,Alcorn State Braves,77,75,57.0,12.0,9.0,18.0,54.0,17.0,8.0,18.0
401721962,2024-12-16,2025,0,40,2110,2643,Central Arkansas Bears,The Citadel Bulldogs,73,71,67.0,13.0,12.0,10.0,54.0,9.0,6.0,19.0
401723736,2024-12-16,2025,0,40,2379,3216,Maryland Eastern Shore Hawks,Cairn University Highlanders,81,64,52.0,29.0,5.0,17.0,65.0,13.0,9.0,15.0
401725347,2024-12-16,2025,0,40,2501,2930,Portland Pilots,Willamette Bearcats,100,69,68.0,14.0,8.0,13.0,73.0,10.0,11.0,15.0
401725383,2024-12-16,2025,0,40,2393,2856,Middle Tennessee Blue Raiders,California Baptist Lancers,75,64,59.0,22.0,10.0,11.0,64.0,28.0,13.0,7.0
401725386,2024-12-16,2025,0,40,2348,2253,Louisiana Tech Bulldogs,Grand Canyon Lopes,74,66,54.0,14.0,7.0,13.0,62.0,17.0,14.0,12.0
401725795,2024-12-16,2025,0,40,166,253,New Mexico State Aggies,Southern Utah Thunderbirds,72,69,58.0,16.0,10.0,16.0,61.0,13.0,7.0,12.0
401725810,2024-12-16,2025,0,40,3101,2850,Utah Tech Trailblazers,Whittier Poets,100,66,85.0,16.0,25.0,13.0,62.0,22.0,3.0,8.0
401726016,2024-12-16,2025,0,40,232,2747,Charleston Cougars,Wofford Terriers,77,67,59.0,13.0,8.0,10.0,69.0,18.0,22.0,10.0
401726429,2024-12-16,2025,0,40,2534,3170,Sam Houston Bearkats,St. Thomas (TX) Celts,80,54,66.0,25.0,20.0,18.0,70.0,13.0,12.0,12.0
401726435,2024-12-16,2025,0,40,2638,2627,UTEP Miners,Tarleton State Texans,67,62,45.0,33.0,10.0,15.0,40.0,23.0,6.0,18.0
401726566,2024-12-16,2025,0,40,276,455,Marshall Thundering Herd,West Virginia Wesleyan Bobcats,93,63,67.0,9.0,13.0,12.0,56.0,7.0,5.0,16.0
401733683,2024-12-16,2025,0,40,288,3245,Lipscomb Bisons,Truett McConnell Bears,99,67,76.0,21.0,17.0,10.0,63.0,11.0,11.0,24.0
401700277,2024-12-17,2025,0,40,2710,2635,Western Illinois Leathernecks,Tennessee Tech Golden Eagles,71,68,66.0,10.0,13.0,6.0,59.0,10.0,12.0,11.0
401700425,2024-12-17,2025,0,45,2579,228,South Carolina Gamecocks,Clemson Tigers,91,88,58.0,34.0,11.0,12.0,64.0,21.0,8.0,10.0
401700439,2024-12-17,2025,1,40,153,57,North Carolina Tar Heels,Florida Gators,84,90,72.0,19.0,13.0,10.0,65.0,27.0,16.0,17.0
401700469,2024-12-17,2025,0,40,154,256,Wake Forest Demon Deacons,James Madison Dukes,75,58,60.0,13.0,15.0,9.0,58.0,9.0,11.0,8.0
401706890,2024-12-17,2025,0,40,150,2244,Duke Blue Devils,George Mason Patriots,68,47,56.0,21.0,14.0,10.0,68.0,6.0,20.0,13.0
401706978,2024-12-17,2025,1,45,2306,2181,Kansas State Wildcats,Drake Bulldogs,70,73,52.0,20.0,8.0,13.0,49.0,22.0,8.0,14.0
401707873,2024-12-17,2025,0,40,120,2598,Maryland Terrapins,Saint Francis Red Wolves,111,57,68.0,17.0,11.0,5.0,59.0,3.0,3.0,15.0
401710006,2024-12-17,2025,0,40,26,2504,UCLA Bruins,Prairie View A&M Panthers,111,75,61.0,37.0,12.0,10.0,51.0,24.0,5.0,17.0
401711751,2024-12-17,2025,0,40,2427,2454,UNC Asheville Bulldogs,North Florida Ospreys,95,81,58.0,29.0,12.0,14.0,63.0,22.0,11.0,11.0
401711761,2024-12-17,2025,0,40,99,56,LSU Tigers,Stetson Hatters,99,53,65.0,18.0,14.0,11.0,59.0,12.0,7.0,12.0
401714646,2024-12-17,2025,0,40,2,2247,Auburn Tigers,Georgia State Panthers,100,59,61.0,26.0,10.0,11.0,62.0,20.0,17.0,20.0
401715315,2024-12-17,2025,0,40,142,55,Missouri Tigers,Jacksonville State Gamecocks,83,72,56.0,22.0,9.0,3.0,60.0,13.0,16.0,12.0
401715325,2024-12-17,2025,0,40,145,2582,Ole Miss Rebels,Southern Jaguars,74,61,53.0,29.0,11.0,17.0,58.0,18.0,12.0,18.0
401715341,2024-12-17,2025,0,40,2633,2717,Tennessee Volunteers,Western Carolina Catamounts,84,36,69.0,14.0,14.0,10.0,64.0,4.0,14.0,23.0
401715411,2024-12-17,2025,0,40,194,2674,Ohio State Buckeyes,Valparaiso Beacons,95,73,61.0,27.0,9.0,10.0,67.0,23.0,13.0,10.0
401715658,2024-12-17,2025,0,40,52,2737,Florida State Seminoles,Winthrop Eagles,82,64,61.0,17.0,16.0,20.0,68.0,23.0,14.0,15.0
401715701,2024-12-17,2025,0,40,24,2771,Stanford Cardinal,Merrimack Warriors,74,68,56.0,20.0,11.0,11.0,55.0,17.0,5.0,11.0
401715962,2024-12-17,2025,0,40,2433,2277,UL Monroe Warhawks,Houston Christian Huskies,68,74,58.0,12.0,9.0,16.0,62.0,15.0,11.0,12.0
401718253,2024-12-17,2025,0,40,2168,2439,Dayton Flyers,UNLV Rebels,66,65,51.0,16.0,7.0,8.0,53.0,16.0,8.0,7.0
401718713,2024-12-17,2025,0,40,2335,2592,Liberty Flames,St. Andrews Knights,124,50,77.0,12.0,13.0,14.0,67.0,4.0,5.0,19.0
401719070,2024-12-17,2025,0,40,222,2550,Villanova Wildcats,Seton Hall Pirates,79,67,47.0,22.0,3.0,11.0,59.0,21.0,12.0,8.0
401719071,2024-12-17,2025,0,40,2599,305,St. John's Red Storm,DePaul Blue Demons,89,61,67.0,21.0,17.0,9.0,51.0,21.0,11.0,20.0
401719341,2024-12-17,2025,0,40,2561,179,Siena Saints,St. Bonaventure Bonnies,48,65,56.0,8.0,9.0,16.0,59.0,10.0,8.0,11.0
401720461,2024-12-17,2025,0,40,2272,108942,High Point Panthers,Carolina University Bruins,99,31,65.0,21.0,20.0,13.0,49.0,2.0,4.0,23.0
401720544,2024-12-17,2025,0,40,254,50,Utah Utes,Florida A&M Rattlers,89,59,62.0,24.0,13.0,10.0,53.0,14.0,7.0,18.0
401720707,2024-12-17,2025,0,40,2572,2320,Southern Miss Golden Eagles,Lamar Cardinals,65,69,57.0,25.0,15.0,13.0,66.0,15.0,16.0,13.0
401720912,2024-12-17,2025,0,40,204,16,Oregon State Beavers,Sacramento State Hornets,82,45,54.0,16.0,6.0,12.0,56.0,11.0,11.0,16.0
401721648,2024-12-17,2025,1,40,2473,127,Oakland Golden Grizzlies,Michigan State Spartans,58,77,63.0,17.0,15.0,8.0,60.0,23.0,20.0,12.0
401721828,2024-12-17,2025,0,40,2514,107,Quinnipiac Bobcats,Holy Cross Crusaders,69,70,58.0,13.0,5.0,9.0,61.0,7.0,3.0,8.0
401721984,2024-12-17,2025,0,40,2429,2698,Charlotte 49ers,West Georgia Wolves,75,70,,,,,,,,
401722198,2024-12-17,2025,0,40,151,2229,East Carolina Pirates,Florida International Panthers,75,64,58.0,15.0,11.0,16.0,56.0,18.0,9.0,15.0
401722220,2024-12-17,2025,0,40,68,2640,Boise State Broncos,Texas Southern Tigers,82,51,60.0,30.0,16.0,15.0,63.0,12.0,5.0,11.0
401722226,2024-12-17,2025,0,40,36,2515,Colorado State Rams,Radford Highlanders,78,68,52.0,17.0,8.0,10.0,58.0,19.0,11.0,7.0
401722302,2024-12-17,2025,0,40,2724,140,Wichita State Shockers,Kansas City Roos,64,74,62.0,24.0,13.0,6.0,53.0,18.0,10.0,14.0
401722393,2024-12-17,2025,0,40,328,28,Utah State Aggies,UC San Diego Tritons,73,75,60.0,24.0,12.0,14.0,47.0,27.0,7.0,18.0
401724539,2024-12-17,2025,0,40,2448,324,North Carolina A&T Aggies,Coastal Carolina Chanticleers,68,73,,,,,,,,
401725511,2024-12-17,2025,0,40,98,2547,Western Kentucky Hilltoppers,Seattle U Redhawks,86,73,49.0,24.0,2.0,11.0,63.0,30.0,14.0,7.0
401726021,2024-12-17,2025,0,40,47,2182,Howard Bison,Drexel Dragons,65,68,64.0,10.0,9.0,8.0,61.0,12.0,11.0,10.0
401726047,2024-12-17,2025,0,40,2619,2368,Stony Brook Seawolves,Marist Red Foxes,66,68,45.0,22.0,8.0,10.0,61.0,10.0,15.0,7.0
401726051,2024-12-17,2025,0,40,2523,119,Robert Morris Colonials,Towson Tigers,68,67,47.0,21.0,8.0,14.0,46.0,15.0,8.0,17.0
401727057,2024-12-17,2025,0,40,290,2241,Georgia Southern Eagles,Gardner-Webb Runnin' Bulldogs,86,81,,,,,,,,
401727083,2024-12-17,2025,0,40,2653,548,Troy Trojans,LaGrange Panthers,105,60,68.0,33.0,23.0,15.0,57.0,28.0,18.0,21.0
401727093,2024-12-17,2025,0,45,13,2172,Cal Poly Mustangs,Denver Pioneers,95,94,61.0,31.0,17.0,24.0,68.0,15.0,10.0,19.0
401727125,2024-12-17,2025,0,40,2428,108806,North Carolina Central Eagles,Mid Atlantic Christian Mustangs,112,67,74.0,23.0,20.0,15.0,55.0,24.0,4.0,20.0
401727242,2024-12-17,2025,0,40,2029,3120,Arkansas-Pine Bluff Golden Lions,Ecclesia Royals,120,61,73.0,12.0,10.0,8.0,60.0,19.0,3.0,13.0
401727410,2024-12-17,2025,1,40,344,2117,Mississippi State Bulldogs,Central Michigan Chippewas,83,59,,,,,,,,
401727422,2024-12-17,2025,0,40,2430,108807,UNC Greensboro Spartans,William Peace Pacers,86,37,58.0,11.0,10.0,12.0,46.0,5.0,7.0,24.0
401730556,2024-12-17,2025,0,40,48,111902,Delaware Blue Hens,Misericordia Cougars,92,75,59.0,22.0,8.0,15.0,61.0,11.0,8.0,19.0
401700274,2024-12-18,2025,0,40,2541,338,Santa Clara Broncos,Kennesaw State Owls,94,74,56.0,34.0,11.0,14.0,49.0,29.0,10.0,23.0
401700395,2024-12-18,2025,0,40,2325,161,La Salle Explorers,Fairleigh Dickinson Knights,77,72,61.0,30.0,17.0,11.0,58.0,12.0,7.0,13.0
401700404,2024-12-18,2025,0,40,2603,44,Saint Joseph's Hawks,American University Eagles,84,57,48.0,21.0,6.0,15.0,56.0,15.0,11.0,16.0
401700415,2024-12-18,2025,0,40,167,2670,New Mexico Lobos,VCU Rams,78,71,64.0,30.0,16.0,11.0,57.0,24.0,7.0,12.0
401700459,2024-12-18,2025,0,40,258,235,Virginia Cavaliers,Memphis Tigers,62,64,53.0,18.0,9.0,11.0,56.0,21.0,14.0,12.0
401706187,2024-12-18,2025,0,40,2350,2099,Loyola Chicago Ramblers,Canisius Golden Griffins,72,60,61.0,5.0,10.0,11.0,53.0,6.0,2.0,11.0
401706952,2024-12-18,2025,0,40,248,2649,Houston Cougars,Toledo Rockets,78,49,67.0,19.0,16.0,12.0,54.0,18.0,6.0,14.0
401711712,2024-12-18,2025,0,40,2511,2382,Queens University Royals,Mercer Bears,73,66,57.0,24.0,9.0,17.0,66.0,17.0,10.0,14.0
401714408,2024-12-18,2025,0,40,94,2174,Northern Kentucky Norse,Detroit Mercy Titans,73,60,57.0,25.0,12.0,11.0,54.0,11.0,9.0,16.0
401714409,2024-12-18,2025,0,40,2750,2754,Wright State Raiders,Youngstown State Penguins,70,80,55.0,15.0,7.0,14.0,63.0,21.0,10.0,7.0
401714507,2024-12-18,2025,0,40,309,2026,Louisiana Ragin' Cajuns,App State Mountaineers,68,62,55.0,17.0,9.0,12.0,48.0,29.0,7.0,11.0
401715436,2024-12-18,2025,0,40,264,265,Washington Huskies,Washington State Cougars,89,73,62.0,26.0,6.0,7.0,58.0,21.0,15.0,22.0
401715672,2024-12-18,2025,0,40,59,2378,Georgia Tech Yellow Jackets,UMBC Retrievers,91,82,61.0,29.0,14.0,14.0,58.0,19.0,5.0,13.0
401716054,2024-12-18,2025,1,40,201,130,Oklahoma Sooners,Michigan Wolverines,87,86,57.0,24.0,11.0,13.0,64.0,26.0,17.0,10.0
401718143,2024-12-18,2025,0,40,45,322,George Washington Revolutionaries,Lafayette Leopards,82,62,59.0,17.0,16.0,15.0,59.0,11.0,11.0,13.0
401718425,2024-12-18,2025,0,40,113,111,Massachusetts Minutemen,Northeastern Huskies,77,72,63.0,31.0,11.0,11.0,74.0,18.0,18.0,14.0
401718462,2024-12-18,2025,0,40,2729,257,William & Mary Tribe,Richmond Spiders,93,87,60.0,24.0,12.0,7.0,54.0,24.0,7.0,8.0
401719072,2024-12-18,2025,0,45,41,2752,UConn Huskies,Xavier Musketeers,94,89,69.0,21.0,14.0,7.0,58.0,21.0,7.0,10.0
401719073,2024-12-18,2025,0,40,46,156,Georgetown Hoyas,Creighton Bluejays,81,57,60.0,7.0,9.0,13.0,53.0,9.0,5.0,16.0
401719074,2024-12-18,2025,0,40,269,2086,Marquette Golden Eagles,Butler Bulldogs,80,70,75.0,12.0,20.0,2.0,47.0,15.0,4.0,14.0
401719220,2024-12-18,2025,0,40,197,2627,Oklahoma State Cowboys,Tarleton State Texans,66,61,55.0,19.0,14.0,18.0,54.0,10.0,4.0,14.0
401719275,2024-12-18,2025,0,40,2908,2569,South Carolina Upstate Spartans,South Carolina State Bulldogs,70,85,48.0,41.0,9.0,21.0,59.0,31.0,12.0,17.0
401719331,2024-12-18,2025,0,40,139,2747,Saint Louis Billikens,Wofford Terriers,71,74,45.0,35.0,5.0,7.0,58.0,17.0,7.0,4.0
401719656,2024-12-18,2025,0,40,279,2502,Pacific Tigers,Portland State Vikings,75,81,55.0,36.0,9.0,12.0,64.0,24.0,12.0,10.0
401720465,2024-12-18,2025,0,40,2097,2344,Campbell Fighting Camels,Longwood Lancers,55,77,45.0,27.0,7.0,14.0,61.0,18.0,15.0,12.0
401720481,2024-12-18,2025,0,40,2506,3229,Presbyterian Blue Hose,Virginia Lynchburg Dragons,116,53,67.0,27.0,9.0,9.0,52.0,24.0,2.0,19.0
401720522,2024-12-18,2025,0,40,2692,124946,Weber State Wildcats,Lincoln (CA) Oaklanders,128,58,76.0,21.0,11.0,9.0,77.0,5.0,3.0,10.0
401720577,2024-12-18,2025,0,40,2193,2210,East Tennessee State Buccaneers,Elon Phoenix,84,58,58.0,21.0,9.0,7.0,53.0,33.0,13.0,9.0
401720647,2024-12-18,2025,0,40,302,70,UC Davis Aggies,Idaho Vandals,74,66,50.0,43.0,15.0,14.0,58.0,21.0,11.0,15.0
401720755,2024-12-18,2025,0,40,357,2903,Texas A&M-Corpus Christi Islanders,Southwestern Adventist Knights,117,63,74.0,13.0,17.0,13.0,56.0,13.0,6.0,19.0
401720913,2024-12-18,2025,0,40,27,147,UC Riverside Highlanders,Montana State Bobcats,83,80,56.0,20.0,9.0,11.0,70.0,5.0,10.0,3.0
401720914,2024-12-18,2025,0,40,304,3084,Idaho State Bengals,Utah Valley Wolverines,56,70,54.0,23.0,9.0,14.0,64.0,14.0,6.0,8.0
401720951,2024-12-18,2025,0,40,159,2330,Dartmouth Big Green,Le Moyne Dolphins,76,80,58.0,19.0,6.0,12.0,57.0,18.0,6.0,13.0
401721046,2024-12-18,2025,0,40,261,193,Vermont Catamounts,Miami (OH) RedHawks,75,67,42.0,32.0,1.0,12.0,58.0,14.0,5.0,11.0
401721057,2024-12-18,2025,0,40,2287,2459,Illinois State Redbirds,Northern Illinois Huskies,81,60,60.0,14.0,11.0,14.0,60.0,12.0,5.0,10.0
401721065,2024-12-18,2025,0,40,195,2046,Ohio Bobcats,Austin Peay Governors,78,58,50.0,19.0,5.0,15.0,45.0,34.0,10.0,18.0
401721089,2024-12-18,2025,0,40,2217,2115,Fairfield Stags,Central Connecticut Blue Devils,63,64,62.0,2.0,8.0,9.0,61.0,1.0,12.0,14.0
401721178,2024-12-18,2025,0,40,2066,2385,Binghamton Bearcats,Mercyhurst Lakers,62,60,48.0,20.0,5.0,10.0,52.0,18.0,7.0,11.0
401721210,2024-12-18,2025,0,40,292,253,UT Rio Grande Valley Vaqueros,Southern Utah Thunderbirds,78,73,61.0,23.0,8.0,9.0,66.0,16.0,12.0,12.0
401721233,2024-12-18,2025,0,40,5,2010,UAB Blazers,Alabama A&M Bulldogs,96,67,74.0,30.0,23.0,9.0,68.0,20.0,21.0,18.0
401721660,2024-12-18,2025,0,40,30,2463,USC Trojans,Cal State Northridge Matadors,90,69,49.0,39.0,6.0,11.0,59.0,19.0,12.0,15.0
401721781,2024-12-18,2025,0,40,218,2166,Temple Owls,Davidson Wildcats,62,61,54.0,16.0,10.0,10.0,62.0,12.0,14.0,10.0
401722015,2024-12-18,2025,0,40,2349,284,UMass Lowell River Hawks,Stonehill Skyhawks,78,67,54.0,20.0,8.0,12.0,58.0,9.0,3.0,8.0
401722028,2024-12-18,2025,0,40,2681,2363,Wagner Seahawks,Manhattan Jaspers,66,80,60.0,16.0,11.0,7.0,50.0,19.0,8.0,12.0
401722037,2024-12-18,2025,0,40,58,2065,South Florida Bulls,Bethune-Cookman Wildcats,69,77,60.0,24.0,16.0,12.0,53.0,24.0,11.0,14.0
401722086,2024-12-18,2025,0,40,249,2400,North Texas Mean Green,Mississippi Valley State Delta Devils,83,42,47.0,21.0,8.0,11.0,40.0,16.0,6.0,19.0
401722097,2024-12-18,2025,0,40,2529,399,Sacred Heart Pioneers,UAlbany Great Danes,66,74,65.0,10.0,11.0,11.0,77.0,11.0,19.0,8.0
401722312,2024-12-18,2025,0,40,12,2535,Arizona Wildcats,Samford Bulldogs,96,64,55.0,31.0,11.0,14.0,60.0,15.0,9.0,12.0
401722327,2024-12-18,2025,0,40,2501,2934,Portland Pilots,Cal State Bakersfield Roadrunners,64,81,51.0,13.0,7.0,14.0,61.0,10.0,13.0,8.0
401722420,2024-12-18,2025,0,40,2351,2540,Loyola Marymount Lions,UC Santa Barbara Gauchos,60,58,55.0,4.0,5.0,15.0,57.0,2.0,6.0,14.0
401722446,2024-12-18,2025,0,40,282,93,Indiana State Sycamores,Murray State Racers,84,74,51.0,23.0,8.0,16.0,58.0,26.0,10.0,11.0
401722590,2024-12-18,2025,0,40,71,2539,Bradley Braves,San Francisco Dons,66,64,54.0,16.0,5.0,15.0,60.0,18.0,10.0,15.0
401722597,2024-12-18,2025,0,40,250,339,UT Arlington Mavericks,Evansville Purple Aces,80,54,54.0,36.0,22.0,16.0,55.0,23.0,10.0,11.0
401724551,2024-12-18,2025,0,40,112358,116,Long Island University Sharks,Mount St. Mary's Mountaineers,72,80,49.0,32.0,11.0,18.0,62.0,41.0,21.0,12.0
401724553,2024-12-18,2025,0,40,155,333,North Dakota Fighting Hawks,Alabama Crimson Tide,90,97,76.0,8.0,16.0,11.0,63.0,30.0,16.0,14.0
401725380,2024-12-18,2025,0,40,2837,2000,East Texas A&M Lions,Abilene Christian Wildcats,68,67,42.0,37.0,6.0,18.0,57.0,14.0,8.0,16.0
401726037,2024-12-18,2025,0,40,2261,111926,Hampton Pirates,Regent Royals,108,65,76.0,15.0,17.0,20.0,70.0,13.0,8.0,18.0
401726056,2024-12-18,2025,0,40,350,526,UNC Wilmington Seahawks,Florida Gulf Coast Eagles,79,66,57.0,21.0,9.0,4.0,53.0,19.0,7.0,9.0
401726446,2024-12-18,2025,0,40,2250,2447,Gonzaga Bulldogs,Nicholls Colonels,102,72,54.0,27.0,5.0,15.0,75.0,11.0,12.0,10.0
401727144,2024-12-18,2025,0,40,2623,2876,Missouri State Bears,Lincoln (MO) Blue Tigers,61,49,42.0,17.0,7.0,13.0,47.0,8.0,8.0,16.0
401727288,2024-12-18,2025,0,40,2739,2392,Green Bay Phoenix,Michigan Tech Huskies,70,72,60.0,17.0,13.0,13.0,58.0,17.0,5.0,6.0
401727424,2024-12-18,2025,0,40,238,2643,Vanderbilt Commodores,The Citadel Bulldogs,105,53,68.0,21.0,15.0,3.0,46.0,17.0,9.0,20.0
401727497,2024-12-18,2025,0,40,236,2632,Chattanooga Mocs,Tennessee Wesleyan Bulldogs,99,52,74.0,11.0,12.0,7.0,64.0,19.0,4.0,6.0
401731993,2024-12-18,2025,0,40,231,2410,Furman Paladins,Montreat Cavaliers,100,75,70.0,23.0,13.0,8.0,72.0,9.0,11.0,12.0
401700278,2024-12-19,2025,0,40,2546,2197,Southeast Missouri State Redhawks,Eastern Illinois Panthers,79,72,48.0,20.0,5.0,13.0,56.0,29.0,17.0,12.0
401700279,2024-12-19,2025,0,40,2815,2635,Lindenwood Lions,Tennessee Tech Golden Eagles,73,79,69.0,16.0,15.0,10.0,59.0,17.0,10.0,15.0
401700280,2024-12-19,2025,0,40,2031,2565,Little Rock Trojans,SIU Edwardsville Cougars,60,56,59.0,11.0,12.0,15.0,59.0,15.0,13.0,14.0
401700281,2024-12-19,2025,0,45,2413,2630,Morehead State Eagles,UT Martin Skyhawks,70,69,54.0,16.0,6.0,16.0,64.0,22.0,12.0,9.0
401700282,2024-12-19,2025,0,40,88,2634,Southern Indiana Screaming Eagles,Tennessee State Tigers,77,75,60.0,31.0,8.0,10.0,55.0,28.0,13.0,19.0
401709979,2024-12-19,2025,0,40,2492,299,Pepperdine Waves,Long Beach State Beach,76,79,59.0,28.0,12.0,10.0,58.0,19.0,8.0,10.0
401711690,2024-12-19,2025,0,40,2393,288,Middle Tennessee Blue Raiders,Lipscomb Bisons,67,65,63.0,22.0,19.0,11.0,52.0,17.0,3.0,8.0
401711740,2024-12-19,2025,0,40,2453,2127,North Alabama Lions,Charleston Southern Buccaneers,86,69,59.0,17.0,7.0,7.0,53.0,23.0,13.0,17.0
401714410,2024-12-19,2025,0,40,325,2473,Cleveland State Vikings,Oakland Golden Grizzlies,92,75,69.0,16.0,15.0,3.0,59.0,12.0,14.0,14.0
401714905,2024-12-19,2025,0,40,61,2084,Georgia Bulldogs,Buffalo Bulls,100,49,69.0,19.0,14.0,5.0,53.0,12.0,8.0,19.0
401715353,2024-12-19,2025,0,40,251,2443,Texas Longhorns,LSU New Orleans Privateers,98,62,62.0,24.0,10.0,6.0,66.0,21.0,14.0,8.0
401716119,2024-12-19,2025,0,40,2916,2544,Incarnate Word Cardinals,Schreiner Mountaineers,101,57,70.0,11.0,16.0,17.0,62.0,10.0,8.0,19.0
401716162,2024-12-19,2025,0,40,2636,2903,UTSA Roadrunners,Southwestern Adventist Knights,117,58,89.0,19.0,27.0,7.0,54.0,14.0,4.0,22.0
401719236,2024-12-19,2025,0,40,2427,3229,UNC Asheville Bulldogs,Virginia Lynchburg Dragons,114,60,81.0,29.0,24.0,7.0,52.0,28.0,5.0,16.0
401720982,2024-12-19,2025,0,40,2057,300,Belmont Bruins,UC Irvine Anteaters,84,92,69.0,8.0,8.0,11.0,59.0,26.0,9.0,17.0
401721114,2024-12-19,2025,0,40,2253,2130,Grand Canyon Lopes,Chicago State Cougars,74,51,55.0,25.0,10.0,18.0,54.0,10.0,7.0,25.0
401721940,2024-12-19,2025,0,40,2598,111170,Saint Francis Red Wolves,Franciscan Barons,104,47,62.0,13.0,8.0,6.0,64.0,13.0,13.0,9.0
401722273,2024-12-19,2025,0,40,242,126794,Rice Owls,UNT Dallas Trailblazers,68,69,57.0,27.0,13.0,10.0,48.0,25.0,4.0,11.0
401722429,2024-12-19,2025,0,40,2751,91,Wyoming Cowboys,Bellarmine Knights,92,55,55.0,7.0,7.0,11.0,49.0,15.0,4.0,12.0
401723705,2024-12-19,2025,1,40,2169,2755,Delaware State Hornets,Grambling Tigers,73,60,57.0,17.0,13.0,13.0,58.0,19.0,15.0,10.0
401723775,2024-12-19,2025,1,40,2450,2011,Norfolk State Spartans,Alabama State Hornets,71,54,50.0,28.0,11.0,13.0,58.0,22.0,13.0,11.0
401725353,2024-12-19,2025,0,40,2608,2771,Saint Mary's Gaels,Merrimack Warriors,73,68,57.0,19.0,17.0,11.0,50.0,6.0,3.0,11.0
401725811,2024-12-19,2025,0,40,3101,233,Utah Tech Trailblazers,South Dakota Coyotes,92,87,65.0,23.0,13.0,8.0,71.0,22.0,14.0,7.0
401726403,2024-12-19,2025,0,40,166,3141,New Mexico State Aggies,Northern New Mexico Eagles,87,50,68.0,16.0,13.0,12.0,48.0,17.0,5.0,22.0
401727415,2024-12-19,2025,0,40,2717,2397,Western Carolina Catamounts,Milligan Buffaloes,78,69,58.0,30.0,12.0,16.0,65.0,13.0,8.0,14.0
401730574,2024-12-19,2025,0,40,2571,2123,South Dakota State Jackrabbits,Chadron State Eagles,87,72,67.0,7.0,9.0,9.0,70.0,11.0,14.0,12.0
401706188,2024-12-20,2025,0,40,219,2520,Pennsylvania Quakers,Rider Broncs,79,66,61.0,8.0,11.0,8.0,71.0,4.0,14.0,3.0
401706917,2024-12-20,2025,0,40,252,50,BYU Cougars,Florida A&M Rattlers,103,57,63.0,26.0,10.0,11.0,55.0,12.0,3.0,18.0
401715361,2024-12-20,2025,0,40,245,2277,Texas A&M Aggies,Houston Christian Huskies,77,45,68.0,10.0,20.0,9.0,49.0,20.0,8.0,11.0
401715634,2024-12-20,2025,1,40,2168,2132,Dayton Flyers,Cincinnati Bearcats,59,66,51.0,15.0,10.0,17.0,58.0,21.0,17.0,11.0
401716070,2024-12-20,2025,0,40,2545,100,SE Louisiana Lions,Loyola New Orleans Wolfpack,96,62,71.0,24.0,15.0,9.0,52.0,17.0,5.0,20.0
401719075,2024-12-20,2025,0,40,2507,2599,Providence Friars,St. John's Red Storm,70,72,52.0,17.0,7.0,17.0,73.0,26.0,18.0,6.0
401720466,2024-12-20,2025,0,40,2428,2344,North Carolina Central Eagles,Longwood Lancers,67,82,55.0,23.0,10.0,12.0,50.0,27.0,8.0,14.0
401720585,2024-12-20,2025,0,40,2561,107,Siena Saints,Holy Cross Crusaders,70,78,55.0,18.0,9.0,7.0,55.0,16.0,9.0,10.0
401720989,2024-12-20,2025,1,40,43,2006,Yale Bulldogs,Akron Zips,74,58,56.0,21.0,13.0,18.0,58.0,17.0,7.0,13.0
401721081,2024-12-20,2025,0,40,2711,2674,Western Michigan Broncos,Valparaiso Beacons,73,76,68.0,14.0,15.0,11.0,63.0,19.0,11.0,8.0
401722069,2024-12-20,2025,0,40,2638,2296,UTEP Miners,Jackson State Tigers,67,61,46.0,24.0,7.0,17.0,59.0,26.0,17.0,15.0
401722141,2024-12-20,2025,0,40,2351,2582,Loyola Marymount Lions,Southern Jaguars,89,73,60.0,20.0,13.0,12.0,68.0,26.0,19.0,8.0
401722294,2024-12-20,2025,0,40,2655,2176,Tulane Green Wave,Dillard Blue Devils,99,56,61.0,30.0,12.0,10.0,65.0,15.0,7.0,11.0
401722319,2024-12-20,2025,0,40,2515,3229,Radford Highlanders,Virginia Lynchburg Dragons,122,63,73.0,14.0,12.0,8.0,65.0,5.0,5.0,13.0
401723706,2024-12-20,2025,1,40,2011,2169,Alabama State Hornets,Delaware State Hornets,80,83,64.0,11.0,13.0,12.0,55.0,19.0,4.0,9.0
401723776,2024-12-20,2025,1,40,2755,2450,Grambling Tigers,Norfolk State Spartans,70,76,56.0,17.0,10.0,9.0,51.0,27.0,8.0,8.0
401724516,2024-12-20,2025,0,40,2547,82,Seattle U Redhawks,UIC Flames,68,79,58.0,21.0,10.0,16.0,53.0,21.0,3.0,12.0
401726018,2024-12-20,2025,0,40,2612,48,Saint Peter's Peacocks,Delaware Blue Hens,72,64,55.0,16.0,12.0,10.0,47.0,25.0,7.0,9.0
401726457,2024-12-20,2025,0,40,2466,2573,Northwestern State Demons,Southern New Orleans Knights,89,79,60.0,21.0,13.0,20.0,67.0,19.0,9.0,12.0
401727099,2024-12-20,2025,0,40,155,7298,North Dakota Fighting Hawks,South Dakota Mines Hardrockers,80,48,67.0,15.0,17.0,6.0,57.0,13.0,12.0,11.0
401727830,2024-12-20,2025,0,40,2870,190,Purdue Fort Wayne Mastodons,Defiance Yellow Jackets,103,52,76.0,16.0,13.0,0.0,50.0,5.0,6.0,25.0
401727837,2024-12-20,2025,0,40,2617,2642,Stephen F. Austin Lumberjacks,Texas Wesleyan Rams,82,56,59.0,20.0,14.0,20.0,73.0,7.0,16.0,15.0
401730691,2024-12-20,2025,0,40,249,2026,North Texas Mean Green,App State Mountaineers,68,64,48.0,19.0,13.0,12.0,42.0,16.0,5.0,12.0
401700275,2024-12-21,2025,0,40,23,338,San José State Spartans,Kennesaw State Owls,89,65,63.0,22.0,4.0,7.0,67.0,26.0,19.0,14.0
401700284,2024-12-21,2025,0,40,2815,2710,Lindenwood Lions,Western Illinois Leathernecks,71,65,56.0,18.0,11.0,14.0,56.0,16.0,8.0,13.0
401700285,2024-12-21,2025,0,40,2413,2634,Morehead State Eagles,Tennessee State Tigers,74,68,62.0,31.0,20.0,9.0,54.0,10.0,6.0,13.0
401700286,2024-12-21,2025,0,40,2546,2565,Southeast Missouri State Redhawks,SIU Edwardsville Cougars,80,64,62.0,15.0,8.0,7.0,54.0,17.0,0.0,5.0
401700287,2024-12-21,2025,0,40,88,2630,Southern Indiana Screaming Eagles,UT Martin Skyhawks,46,77,66.0,8.0,15.0,10.0,60.0,5.0,9.0,10.0
401700396,2024-12-21,2025,0,40,2325,107554,La Salle Explorers,Immaculata Mighty Macs,108,48,71.0,8.0,14.0,7.0,64.0,10.0,11.0,12.0
401700405,2024-12-21,2025,1,40,2603,259,Saint Joseph's Hawks,Virginia Tech Hokies,82,62,58.0,14.0,8.0,9.0,54.0,13.0,5.0,12.0
401700440,2024-12-21,2025,1,40,26,153,UCLA Bruins,North Carolina Tar Heels,74,76,53.0,22.0,7.0,15.0,47.0,35.0,9.0,18.0
401706189,2024-12-21,2025,0,40,71,2099,Bradley Braves,Canisius Golden Griffins,92,59,52.0,24.0,9.0,6.0,51.0,9.0,5.0,10.0
401706880,2024-12-21,2025,1,40,25,21,California Golden Bears,San Diego State Aztecs,50,71,55.0,21.0,16.0,18.0,67.0,15.0,21.0,13.0
401706898,2024-12-21,2025,1,40,120,183,Maryland Terrapins,Syracuse Orange,87,60,73.0,6.0,14.0,13.0,58.0,2.0,6.0,21.0
401706925,2024-12-21,2025,0,40,38,91,Colorado Buffaloes,Bellarmine Knights,79,55,62.0,19.0,10.0,10.0,53.0,9.0,4.0,18.0
401706953,2024-12-21,2025,0,40,248,357,Houston Cougars,Texas A&M-Corpus Christi Islanders,87,51,53.0,25.0,13.0,8.0,56.0,16.0,17.0,13.0
401706979,2024-12-21,2025,0,40,2724,2306,Wichita State Shockers,Kansas State Wildcats,84,65,59.0,22.0,9.0,8.0,69.0,15.0,16.0,12.0
401707864,2024-12-21,2025,0,40,84,236,Indiana Hoosiers,Chattanooga Mocs,74,65,58.0,20.0,11.0,10.0,59.0,10.0,8.0,13.0
401707982,2024-12-21,2025,1,40,2,2509,Auburn Tigers,Purdue Boilermakers,87,69,66.0,9.0,12.0,9.0,59.0,23.0,14.0,12.0
401711713,2024-12-21,2025,0,40,145,2511,Ole Miss Rebels,Queens University Royals,80,62,65.0,14.0,8.0,8.0,51.0,11.0,7.0,21.0
401711752,2024-12-21,2025,0,40,57,2454,Florida Gators,North Florida Ospreys,99,45,76.0,27.0,26.0,11.0,56.0,18.0,7.0,17.0
401714508,2024-12-21,2025,0,40,2032,324,Arkansas State Red Wolves,Coastal Carolina Chanticleers,97,67,60.0,19.0,7.0,5.0,66.0,19.0,20.0,11.0
401714509,2024-12-21,2025,0,40,2653,2247,Troy Trojans,Georgia State Panthers,77,57,60.0,25.0,17.0,11.0,54.0,15.0,9.0,14.0
401714510,2024-12-21,2025,0,40,326,290,Texas State Bobcats,Georgia Southern Eagles,83,61,56.0,20.0,10.0,14.0,65.0,19.0,13.0,8.0
401714511,2024-12-21,2025,0,45,2433,295,UL Monroe Warhawks,Old Dominion Monarchs,75,80,65.0,26.0,11.0,7.0,66.0,24.0,19.0,13.0
401714512,2024-12-21,2025,0,40,6,256,South Alabama Jaguars,James Madison Dukes,77,49,56.0,11.0,6.0,9.0,55.0,12.0,13.0,15.0
401714513,2024-12-21,2025,0,40,2572,276,Southern Miss Golden Eagles,Marshall Thundering Herd,68,66,56.0,18.0,17.0,9.0,48.0,21.0,10.0,12.0
401714915,2024-12-21,2025,1,40,194,96,Ohio State Buckeyes,Kentucky Wildcats,85,65,53.0,27.0,7.0,7.0,57.0,32.0,13.0,10.0
401714994,2024-12-21,2025,0,40,235,344,Memphis Tigers,Mississippi State Bulldogs,66,79,53.0,26.0,11.0,18.0,70.0,10.0,19.0,16.0
401715385,2024-12-21,2025,1,40,2294,254,Iowa Hawkeyes,Utah Utes,95,88,64.0,24.0,8.0,12.0,68.0,16.0,10.0,12.0
401715395,2024-12-21,2025,0,40,135,161,Minnesota Golden Gophers,Fairleigh Dickinson Knights,74,60,55.0,18.0,9.0,11.0,67.0,8.0,10.0,8.0
401715404,2024-12-21,2025,0,40,77,305,Northwestern Wildcats,DePaul Blue Demons,84,64,64.0,16.0,7.0,8.0,54.0,15.0,10.0,18.0
401715420,2024-12-21,2025,0,40,2182,213,Drexel Dragons,Penn State Nittany Lions,64,75,56.0,9.0,10.0,13.0,68.0,15.0,19.0,8.0
401715427,2024-12-21,2025,1,40,164,163,Rutgers Scarlet Knights,Princeton Tigers,82,83,63.0,23.0,12.0,12.0,70.0,18.0,19.0,14.0
401715643,2024-12-21,2025,0,40,2641,2320,Texas Tech Red Raiders,Lamar Cardinals,101,57,65.0,18.0,13.0,8.0,70.0,9.0,18.0,13.0
401715650,2024-12-21,2025,0,40,2116,294,UCF Knights,Jacksonville Dolphins,86,66,46.0,25.0,5.0,18.0,56.0,18.0,8.0,17.0
401715680,2024-12-21,2025,0,45,2390,116,Miami Hurricanes,Mount St. Mary's Mountaineers,74,78,69.0,15.0,13.0,15.0,60.0,14.0,9.0,20.0
401715691,2024-12-21,2025,0,40,221,2534,Pittsburgh Panthers,Sam Houston Bearkats,110,78,65.0,23.0,12.0,10.0,56.0,20.0,6.0,12.0
401715702,2024-12-21,2025,1,40,24,2483,Stanford Cardinal,Oregon Ducks,61,76,62.0,13.0,10.0,9.0,55.0,29.0,9.0,9.0
401715922,2024-12-21,2025,1,40,2460,265,Northern Iowa Panthers,Washington State Cougars,68,76,61.0,23.0,16.0,11.0,54.0,10.0,5.0,12.0
401716874,2024-12-21,2025,0,40,2230,399,Fordham Rams,UAlbany Great Danes,87,83,60.0,23.0,7.0,13.0,63.0,18.0,9.0,15.0
401718426,2024-12-21,2025,1,40,113,9,Massachusetts Minutemen,Arizona State Sun Devils,62,78,60.0,18.0,9.0,11.0,62.0,16.0,10.0,13.0
401718455,2024-12-21,2025,1,40,227,218,Rhode Island Rams,Temple Owls,85,79,56.0,22.0,7.0,16.0,64.0,16.0,8.0,10.0
401718463,2024-12-21,2025,0,40,257,2678,Richmond Spiders,VMI Keydets,78,71,57.0,22.0,12.0,10.0,59.0,15.0,12.0,11.0
401718473,2024-12-21,2025,0,40,331,124946,Eastern Washington Eagles,Lincoln (CA) Oaklanders,107,63,74.0,17.0,12.0,8.0,61.0,8.0,5.0,19.0
401718714,2024-12-21,2025,0,40,2335,250,Liberty Flames,UT Arlington Mavericks,79,56,51.0,14.0,4.0,14.0,70.0,12.0,18.0,10.0
401719076,2024-12-21,2025,0,40,2752,269,Xavier Musketeers,Marquette Golden Eagles,70,72,52.0,20.0,6.0,14.0,59.0,11.0,5.0,10.0
401719077,2024-12-21,2025,0,40,2086,41,Butler Bulldogs,UConn Huskies,74,78,54.0,28.0,7.0,8.0,60.0,16.0,7.0,8.0
401719078,2024-12-21,2025,0,40,156,222,Creighton Bluejays,Villanova Wildcats,86,79,56.0,14.0,7.0,7.0,64.0,9.0,8.0,1.0
401719232,2024-12-21,2025,0,40,350,2427,UNC Wilmington Seahawks,UNC Asheville Bulldogs,85,74,58.0,28.0,15.0,7.0,60.0,16.0,13.0,10.0
401719256,2024-12-21,2025,0,40,2737,2382,Winthrop Eagles,Mercer Bears,102,97,57.0,48.0,11.0,17.0,72.0,26.0,12.0,15.0
401719276,2024-12-21,2025,0,40,2908,2754,South Carolina Upstate Spartans,Youngstown State Penguins,64,72,67.0,19.0,11.0,16.0,57.0,25.0,6.0,18.0
401719342,2024-12-21,2025,0,40,179,315,St. Bonaventure Bonnies,Niagara Purple Eagles,71,52,55.0,17.0,6.0,7.0,50.0,11.0,3.0,12.0
401719377,2024-12-21,2025,0,40,2172,2458,Denver Pioneers,Northern Colorado Bears,75,82,47.0,21.0,2.0,9.0,50.0,29.0,5.0,6.0
401719657,2024-12-21,2025,0,40,2934,2502,Cal State Bakersfield Roadrunners,Portland State Vikings,58,59,53.0,17.0,11.0,20.0,39.0,22.0,7.0,25.0
401720453,2024-12-21,2025,0,40,79,2272,Southern Illinois Salukis,High Point Panthers,81,94,50.0,37.0,10.0,14.0,57.0,32.0,8.0,8.0
401720482,2024-12-21,2025,0,45,2506,2363,Presbyterian Blue Hose,Manhattan Jaspers,81,86,63.0,29.0,16.0,11.0,63.0,32.0,13.0,10.0
401720523,2024-12-21,2025,0,40,2692,3084,Weber State Wildcats,Utah Valley Wolverines,62,64,53.0,15.0,11.0,10.0,49.0,22.0,13.0,12.0
401720573,2024-12-21,2025,0,40,140,2193,Kansas City Roos,East Tennessee State Buccaneers,73,66,45.0,22.0,9.0,12.0,56.0,16.0,16.0,13.0
401720648,2024-12-21,2025,0,40,279,70,Pacific Tigers,Idaho Vandals,72,95,64.0,9.0,9.0,6.0,63.0,6.0,10.0,11.0
401720915,2024-12-21,2025,0,40,2539,149,San Francisco Dons,Montana Grizzlies,71,67,48.0,31.0,6.0,7.0,55.0,16.0,8.0,10.0
401720916,2024-12-21,2025,0,40,253,2464,Southern Utah Thunderbirds,Northern Arizona Lumberjacks,75,83,58.0,18.0,8.0,13.0,72.0,13.0,12.0,6.0
401720952,2024-12-21,2025,0,40,159,261,Dartmouth Big Green,Vermont Catamounts,84,54,56.0,21.0,11.0,13.0,59.0,10.0,6.0,9.0
401720983,2024-12-21,2025,0,40,2184,300,Duquesne Dukes,UC Irvine Anteaters,70,54,55.0,4.0,7.0,9.0,53.0,21.0,15.0,13.0
401720997,2024-12-21,2025,0,40,2050,339,Ball State Cardinals,Evansville Purple Aces,80,43,54.0,28.0,10.0,6.0,55.0,15.0,10.0,13.0
401721007,2024-12-21,2025,0,40,189,2900,Bowling Green Falcons,St. Thomas Tommies,68,93,59.0,20.0,6.0,16.0,62.0,22.0,7.0,14.0
401721026,2024-12-21,2025,0,40,2199,2750,Eastern Michigan Eagles,Wright State Raiders,86,82,58.0,26.0,15.0,15.0,60.0,16.0,9.0,9.0
401721090,2024-12-21,2025,0,40,2115,2514,Central Connecticut Blue Devils,Quinnipiac Bobcats,84,80,49.0,28.0,6.0,16.0,64.0,19.0,11.0,11.0
401721115,2024-12-21,2025,0,40,2463,2130,Cal State Northridge Matadors,Chicago State Cougars,81,57,67.0,21.0,11.0,13.0,52.0,28.0,7.0,19.0
401721211,2024-12-21,2025,0,40,292,128256,UT Rio Grande Valley Vaqueros,College of Biblical Studies Ambassadors,106,56,81.0,8.0,20.0,13.0,67.0,7.0,9.0,15.0
401721234,2024-12-21,2025,0,40,2010,2535,Alabama A&M Bulldogs,Samford Bulldogs,90,97,60.0,30.0,9.0,16.0,55.0,27.0,8.0,18.0
401721649,2024-12-21,2025,0,40,127,2226,Michigan State Spartans,Florida Atlantic Owls,86,69,69.0,20.0,14.0,10.0,68.0,14.0,10.0,9.0
401721710,2024-12-21,2025,0,40,108,231,Harvard Crimson,Furman Paladins,63,77,58.0,12.0,11.0,12.0,54.0,14.0,8.0,9.0
401721786,2024-12-21,2025,0,40,2166,2065,Davidson Wildcats,Bethune-Cookman Wildcats,76,63,51.0,19.0,7.0,13.0,52.0,27.0,7.0,14.0
401721829,2024-12-21,2025,0,40,2352,2261,Loyola Maryland Greyhounds,Hampton Pirates,68,76,54.0,21.0,11.0,14.0,56.0,35.0,14.0,9.0
401721830,2024-12-21,2025,0,40,2349,104,UMass Lowell River Hawks,Boston University Terriers,83,71,58.0,6.0,9.0,12.0,54.0,12.0,8.0,11.0
401721831,2024-12-21,2025,0,40,2250,2083,Gonzaga Bulldogs,Bucknell Bison,86,65,71.0,9.0,10.0,12.0,59.0,10.0,6.0,19.0
401721832,2024-12-21,2025,0,40,112358,2329,Long Island University Sharks,Lehigh Mountain Hawks,59,60,57.0,8.0,9.0,17.0,47.0,20.0,4.0,17.0
401721833,2024-12-21,2025,0,40,2154,2426,Coppin State Eagles,Navy Midshipmen,68,60,56.0,30.0,13.0,14.0,47.0,22.0,7.0,20.0
401721941,2024-12-21,2025,0,40,2523,2598,Robert Morris Colonials,Saint Francis Red Wolves,90,77,58.0,32.0,13.0,15.0,53.0,15.0,6.0,19.0
401721949,2024-12-21,2025,0,40,238,2046,Vanderbilt Commodores,Austin Peay Governors,85,55,48.0,27.0,6.0,17.0,60.0,22.0,11.0,14.0
401721988,2024-12-21,2025,0,40,2698,2077,West Georgia Wolves,Brewton Parker Wildcats,107,61,69.0,15.0,9.0,14.0,61.0,24.0,13.0,20.0
401722029,2024-12-21,2025,0,40,2681,130197,Wagner Seahawks,Penn State Fayette Nittany Lions,83,52,58.0,14.0,12.0,17.0,50.0,8.0,0.0,15.0
401722087,2024-12-21,2025,0,40,2619,311,Stony Brook Seawolves,Maine Black Bears,74,72,49.0,22.0,9.0,15.0,55.0,13.0,8.0,11.0
401722104,2024-12-21,2025,0,45,2368,2378,Marist Red Foxes,UMBC Retrievers,76,73,64.0,20.0,15.0,14.0,61.0,16.0,8.0,13.0
401722107,2024-12-21,2025,0,40,202,2400,Tulsa Golden Hurricane,Mississippi Valley State Delta Devils,93,48,62.0,25.0,14.0,11.0,60.0,11.0,5.0,10.0
401722154,2024-12-21,2025,0,40,68,2005,Boise State Broncos,Air Force Falcons,77,59,54.0,21.0,10.0,12.0,42.0,13.0,3.0,18.0
401722199,2024-12-21,2025,0,40,151,2241,East Carolina Pirates,Gardner-Webb Runnin' Bulldogs,79,84,64.0,36.0,14.0,7.0,58.0,20.0,12.0,14.0
401722232,2024-12-21,2025,0,40,278,2856,Fresno State Bulldogs,California Baptist Lancers,69,86,58.0,12.0,7.0,10.0,65.0,11.0,12.0,9.0
401722240,2024-12-21,2025,0,40,2440,36,Nevada Wolf Pack,Colorado State Rams,64,66,56.0,20.0,11.0,9.0,47.0,19.0,2.0,10.0
401722282,2024-12-21,2025,0,40,58,2837,South Florida Bulls,East Texas A&M Lions,88,62,56.0,8.0,4.0,15.0,58.0,11.0,8.0,17.0
401722313,2024-12-21,2025,0,40,12,2117,Arizona Wildcats,Central Michigan Chippewas,94,41,66.0,13.0,12.0,10.0,54.0,18.0,10.0,17.0
401722389,2024-12-21,2025,0,40,2439,27,UNLV Rebels,UC Riverside Highlanders,66,53,61.0,13.0,14.0,9.0,66.0,11.0,23.0,15.0
401722408,2024-12-21,2025,0,40,2492,302,Pepperdine Waves,UC Davis Aggies,85,46,62.0,23.0,14.0,11.0,50.0,23.0,9.0,18.0
401722416,2024-12-21,2025,0,40,301,28,San Diego Toreros,UC San Diego Tritons,71,77,53.0,10.0,10.0,23.0,52.0,27.0,6.0,12.0
401722610,2024-12-21,2025,0,40,282,112686,Indiana State Sycamores,Health Sciences & Pharmacy Eutectics,101,53,72.0,8.0,8.0,9.0,71.0,4.0,10.0,14.0
401724709,2024-12-21,2025,0,40,2000,2640,Abilene Christian Wildcats,Texas Southern Tigers,69,65,66.0,15.0,15.0,19.0,55.0,19.0,10.0,24.0
401724776,2024-12-21,2025,0,40,103,2567,Boston College Eagles,SMU Mustangs,77,103,61.0,33.0,20.0,16.0,59.0,20.0,8.0,10.0
401724777,2024-12-21,2025,0,40,52,97,Florida State Seminoles,Louisville Cardinals,76,90,55.0,14.0,3.0,9.0,55.0,23.0,5.0,7.0
401724778,2024-12-21,2025,0,40,228,154,Clemson Tigers,Wake Forest Demon Deacons,73,62,61.0,16.0,10.0,12.0,50.0,12.0,5.0,19.0
401724779,2024-12-21,2025,0,40,59,150,Georgia Tech Yellow Jackets,Duke Blue Devils,56,82,58.0,10.0,9.0,10.0,55.0,15.0,8.0,10.0
401725348,2024-12-21,2025,0,40,2501,322,Portland Pilots,Lafayette Leopards,74,64,52.0,17.0,3.0,13.0,54.0,23.0,4.0,11.0
401725369,2024-12-21,2025,0,40,2541,233,Santa Clara Broncos,South Dakota Coyotes,98,81,74.0,11.0,15.0,13.0,70.0,22.0,12.0,9.0
401726033,2024-12-21,2025,0,40,2210,2430,Elon Phoenix,UNC Greensboro Spartans,73,69,60.0,33.0,24.0,12.0,56.0,9.0,9.0,11.0
401726042,2024-12-21,2025,0,40,2405,2217,Monmouth Hawks,Fairfield Stags,88,74,60.0,20.0,13.0,13.0,69.0,17.0,20.0,13.0
401726394,2024-12-21,2025,0,40,2229,85,Florida International Panthers,IU Indianapolis Jaguars,75,69,53.0,27.0,10.0,12.0,58.0,15.0,15.0,18.0
401726398,2024-12-21,2025,0,40,2198,55,Eastern Kentucky Colonels,Jacksonville State Gamecocks,80,91,71.0,19.0,16.0,5.0,68.0,22.0,20.0,10.0
401726440,2024-12-21,2025,0,40,98,2316,Western Kentucky Hilltoppers,Kentucky Wesleyan Panthers,91,71,69.0,13.0,13.0,6.0,57.0,3.0,9.0,20.0
401727107,2024-12-21,2025,0,40,2437,13,Omaha Mavericks,Cal Poly Mustangs,86,82,69.0,24.0,17.0,9.0,56.0,19.0,6.0,15.0
401727289,2024-12-21,2025,0,40,2181,2739,Drake Bulldogs,Green Bay Phoenix,72,62,56.0,22.0,13.0,4.0,41.0,19.0,5.0,13.0
401727540,2024-12-21,2025,0,40,94,2569,Northern Kentucky Norse,South Carolina State Bulldogs,58,47,56.0,17.0,13.0,10.0,44.0,19.0,8.0,19.0
401728319,2024-12-21,2025,0,40,2348,2892,Louisiana Tech Bulldogs,Rust Bearcats,108,60,78.0,10.0,15.0,8.0,69.0,4.0,7.0,12.0
401729285,2024-12-21,2025,0,40,8,2448,Arkansas Razorbacks,North Carolina A&T Aggies,95,67,74.0,19.0,14.0,6.0,75.0,17.0,17.0,8.0
401729795,2024-12-21,2025,1,40,2296,2006,Jackson State Tigers,Akron Zips,50,68,59.0,17.0,13.0,17.0,66.0,19.0,24.0,21.0
401729796,2024-12-21,2025,0,40,2638,43,UTEP Miners,Yale Bulldogs,75,74,52.0,21.0,5.0,13.0,62.0,17.0,16.0,16.0
401733682,2024-12-21,2025,0,40,2627,2758,Tarleton State Texans,Howard Payne Yellow Jackets,100,83,69.0,30.0,19.0,29.0,65.0,31.0,13.0,24.0
401700416,2024-12-22,2025,0,40,2670,2729,VCU Rams,William & Mary Tribe,90,70,74.0,18.0,16.0,7.0,58.0,11.0,9.0,19.0
401700460,2024-12-22,2025,0,40,258,44,Virginia Cavaliers,American University Eagles,63,58,50.0,14.0,6.0,8.0,50.0,9.0,3.0,7.0
401706186,2024-12-22,2025,0,40,152,2520,NC State Wolfpack,Rider Broncs,89,63,52.0,34.0,8.0,7.0,61.0,16.0,16.0,14.0
401706190,2024-12-22,2025,0,40,2142,314,Colgate Raiders,Iona Gaels,73,79,49.0,16.0,9.0,20.0,63.0,16.0,15.0,14.0
401706891,2024-12-22,2025,1,40,142,356,Missouri Tigers,Illinois Fighting Illini,77,80,58.0,37.0,9.0,9.0,57.0,23.0,12.0,17.0
401706961,2024-12-22,2025,0,40,66,2415,Iowa State Cyclones,Morgan State Bears,99,72,59.0,26.0,8.0,11.0,63.0,15.0,10.0,13.0
401706970,2024-12-22,2025,0,40,2305,225,Kansas Jayhawks,Brown Bears,87,53,68.0,15.0,11.0,6.0,75.0,8.0,17.0,9.0
401706989,2024-12-22,2025,0,40,2628,147,TCU Horned Frogs,Montana State Bobcats,82,48,59.0,29.0,14.0,10.0,54.0,9.0,3.0,14.0
401706996,2024-12-22,2025,0,40,277,2385,West Virginia Mountaineers,Mercyhurst Lakers,67,46,52.0,18.0,7.0,12.0,53.0,14.0,11.0,16.0
401707877,2024-12-22,2025,0,40,130,2870,Michigan Wolverines,Purdue Fort Wayne Mastodons,89,58,59.0,6.0,9.0,18.0,65.0,9.0,6.0,6.0
401709980,2024-12-22,2025,0,40,299,3167,Long Beach State Beach,La Sierra Golden Eagles,83,57,51.0,28.0,7.0,11.0,53.0,14.0,7.0,14.0
401711741,2024-12-22,2025,0,40,2351,2453,Loyola Marymount Lions,North Alabama Lions,85,69,65.0,8.0,10.0,9.0,64.0,25.0,13.0,7.0
401711762,2024-12-22,2025,0,40,56,123362,Stetson Hatters,Fort Lauderdale Eagles,103,77,67.0,29.0,11.0,10.0,71.0,21.0,18.0,14.0
401714906,2024-12-22,2025,0,40,61,2127,Georgia Bulldogs,Charleston Southern Buccaneers,81,65,63.0,14.0,13.0,10.0,57.0,16.0,11.0,14.0
401714924,2024-12-22,2025,0,40,99,2443,LSU Tigers,LSU New Orleans Privateers,86,70,70.0,21.0,17.0,13.0,68.0,21.0,13.0,9.0
401715333,2024-12-22,2025,0,40,2579,2515,South Carolina Gamecocks,Radford Highlanders,74,48,51.0,27.0,11.0,12.0,55.0,13.0,6.0,8.0
401715447,2024-12-22,2025,0,40,275,2174,Wisconsin Badgers,Detroit Mercy Titans,76,53,64.0,19.0,16.0,10.0,66.0,6.0,10.0,8.0
401715635,2024-12-22,2025,0,40,2132,2755,Cincinnati Bearcats,Grambling Tigers,84,49,65.0,20.0,18.0,6.0,50.0,15.0,10.0,16.0
401715686,2024-12-22,2025,0,40,87,2330,Notre Dame Fighting Irish,Le Moyne Dolphins,91,62,58.0,32.0,14.0,10.0,57.0,16.0,6.0,13.0
401715892,2024-12-22,2025,0,40,270,3071,Milwaukee Panthers,North Central College Cardinals,92,57,72.0,36.0,23.0,6.0,51.0,9.0,7.0,23.0
401715963,2024-12-22,2025,0,40,249,2277,North Texas Mean Green,Houston Christian Huskies,62,46,51.0,11.0,11.0,10.0,44.0,15.0,6.0,11.0
401715988,2024-12-22,2025,1,40,232,204,Charleston Cougars,Oregon State Beavers,65,74,58.0,25.0,9.0,13.0,49.0,29.0,6.0,13.0
401715989,2024-12-22,2025,1,40,2473,2350,Oakland Golden Grizzlies,Loyola Chicago Ramblers,72,71,63.0,10.0,15.0,12.0,55.0,15.0,9.0,10.0
401715990,2024-12-22,2025,1,40,93,158,Murray State Racers,Nebraska Cornhuskers,49,66,55.0,15.0,7.0,10.0,53.0,9.0,6.0,15.0
401715991,2024-12-22,2025,0,40,62,2429,Hawai'i Rainbow Warriors,Charlotte 49ers,78,61,59.0,13.0,10.0,11.0,53.0,19.0,4.0,7.0
401716886,2024-12-22,2025,0,40,2244,219,George Mason Patriots,Pennsylvania Quakers,85,53,59.0,19.0,7.0,7.0,59.0,9.0,9.0,15.0
401718144,2024-12-22,2025,0,40,45,2842,George Washington Revolutionaries,UVA Wise Cavaliers,102,62,67.0,16.0,11.0,11.0,58.0,19.0,11.0,19.0
401719079,2024-12-22,2025,0,40,2550,46,Seton Hall Pirates,Georgetown Hoyas,60,61,67.0,23.0,22.0,10.0,43.0,22.0,7.0,19.0
401719221,2024-12-22,2025,0,40,197,198,Oklahoma State Cowboys,Oral Roberts Golden Eagles,86,74,54.0,39.0,17.0,15.0,56.0,18.0,8.0,16.0
401719332,2024-12-22,2025,0,40,2253,139,Grand Canyon Lopes,Saint Louis Billikens,73,72,65.0,19.0,13.0,9.0,57.0,17.0,5.0,8.0
401720713,2024-12-22,2025,0,40,309,2377,Louisiana Ragin' Cajuns,McNeese Cowboys,56,64,54.0,6.0,7.0,13.0,60.0,17.0,13.0,8.0
401720917,2024-12-22,2025,0,40,16,2616,Sacramento State Hornets,Stanislaus State Warriors,98,47,51.0,21.0,5.0,9.0,57.0,4.0,5.0,12.0
401721036,2024-12-22,2025,0,40,333,2309,Alabama Crimson Tide,Kent State Golden Flashes,81,54,60.0,35.0,20.0,19.0,75.0,13.0,16.0,11.0
401721047,2024-12-22,2025,0,40,193,2529,Miami (OH) RedHawks,Sacred Heart Pioneers,94,76,66.0,8.0,9.0,15.0,63.0,17.0,12.0,17.0
401721286,2024-12-22,2025,0,40,5,2016,UAB Blazers,Alcorn State Braves,91,74,59.0,23.0,12.0,7.0,62.0,9.0,8.0,7.0
401721661,2024-12-22,2025,0,40,30,2582,USC Trojans,Southern Jaguars,82,51,50.0,35.0,9.0,17.0,52.0,22.0,8.0,19.0
401721711,2024-12-22,2025,0,40,172,2287,Cornell Big Red,Illinois State Redbirds,77,80,53.0,17.0,3.0,9.0,54.0,18.0,7.0,10.0
401721834,2024-12-22,2025,0,40,349,2066,Army Black Knights,Binghamton Bearcats,68,78,62.0,22.0,9.0,8.0,61.0,11.0,7.0,12.0
401721957,2024-12-22,2025,0,40,201,2110,Oklahoma Sooners,Central Arkansas Bears,89,66,68.0,14.0,10.0,9.0,64.0,11.0,9.0,12.0
401722001,2024-12-22,2025,0,40,119,2803,Towson Tigers,Bryant Bulldogs,70,65,64.0,17.0,14.0,12.0,60.0,11.0,7.0,10.0
401722016,2024-12-22,2025,0,40,284,160,Stonehill Skyhawks,New Hampshire Wildcats,90,83,61.0,22.0,12.0,9.0,57.0,27.0,11.0,10.0
401722122,2024-12-22,2025,0,40,242,2504,Rice Owls,Prairie View A&M Panthers,64,46,59.0,19.0,21.0,13.0,51.0,19.0,9.0,11.0
401722331,2024-12-22,2025,0,40,2239,2751,Cal State Fullerton Titans,Wyoming Cowboys,69,73,54.0,14.0,11.0,9.0,49.0,16.0,7.0,11.0
401722394,2024-12-22,2025,0,40,2608,328,Saint Mary's Gaels,Utah State Aggies,68,75,54.0,19.0,9.0,12.0,51.0,11.0,4.0,14.0
401722417,2024-12-22,2025,0,40,2623,2540,Missouri State Bears,UC Santa Barbara Gauchos,68,56,45.0,24.0,10.0,9.0,48.0,16.0,7.0,10.0
401724525,2024-12-22,2025,0,40,2674,502,Valparaiso Beacons,Calumet St. Joseph Crimson Wave,107,57,62.0,23.0,15.0,16.0,60.0,6.0,4.0,15.0
401727283,2024-12-22,2025,0,40,325,111166,Cleveland State Vikings,Midway Eagles,116,60,79.0,21.0,14.0,7.0,67.0,13.0,11.0,18.0
401733684,2024-12-22,2025,0,40,526,53,Florida Gulf Coast Eagles,Florida Tech Panthers,79,62,62.0,14.0,12.0,8.0,52.0,11.0,8.0,13.0
401715342,2024-12-23,2025,0,40,2633,2393,Tennessee Volunteers,Middle Tennessee Blue Raiders,82,64,56.0,23.0,8.0,11.0,59.0,14.0,6.0,11.0
401715437,2024-12-23,2025,0,40,264,2547,Washington Huskies,Seattle U Redhawks,70,79,57.0,23.0,8.0,12.0,56.0,32.0,7.0,8.0
401721008,2024-12-23,2025,0,40,189,486,Bowling Green Falcons,Aquinas Saints,87,62,70.0,18.0,19.0,14.0,59.0,16.0,12.0,16.0
401722030,2024-12-23,2025,0,40,2681,130198,Wagner Seahawks,Penn State Scranton Nittany Lions,120,30,77.0,22.0,15.0,4.0,47.0,4.0,2.0,29.0
401722328,2024-12-23,2025,0,40,2449,2934,North Dakota State Bison,Cal State Bakersfield Roadrunners,94,60,51.0,35.0,5.0,6.0,54.0,21.0,7.0,11.0
401729807,2024-12-23,2025,1,40,2350,232,Loyola Chicago Ramblers,Charleston Cougars,68,77,58.0,20.0,12.0,19.0,58.0,16.0,3.0,16.0
401729808,2024-12-23,2025,1,45,2473,204,Oakland Golden Grizzlies,Oregon State Beavers,74,80,56.0,24.0,13.0,14.0,66.0,19.0,18.0,11.0
401729809,2024-12-23,2025,0,40,62,158,Hawai'i Rainbow Warriors,Nebraska Cornhuskers,55,69,47.0,15.0,9.0,16.0,55.0,11.0,9.0,12.0
401729810,2024-12-23,2025,1,50,2429,93,Charlotte 49ers,Murray State Racers,94,90,60.0,36.0,12.0,14.0,69.0,36.0,11.0,7.0
401729811,2024-12-25,2025,1,40,93,2350,Murray State Racers,Loyola Chicago Ramblers,71,68,43.0,33.0,6.0,13.0,40.0,21.0,3.0,18.0
401729812,2024-12-25,2025,1,40,2429,232,Charlotte 49ers,Charleston Cougars,81,84,63.0,33.0,10.0,5.0,62.0,27.0,10.0,9.0
401729813,2024-12-25,2025,0,45,62,2473,Hawai'i Rainbow Warriors,Oakland Golden Grizzlies,73,70,60.0,29.0,17.0,12.0,68.0,16.0,13.0,7.0
401729814,2024-12-25,2025,1,40,158,204,Nebraska Cornhuskers,Oregon State Beavers,78,66,47.0,24.0,7.0,12.0,53.0,16.0,8.0,12.0
401724527,2024-12-27,2025,0,40,2184,128438,Duquesne Dukes,Cleary University Cougars,93,45,62.0,11.0,12.0,13.0,46.0,12.0,8.0,22.0
401727065,2024-12-27,2025,0,40,239,3166,Baylor Bears,Arlington Baptist Patriots,107,53,81.0,17.0,23.0,19.0,68.0,16.0,10.0,19.0
401700406,2024-12-28,2025,0,40,2603,2169,Saint Joseph's Hawks,Delaware State Hornets,76,58,54.0,18.0,7.0,16.0,60.0,21.0,9.0,13.0
401700433,2024-12-28,2025,0,40,97,2198,Louisville Cardinals,Eastern Kentucky Colonels,78,76,64.0,24.0,21.0,14.0,67.0,7.0,11.0,11.0
401706643,2024-12-28,2025,0,40,2501,265,Portland Pilots,Washington State Cougars,73,89,59.0,18.0,6.0,11.0,60.0,13.0,8.0,16.0
401706644,2024-12-28,2025,0,40,2608,279,Saint Mary's Gaels,Pacific Tigers,70,60,68.0,20.0,22.0,6.0,56.0,15.0,8.0,9.0
401706645,2024-12-28,2025,0,40,2541,2492,Santa Clara Broncos,Pepperdine Waves,91,80,67.0,11.0,11.0,10.0,67.0,12.0,13.0,11.0
401706646,2024-12-28,2025,0,40,2539,2351,San Francisco Dons,Loyola Marymount Lions,70,55,63.0,16.0,15.0,10.0,54.0,22.0,8.0,11.0
401706875,2024-12-28,2025,0,40,103,161,Boston College Eagles,Fairleigh Dickinson Knights,78,70,55.0,18.0,12.0,10.0,56.0,13.0,8.0,7.0
401706899,2024-12-28,2025,0,40,183,2083,Syracuse Orange,Bucknell Bison,75,63,57.0,23.0,15.0,21.0,55.0,15.0,8.0,17.0
401707874,2024-12-28,2025,0,40,120,2379,Maryland Terrapins,Maryland Eastern Shore Hawks,81,66,63.0,22.0,15.0,12.0,61.0,12.0,12.0,14.0
401710007,2024-12-28,2025,1,40,26,2250,UCLA Bruins,Gonzaga Bulldogs,65,62,55.0,18.0,12.0,14.0,55.0,8.0,8.0,15.0
401715326,2024-12-28,2025,0,40,235,145,Memphis Tigers,Ole Miss Rebels,87,70,61.0,31.0,12.0,13.0,66.0,21.0,11.0,11.0
401715362,2024-12-28,2025,0,40,245,2000,Texas A&M Aggies,Abilene Christian Wildcats,92,54,53.0,30.0,16.0,18.0,52.0,13.0,10.0,21.0
401715465,2024-12-28,2025,0,40,305,2352,DePaul Blue Demons,Loyola Maryland Greyhounds,84,65,69.0,23.0,16.0,7.0,54.0,20.0,7.0,15.0
401715475,2024-12-28,2025,0,40,46,2154,Georgetown Hoyas,Coppin State Eagles,83,53,54.0,16.0,13.0,19.0,62.0,14.0,13.0,9.0
401715597,2024-12-28,2025,0,40,2599,48,St. John's Red Storm,Delaware Blue Hens,97,76,64.0,17.0,10.0,12.0,63.0,6.0,7.0,15.0
401715673,2024-12-28,2025,0,40,59,2010,Georgia Tech Yellow Jackets,Alabama A&M Bulldogs,92,49,61.0,21.0,10.0,19.0,72.0,17.0,20.0,19.0
401716885,2024-12-28,2025,0,40,2244,116,George Mason Patriots,Mount St. Mary's Mountaineers,64,56,46.0,28.0,9.0,16.0,62.0,15.0,10.0,10.0
401718464,2024-12-28,2025,0,40,257,526,Richmond Spiders,Florida Gulf Coast Eagles,57,75,53.0,19.0,5.0,8.0,59.0,21.0,12.0,10.0
401719333,2024-12-28,2025,0,40,139,2931,Saint Louis Billikens,William Woods Owls,78,57,50.0,32.0,6.0,14.0,59.0,11.0,8.0,17.0
401720451,2024-12-28,2025,0,40,2127,3242,Charleston Southern Buccaneers,Columbia International Rams,95,89,74.0,45.0,19.0,7.0,72.0,11.0,4.0,9.0
401720714,2024-12-28,2025,0,40,2377,2443,McNeese Cowboys,LSU New Orleans Privateers,86,61,66.0,13.0,14.0,6.0,58.0,15.0,17.0,16.0
401721027,2024-12-28,2025,0,40,2166,2199,Davidson Wildcats,Eastern Michigan Eagles,86,64,49.0,31.0,6.0,10.0,57.0,12.0,4.0,11.0
401721712,2024-12-28,2025,0,40,171,2217,Columbia Lions,Fairfield Stags,85,72,52.0,17.0,6.0,11.0,64.0,6.0,10.0,7.0
401722070,2024-12-28,2025,0,40,2856,2296,California Baptist Lancers,Jackson State Tigers,79,73,53.0,36.0,15.0,20.0,64.0,17.0,12.0,20.0
401722241,2024-12-28,2025,0,40,2751,2440,Wyoming Cowboys,Nevada Wolf Pack,66,63,45.0,12.0,7.0,19.0,47.0,20.0,9.0,16.0
401722283,2024-12-28,2025,0,40,58,2691,South Florida Bulls,Webber International Warriors,106,49,72.0,16.0,15.0,2.0,49.0,6.0,8.0,22.0
401722332,2024-12-28,2025,0,40,2239,130201,Cal State Fullerton Titans,Nobel Knights,93,60,61.0,28.0,15.0,12.0,53.0,11.0,9.0,21.0
401722349,2024-12-28,2025,0,40,21,328,San Diego State Aztecs,Utah State Aggies,66,67,52.0,22.0,8.0,16.0,50.0,21.0,5.0,15.0
401722371,2024-12-28,2025,0,40,23,68,San José State Spartans,Boise State Broncos,71,73,54.0,17.0,10.0,7.0,59.0,11.0,16.0,12.0
401722411,2024-12-28,2025,0,40,302,500,UC Davis Aggies,Cal Maritime Keelhaulers,109,46,82.0,24.0,27.0,7.0,57.0,13.0,8.0,19.0
401722413,2024-12-28,2025,0,40,28,2475,UC San Diego Tritons,Occidental Tigers,109,51,87.0,11.0,21.0,3.0,56.0,10.0,5.0,17.0
401722419,2024-12-28,2025,0,40,2540,111910,UC Santa Barbara Gauchos,Westcliff Warriors,89,72,56.0,25.0,8.0,14.0,55.0,17.0,4.0,10.0
401724544,2024-12-28,2025,0,40,2247,2382,Georgia State Panthers,Mercer Bears,68,71,70.0,14.0,17.0,9.0,65.0,12.0,9.0,11.0
401724710,2024-12-28,2025,0,40,2640,128256,Texas Southern Tigers,College of Biblical Studies Ambassadors,103,68,79.0,13.0,14.0,8.0,66.0,9.0,5.0,14.0
401725356,2024-12-28,2025,1,40,301,2253,San Diego Toreros,Grand Canyon Lopes,55,68,70.0,11.0,15.0,15.0,54.0,42.0,10.0,13.0
401725822,2024-12-28,2025,0,40,3084,3246,Utah Valley Wolverines,Bethesda Flames,119,59,72.0,10.0,12.0,11.0,71.0,7.0,11.0,12.0
401725962,2024-12-28,2025,0,40,2197,2070,Eastern Illinois Panthers,Blackburn Beavers,99,55,65.0,21.0,11.0,11.0,50.0,10.0,9.0,29.0
401726034,2024-12-28,2025,0,40,2210,276,Elon Phoenix,Marshall Thundering Herd,73,59,57.0,25.0,12.0,12.0,68.0,14.0,18.0,12.0
401726038,2024-12-28,2025,0,40,2261,47,Hampton Pirates,Howard Bison,83,67,53.0,24.0,13.0,14.0,55.0,22.0,11.0,15.0
401726057,2024-12-28,2025,0,40,350,130241,UNC Wilmington Seahawks,Spartanburg Methodist Pioneers,99,47,79.0,20.0,26.0,15.0,67.0,11.0,6.0,10.0
401726404,2024-12-28,2025,0,40,166,3154,New Mexico State Aggies,Southwest Mustangs,85,52,59.0,17.0,11.0,10.0,58.0,16.0,11.0,16.0
401726410,2024-12-28,2025,0,40,202,3238,Tulsa Golden Hurricane,Southwestern Christian U Eagles,96,63,66.0,10.0,10.0,10.0,59.0,5.0,0.0,10.0
401726430,2024-12-28,2025,0,40,2534,2163,Sam Houston Bearkats,Dallas Crusaders,111,65,69.0,22.0,10.0,11.0,60.0,10.0,6.0,21.0
401726436,2024-12-28,2025,0,40,2638,3141,UTEP Miners,Northern New Mexico Eagles,79,60,61.0,26.0,12.0,20.0,59.0,18.0,14.0,27.0
401727067,2024-12-28,2025,0,40,295,2672,Old Dominion Monarchs,Virginia Wesleyan Blue Marlins,82,44,52.0,20.0,12.0,13.0,64.0,14.0,15.0,6.0
401727108,2024-12-28,2025,0,40,2437,573,Omaha Mavericks,Mount Marty Lancers,81,51,67.0,28.0,15.0,8.0,60.0,13.0,10.0,15.0
401727126,2024-12-28,2025,0,40,2448,2428,North Carolina A&T Aggies,North Carolina Central Eagles,85,72,62.0,24.0,15.0,8.0,63.0,25.0,15.0,7.0
401727147,2024-12-28,2025,0,40,2439,278,UNLV Rebels,Fresno State Bulldogs,87,77,65.0,9.0,10.0,10.0,58.0,16.0,6.0,9.0
401727272,2024-12-28,2025,0,40,2463,3167,Cal State Northridge Matadors,La Sierra Golden Eagles,87,52,71.0,18.0,13.0,8.0,60.0,5.0,5.0,16.0
401727324,2024-12-28,2025,0,40,2413,484,Morehead State Eagles,Alice Lloyd Eagles,94,63,66.0,15.0,13.0,13.0,61.0,6.0,4.0,13.0
401727412,2024-12-28,2025,0,40,2747,3077,Wofford Terriers,Kentucky Christian Knights,100,55,76.0,27.0,24.0,7.0,57.0,4.0,6.0,17.0
401727423,2024-12-28,2025,0,40,2430,3229,UNC Greensboro Spartans,Virginia Lynchburg Dragons,105,50,74.0,19.0,17.0,6.0,66.0,14.0,7.0,7.0
401728311,2024-12-28,2025,0,40,36,167,Colorado State Rams,New Mexico Lobos,68,76,60.0,8.0,12.0,17.0,63.0,9.0,11.0,12.0
401700276,2024-12-29,2025,0,40,338,2077,Kennesaw State Owls,Brewton Parker Wildcats,112,77,86.0,12.0,20.0,12.0,69.0,18.0,10.0,20.0
401700441,2024-12-29,2025,0,40,153,2097,North Carolina Tar Heels,Campbell Fighting Camels,97,81,63.0,20.0,8.0,7.0,63.0,20.0,9.0,7.0
401700451,2024-12-29,2025,0,40,2567,2344,SMU Mustangs,Longwood Lancers,98,82,50.0,31.0,8.0,20.0,72.0,14.0,15.0,13.0
401706191,2024-12-29,2025,0,40,314,108,Iona Gaels,Harvard Crimson,61,67,67.0,14.0,18.0,11.0,44.0,24.0,8.0,19.0
401707855,2024-12-29,2025,0,40,356,2130,Illinois Fighting Illini,Chicago State Cougars,117,64,66.0,28.0,11.0,11.0,67.0,4.0,6.0,15.0
401707865,2024-12-29,2025,0,40,84,2737,Indiana Hoosiers,Winthrop Eagles,77,68,66.0,24.0,14.0,8.0,64.0,20.0,12.0,11.0
401707878,2024-12-29,2025,0,40,130,98,Michigan Wolverines,Western Kentucky Hilltoppers,112,64,64.0,35.0,14.0,17.0,66.0,19.0,5.0,14.0
401707983,2024-12-29,2025,0,40,2509,2649,Purdue Boilermakers,Toledo Rockets,83,64,63.0,15.0,12.0,8.0,64.0,16.0,17.0,14.0
401711691,2024-12-29,2025,0,40,288,2036,Lipscomb Bisons,Asbury Eagles,112,54,91.0,17.0,23.0,2.0,79.0,2.0,14.0,12.0
401711763,2024-12-29,2025,0,40,57,56,Florida Gators,Stetson Hatters,85,45,69.0,9.0,11.0,13.0,68.0,8.0,12.0,15.0
401714411,2024-12-29,2025,0,55,2523,94,Robert Morris Colonials,Northern Kentucky Norse,97,93,91.0,32.0,21.0,13.0,81.0,30.0,24.0,23.0
401714412,2024-12-29,2025,0,40,325,2750,Cleveland State Vikings,Wright State Raiders,78,64,57.0,19.0,9.0,8.0,58.0,12.0,9.0,10.0
401714413,2024-12-29,2025,0,40,270,85,Milwaukee Panthers,IU Indianapolis Jaguars,88,81,52.0,37.0,12.0,10.0,63.0,17.0,10.0,8.0
401714414,2024-12-29,2025,0,40,2739,2870,Green Bay Phoenix,Purdue Fort Wayne Mastodons,67,83,49.0,12.0,5.0,17.0,59.0,14.0,6.0,8.0
401714415,2024-12-29,2025,0,40,2754,2174,Youngstown State Penguins,Detroit Mercy Titans,73,64,60.0,32.0,15.0,16.0,64.0,30.0,17.0,16.0
401714907,2024-12-29,2025,0,40,61,2569,Georgia Bulldogs,South Carolina State Bulldogs,79,72,50.0,31.0,7.0,14.0,57.0,24.0,10.0,16.0
401714925,2024-12-29,2025,0,40,99,2400,LSU Tigers,Mississippi Valley State Delta Devils,110,45,70.0,12.0,10.0,6.0,55.0,4.0,4.0,17.0
401715354,2024-12-29,2025,0,40,251,2466,Texas Longhorns,Northwestern State Demons,77,53,54.0,15.0,12.0,10.0,55.0,17.0,10.0,5.0
401715396,2024-12-29,2025,0,40,135,2415,Minnesota Golden Gophers,Morgan State Bears,90,68,60.0,24.0,9.0,5.0,60.0,19.0,12.0,6.0
401715405,2024-12-29,2025,0,40,77,111,Northwestern Wildcats,Northeastern Huskies,85,60,56.0,22.0,10.0,6.0,47.0,4.0,7.0,22.0
401715412,2024-12-29,2025,0,40,194,282,Ohio State Buckeyes,Indiana State Sycamores,103,83,61.0,41.0,7.0,6.0,54.0,32.0,10.0,19.0
401715421,2024-12-29,2025,0,40,213,219,Penn State Nittany Lions,Pennsylvania Quakers,86,66,66.0,26.0,14.0,8.0,57.0,12.0,7.0,17.0
401715438,2024-12-29,2025,0,40,264,2885,Washington Huskies,NJIT Highlanders,90,53,61.0,14.0,8.0,5.0,51.0,22.0,12.0,13.0
401716120,2024-12-29,2025,0,40,2916,2639,Incarnate Word Cardinals,Texas Lutheran Bulldogs,99,48,66.0,15.0,12.0,5.0,61.0,14.0,11.0,8.0
401716163,2024-12-29,2025,0,40,349,2636,Army Black Knights,UTSA Roadrunners,78,75,58.0,14.0,7.0,19.0,60.0,21.0,7.0,15.0
401720462,2024-12-29,2025,0,40,2272,2450,High Point Panthers,Norfolk State Spartans,74,77,55.0,33.0,20.0,12.0,52.0,23.0,8.0,8.0
401720524,2024-12-29,2025,0,40,2483,2692,Oregon Ducks,Weber State Wildcats,89,49,60.0,17.0,9.0,11.0,51.0,21.0,9.0,18.0
401720756,2024-12-29,2025,0,40,357,2544,Texas A&M-Corpus Christi Islanders,Schreiner Mountaineers,103,44,74.0,19.0,17.0,10.0,52.0,15.0,8.0,26.0
401721016,2024-12-29,2025,0,40,218,2084,Temple Owls,Buffalo Bulls,91,71,57.0,35.0,11.0,16.0,64.0,22.0,8.0,14.0
401721037,2024-12-29,2025,0,40,2309,191,Kent State Golden Flashes,Heidelberg Student Princes,84,80,62.0,17.0,17.0,12.0,63.0,12.0,10.0,8.0
401721091,2024-12-29,2025,0,40,2115,353,Central Connecticut Blue Devils,Johnson & Wales Griffins,100,51,61.0,11.0,9.0,15.0,58.0,2.0,5.0,17.0
401721159,2024-12-29,2025,0,40,315,2330,Niagara Purple Eagles,Le Moyne Dolphins,88,69,66.0,22.0,16.0,12.0,50.0,23.0,9.0,19.0
401721835,2024-12-29,2025,0,40,107,2517,Holy Cross Crusaders,Regis College Pride,82,46,63.0,11.0,7.0,11.0,67.0,9.0,12.0,12.0
401721836,2024-12-29,2025,0,40,2729,2426,William & Mary Tribe,Navy Midshipmen,82,76,62.0,14.0,7.0,10.0,54.0,24.0,8.0,15.0
401721837,2024-12-29,2025,0,50,44,2378,American University Eagles,UMBC Retrievers,93,96,77.0,16.0,12.0,11.0,72.0,18.0,7.0,9.0
401721838,2024-12-29,2025,0,40,311,104,Maine Black Bears,Boston University Terriers,56,59,48.0,22.0,5.0,8.0,48.0,20.0,10.0,14.0
401721839,2024-12-29,2025,0,40,2329,422,Lehigh Mountain Hawks,Neumann Knights,87,67,58.0,22.0,9.0,12.0,63.0,15.0,5.0,8.0
401721953,2024-12-29,2025,0,40,2046,2855,Austin Peay Governors,Brescia Bearcats,93,46,76.0,11.0,20.0,8.0,56.0,7.0,10.0,20.0
401721963,2024-12-29,2025,0,40,2110,3238,Central Arkansas Bears,Southwestern Christian U Eagles,87,69,70.0,20.0,16.0,13.0,68.0,6.0,8.0,12.0
401721997,2024-12-29,2025,0,40,2368,2066,Marist Red Foxes,Binghamton Bearcats,69,51,56.0,9.0,7.0,12.0,59.0,21.0,13.0,9.0
401722017,2024-12-29,2025,0,40,322,284,Lafayette Leopards,Stonehill Skyhawks,65,70,54.0,23.0,7.0,10.0,54.0,20.0,7.0,13.0
401722055,2024-12-29,2025,0,40,2627,50,Tarleton State Texans,Florida A&M Rattlers,70,60,60.0,24.0,12.0,11.0,47.0,21.0,6.0,20.0
401722100,2024-12-29,2025,0,40,399,2619,UAlbany Great Danes,Stony Brook Seawolves,77,70,51.0,20.0,8.0,15.0,61.0,21.0,15.0,12.0
401722123,2024-12-29,2025,0,40,201,2504,Oklahoma Sooners,Prairie View A&M Panthers,89,67,43.0,35.0,4.0,10.0,61.0,7.0,7.0,10.0
401722303,2024-12-29,2025,0,40,2724,128218,Wichita State Shockers,Friends Falcons,87,72,60.0,25.0,14.0,18.0,71.0,11.0,15.0,14.0
401722447,2024-12-29,2025,0,40,2181,2057,Drake Bulldogs,Belmont Bruins,65,46,51.0,15.0,9.0,10.0,40.0,16.0,6.0,16.0
401722448,2024-12-29,2025,0,50,71,2674,Bradley Braves,Valparaiso Beacons,81,75,70.0,21.0,12.0,10.0,64.0,33.0,16.0,14.0
401722449,2024-12-29,2025,0,40,339,2623,Evansville Purple Aces,Missouri State Bears,57,40,47.0,20.0,6.0,12.0,54.0,13.0,12.0,13.0
401722450,2024-12-29,2025,0,40,2460,79,Northern Iowa Panthers,Southern Illinois Salukis,78,67,52.0,17.0,8.0,13.0,57.0,13.0,10.0,14.0
401722451,2024-12-29,2025,0,40,2287,82,Illinois State Redbirds,UIC Flames,67,73,58.0,21.0,9.0,5.0,52.0,22.0,10.0,10.0
401724540,2024-12-29,2025,0,40,324,2683,Coastal Carolina Chanticleers,Warner Royals,75,53,62.0,15.0,17.0,15.0,62.0,13.0,6.0,6.0
401724554,2024-12-29,2025,0,40,333,2571,Alabama Crimson Tide,South Dakota State Jackrabbits,105,82,78.0,16.0,17.0,6.0,71.0,13.0,13.0,14.0
401725804,2024-12-29,2025,0,40,326,250,Texas State Bobcats,UT Arlington Mavericks,72,80,52.0,35.0,10.0,9.0,51.0,32.0,9.0,10.0
401727059,2024-12-29,2025,0,40,256,111166,James Madison Dukes,Midway Eagles,96,64,70.0,16.0,14.0,12.0,70.0,16.0,7.0,6.0
401727100,2024-12-29,2025,0,40,155,3080,North Dakota Fighting Hawks,Waldorf Warriors,97,57,74.0,16.0,14.0,9.0,62.0,16.0,9.0,16.0
401727120,2024-12-29,2025,0,45,27,2900,UC Riverside Highlanders,St. Thomas Tommies,81,79,60.0,25.0,13.0,19.0,63.0,20.0,3.0,9.0
401727279,2024-12-29,2025,0,45,2514,2275,Quinnipiac Bobcats,Hofstra Pride,75,69,75.0,34.0,23.0,11.0,62.0,17.0,3.0,11.0
401727308,2024-12-29,2025,0,40,2529,2879,Sacred Heart Pioneers,Manhattanville Valiants,100,60,65.0,15.0,15.0,6.0,55.0,4.0,5.0,12.0
401727330,2024-12-29,2025,0,40,2546,433,Southeast Missouri State Redhawks,Westminster (MO) Blue Jays,88,39,68.0,13.0,11.0,9.0,58.0,11.0,7.0,19.0
401727344,2024-12-29,2025,0,40,2635,2397,Tennessee Tech Golden Eagles,Milligan Buffaloes,95,75,67.0,23.0,5.0,5.0,74.0,8.0,9.0,8.0
401706667,2024-12-30,2025,0,40,2492,2250,Pepperdine Waves,Gonzaga Bulldogs,82,89,68.0,10.0,13.0,15.0,66.0,19.0,13.0,13.0
401706668,2024-12-30,2025,0,40,204,2501,Oregon State Beavers,Portland Pilots,89,79,57.0,11.0,8.0,10.0,52.0,14.0,5.0,10.0
401706669,2024-12-30,2025,0,40,301,279,San Diego Toreros,Pacific Tigers,75,65,54.0,19.0,5.0,11.0,55.0,23.0,11.0,15.0
401706670,2024-12-30,2025,0,45,2539,2541,San Francisco Dons,Santa Clara Broncos,97,94,65.0,31.0,8.0,9.0,63.0,29.0,11.0,12.0
401706671,2024-12-30,2025,0,40,265,2351,Washington State Cougars,Loyola Marymount Lions,73,59,57.0,14.0,8.0,18.0,58.0,15.0,6.0,16.0
401707991,2024-12-30,2025,0,40,158,2582,Nebraska Cornhuskers,Southern Jaguars,77,43,53.0,18.0,8.0,14.0,67.0,16.0,17.0,8.0
401714887,2024-12-30,2025,0,40,2,2405,Auburn Tigers,Monmouth Hawks,87,58,66.0,28.0,16.0,7.0,52.0,19.0,5.0,11.0
401715316,2024-12-30,2025,0,40,142,2011,Missouri Tigers,Alabama State Hornets,82,65,58.0,18.0,8.0,12.0,65.0,10.0,10.0,12.0
401715334,2024-12-30,2025,0,40,2579,2506,South Carolina Gamecocks,Presbyterian Blue Hose,69,59,48.0,30.0,14.0,12.0,44.0,16.0,5.0,13.0
401715386,2024-12-30,2025,0,40,2294,160,Iowa Hawkeyes,New Hampshire Wildcats,112,70,74.0,22.0,11.0,9.0,69.0,13.0,12.0,18.0
401715428,2024-12-30,2025,0,40,164,171,Rutgers Scarlet Knights,Columbia Lions,91,64,76.0,12.0,14.0,4.0,59.0,6.0,3.0,14.0
401715942,2024-12-30,2025,0,40,2377,2545,McNeese Cowboys,SE Louisiana Lions,79,51,55.0,22.0,11.0,12.0,48.0,16.0,9.0,22.0
401718474,2024-12-30,2025,0,40,331,2202,Eastern Washington Eagles,Eastern Oregon Mountaineers,89,63,60.0,22.0,5.0,13.0,68.0,9.0,10.0,14.0
401720582,2024-12-30,2025,0,40,172,2561,Cornell Big Red,Siena Saints,77,83,52.0,22.0,4.0,17.0,48.0,32.0,5.0,14.0
401720735,2024-12-30,2025,0,40,238,2443,Vanderbilt Commodores,LSU New Orleans Privateers,100,56,76.0,15.0,14.0,9.0,55.0,23.0,10.0,22.0
401720918,2024-12-30,2025,0,40,2464,110031,Northern Arizona Lumberjacks,Benedictine Mesa Redhawks,110,74,76.0,6.0,11.0,8.0,65.0,11.0,5.0,14.0
401720919,2024-12-30,2025,0,40,16,3246,Sacramento State Hornets,Bethesda Flames,78,38,62.0,16.0,13.0,9.0,53.0,7.0,4.0,15.0
401720984,2024-12-30,2025,0,40,2856,300,California Baptist Lancers,UC Irvine Anteaters,63,71,60.0,7.0,10.0,15.0,56.0,14.0,5.0,9.0
401720990,2024-12-30,2025,0,40,163,2006,Princeton Tigers,Akron Zips,76,75,59.0,18.0,5.0,12.0,64.0,17.0,10.0,12.0
401721048,2024-12-30,2025,0,40,193,190,Miami (OH) RedHawks,Defiance Yellow Jackets,141,58,74.0,16.0,9.0,7.0,53.0,14.0,8.0,24.0
401721058,2024-12-30,2025,0,40,2459,3107,Northern Illinois Huskies,East West Phantoms,117,50,90.0,24.0,21.0,8.0,57.0,23.0,5.0,24.0
401721066,2024-12-30,2025,0,40,195,332,Ohio Bobcats,Muskingum Fighting Muskies,103,52,64.0,11.0,8.0,14.0,69.0,2.0,10.0,15.0
401721082,2024-12-30,2025,0,40,127,2711,Michigan State Spartans,Western Michigan Broncos,80,62,54.0,22.0,8.0,17.0,58.0,17.0,11.0,17.0
401721212,2024-12-30,2025,0,40,292,2937,UT Rio Grande Valley Vaqueros,Dallas Christian Crusaders,88,44,67.0,14.0,16.0,15.0,65.0,14.0,12.0,13.0
401722002,2024-12-30,2025,0,40,2253,2803,Grand Canyon Lopes,Bryant Bulldogs,112,66,83.0,44.0,22.0,9.0,67.0,27.0,11.0,23.0
401722038,2024-12-30,2025,0,40,344,2065,Mississippi State Bulldogs,Bethune-Cookman Wildcats,87,73,61.0,24.0,12.0,9.0,52.0,24.0,10.0,17.0
401722180,2024-12-30,2025,0,40,2349,108842,UMass Lowell River Hawks,Emerson Lions,101,39,58.0,35.0,9.0,7.0,60.0,6.0,4.0,14.0
401722185,2024-12-30,2025,0,40,261,111948,Vermont Catamounts,Elms Blazers,121,37,71.0,15.0,12.0,9.0,59.0,9.0,12.0,23.0
401725512,2024-12-30,2025,0,40,2547,2447,Seattle U Redhawks,Nicholls Colonels,69,71,50.0,27.0,9.0,14.0,60.0,17.0,10.0,11.0
401725630,2024-12-30,2025,0,40,2306,2132,Kansas State Wildcats,Cincinnati Bearcats,70,67,55.0,20.0,7.0,11.0,60.0,7.0,10.0,15.0
401725631,2024-12-30,2025,0,40,38,66,Colorado Buffaloes,Iowa State Cyclones,69,79,57.0,8.0,11.0,19.0,68.0,22.0,20.0,9.0
401725632,2024-12-30,2025,0,40,12,2628,Arizona Wildcats,TCU Horned Frogs,90,81,58.0,21.0,11.0,7.0,63.0,18.0,13.0,8.0
401725633,2024-12-30,2025,0,40,197,248,Oklahoma State Cowboys,Houston Cougars,47,60,54.0,18.0,11.0,14.0,57.0,6.0,5.0,12.0
401725812,2024-12-30,2025,0,40,2229,3101,Florida International Panthers,Utah Tech Trailblazers,80,66,55.0,22.0,7.0,18.0,54.0,24.0,9.0,19.0
401726399,2024-12-30,2025,0,40,55,2232,Jacksonville State Gamecocks,Fort Valley State Wildcats,111,70,65.0,25.0,12.0,7.0,65.0,11.0,9.0,11.0
401727072,2024-12-30,2025,0,40,6,2920,South Alabama Jaguars,Mobile Rams,106,41,73.0,20.0,15.0,3.0,47.0,4.0,3.0,22.0
401727076,2024-12-30,2025,0,40,2572,2730,Southern Miss Golden Eagles,William Carey Crusaders,80,70,65.0,25.0,15.0,13.0,72.0,7.0,10.0,12.0
401727114,2024-12-30,2025,0,40,198,123286,Oral Roberts Golden Eagles,Texas A&M-Texarkana Eagles,92,54,54.0,13.0,8.0,14.0,59.0,0.0,6.0,14.0
401727541,2024-12-30,2025,0,40,8,2473,Arkansas Razorbacks,Oakland Golden Grizzlies,92,62,58.0,14.0,6.0,13.0,60.0,18.0,11.0,13.0
401729954,2024-12-30,2025,0,40,2117,128438,Central Michigan Chippewas,Cleary University Cougars,85,39,57.0,18.0,5.0,14.0,53.0,13.0,8.0,25.0
401731990,2024-12-30,2025,0,40,2755,128256,Grambling Tigers,College of Biblical Studies Ambassadors,100,55,72.0,11.0,11.0,11.0,75.0,5.0,12.0,10.0
401732290,2024-12-30,2025,0,40,2320,130174,Lamar Cardinals,Texas A&M-San Antonio Jaguars,82,65,68.0,14.0,17.0,14.0,63.0,16.0,12.0,13.0
401732528,2024-12-30,2025,0,40,2427,3242,UNC Asheville Bulldogs,Columbia International Rams,95,53,64.0,20.0,12.0,10.0,50.0,22.0,8.0,17.0
401700288,2024-12-31,2025,0,40,88,2413,Southern Indiana Screaming Eagles,Morehead State Eagles,68,70,56.0,25.0,9.0,8.0,51.0,28.0,14.0,14.0
401714916,2024-12-31,2025,0,40,96,225,Kentucky Wildcats,Brown Bears,88,54,60.0,23.0,9.0,5.0,49.0,12.0,10.0,23.0
401715343,2024-12-31,2025,0,40,2633,2450,Tennessee Volunteers,Norfolk State Spartans,67,52,54.0,16.0,10.0,6.0,59.0,8.0,13.0,13.0
401719080,2024-12-31,2025,0,40,2752,2550,Xavier Musketeers,Seton Hall Pirates,94,72,47.0,40.0,8.0,10.0,61.0,24.0,15.0,14.0
401719081,2024-12-31,2025,0,40,2507,269,Providence Friars,Marquette Golden Eagles,50,78,50.0,14.0,15.0,22.0,66.0,11.0,15.0,5.0
401719082,2024-12-31,2025,0,40,156,2599,Creighton Bluejays,St. John's Red Storm,57,56,53.0,7.0,11.0,19.0,68.0,6.0,14.0,9.0
401719658,2024-12-31,2025,0,40,2502,3152,Portland State Vikings,Walla Walla Wolves,96,39,80.0,5.0,18.0,17.0,57.0,4.0,10.0,31.0
401720998,2024-12-31,2025,0,40,2050,2023,Ball State Cardinals,Anderson (IN) Ravens,89,76,59.0,39.0,15.0,16.0,70.0,17.0,12.0,13.0
401722155,2024-12-31,2025,0,40,2005,2439,Air Force Falcons,UNLV Rebels,58,77,57.0,20.0,12.0,15.0,49.0,23.0,7.0,17.0
401722242,2024-12-31,2025,0,40,2440,328,Nevada Wolf Pack,Utah State Aggies,64,69,57.0,12.0,12.0,13.0,46.0,18.0,5.0,14.0
401722372,2024-12-31,2025,0,40,23,36,San José State Spartans,Colorado State Rams,50,72,61.0,16.0,5.0,8.0,58.0,9.0,8.0,16.0
401722430,2024-12-31,2025,0,40,2751,68,Wyoming Cowboys,Boise State Broncos,58,67,57.0,15.0,9.0,7.0,46.0,22.0,8.0,13.0
401724219,2024-12-31,2025,0,40,2244,2166,George Mason Patriots,Davidson Wildcats,69,57,43.0,21.0,4.0,10.0,50.0,11.0,3.0,10.0
401724220,2024-12-31,2025,0,40,2168,2325,Dayton Flyers,La Salle Explorers,84,70,65.0,21.0,8.0,11.0,61.0,19.0,8.0,16.0
401724221,2024-12-31,2025,0,40,2184,227,Duquesne Dukes,Rhode Island Rams,67,55,57.0,23.0,13.0,10.0,46.0,26.0,4.0,9.0
401724222,2024-12-31,2025,0,40,2230,139,Fordham Rams,Saint Louis Billikens,63,88,61.0,14.0,8.0,10.0,58.0,14.0,7.0,12.0
401724223,2024-12-31,2025,0,40,257,45,Richmond Spiders,George Washington Revolutionaries,66,61,57.0,20.0,8.0,7.0,54.0,19.0,9.0,12.0
401724224,2024-12-31,2025,0,40,2603,113,Saint Joseph's Hawks,Massachusetts Minutemen,81,72,57.0,23.0,14.0,17.0,73.0,26.0,16.0,4.0
401724225,2024-12-31,2025,0,40,179,2670,St. Bonaventure Bonnies,VCU Rams,77,75,58.0,19.0,11.0,6.0,58.0,9.0,11.0,11.0
401724780,2024-12-31,2025,0,40,258,152,Virginia Cavaliers,NC State Wolfpack,70,67,48.0,12.0,3.0,7.0,54.0,15.0,13.0,11.0
401724781,2024-12-31,2025,0,40,183,154,Syracuse Orange,Wake Forest Demon Deacons,71,81,56.0,32.0,15.0,18.0,60.0,26.0,9.0,11.0
401724782,2024-12-31,2025,0,40,59,87,Georgia Tech Yellow Jackets,Notre Dame Fighting Irish,86,75,53.0,25.0,9.0,8.0,62.0,14.0,14.0,10.0
401724783,2024-12-31,2025,0,40,150,259,Duke Blue Devils,Virginia Tech Hokies,88,65,58.0,15.0,10.0,9.0,50.0,15.0,5.0,12.0
401725381,2024-12-31,2025,0,40,2000,2617,Abilene Christian Wildcats,Stephen F. Austin Lumberjacks,57,62,51.0,34.0,9.0,14.0,49.0,31.0,10.0,22.0
401725513,2024-12-31,2025,0,40,2429,2655,Charlotte 49ers,Tulane Green Wave,68,83,55.0,22.0,7.0,17.0,57.0,31.0,4.0,8.0
401725514,2024-12-31,2025,0,40,58,151,South Florida Bulls,East Carolina Pirates,75,69,57.0,20.0,8.0,13.0,62.0,27.0,15.0,14.0
401725515,2024-12-31,2025,0,40,249,5,North Texas Mean Green,UAB Blazers,78,75,50.0,26.0,8.0,9.0,56.0,21.0,15.0,13.0
401725634,2024-12-31,2025,0,40,252,9,BYU Cougars,Arizona State Sun Devils,76,56,58.0,14.0,13.0,14.0,57.0,10.0,11.0,13.0
401725635,2024-12-31,2025,0,40,239,254,Baylor Bears,Utah Utes,81,56,69.0,18.0,14.0,12.0,66.0,13.0,11.0,17.0
401725636,2024-12-31,2025,0,40,2641,2116,Texas Tech Red Raiders,UCF Knights,83,87,72.0,18.0,17.0,10.0,56.0,22.0,9.0,14.0
401725637,2024-12-31,2025,0,40,2305,277,Kansas Jayhawks,West Virginia Mountaineers,61,62,49.0,21.0,7.0,8.0,60.0,6.0,8.0,6.0
401727127,2024-12-31,2025,0,40,2428,2592,North Carolina Central Eagles,St. Andrews Knights,121,61,87.0,14.0,23.0,19.0,64.0,14.0,5.0,23.0
401727148,2024-12-31,2025,0,40,278,167,Fresno State Bulldogs,New Mexico Lobos,89,103,67.0,31.0,10.0,15.0,70.0,15.0,6.0,16.0
401706409,2025-01-01,2025,0,40,2535,2643,Samford Bulldogs,The Citadel Bulldogs,86,56,62.0,13.0,12.0,9.0,46.0,25.0,10.0,17.0
401706410,2025-01-01,2025,0,40,2193,2678,East Tennessee State Buccaneers,VMI Keydets,84,69,62.0,11.0,11.0,8.0,52.0,25.0,10.0,11.0
401706411,2025-01-01,2025,0,40,2717,231,Western Carolina Catamounts,Furman Paladins,61,90,56.0,21.0,9.0,13.0,64.0,29.0,12.0,4.0
401706412,2025-01-01,2025,0,45,2382,236,Mercer Bears,Chattanooga Mocs,99,94,74.0,27.0,12.0,10.0,76.0,6.0,12.0,17.0
401706413,2025-01-01,2025,0,40,2747,2430,Wofford Terriers,UNC Greensboro Spartans,66,68,54.0,14.0,13.0,12.0,57.0,20.0,9.0,3.0
401714416,2025-01-01,2025,0,45,94,2870,Northern Kentucky Norse,Purdue Fort Wayne Mastodons,69,68,58.0,14.0,13.0,16.0,60.0,7.0,7.0,14.0
401714417,2025-01-01,2025,0,40,85,2754,IU Indianapolis Jaguars,Youngstown State Penguins,61,77,62.0,23.0,15.0,9.0,49.0,28.0,11.0,13.0
401719083,2025-01-01,2025,0,40,305,41,DePaul Blue Demons,UConn Huskies,68,81,53.0,28.0,10.0,9.0,62.0,10.0,12.0,13.0
401719084,2025-01-01,2025,0,40,2086,222,Butler Bulldogs,Villanova Wildcats,65,73,52.0,23.0,6.0,6.0,59.0,16.0,11.0,6.0
401720953,2025-01-01,2025,0,40,159,35,Dartmouth Big Green,Colby Sawyer Chargers,108,55,68.0,26.0,19.0,12.0,63.0,4.0,6.0,14.0
401721713,2025-01-01,2025,0,40,43,47,Yale Bulldogs,Howard Bison,93,65,61.0,17.0,12.0,8.0,57.0,9.0,10.0,14.0
401722452,2025-01-01,2025,0,40,2460,2057,Northern Iowa Panthers,Belmont Bruins,76,70,64.0,23.0,9.0,6.0,61.0,17.0,5.0,9.0
401722453,2025-01-01,2025,0,45,282,71,Indiana State Sycamores,Bradley Braves,89,90,58.0,36.0,8.0,16.0,68.0,15.0,8.0,14.0
401722454,2025-01-01,2025,0,40,82,2181,UIC Flames,Drake Bulldogs,74,70,47.0,17.0,6.0,8.0,57.0,11.0,13.0,12.0
401722455,2025-01-01,2025,0,40,79,339,Southern Illinois Salukis,Evansville Purple Aces,53,68,61.0,13.0,13.0,13.0,50.0,19.0,5.0,13.0
401722456,2025-01-01,2025,0,40,2623,2674,Missouri State Bears,Valparaiso Beacons,72,73,50.0,16.0,10.0,14.0,53.0,15.0,9.0,8.0
401724784,2025-01-01,2025,0,40,221,25,Pittsburgh Panthers,California Golden Bears,86,74,52.0,34.0,8.0,8.0,55.0,29.0,11.0,6.0
401724785,2025-01-01,2025,0,40,228,24,Clemson Tigers,Stanford Cardinal,85,71,58.0,24.0,11.0,10.0,61.0,12.0,14.0,17.0
401724786,2025-01-01,2025,0,40,103,2390,Boston College Eagles,Miami Hurricanes,78,68,56.0,26.0,10.0,14.0,69.0,14.0,13.0,11.0
401724787,2025-01-01,2025,0,40,97,153,Louisville Cardinals,North Carolina Tar Heels,83,70,58.0,39.0,10.0,7.0,60.0,23.0,7.0,11.0
401725516,2025-01-01,2025,0,40,202,242,Tulsa Golden Hurricane,Rice Owls,64,70,59.0,17.0,11.0,9.0,58.0,20.0,13.0,10.0
401700174,2025-01-02,2025,0,40,166,2534,New Mexico State Aggies,Sam Houston Bearkats,75,71,58.0,24.0,9.0,6.0,59.0,22.0,13.0,8.0
401700175,2025-01-02,2025,0,40,2638,2348,UTEP Miners,Louisiana Tech Bulldogs,70,60,66.0,17.0,11.0,3.0,50.0,13.0,9.0,20.0
401700176,2025-01-02,2025,0,40,2335,98,Liberty Flames,Western Kentucky Hilltoppers,70,71,62.0,16.0,7.0,9.0,62.0,19.0,12.0,14.0
401700177,2025-01-02,2025,0,40,2229,2393,Florida International Panthers,Middle Tennessee Blue Raiders,69,73,57.0,6.0,8.0,20.0,57.0,23.0,8.0,14.0
401700289,2025-01-02,2025,0,45,2197,2815,Eastern Illinois Panthers,Lindenwood Lions,78,74,53.0,36.0,8.0,21.0,60.0,33.0,9.0,20.0
401700290,2025-01-02,2025,0,40,2630,2031,UT Martin Skyhawks,Little Rock Trojans,56,57,55.0,25.0,17.0,13.0,51.0,13.0,11.0,17.0
401700291,2025-01-02,2025,0,40,2634,2546,Tennessee State Tigers,Southeast Missouri State Redhawks,65,67,53.0,22.0,9.0,19.0,54.0,27.0,8.0,14.0
401700292,2025-01-02,2025,0,40,2565,2710,SIU Edwardsville Cougars,Western Illinois Leathernecks,77,66,50.0,14.0,8.0,10.0,55.0,9.0,13.0,11.0
401700293,2025-01-02,2025,0,40,2635,88,Tennessee Tech Golden Eagles,Southern Indiana Screaming Eagles,68,64,65.0,8.0,11.0,18.0,71.0,11.0,12.0,12.0
401706499,2025-01-02,2025,0,40,2571,2172,South Dakota State Jackrabbits,Denver Pioneers,91,70,65.0,16.0,14.0,19.0,63.0,18.0,5.0,9.0
401706500,2025-01-02,2025,0,40,155,2437,North Dakota Fighting Hawks,Omaha Mavericks,85,95,61.0,30.0,14.0,12.0,56.0,27.0,9.0,12.0
401706501,2025-01-02,2025,0,40,140,233,Kansas City Roos,South Dakota Coyotes,68,54,56.0,22.0,17.0,14.0,47.0,29.0,7.0,11.0
401706502,2025-01-02,2025,0,40,2449,2900,North Dakota State Bison,St. Thomas Tommies,85,89,61.0,24.0,16.0,10.0,57.0,18.0,5.0,4.0
401706672,2025-01-02,2025,0,40,2250,2501,Gonzaga Bulldogs,Portland Pilots,81,50,68.0,16.0,15.0,7.0,63.0,6.0,10.0,15.0
401706673,2025-01-02,2025,0,40,2351,204,Loyola Marymount Lions,Oregon State Beavers,82,61,59.0,19.0,11.0,9.0,53.0,18.0,7.0,9.0
401706674,2025-01-02,2025,0,40,279,2539,Pacific Tigers,San Francisco Dons,81,89,52.0,27.0,12.0,11.0,55.0,21.0,11.0,10.0
401706675,2025-01-02,2025,0,40,301,2541,San Diego Toreros,Santa Clara Broncos,80,81,69.0,17.0,10.0,5.0,58.0,23.0,11.0,11.0
401706676,2025-01-02,2025,0,40,2608,2492,Saint Mary's Gaels,Pepperdine Waves,71,41,68.0,11.0,18.0,9.0,54.0,11.0,9.0,12.0
401709981,2025-01-02,2025,0,40,299,27,Long Beach State Beach,UC Riverside Highlanders,60,76,53.0,13.0,5.0,10.0,67.0,7.0,12.0,7.0
401711598,2025-01-02,2025,0,40,2454,2046,North Florida Ospreys,Austin Peay Governors,89,97,62.0,31.0,11.0,9.0,54.0,39.0,9.0,10.0
401711617,2025-01-02,2025,0,50,2110,2198,Central Arkansas Bears,Eastern Kentucky Colonels,83,89,81.0,14.0,15.0,13.0,76.0,21.0,15.0,13.0
401711635,2025-01-02,2025,0,40,2698,526,West Georgia Wolves,Florida Gulf Coast Eagles,68,79,61.0,12.0,8.0,8.0,57.0,25.0,12.0,12.0
401711652,2025-01-02,2025,0,40,294,288,Jacksonville Dolphins,Lipscomb Bisons,65,70,51.0,13.0,10.0,15.0,39.0,26.0,6.0,16.0
401711692,2025-01-02,2025,0,40,2453,91,North Alabama Lions,Bellarmine Knights,82,66,65.0,11.0,13.0,6.0,56.0,17.0,9.0,8.0
401711714,2025-01-02,2025,0,40,2511,56,Queens University Royals,Stetson Hatters,96,87,,,,,,,,
401713721,2025-01-02,2025,0,40,2405,2619,Monmouth Hawks,Stony Brook Seawolves,78,56,51.0,19.0,10.0,10.0,58.0,20.0,14.0,8.0
401713722,2025-01-02,2025,0,40,2097,2182,Campbell Fighting Camels,Drexel Dragons,57,54,54.0,12.0,5.0,13.0,61.0,7.0,9.0,15.0
401713723,2025-01-02,2025,0,40,111,48,Northeastern Huskies,Delaware Blue Hens,80,77,69.0,23.0,22.0,11.0,56.0,25.0,6.0,9.0
401713724,2025-01-02,2025,0,45,350,119,UNC Wilmington Seahawks,Towson Tigers,61,65,59.0,20.0,9.0,8.0,71.0,11.0,17.0,7.0
401713725,2025-01-02,2025,0,40,2275,2729,Hofstra Pride,William & Mary Tribe,56,74,56.0,7.0,1.0,9.0,51.0,13.0,4.0,13.0
401713726,2025-01-02,2025,0,40,232,2261,Charleston Cougars,Hampton Pirates,94,67,53.0,40.0,8.0,14.0,64.0,22.0,8.0,10.0
401714187,2025-01-02,2025,0,40,2448,2210,North Carolina A&T Aggies,Elon Phoenix,67,75,64.0,16.0,15.0,7.0,59.0,27.0,19.0,9.0
401714310,2025-01-02,2025,0,45,13,300,Cal Poly Mustangs,UC Irvine Anteaters,89,98,83.0,11.0,16.0,18.0,75.0,31.0,14.0,15.0
401714311,2025-01-02,2025,0,40,62,2540,Hawai'i Rainbow Warriors,UC Santa Barbara Gauchos,61,64,52.0,16.0,10.0,9.0,58.0,12.0,11.0,9.0
401714312,2025-01-02,2025,0,40,2239,2463,Cal State Fullerton Titans,Cal State Northridge Matadors,65,95,46.0,24.0,6.0,22.0,66.0,26.0,12.0,7.0
401714313,2025-01-02,2025,0,40,2934,302,Cal State Bakersfield Roadrunners,UC Davis Aggies,75,64,60.0,33.0,19.0,10.0,53.0,28.0,14.0,12.0
401714418,2025-01-02,2025,0,40,2750,2739,Wright State Raiders,Green Bay Phoenix,74,51,60.0,12.0,9.0,12.0,54.0,13.0,4.0,14.0
401714419,2025-01-02,2025,0,40,2473,270,Oakland Golden Grizzlies,Milwaukee Panthers,65,49,52.0,24.0,13.0,11.0,55.0,7.0,12.0,15.0
401714420,2025-01-02,2025,0,45,2174,2523,Detroit Mercy Titans,Robert Morris Colonials,78,76,67.0,15.0,11.0,10.0,66.0,30.0,18.0,10.0
401714514,2025-01-02,2025,0,40,295,2032,Old Dominion Monarchs,Arkansas State Red Wolves,59,78,64.0,32.0,18.0,7.0,62.0,19.0,13.0,8.0
401714515,2025-01-02,2025,0,40,324,309,Coastal Carolina Chanticleers,Louisiana Ragin' Cajuns,68,71,47.0,21.0,7.0,15.0,54.0,20.0,8.0,7.0
401714516,2025-01-02,2025,0,40,2026,2653,App State Mountaineers,Troy Trojans,61,69,56.0,16.0,10.0,9.0,57.0,10.0,11.0,12.0
401714517,2025-01-02,2025,0,40,276,326,Marshall Thundering Herd,Texas State Bobcats,77,71,52.0,33.0,12.0,11.0,55.0,22.0,9.0,9.0
401714518,2025-01-02,2025,0,40,290,2433,Georgia Southern Eagles,UL Monroe Warhawks,90,82,61.0,12.0,11.0,14.0,63.0,25.0,15.0,8.0
401714519,2025-01-02,2025,0,40,2247,6,Georgia State Panthers,South Alabama Jaguars,51,77,50.0,14.0,11.0,16.0,66.0,6.0,13.0,6.0
401714520,2025-01-02,2025,0,40,256,2572,James Madison Dukes,Southern Miss Golden Eagles,83,72,,,,,,,,
401718475,2025-01-02,2025,0,40,331,149,Eastern Washington Eagles,Montana Grizzlies,81,92,63.0,17.0,14.0,15.0,55.0,24.0,3.0,7.0
401719378,2025-01-02,2025,0,40,2458,2692,Northern Colorado Bears,Weber State Wildcats,89,72,51.0,21.0,6.0,14.0,54.0,19.0,6.0,13.0
401720649,2025-01-02,2025,0,40,70,147,Idaho Vandals,Montana State Bobcats,69,64,56.0,26.0,11.0,11.0,57.0,23.0,7.0,10.0
401720920,2025-01-02,2025,0,40,2464,304,Northern Arizona Lumberjacks,Idaho State Bengals,67,72,58.0,19.0,13.0,14.0,56.0,25.0,15.0,12.0
401721322,2025-01-02,2025,0,40,84,164,Indiana Hoosiers,Rutgers Scarlet Knights,84,74,72.0,25.0,18.0,8.0,61.0,23.0,7.0,11.0
401721323,2025-01-02,2025,0,40,135,2509,Minnesota Golden Gophers,Purdue Boilermakers,61,81,52.0,16.0,9.0,8.0,58.0,16.0,10.0,3.0
401721324,2025-01-02,2025,0,40,2483,356,Oregon Ducks,Illinois Fighting Illini,77,109,69.0,17.0,9.0,10.0,73.0,11.0,10.0,10.0
401721325,2025-01-02,2025,0,40,213,77,Penn State Nittany Lions,Northwestern Wildcats,84,80,44.0,45.0,9.0,17.0,61.0,21.0,16.0,16.0
401721326,2025-01-02,2025,0,40,264,120,Washington Huskies,Maryland Terrapins,75,69,57.0,23.0,11.0,14.0,58.0,22.0,9.0,11.0
401721840,2025-01-02,2025,0,40,2426,44,Navy Midshipmen,American University Eagles,81,58,55.0,23.0,7.0,6.0,56.0,11.0,7.0,9.0
401721841,2025-01-02,2025,0,45,2329,2083,Lehigh Mountain Hawks,Bucknell Bison,66,64,65.0,21.0,12.0,15.0,60.0,20.0,9.0,18.0
401721842,2025-01-02,2025,0,40,322,104,Lafayette Leopards,Boston University Terriers,60,46,56.0,21.0,11.0,4.0,55.0,14.0,11.0,9.0
401721843,2025-01-02,2025,0,40,107,2352,Holy Cross Crusaders,Loyola Maryland Greyhounds,74,72,54.0,13.0,4.0,9.0,60.0,20.0,11.0,9.0
401721844,2025-01-02,2025,0,40,2142,349,Colgate Raiders,Army Black Knights,71,59,58.0,12.0,6.0,11.0,56.0,9.0,4.0,12.0
401722457,2025-01-02,2025,0,40,93,2287,Murray State Racers,Illinois State Redbirds,68,74,48.0,26.0,10.0,11.0,49.0,16.0,6.0,13.0
401725517,2025-01-02,2025,0,40,2226,235,Florida Atlantic Owls,Memphis Tigers,62,90,68.0,21.0,19.0,13.0,59.0,19.0,13.0,19.0
401727864,2025-01-02,2025,0,40,2127,2241,Charleston Southern Buccaneers,Gardner-Webb Runnin' Bulldogs,72,63,58.0,30.0,11.0,11.0,62.0,26.0,11.0,11.0
401727865,2025-01-02,2025,0,40,2272,2515,High Point Panthers,Radford Highlanders,76,58,60.0,10.0,14.0,8.0,53.0,13.0,13.0,13.0
401727866,2025-01-02,2025,0,40,2506,2344,Presbyterian Blue Hose,Longwood Lancers,68,60,54.0,28.0,14.0,13.0,55.0,26.0,10.0,7.0
401727867,2025-01-02,2025,0,40,2737,2908,Winthrop Eagles,South Carolina Upstate Spartans,95,76,56.0,31.0,12.0,12.0,65.0,16.0,13.0,14.0
401706192,2025-01-03,2025,0,40,2771,2217,Merrimack Warriors,Fairfield Stags,67,54,52.0,10.0,4.0,8.0,57.0,13.0,17.0,15.0
401706193,2025-01-03,2025,0,40,2612,2514,Saint Peter's Peacocks,Quinnipiac Bobcats,46,59,54.0,10.0,12.0,17.0,62.0,13.0,17.0,12.0
401706194,2025-01-03,2025,0,50,2561,2363,Siena Saints,Manhattan Jaspers,103,95,83.0,26.0,16.0,8.0,70.0,29.0,7.0,12.0
401706195,2025-01-03,2025,0,40,314,2368,Iona Gaels,Marist Red Foxes,65,70,60.0,24.0,15.0,16.0,48.0,19.0,7.0,23.0
401706301,2025-01-03,2025,0,40,189,2006,Bowling Green Falcons,Akron Zips,68,71,66.0,21.0,17.0,15.0,67.0,9.0,10.0,12.0
401719085,2025-01-03,2025,0,40,46,2752,Georgetown Hoyas,Xavier Musketeers,69,63,56.0,25.0,11.0,12.0,57.0,25.0,9.0,11.0
401719086,2025-01-03,2025,0,40,269,156,Marquette Golden Eagles,Creighton Bluejays,79,71,70.0,11.0,11.0,7.0,60.0,22.0,11.0,12.0
401721092,2025-01-03,2025,0,40,2598,2115,Saint Francis Red Wolves,Central Connecticut Blue Devils,59,74,57.0,7.0,9.0,13.0,59.0,11.0,8.0,9.0
401721116,2025-01-03,2025,0,40,2681,2130,Wagner Seahawks,Chicago State Cougars,52,64,50.0,13.0,9.0,12.0,44.0,18.0,5.0,13.0
401721160,2025-01-03,2025,0,40,112358,2330,Long Island University Sharks,Le Moyne Dolphins,78,62,54.0,19.0,12.0,11.0,48.0,20.0,7.0,14.0
401721179,2025-01-03,2025,0,40,2385,284,Mercyhurst Lakers,Stonehill Skyhawks,76,69,52.0,29.0,4.0,9.0,52.0,29.0,9.0,11.0
401721327,2025-01-03,2025,0,40,194,127,Ohio State Buckeyes,Michigan State Spartans,62,69,60.0,16.0,15.0,16.0,55.0,22.0,12.0,16.0
401721328,2025-01-03,2025,0,40,275,2294,Wisconsin Badgers,Iowa Hawkeyes,116,85,62.0,17.0,8.0,13.0,66.0,18.0,7.0,9.0
401722243,2025-01-03,2025,0,45,167,2440,New Mexico Lobos,Nevada Wolf Pack,82,81,49.0,41.0,6.0,15.0,59.0,35.0,9.0,10.0
401724226,2025-01-03,2025,0,40,139,2603,Saint Louis Billikens,Saint Joseph's Hawks,73,57,55.0,14.0,7.0,11.0,64.0,15.0,13.0,7.0
401725518,2025-01-03,2025,0,40,218,2724,Temple Owls,Wichita State Shockers,91,85,58.0,31.0,11.0,15.0,65.0,28.0,15.0,14.0
401700178,2025-01-04,2025,0,40,166,2348,New Mexico State Aggies,Louisiana Tech Bulldogs,78,48,54.0,12.0,7.0,6.0,54.0,10.0,8.0,12.0
401700179,2025-01-04,2025,0,40,2638,2534,UTEP Miners,Sam Houston Bearkats,81,72,51.0,23.0,6.0,11.0,56.0,18.0,11.0,15.0
401700180,2025-01-04,2025,0,40,2229,98,Florida International Panthers,Western Kentucky Hilltoppers,85,66,58.0,25.0,13.0,25.0,57.0,24.0,8.0,20.0
401700181,2025-01-04,2025,0,40,2335,2393,Liberty Flames,Middle Tennessee Blue Raiders,73,63,64.0,10.0,10.0,10.0,66.0,11.0,15.0,10.0
401700182,2025-01-04,2025,0,40,338,55,Kennesaw State Owls,Jacksonville State Gamecocks,83,71,66.0,17.0,15.0,10.0,58.0,28.0,10.0,6.0
401700294,2025-01-04,2025,0,40,2197,2710,Eastern Illinois Panthers,Western Illinois Leathernecks,67,75,59.0,22.0,13.0,12.0,54.0,10.0,8.0,16.0
401700295,2025-01-04,2025,0,40,2565,2815,SIU Edwardsville Cougars,Lindenwood Lions,58,47,66.0,12.0,17.0,14.0,53.0,16.0,13.0,20.0
401700296,2025-01-04,2025,0,40,2634,2031,Tennessee State Tigers,Little Rock Trojans,95,86,63.0,38.0,14.0,16.0,68.0,30.0,16.0,16.0
401700297,2025-01-04,2025,0,40,2635,2413,Tennessee Tech Golden Eagles,Morehead State Eagles,74,55,56.0,20.0,7.0,11.0,63.0,11.0,10.0,10.0
401700298,2025-01-04,2025,0,40,2630,2546,UT Martin Skyhawks,Southeast Missouri State Redhawks,66,63,49.0,21.0,10.0,14.0,59.0,13.0,15.0,10.0
401706302,2025-01-04,2025,0,40,2309,2050,Kent State Golden Flashes,Ball State Cardinals,67,75,67.0,13.0,10.0,10.0,46.0,26.0,7.0,23.0
401706303,2025-01-04,2025,0,40,193,2084,Miami (OH) RedHawks,Buffalo Bulls,93,79,71.0,15.0,14.0,7.0,55.0,17.0,5.0,13.0
401706304,2025-01-04,2025,0,40,2199,2459,Eastern Michigan Eagles,Northern Illinois Huskies,75,71,60.0,22.0,10.0,11.0,53.0,21.0,4.0,13.0
401706305,2025-01-04,2025,0,40,2117,195,Central Michigan Chippewas,Ohio Bobcats,55,57,61.0,16.0,15.0,14.0,55.0,10.0,7.0,13.0
401706306,2025-01-04,2025,0,40,2711,2649,Western Michigan Broncos,Toledo Rockets,70,76,76.0,18.0,22.0,10.0,64.0,25.0,10.0,9.0
401706414,2025-01-04,2025,0,40,2643,236,The Citadel Bulldogs,Chattanooga Mocs,68,81,52.0,23.0,9.0,11.0,58.0,16.0,7.0,7.0
401706415,2025-01-04,2025,0,40,2193,2747,East Tennessee State Buccaneers,Wofford Terriers,78,81,46.0,28.0,6.0,13.0,47.0,29.0,8.0,15.0
401706416,2025-01-04,2025,0,40,2430,231,UNC Greensboro Spartans,Furman Paladins,84,67,54.0,13.0,8.0,9.0,56.0,18.0,13.0,13.0
401706417,2025-01-04,2025,0,40,2678,2382,VMI Keydets,Mercer Bears,67,70,55.0,20.0,4.0,17.0,56.0,19.0,7.0,16.0
401706418,2025-01-04,2025,0,40,2717,2535,Western Carolina Catamounts,Samford Bulldogs,69,88,61.0,14.0,15.0,20.0,53.0,27.0,9.0,17.0
401706503,2025-01-04,2025,0,40,233,2172,South Dakota Coyotes,Denver Pioneers,91,84,56.0,51.0,16.0,10.0,62.0,26.0,14.0,14.0
401706504,2025-01-04,2025,0,40,2449,2437,North Dakota State Bison,Omaha Mavericks,80,85,55.0,30.0,9.0,10.0,71.0,16.0,15.0,5.0
401706505,2025-01-04,2025,0,40,140,198,Kansas City Roos,Oral Roberts Golden Eagles,90,67,49.0,29.0,8.0,11.0,54.0,24.0,7.0,8.0
401706506,2025-01-04,2025,0,40,155,2900,North Dakota Fighting Hawks,St. Thomas Tommies,80,88,73.0,13.0,13.0,7.0,57.0,16.0,4.0,11.0
401706571,2025-01-04,2025,0,40,2856,2547,California Baptist Lancers,Seattle U Redhawks,61,59,56.0,14.0,11.0,13.0,58.0,17.0,14.0,13.0
401706572,2025-01-04,2025,0,40,2253,253,Grand Canyon Lopes,Southern Utah Thunderbirds,82,71,68.0,22.0,19.0,13.0,65.0,8.0,10.0,14.0
401706573,2025-01-04,2025,0,40,3084,2000,Utah Valley Wolverines,Abilene Christian Wildcats,64,53,49.0,26.0,7.0,17.0,59.0,22.0,15.0,19.0
401706574,2025-01-04,2025,0,40,2627,250,Tarleton State Texans,UT Arlington Mavericks,77,74,52.0,26.0,9.0,14.0,41.0,30.0,9.0,23.0
401706677,2025-01-04,2025,0,40,2351,2250,Loyola Marymount Lions,Gonzaga Bulldogs,68,96,55.0,25.0,8.0,14.0,72.0,14.0,11.0,6.0
401706678,2025-01-04,2025,0,40,265,2539,Washington State Cougars,San Francisco Dons,91,82,51.0,41.0,11.0,13.0,67.0,23.0,15.0,12.0
401706679,2025-01-04,2025,0,40,2501,2608,Portland Pilots,Saint Mary's Gaels,58,81,54.0,14.0,12.0,19.0,68.0,19.0,18.0,7.0
401706680,2025-01-04,2025,0,40,279,2492,Pacific Tigers,Pepperdine Waves,70,87,56.0,23.0,10.0,15.0,54.0,20.0,6.0,14.0
401706681,2025-01-04,2025,0,40,204,301,Oregon State Beavers,San Diego Toreros,81,54,45.0,30.0,6.0,13.0,58.0,18.0,13.0,13.0
401708300,2025-01-04,2025,0,40,333,201,Alabama Crimson Tide,Oklahoma Sooners,107,79,76.0,30.0,22.0,9.0,67.0,16.0,8.0,11.0
401708301,2025-01-04,2025,0,40,2,142,Auburn Tigers,Missouri Tigers,84,68,49.0,24.0,6.0,16.0,55.0,26.0,13.0,16.0
401708302,2025-01-04,2025,0,40,96,57,Kentucky Wildcats,Florida Gators,106,100,64.0,24.0,9.0,6.0,60.0,35.0,15.0,9.0
401708303,2025-01-04,2025,0,40,99,238,LSU Tigers,Vanderbilt Commodores,72,80,48.0,23.0,5.0,15.0,64.0,24.0,17.0,9.0
401708304,2025-01-04,2025,0,40,145,61,Ole Miss Rebels,Georgia Bulldogs,63,51,51.0,21.0,11.0,13.0,58.0,17.0,15.0,15.0
401708305,2025-01-04,2025,0,40,344,2579,Mississippi State Bulldogs,South Carolina Gamecocks,85,50,62.0,9.0,8.0,10.0,55.0,23.0,11.0,14.0
401708306,2025-01-04,2025,0,40,2633,8,Tennessee Volunteers,Arkansas Razorbacks,76,52,69.0,15.0,24.0,13.0,53.0,13.0,9.0,15.0
401708307,2025-01-04,2025,0,40,245,251,Texas A&M Aggies,Texas Longhorns,80,60,57.0,32.0,11.0,7.0,52.0,20.0,5.0,12.0
401709982,2025-01-04,2025,0,40,2934,299,Cal State Bakersfield Roadrunners,Long Beach State Beach,80,65,59.0,22.0,19.0,9.0,45.0,23.0,4.0,12.0
401711599,2025-01-04,2025,0,40,294,2046,Jacksonville Dolphins,Austin Peay Governors,68,44,52.0,20.0,11.0,18.0,69.0,5.0,15.0,12.0
401711618,2025-01-04,2025,0,40,2453,2198,North Alabama Lions,Eastern Kentucky Colonels,88,67,67.0,24.0,19.0,10.0,66.0,19.0,11.0,6.0
401711636,2025-01-04,2025,0,40,2511,526,Queens University Royals,Florida Gulf Coast Eagles,92,83,60.0,23.0,14.0,12.0,67.0,16.0,12.0,7.0
401711667,2025-01-04,2025,0,40,2454,288,North Florida Ospreys,Lipscomb Bisons,64,96,64.0,18.0,11.0,14.0,61.0,29.0,8.0,9.0
401714188,2025-01-04,2025,0,40,111,2275,Northeastern Huskies,Hofstra Pride,37,55,61.0,15.0,16.0,14.0,41.0,21.0,3.0,16.0
401714189,2025-01-04,2025,0,40,48,2405,Delaware Blue Hens,Monmouth Hawks,84,64,58.0,18.0,9.0,10.0,52.0,29.0,9.0,11.0
401714190,2025-01-04,2025,0,40,2448,2182,North Carolina A&T Aggies,Drexel Dragons,59,68,62.0,22.0,14.0,12.0,59.0,13.0,14.0,16.0
401714191,2025-01-04,2025,0,40,232,119,Charleston Cougars,Towson Tigers,77,69,50.0,26.0,5.0,9.0,69.0,9.0,12.0,9.0
401714192,2025-01-04,2025,0,40,2619,2729,Stony Brook Seawolves,William & Mary Tribe,76,83,55.0,22.0,9.0,10.0,54.0,23.0,5.0,5.0
401714193,2025-01-04,2025,0,40,2210,2261,Elon Phoenix,Hampton Pirates,70,62,46.0,37.0,10.0,13.0,69.0,7.0,16.0,8.0
401714194,2025-01-04,2025,0,40,350,2097,UNC Wilmington Seahawks,Campbell Fighting Camels,77,69,53.0,33.0,16.0,12.0,52.0,20.0,6.0,8.0
401714355,2025-01-04,2025,0,40,2239,28,Cal State Fullerton Titans,UC San Diego Tritons,51,90,49.0,17.0,11.0,21.0,59.0,20.0,7.0,7.0
401714356,2025-01-04,2025,0,40,2463,302,Cal State Northridge Matadors,UC Davis Aggies,73,61,57.0,23.0,13.0,19.0,53.0,29.0,9.0,17.0
401714357,2025-01-04,2025,0,40,62,13,Hawai'i Rainbow Warriors,Cal Poly Mustangs,68,55,51.0,20.0,8.0,11.0,65.0,6.0,10.0,7.0
401714358,2025-01-04,2025,0,40,300,27,UC Irvine Anteaters,UC Riverside Highlanders,81,57,55.0,28.0,9.0,9.0,63.0,15.0,12.0,10.0
401714421,2025-01-04,2025,0,40,94,2739,Northern Kentucky Norse,Green Bay Phoenix,78,60,53.0,26.0,12.0,8.0,50.0,6.0,3.0,13.0
401714422,2025-01-04,2025,0,40,2174,270,Detroit Mercy Titans,Milwaukee Panthers,56,64,54.0,13.0,8.0,17.0,65.0,27.0,23.0,15.0
401714423,2025-01-04,2025,0,40,325,85,Cleveland State Vikings,IU Indianapolis Jaguars,67,61,54.0,24.0,13.0,6.0,53.0,18.0,15.0,14.0
401714424,2025-01-04,2025,0,40,2870,2754,Purdue Fort Wayne Mastodons,Youngstown State Penguins,90,81,65.0,18.0,2.0,9.0,65.0,16.0,7.0,14.0
401714425,2025-01-04,2025,0,40,2473,2523,Oakland Golden Grizzlies,Robert Morris Colonials,71,79,69.0,13.0,20.0,10.0,55.0,26.0,14.0,10.0
401714521,2025-01-04,2025,0,40,256,2032,James Madison Dukes,Arkansas State Red Wolves,67,62,59.0,18.0,15.0,15.0,61.0,8.0,9.0,12.0
401714522,2025-01-04,2025,0,40,2247,309,Georgia State Panthers,Louisiana Ragin' Cajuns,94,70,61.0,27.0,13.0,12.0,70.0,17.0,14.0,8.0
401714523,2025-01-04,2025,0,40,276,2653,Marshall Thundering Herd,Troy Trojans,57,58,56.0,17.0,16.0,14.0,51.0,17.0,13.0,16.0
401714524,2025-01-04,2025,0,40,2026,326,App State Mountaineers,Texas State Bobcats,72,61,51.0,9.0,5.0,12.0,61.0,7.0,8.0,8.0
401714525,2025-01-04,2025,0,40,324,2433,Coastal Carolina Chanticleers,UL Monroe Warhawks,70,51,53.0,18.0,9.0,12.0,55.0,7.0,4.0,8.0
401714526,2025-01-04,2025,0,40,290,6,Georgia Southern Eagles,South Alabama Jaguars,47,76,48.0,15.0,10.0,23.0,54.0,24.0,10.0,13.0
401714527,2025-01-04,2025,0,40,295,2572,Old Dominion Monarchs,Southern Miss Golden Eagles,74,71,54.0,29.0,10.0,12.0,51.0,23.0,11.0,16.0
401715964,2025-01-04,2025,0,40,2320,2277,Lamar Cardinals,Houston Christian Huskies,63,61,67.0,4.0,10.0,7.0,58.0,9.0,12.0,17.0
401716071,2025-01-04,2025,0,40,2545,357,SE Louisiana Lions,Texas A&M-Corpus Christi Islanders,71,80,48.0,33.0,8.0,11.0,58.0,28.0,15.0,10.0
401716121,2025-01-04,2025,0,40,2617,2916,Stephen F. Austin Lumberjacks,Incarnate Word Cardinals,49,55,51.0,27.0,14.0,11.0,56.0,15.0,14.0,11.0
401718476,2025-01-04,2025,0,40,331,147,Eastern Washington Eagles,Montana State Bobcats,68,63,56.0,20.0,7.0,8.0,52.0,23.0,5.0,12.0
401719087,2025-01-04,2025,0,40,2599,2086,St. John's Red Storm,Butler Bulldogs,70,62,71.0,23.0,13.0,10.0,59.0,20.0,11.0,21.0
401719088,2025-01-04,2025,0,40,222,305,Villanova Wildcats,DePaul Blue Demons,100,56,62.0,18.0,12.0,7.0,60.0,15.0,14.0,12.0
401719379,2025-01-04,2025,0,45,2458,304,Northern Colorado Bears,Idaho State Bengals,93,92,58.0,25.0,7.0,15.0,64.0,17.0,11.0,16.0
401719659,2025-01-04,2025,0,40,16,2502,Sacramento State Hornets,Portland State Vikings,56,53,51.0,22.0,10.0,9.0,51.0,13.0,9.0,12.0
401720525,2025-01-04,2025,0,40,2464,2692,Northern Arizona Lumberjacks,Weber State Wildcats,80,77,57.0,18.0,7.0,7.0,58.0,20.0,11.0,9.0
401720650,2025-01-04,2025,0,40,70,149,Idaho Vandals,Montana Grizzlies,71,73,64.0,10.0,11.0,12.0,52.0,16.0,4.0,12.0
401720715,2025-01-04,2025,0,40,2837,2377,East Texas A&M Lions,McNeese Cowboys,56,75,64.0,8.0,15.0,16.0,55.0,20.0,11.0,15.0
401720736,2025-01-04,2025,0,40,2443,292,LSU New Orleans Privateers,UT Rio Grande Valley Vaqueros,64,76,62.0,17.0,12.0,8.0,66.0,18.0,21.0,11.0
401720795,2025-01-04,2025,0,40,160,261,New Hampshire Wildcats,Vermont Catamounts,40,60,46.0,10.0,8.0,19.0,54.0,12.0,6.0,8.0
401720796,2025-01-04,2025,0,40,399,2349,UAlbany Great Danes,UMass Lowell River Hawks,69,73,74.0,14.0,19.0,5.0,56.0,17.0,5.0,7.0
401720797,2025-01-04,2025,0,40,2066,2378,Binghamton Bearcats,UMBC Retrievers,87,82,58.0,21.0,9.0,10.0,58.0,17.0,4.0,6.0
401720798,2025-01-04,2025,0,40,2803,311,Bryant Bulldogs,Maine Black Bears,81,55,62.0,14.0,15.0,19.0,53.0,20.0,6.0,15.0
401721235,2025-01-04,2025,0,40,2010,2029,Alabama A&M Bulldogs,Arkansas-Pine Bluff Golden Lions,89,79,59.0,38.0,15.0,18.0,58.0,36.0,17.0,21.0
401721287,2025-01-04,2025,0,40,2016,2296,Alcorn State Braves,Jackson State Tigers,69,72,52.0,19.0,10.0,13.0,57.0,23.0,11.0,9.0
401721329,2025-01-04,2025,0,40,158,26,Nebraska Cornhuskers,UCLA Bruins,66,58,52.0,29.0,9.0,13.0,57.0,13.0,6.0,15.0
401721330,2025-01-04,2025,0,40,30,130,USC Trojans,Michigan Wolverines,74,85,62.0,22.0,12.0,12.0,55.0,21.0,8.0,14.0
401721714,2025-01-04,2025,0,40,163,2871,Princeton Tigers,Kean Cougars,92,71,71.0,11.0,11.0,13.0,58.0,14.0,6.0,21.0
401721964,2025-01-04,2025,0,40,2110,91,Central Arkansas Bears,Bellarmine Knights,71,65,55.0,27.0,12.0,11.0,57.0,7.0,7.0,14.0
401721976,2025-01-04,2025,0,40,2698,56,West Georgia Wolves,Stetson Hatters,62,78,66.0,20.0,13.0,6.0,48.0,26.0,4.0,14.0
401722039,2025-01-04,2025,0,40,50,2065,Florida A&M Rattlers,Bethune-Cookman Wildcats,55,62,51.0,12.0,8.0,15.0,54.0,13.0,11.0,14.0
401722108,2025-01-04,2025,0,40,2011,2400,Alabama State Hornets,Mississippi Valley State Delta Devils,84,55,56.0,26.0,12.0,8.0,57.0,15.0,15.0,16.0
401722124,2025-01-04,2025,0,40,2504,2755,Prairie View A&M Panthers,Grambling Tigers,73,55,52.0,7.0,3.0,13.0,45.0,8.0,4.0,23.0
401722142,2025-01-04,2025,0,40,2640,2582,Texas Southern Tigers,Southern Jaguars,58,67,61.0,23.0,15.0,15.0,52.0,16.0,9.0,18.0
401722156,2025-01-04,2025,0,40,2005,2751,Air Force Falcons,Wyoming Cowboys,65,70,46.0,13.0,5.0,13.0,42.0,18.0,5.0,14.0
401722350,2025-01-04,2025,0,40,68,21,Boise State Broncos,San Diego State Aztecs,68,76,53.0,25.0,9.0,13.0,61.0,24.0,15.0,11.0
401722373,2025-01-04,2025,0,40,2439,23,UNLV Rebels,San José State Spartans,79,73,57.0,22.0,8.0,5.0,59.0,17.0,16.0,12.0
401722395,2025-01-04,2025,0,40,328,278,Utah State Aggies,Fresno State Bulldogs,89,83,64.0,27.0,10.0,11.0,60.0,26.0,10.0,14.0
401722458,2025-01-04,2025,0,40,339,282,Evansville Purple Aces,Indiana State Sycamores,62,66,54.0,18.0,10.0,14.0,54.0,17.0,6.0,15.0
401722459,2025-01-04,2025,0,40,71,2623,Bradley Braves,Missouri State Bears,69,60,45.0,20.0,9.0,16.0,63.0,13.0,16.0,8.0
401722460,2025-01-04,2025,0,40,2057,82,Belmont Bruins,UIC Flames,92,87,67.0,18.0,11.0,12.0,64.0,21.0,8.0,12.0
401722461,2025-01-04,2025,0,40,2674,2460,Valparaiso Beacons,Northern Iowa Panthers,80,73,59.0,24.0,8.0,6.0,50.0,26.0,8.0,14.0
401723695,2025-01-04,2025,0,40,2154,2428,Coppin State Eagles,North Carolina Central Eagles,63,61,47.0,21.0,7.0,22.0,53.0,22.0,11.0,17.0
401723707,2025-01-04,2025,0,40,47,2169,Howard Bison,Delaware State Hornets,100,94,52.0,27.0,6.0,18.0,66.0,29.0,13.0,9.0
401723728,2025-01-04,2025,0,40,2450,2379,Norfolk State Spartans,Maryland Eastern Shore Hawks,81,59,57.0,16.0,9.0,11.0,65.0,12.0,15.0,12.0
401723754,2025-01-04,2025,0,40,2415,2569,Morgan State Bears,South Carolina State Bulldogs,72,86,49.0,26.0,6.0,17.0,60.0,26.0,12.0,12.0
401724347,2025-01-04,2025,0,40,45,2168,George Washington Revolutionaries,Dayton Flyers,82,62,61.0,15.0,10.0,10.0,60.0,20.0,14.0,12.0
401724348,2025-01-04,2025,0,40,227,2244,Rhode Island Rams,George Mason Patriots,62,59,57.0,20.0,12.0,11.0,53.0,18.0,10.0,14.0
401724349,2025-01-04,2025,0,40,2166,2184,Davidson Wildcats,Duquesne Dukes,77,71,51.0,21.0,6.0,7.0,63.0,10.0,13.0,7.0
401724350,2025-01-04,2025,0,40,2230,179,Fordham Rams,St. Bonaventure Bonnies,66,86,55.0,9.0,7.0,13.0,59.0,18.0,9.0,9.0
401724351,2025-01-04,2025,0,40,2350,2670,Loyola Chicago Ramblers,VCU Rams,65,84,55.0,23.0,13.0,14.0,61.0,20.0,18.0,11.0
401724352,2025-01-04,2025,0,40,113,257,Massachusetts Minutemen,Richmond Spiders,64,72,48.0,21.0,9.0,17.0,61.0,20.0,12.0,8.0
401724788,2025-01-04,2025,0,40,87,153,Notre Dame Fighting Irish,North Carolina Tar Heels,73,74,57.0,21.0,12.0,13.0,51.0,18.0,5.0,13.0
401724789,2025-01-04,2025,0,40,154,152,Wake Forest Demon Deacons,NC State Wolfpack,77,59,51.0,19.0,8.0,11.0,50.0,21.0,9.0,13.0
401724790,2025-01-04,2025,0,40,259,2390,Virginia Tech Hokies,Miami Hurricanes,86,85,59.0,15.0,11.0,11.0,56.0,17.0,7.0,11.0
401724791,2025-01-04,2025,0,40,2567,150,SMU Mustangs,Duke Blue Devils,62,89,67.0,25.0,21.0,7.0,62.0,16.0,11.0,7.0
401724792,2025-01-04,2025,0,40,258,97,Virginia Cavaliers,Louisville Cardinals,50,70,54.0,6.0,6.0,10.0,57.0,14.0,14.0,9.0
401724793,2025-01-04,2025,0,40,52,183,Florida State Seminoles,Syracuse Orange,90,74,56.0,31.0,9.0,8.0,59.0,17.0,10.0,14.0
401724794,2025-01-04,2025,0,40,228,25,Clemson Tigers,California Golden Bears,80,68,50.0,12.0,7.0,12.0,57.0,16.0,9.0,6.0
401724795,2025-01-04,2025,0,40,221,24,Pittsburgh Panthers,Stanford Cardinal,83,68,55.0,15.0,10.0,15.0,51.0,26.0,9.0,11.0
401724796,2025-01-04,2025,0,40,59,103,Georgia Tech Yellow Jackets,Boston College Eagles,85,64,53.0,27.0,4.0,9.0,59.0,15.0,8.0,13.0
401725519,2025-01-04,2025,0,40,5,202,UAB Blazers,Tulsa Golden Hurricane,83,51,67.0,11.0,10.0,11.0,60.0,13.0,10.0,14.0
401725520,2025-01-04,2025,0,40,242,2429,Rice Owls,Charlotte 49ers,68,55,53.0,16.0,13.0,10.0,53.0,11.0,7.0,6.0
401725521,2025-01-04,2025,0,40,2655,2636,Tulane Green Wave,UTSA Roadrunners,92,63,52.0,24.0,3.0,14.0,61.0,21.0,11.0,14.0
401725638,2025-01-04,2025,0,40,2132,12,Cincinnati Bearcats,Arizona Wildcats,67,72,64.0,23.0,17.0,11.0,53.0,27.0,8.0,12.0
401725639,2025-01-04,2025,0,40,248,252,Houston Cougars,BYU Cougars,86,55,59.0,16.0,15.0,11.0,48.0,15.0,7.0,15.0
401725640,2025-01-04,2025,0,40,9,38,Arizona State Sun Devils,Colorado Buffaloes,81,61,54.0,19.0,9.0,17.0,66.0,15.0,15.0,14.0
401725641,2025-01-04,2025,0,40,2628,2306,TCU Horned Frogs,Kansas State Wildcats,63,62,61.0,16.0,10.0,6.0,69.0,5.0,18.0,12.0
401725642,2025-01-04,2025,0,40,277,197,West Virginia Mountaineers,Oklahoma State Cowboys,69,50,55.0,20.0,12.0,15.0,54.0,20.0,12.0,17.0
401725643,2025-01-04,2025,0,40,254,2641,Utah Utes,Texas Tech Red Raiders,65,93,52.0,26.0,13.0,9.0,58.0,18.0,11.0,5.0
401725644,2025-01-04,2025,0,40,66,239,Iowa State Cyclones,Baylor Bears,74,55,49.0,24.0,8.0,12.0,64.0,14.0,13.0,8.0
401726447,2025-01-04,2025,0,40,2466,2447,Northwestern State Demons,Nicholls Colonels,68,66,57.0,24.0,17.0,12.0,56.0,16.0,10.0,10.0
401727261,2025-01-04,2025,0,40,2885,2380,NJIT Highlanders,Medgar Evers Cougars,107,51,83.0,17.0,28.0,13.0,68.0,17.0,12.0,12.0
401727868,2025-01-04,2025,0,40,2344,2127,Longwood Lancers,Charleston Southern Buccaneers,83,78,52.0,25.0,6.0,10.0,45.0,35.0,5.0,13.0
401727869,2025-01-04,2025,0,40,2241,2506,Gardner-Webb Runnin' Bulldogs,Presbyterian Blue Hose,63,61,55.0,21.0,16.0,14.0,59.0,16.0,7.0,6.0
401727870,2025-01-04,2025,0,40,2427,2272,UNC Asheville Bulldogs,High Point Panthers,103,99,69.0,37.0,11.0,2.0,65.0,30.0,12.0,10.0
401727871,2025-01-04,2025,0,40,2515,2737,Radford Highlanders,Winthrop Eagles,87,67,54.0,24.0,14.0,15.0,59.0,29.0,14.0,8.0
401706196,2025-01-05,2025,0,40,2529,2099,Sacred Heart Pioneers,Canisius Golden Griffins,99,82,69.0,22.0,19.0,10.0,62.0,18.0,7.0,8.0
401706197,2025-01-05,2025,0,40,2368,2514,Marist Red Foxes,Quinnipiac Bobcats,69,62,58.0,19.0,7.0,13.0,59.0,15.0,8.0,15.0
401706198,2025-01-05,2025,0,40,116,315,Mount St. Mary's Mountaineers,Niagara Purple Eagles,68,62,46.0,20.0,2.0,18.0,64.0,4.0,12.0,19.0
401706199,2025-01-05,2025,0,40,2520,2363,Rider Broncs,Manhattan Jaspers,79,80,62.0,20.0,14.0,11.0,58.0,18.0,9.0,10.0
401706200,2025-01-05,2025,0,40,2561,314,Siena Saints,Iona Gaels,73,74,45.0,36.0,9.0,25.0,61.0,20.0,17.0,24.0
401719089,2025-01-05,2025,0,40,41,2507,UConn Huskies,Providence Friars,87,84,48.0,32.0,5.0,7.0,60.0,23.0,15.0,10.0
401721093,2025-01-05,2025,0,40,2385,2115,Mercyhurst Lakers,Central Connecticut Blue Devils,50,62,55.0,10.0,9.0,7.0,58.0,10.0,10.0,9.0
401721117,2025-01-05,2025,0,40,112358,2130,Long Island University Sharks,Chicago State Cougars,53,39,50.0,17.0,7.0,10.0,48.0,10.0,6.0,15.0
401721139,2025-01-05,2025,0,40,2681,161,Wagner Seahawks,Fairleigh Dickinson Knights,59,71,70.0,16.0,14.0,7.0,53.0,21.0,8.0,14.0
401721331,2025-01-05,2025,0,40,2483,120,Oregon Ducks,Maryland Terrapins,83,79,56.0,15.0,8.0,9.0,59.0,19.0,10.0,10.0
401721332,2025-01-05,2025,0,40,213,84,Penn State Nittany Lions,Indiana Hoosiers,71,77,63.0,17.0,11.0,10.0,58.0,22.0,13.0,14.0
401721333,2025-01-05,2025,0,40,2509,77,Purdue Boilermakers,Northwestern Wildcats,79,61,55.0,18.0,9.0,11.0,60.0,12.0,13.0,13.0
401721334,2025-01-05,2025,0,40,264,356,Washington Huskies,Illinois Fighting Illini,77,81,65.0,14.0,8.0,10.0,66.0,19.0,14.0,13.0
401721715,2025-01-05,2025,0,40,172,128344,Cornell Big Red,Penn State Schuylkill Nittany Lions,123,71,84.0,13.0,21.0,12.0,63.0,18.0,11.0,20.0
401721716,2025-01-05,2025,0,40,225,353,Brown Bears,Johnson & Wales Griffins,98,57,69.0,16.0,17.0,10.0,53.0,18.0,9.0,16.0
401721717,2025-01-05,2025,0,40,108,340,Harvard Crimson,Bowdoin Polar Bears,71,65,52.0,21.0,9.0,8.0,60.0,10.0,8.0,6.0
401721845,2025-01-05,2025,0,40,2083,2142,Bucknell Bison,Colgate Raiders,66,60,56.0,15.0,7.0,7.0,53.0,19.0,9.0,11.0
401721846,2025-01-05,2025,0,40,2352,2329,Loyola Maryland Greyhounds,Lehigh Mountain Hawks,80,74,52.0,33.0,10.0,14.0,60.0,22.0,9.0,11.0
401721847,2025-01-05,2025,0,40,44,107,American University Eagles,Holy Cross Crusaders,75,64,48.0,17.0,3.0,8.0,57.0,10.0,11.0,10.0
401721848,2025-01-05,2025,0,40,104,349,Boston University Terriers,Army Black Knights,71,63,53.0,11.0,10.0,16.0,59.0,7.0,9.0,12.0
401721849,2025-01-05,2025,0,40,2426,322,Navy Midshipmen,Lafayette Leopards,71,70,59.0,17.0,8.0,7.0,59.0,12.0,10.0,12.0
401721942,2025-01-05,2025,0,40,2598,284,Saint Francis Red Wolves,Stonehill Skyhawks,60,64,57.0,14.0,11.0,10.0,61.0,8.0,15.0,13.0
401722462,2025-01-05,2025,0,40,2181,93,Drake Bulldogs,Murray State Racers,59,66,51.0,18.0,9.0,8.0,40.0,20.0,6.0,15.0
401722463,2025-01-05,2025,0,40,2287,79,Illinois State Redbirds,Southern Illinois Salukis,85,54,51.0,13.0,6.0,17.0,56.0,23.0,12.0,14.0
401725522,2025-01-05,2025,0,40,235,249,Memphis Tigers,North Texas Mean Green,68,64,44.0,21.0,4.0,15.0,51.0,21.0,12.0,16.0
401725523,2025-01-05,2025,0,40,151,2226,East Carolina Pirates,Florida Atlantic Owls,76,78,76.0,25.0,25.0,12.0,58.0,9.0,6.0,16.0
401725645,2025-01-05,2025,0,40,2116,2305,UCF Knights,Kansas Jayhawks,48,99,68.0,18.0,12.0,14.0,83.0,10.0,22.0,10.0
401715965,2025-01-06,2025,0,40,2617,2277,Stephen F. Austin Lumberjacks,Houston Christian Huskies,73,83,51.0,28.0,5.0,13.0,57.0,23.0,13.0,17.0
401716072,2025-01-06,2025,0,40,2545,292,SE Louisiana Lions,UT Rio Grande Valley Vaqueros,79,75,54.0,30.0,10.0,11.0,61.0,21.0,17.0,14.0
401716122,2025-01-06,2025,0,40,2320,2916,Lamar Cardinals,Incarnate Word Cardinals,72,58,60.0,13.0,12.0,11.0,52.0,9.0,8.0,15.0
401720716,2025-01-06,2025,0,40,2466,2377,Northwestern State Demons,McNeese Cowboys,69,92,51.0,22.0,10.0,13.0,57.0,18.0,11.0,9.0
401720737,2025-01-06,2025,0,40,2443,357,LSU New Orleans Privateers,Texas A&M-Corpus Christi Islanders,83,97,57.0,37.0,8.0,9.0,63.0,22.0,9.0,12.0
401721236,2025-01-06,2025,0,40,2010,2400,Alabama A&M Bulldogs,Mississippi Valley State Delta Devils,79,67,66.0,17.0,21.0,18.0,59.0,18.0,8.0,12.0
401721335,2025-01-06,2025,0,50,135,194,Minnesota Golden Gophers,Ohio State Buckeyes,88,89,70.0,27.0,16.0,12.0,62.0,33.0,11.0,14.0
401721336,2025-01-06,2025,0,40,164,275,Rutgers Scarlet Knights,Wisconsin Badgers,63,75,73.0,13.0,18.0,8.0,57.0,6.0,6.0,16.0
401722125,2025-01-06,2025,0,40,2504,2582,Prairie View A&M Panthers,Southern Jaguars,80,84,46.0,31.0,3.0,21.0,62.0,27.0,16.0,19.0
401723696,2025-01-06,2025,0,40,2154,2569,Coppin State Eagles,South Carolina State Bulldogs,77,85,50.0,39.0,8.0,19.0,51.0,31.0,6.0,18.0
401723716,2025-01-06,2025,0,40,2169,2450,Delaware State Hornets,Norfolk State Spartans,64,73,57.0,21.0,11.0,18.0,56.0,23.0,6.0,13.0
401724711,2025-01-06,2025,0,45,2640,2755,Texas Southern Tigers,Grambling Tigers,71,66,66.0,14.0,7.0,14.0,66.0,22.0,15.0,18.0
401725524,2025-01-06,2025,0,40,2724,58,Wichita State Shockers,South Florida Bulls,72,91,61.0,22.0,13.0,12.0,58.0,16.0,3.0,9.0
401725646,2025-01-06,2025,0,40,248,2628,Houston Cougars,TCU Horned Frogs,65,46,54.0,9.0,11.0,10.0,47.0,7.0,9.0,19.0
401726448,2025-01-06,2025,0,40,2837,2447,East Texas A&M Lions,Nicholls Colonels,61,83,60.0,12.0,10.0,9.0,55.0,13.0,8.0,10.0
401727243,2025-01-06,2025,0,40,2011,2029,Alabama State Hornets,Arkansas-Pine Bluff Golden Lions,93,91,57.0,30.0,7.0,8.0,53.0,22.0,6.0,14.0
401700299,2025-01-07,2025,0,40,2197,2565,Eastern Illinois Panthers,SIU Edwardsville Cougars,57,60,54.0,15.0,9.0,10.0,49.0,29.0,14.0,14.0
401706307,2025-01-07,2025,0,40,2711,189,Western Michigan Broncos,Bowling Green Falcons,79,83,62.0,21.0,14.0,11.0,58.0,25.0,12.0,11.0
401706308,2025-01-07,2025,0,40,2006,2117,Akron Zips,Central Michigan Chippewas,87,71,65.0,10.0,11.0,8.0,60.0,11.0,8.0,9.0
401706309,2025-01-07,2025,0,40,2649,2199,Toledo Rockets,Eastern Michigan Eagles,90,87,58.0,29.0,8.0,11.0,56.0,19.0,4.0,16.0
401706310,2025-01-07,2025,0,40,2459,2309,Northern Illinois Huskies,Kent State Golden Flashes,50,68,59.0,15.0,10.0,11.0,62.0,13.0,15.0,15.0
401706311,2025-01-07,2025,0,40,2050,193,Ball State Cardinals,Miami (OH) RedHawks,72,80,53.0,30.0,10.0,13.0,56.0,16.0,2.0,7.0
401706312,2025-01-07,2025,0,40,2084,195,Buffalo Bulls,Ohio Bobcats,79,88,68.0,22.0,11.0,13.0,65.0,19.0,12.0,16.0
401706682,2025-01-07,2025,0,40,2608,2351,Saint Mary's Gaels,Loyola Marymount Lions,81,56,57.0,28.0,16.0,7.0,53.0,13.0,8.0,11.0
401708308,2025-01-07,2025,0,40,251,2,Texas Longhorns,Auburn Tigers,82,87,56.0,30.0,9.0,11.0,61.0,25.0,12.0,10.0
401708310,2025-01-07,2025,0,40,57,2633,Florida Gators,Tennessee Volunteers,73,43,68.0,17.0,19.0,12.0,56.0,25.0,12.0,12.0
401708311,2025-01-07,2025,0,40,61,96,Georgia Bulldogs,Kentucky Wildcats,82,69,55.0,38.0,13.0,14.0,64.0,19.0,12.0,14.0
401708312,2025-01-07,2025,0,40,142,99,Missouri Tigers,LSU Tigers,83,67,54.0,27.0,11.0,11.0,54.0,19.0,8.0,14.0
401708314,2025-01-07,2025,0,40,238,344,Vanderbilt Commodores,Mississippi State Bulldogs,64,76,62.0,20.0,16.0,13.0,57.0,19.0,10.0,11.0
401719090,2025-01-07,2025,0,40,269,46,Marquette Golden Eagles,Georgetown Hoyas,74,66,59.0,27.0,12.0,13.0,55.0,12.0,10.0,19.0
401719093,2025-01-07,2025,0,40,2752,2599,Xavier Musketeers,St. John's Red Storm,72,82,60.0,25.0,7.0,12.0,81.0,13.0,20.0,8.0
401721337,2025-01-07,2025,0,45,2294,158,Iowa Hawkeyes,Nebraska Cornhuskers,97,87,61.0,25.0,6.0,13.0,71.0,22.0,14.0,14.0
401721338,2025-01-07,2025,0,40,26,130,UCLA Bruins,Michigan Wolverines,75,94,60.0,34.0,11.0,6.0,52.0,21.0,5.0,16.0
401722374,2025-01-07,2025,0,40,23,328,San José State Spartans,Utah State Aggies,78,85,60.0,17.0,13.0,10.0,66.0,16.0,17.0,8.0
401722431,2025-01-07,2025,0,40,2751,167,Wyoming Cowboys,New Mexico Lobos,53,61,59.0,17.0,9.0,11.0,57.0,22.0,10.0,10.0
401722464,2025-01-07,2025,0,40,2623,82,Missouri State Bears,UIC Flames,63,80,48.0,15.0,3.0,9.0,54.0,10.0,9.0,11.0
401723755,2025-01-07,2025,0,50,2415,2428,Morgan State Bears,North Carolina Central Eagles,102,98,75.0,37.0,19.0,15.0,75.0,36.0,21.0,16.0
401724757,2025-01-07,2025,0,40,150,221,Duke Blue Devils,Pittsburgh Panthers,76,47,52.0,18.0,9.0,14.0,58.0,8.0,9.0,11.0
401724758,2025-01-07,2025,0,40,97,228,Louisville Cardinals,Clemson Tigers,74,64,55.0,20.0,9.0,12.0,65.0,5.0,16.0,13.0
401724759,2025-01-07,2025,0,40,183,59,Syracuse Orange,Georgia Tech Yellow Jackets,62,55,63.0,9.0,13.0,18.0,66.0,11.0,12.0,13.0
401724760,2025-01-07,2025,0,40,153,2567,North Carolina Tar Heels,SMU Mustangs,82,67,57.0,24.0,7.0,14.0,69.0,21.0,15.0,11.0
401725525,2025-01-07,2025,0,40,2636,202,UTSA Roadrunners,Tulsa Golden Hurricane,77,82,65.0,16.0,10.0,6.0,56.0,22.0,10.0,12.0
401725526,2025-01-07,2025,0,40,5,2655,UAB Blazers,Tulane Green Wave,81,69,67.0,12.0,13.0,11.0,53.0,17.0,5.0,14.0
401725647,2025-01-07,2025,0,40,277,12,West Virginia Mountaineers,Arizona Wildcats,56,75,58.0,8.0,8.0,10.0,61.0,10.0,10.0,8.0
401725648,2025-01-07,2025,0,40,66,254,Iowa State Cyclones,Utah Utes,82,59,61.0,29.0,13.0,8.0,61.0,13.0,16.0,18.0
401725649,2025-01-07,2025,0,40,197,2306,Oklahoma State Cowboys,Kansas State Wildcats,79,66,59.0,18.0,11.0,12.0,47.0,20.0,7.0,19.0
401725650,2025-01-07,2025,0,40,252,2641,BYU Cougars,Texas Tech Red Raiders,67,72,57.0,21.0,13.0,8.0,58.0,16.0,14.0,9.0
401725651,2025-01-07,2025,0,40,239,2132,Baylor Bears,Cincinnati Bearcats,68,48,54.0,11.0,8.0,11.0,49.0,12.0,12.0,15.0
401727149,2025-01-07,2025,0,40,36,278,Colorado State Rams,Fresno State Bulldogs,91,64,58.0,23.0,9.0,12.0,50.0,33.0,10.0,17.0
401727821,2025-01-07,2025,0,40,68,2439,Boise State Broncos,UNLV Rebels,81,59,61.0,15.0,13.0,11.0,44.0,20.0,3.0,14.0
401706419,2025-01-08,2025,0,45,2643,231,The Citadel Bulldogs,Furman Paladins,63,67,53.0,32.0,12.0,18.0,60.0,20.0,14.0,17.0
401706420,2025-01-08,2025,0,40,2382,2193,Mercer Bears,East Tennessee State Buccaneers,68,70,54.0,26.0,10.0,12.0,58.0,23.0,16.0,15.0
401706421,2025-01-08,2025,0,40,2747,2717,Wofford Terriers,Western Carolina Catamounts,77,69,63.0,18.0,13.0,9.0,64.0,15.0,7.0,4.0
401706507,2025-01-08,2025,0,40,2437,140,Omaha Mavericks,Kansas City Roos,77,58,54.0,18.0,6.0,9.0,51.0,23.0,7.0,12.0
401706508,2025-01-08,2025,0,40,2900,2571,St. Thomas Tommies,South Dakota State Jackrabbits,73,72,57.0,16.0,4.0,4.0,58.0,16.0,15.0,13.0
401706683,2025-01-08,2025,0,40,2250,301,Gonzaga Bulldogs,San Diego Toreros,93,80,62.0,33.0,15.0,11.0,67.0,16.0,9.0,9.0
401708309,2025-01-08,2025,0,40,8,145,Arkansas Razorbacks,Ole Miss Rebels,66,73,59.0,24.0,8.0,6.0,50.0,28.0,6.0,5.0
401708315,2025-01-08,2025,0,40,201,245,Oklahoma Sooners,Texas A&M Aggies,78,80,46.0,17.0,8.0,18.0,61.0,22.0,17.0,9.0
401714456,2025-01-08,2025,0,40,2870,270,Purdue Fort Wayne Mastodons,Milwaukee Panthers,78,73,61.0,21.0,4.0,10.0,70.0,19.0,14.0,15.0
401714457,2025-01-08,2025,0,40,2754,94,Youngstown State Penguins,Northern Kentucky Norse,72,61,56.0,9.0,11.0,16.0,60.0,11.0,10.0,13.0
401714458,2025-01-08,2025,0,40,2523,325,Robert Morris Colonials,Cleveland State Vikings,69,80,51.0,23.0,12.0,20.0,63.0,18.0,16.0,14.0
401714528,2025-01-08,2025,0,40,2026,324,App State Mountaineers,Coastal Carolina Chanticleers,74,51,56.0,20.0,14.0,6.0,52.0,12.0,11.0,11.0
401714529,2025-01-08,2025,0,45,2247,290,Georgia State Panthers,Georgia Southern Eagles,82,78,68.0,30.0,14.0,13.0,80.0,16.0,17.0,11.0
401719091,2025-01-08,2025,0,40,2507,2086,Providence Friars,Butler Bulldogs,84,65,70.0,9.0,14.0,8.0,57.0,19.0,6.0,6.0
401719092,2025-01-08,2025,0,45,2550,305,Seton Hall Pirates,DePaul Blue Demons,85,80,55.0,22.0,9.0,12.0,61.0,19.0,11.0,15.0
401719094,2025-01-08,2025,0,40,222,41,Villanova Wildcats,UConn Huskies,68,66,55.0,13.0,7.0,6.0,50.0,4.0,8.0,13.0
401721339,2025-01-08,2025,0,40,356,213,Illinois Fighting Illini,Penn State Nittany Lions,91,52,77.0,16.0,19.0,14.0,65.0,14.0,6.0,14.0
401721340,2025-01-08,2025,0,40,84,30,Indiana Hoosiers,USC Trojans,82,69,66.0,23.0,11.0,6.0,61.0,18.0,7.0,8.0
401721850,2025-01-08,2025,0,45,2083,322,Bucknell Bison,Lafayette Leopards,65,62,62.0,11.0,9.0,14.0,61.0,13.0,9.0,13.0
401721851,2025-01-08,2025,0,40,104,44,Boston University Terriers,American University Eagles,60,54,47.0,21.0,8.0,10.0,50.0,13.0,6.0,8.0
401721852,2025-01-08,2025,0,40,107,2426,Holy Cross Crusaders,Navy Midshipmen,70,59,54.0,3.0,3.0,14.0,63.0,10.0,11.0,11.0
401721853,2025-01-08,2025,0,40,349,2352,Army Black Knights,Loyola Maryland Greyhounds,74,72,61.0,8.0,8.0,8.0,55.0,16.0,11.0,13.0
401721854,2025-01-08,2025,0,40,2142,2329,Colgate Raiders,Lehigh Mountain Hawks,67,62,57.0,13.0,8.0,14.0,67.0,12.0,10.0,7.0
401722157,2025-01-08,2025,0,40,21,2005,San Diego State Aztecs,Air Force Falcons,67,38,69.0,19.0,24.0,11.0,36.0,22.0,2.0,21.0
401722465,2025-01-08,2025,0,40,71,2181,Bradley Braves,Drake Bulldogs,57,64,45.0,15.0,7.0,17.0,47.0,28.0,10.0,11.0
401722466,2025-01-08,2025,0,40,339,2287,Evansville Purple Aces,Illinois State Redbirds,69,51,52.0,10.0,4.0,9.0,52.0,12.0,10.0,14.0
401722467,2025-01-08,2025,0,45,2674,282,Valparaiso Beacons,Indiana State Sycamores,98,95,62.0,43.0,10.0,12.0,70.0,31.0,13.0,12.0
401722468,2025-01-08,2025,0,40,2460,93,Northern Iowa Panthers,Murray State Racers,68,71,52.0,12.0,6.0,10.0,43.0,18.0,7.0,16.0
401722469,2025-01-08,2025,0,40,2057,79,Belmont Bruins,Southern Illinois Salukis,90,86,60.0,20.0,12.0,13.0,66.0,11.0,10.0,9.0
401724353,2025-01-08,2025,0,40,113,2168,Massachusetts Minutemen,Dayton Flyers,76,72,60.0,20.0,13.0,12.0,50.0,38.0,7.0,10.0
401724354,2025-01-08,2025,0,40,139,179,Saint Louis Billikens,St. Bonaventure Bonnies,73,68,51.0,13.0,3.0,11.0,64.0,14.0,14.0,10.0
401724355,2025-01-08,2025,0,45,2184,2603,Duquesne Dukes,Saint Joseph's Hawks,85,81,71.0,14.0,11.0,8.0,59.0,25.0,9.0,13.0
401724356,2025-01-08,2025,0,40,2670,2230,VCU Rams,Fordham Rams,73,61,65.0,22.0,23.0,14.0,57.0,14.0,12.0,14.0
401724357,2025-01-08,2025,0,40,2244,257,George Mason Patriots,Richmond Spiders,64,58,44.0,28.0,13.0,15.0,49.0,8.0,4.0,10.0
401724358,2025-01-08,2025,0,40,227,45,Rhode Island Rams,George Washington Revolutionaries,67,75,65.0,21.0,16.0,15.0,68.0,19.0,12.0,11.0
401724359,2025-01-08,2025,0,40,2325,2350,La Salle Explorers,Loyola Chicago Ramblers,68,79,66.0,8.0,13.0,10.0,54.0,23.0,9.0,10.0
401724555,2025-01-08,2025,0,40,2579,333,South Carolina Gamecocks,Alabama Crimson Tide,68,88,54.0,25.0,7.0,15.0,64.0,20.0,11.0,11.0
401724761,2025-01-08,2025,0,40,152,87,NC State Wolfpack,Notre Dame Fighting Irish,66,65,55.0,11.0,7.0,7.0,52.0,13.0,8.0,10.0
401724762,2025-01-08,2025,0,40,2390,52,Miami Hurricanes,Florida State Seminoles,65,80,60.0,23.0,10.0,13.0,64.0,11.0,7.0,10.0
401724763,2025-01-08,2025,0,40,24,259,Stanford Cardinal,Virginia Tech Hokies,70,59,52.0,17.0,8.0,11.0,56.0,7.0,4.0,10.0
401724764,2025-01-08,2025,0,40,25,258,California Golden Bears,Virginia Cavaliers,75,61,51.0,33.0,11.0,10.0,58.0,18.0,11.0,8.0
401725527,2025-01-08,2025,0,40,151,218,East Carolina Pirates,Temple Owls,80,79,66.0,22.0,16.0,11.0,57.0,24.0,9.0,12.0
401725528,2025-01-08,2025,0,40,249,242,North Texas Mean Green,Rice Owls,81,59,49.0,17.0,5.0,4.0,53.0,18.0,11.0,7.0
401725529,2025-01-08,2025,0,40,2429,2226,Charlotte 49ers,Florida Atlantic Owls,64,75,57.0,18.0,9.0,13.0,61.0,13.0,11.0,9.0
401725652,2025-01-08,2025,0,40,2305,9,Kansas Jayhawks,Arizona State Sun Devils,74,55,62.0,13.0,14.0,12.0,53.0,12.0,9.0,18.0
401725653,2025-01-08,2025,0,40,2116,38,UCF Knights,Colorado Buffaloes,75,74,56.0,28.0,9.0,12.0,46.0,24.0,6.0,22.0
401727872,2025-01-08,2025,0,40,2127,2272,Charleston Southern Buccaneers,High Point Panthers,79,93,54.0,31.0,10.0,11.0,64.0,21.0,12.0,7.0
401727873,2025-01-08,2025,0,40,2241,2737,Gardner-Webb Runnin' Bulldogs,Winthrop Eagles,89,83,60.0,25.0,15.0,16.0,54.0,38.0,10.0,9.0
401727874,2025-01-08,2025,0,40,2344,2427,Longwood Lancers,UNC Asheville Bulldogs,85,76,62.0,39.0,24.0,13.0,54.0,16.0,4.0,12.0
401727875,2025-01-08,2025,0,40,2908,2506,South Carolina Upstate Spartans,Presbyterian Blue Hose,77,67,57.0,18.0,9.0,12.0,57.0,20.0,13.0,13.0
401700183,2025-01-09,2025,0,40,2348,2229,Louisiana Tech Bulldogs,Florida International Panthers,81,64,55.0,17.0,14.0,14.0,46.0,25.0,9.0,16.0
401700184,2025-01-09,2025,0,40,2534,2335,Sam Houston Bearkats,Liberty Flames,68,76,57.0,15.0,7.0,13.0,57.0,22.0,8.0,10.0
401700185,2025-01-09,2025,0,40,2393,338,Middle Tennessee Blue Raiders,Kennesaw State Owls,84,79,58.0,22.0,10.0,16.0,68.0,17.0,13.0,13.0
401700186,2025-01-09,2025,0,40,98,55,Western Kentucky Hilltoppers,Jacksonville State Gamecocks,67,73,64.0,21.0,5.0,2.0,63.0,20.0,12.0,9.0
401700300,2025-01-09,2025,0,40,2197,2635,Eastern Illinois Panthers,Tennessee Tech Golden Eagles,64,69,54.0,24.0,11.0,9.0,61.0,24.0,16.0,8.0
401700301,2025-01-09,2025,0,40,2815,2634,Lindenwood Lions,Tennessee State Tigers,72,62,62.0,27.0,13.0,11.0,59.0,21.0,13.0,19.0
401700302,2025-01-09,2025,0,40,2031,2413,Little Rock Trojans,Morehead State Eagles,53,59,63.0,5.0,13.0,14.0,53.0,16.0,9.0,13.0
401700303,2025-01-09,2025,0,40,2546,88,Southeast Missouri State Redhawks,Southern Indiana Screaming Eagles,77,66,55.0,32.0,9.0,10.0,53.0,24.0,6.0,12.0
401700304,2025-01-09,2025,0,45,2710,2630,Western Illinois Leathernecks,UT Martin Skyhawks,83,85,58.0,26.0,11.0,17.0,62.0,24.0,18.0,17.0
401706422,2025-01-09,2025,0,40,2535,2678,Samford Bulldogs,VMI Keydets,81,68,68.0,13.0,18.0,16.0,57.0,11.0,12.0,22.0
401706423,2025-01-09,2025,0,40,236,2430,Chattanooga Mocs,UNC Greensboro Spartans,75,78,53.0,9.0,4.0,9.0,54.0,13.0,6.0,8.0
401706509,2025-01-09,2025,0,40,2172,155,Denver Pioneers,North Dakota Fighting Hawks,70,95,52.0,20.0,9.0,17.0,62.0,32.0,13.0,8.0
401706510,2025-01-09,2025,0,40,198,2449,Oral Roberts Golden Eagles,North Dakota State Bison,96,110,62.0,17.0,11.0,9.0,58.0,31.0,12.0,8.0
401706575,2025-01-09,2025,0,40,3084,2253,Utah Valley Wolverines,Grand Canyon Lopes,72,64,63.0,27.0,17.0,12.0,55.0,18.0,9.0,14.0
401706576,2025-01-09,2025,0,40,3101,250,Utah Tech Trailblazers,UT Arlington Mavericks,74,62,57.0,15.0,11.0,13.0,58.0,17.0,11.0,14.0
401706577,2025-01-09,2025,0,40,253,2627,Southern Utah Thunderbirds,Tarleton State Texans,66,74,50.0,24.0,8.0,16.0,55.0,26.0,11.0,15.0
401706684,2025-01-09,2025,0,40,2539,2501,San Francisco Dons,Portland Pilots,81,72,62.0,12.0,14.0,12.0,60.0,22.0,14.0,9.0
401706685,2025-01-09,2025,0,45,2541,204,Santa Clara Broncos,Oregon State Beavers,82,81,63.0,27.0,12.0,10.0,72.0,13.0,10.0,10.0
401706686,2025-01-09,2025,0,45,265,279,Washington State Cougars,Pacific Tigers,94,95,62.0,36.0,16.0,18.0,67.0,17.0,9.0,16.0
401711600,2025-01-09,2025,0,40,2046,2698,Austin Peay Governors,West Georgia Wolves,68,72,57.0,25.0,9.0,12.0,55.0,19.0,5.0,12.0
401711619,2025-01-09,2025,0,40,2198,2454,Eastern Kentucky Colonels,North Florida Ospreys,79,74,61.0,23.0,12.0,11.0,73.0,12.0,15.0,9.0
401711637,2025-01-09,2025,0,40,526,2453,Florida Gulf Coast Eagles,North Alabama Lions,75,70,64.0,11.0,12.0,11.0,56.0,13.0,9.0,13.0
401711653,2025-01-09,2025,0,40,91,294,Bellarmine Knights,Jacksonville Dolphins,59,74,48.0,14.0,7.0,14.0,61.0,12.0,16.0,9.0
401711668,2025-01-09,2025,0,40,288,2511,Lipscomb Bisons,Queens University Royals,73,75,55.0,16.0,8.0,9.0,62.0,17.0,18.0,11.0
401714195,2025-01-09,2025,0,40,119,111,Towson Tigers,Northeastern Huskies,80,73,61.0,17.0,16.0,8.0,62.0,12.0,15.0,10.0
401714196,2025-01-09,2025,0,40,2619,2182,Stony Brook Seawolves,Drexel Dragons,51,67,53.0,13.0,14.0,11.0,55.0,9.0,15.0,10.0
401714197,2025-01-09,2025,0,40,2448,48,North Carolina A&T Aggies,Delaware Blue Hens,88,98,71.0,28.0,8.0,8.0,63.0,25.0,6.0,14.0
401714198,2025-01-09,2025,0,40,2729,2210,William & Mary Tribe,Elon Phoenix,78,65,58.0,20.0,12.0,6.0,63.0,10.0,19.0,13.0
401714199,2025-01-09,2025,0,40,2261,2097,Hampton Pirates,Campbell Fighting Camels,55,66,53.0,6.0,10.0,17.0,54.0,14.0,8.0,10.0
401714200,2025-01-09,2025,0,40,2405,350,Monmouth Hawks,UNC Wilmington Seahawks,55,64,59.0,11.0,13.0,14.0,52.0,12.0,15.0,21.0
401714201,2025-01-09,2025,0,40,2275,232,Hofstra Pride,Charleston Cougars,61,67,72.0,6.0,16.0,12.0,62.0,21.0,7.0,6.0
401714314,2025-01-09,2025,0,40,2463,300,Cal State Northridge Matadors,UC Irvine Anteaters,67,77,64.0,20.0,13.0,16.0,48.0,32.0,6.0,18.0
401714315,2025-01-09,2025,0,40,2540,2934,UC Santa Barbara Gauchos,Cal State Bakersfield Roadrunners,78,66,52.0,20.0,8.0,13.0,46.0,25.0,6.0,14.0
401714316,2025-01-09,2025,0,40,302,2239,UC Davis Aggies,Cal State Fullerton Titans,63,53,53.0,24.0,8.0,15.0,46.0,30.0,11.0,21.0
401714317,2025-01-09,2025,0,40,27,62,UC Riverside Highlanders,Hawai'i Rainbow Warriors,76,83,63.0,22.0,8.0,9.0,53.0,22.0,7.0,14.0
401714318,2025-01-09,2025,0,40,28,13,UC San Diego Tritons,Cal Poly Mustangs,95,68,58.0,25.0,11.0,11.0,56.0,8.0,7.0,15.0
401714459,2025-01-09,2025,0,40,85,2174,IU Indianapolis Jaguars,Detroit Mercy Titans,95,61,66.0,23.0,17.0,7.0,48.0,22.0,10.0,16.0
401714460,2025-01-09,2025,0,40,2750,2473,Wright State Raiders,Oakland Golden Grizzlies,66,62,53.0,14.0,11.0,13.0,57.0,19.0,16.0,14.0
401714530,2025-01-09,2025,0,40,6,2032,South Alabama Jaguars,Arkansas State Red Wolves,76,62,46.0,18.0,6.0,11.0,67.0,9.0,16.0,5.0
401714531,2025-01-09,2025,0,40,2653,326,Troy Trojans,Texas State Bobcats,73,74,46.0,31.0,10.0,15.0,59.0,21.0,15.0,13.0
401714532,2025-01-09,2025,0,40,2572,2433,Southern Miss Golden Eagles,UL Monroe Warhawks,84,67,63.0,15.0,10.0,20.0,67.0,19.0,14.0,16.0
401714533,2025-01-09,2025,0,40,276,256,Marshall Thundering Herd,James Madison Dukes,80,78,65.0,18.0,11.0,8.0,63.0,17.0,13.0,13.0
401714534,2025-01-09,2025,0,40,309,295,Louisiana Ragin' Cajuns,Old Dominion Monarchs,60,71,54.0,19.0,7.0,9.0,49.0,26.0,10.0,12.0
401718477,2025-01-09,2025,0,40,2502,331,Portland State Vikings,Eastern Washington Eagles,64,59,54.0,27.0,14.0,18.0,56.0,13.0,13.0,22.0
401719380,2025-01-09,2025,0,40,147,2458,Montana State Bobcats,Northern Colorado Bears,82,83,56.0,18.0,7.0,9.0,63.0,6.0,6.0,8.0
401720651,2025-01-09,2025,0,40,16,70,Sacramento State Hornets,Idaho Vandals,67,80,43.0,32.0,11.0,14.0,57.0,13.0,9.0,8.0
401720803,2025-01-09,2025,0,40,2349,261,UMass Lowell River Hawks,Vermont Catamounts,63,67,49.0,24.0,4.0,10.0,64.0,21.0,17.0,9.0
401720804,2025-01-09,2025,0,40,160,399,New Hampshire Wildcats,UAlbany Great Danes,57,61,59.0,6.0,9.0,12.0,52.0,18.0,10.0,16.0
401720805,2025-01-09,2025,0,40,311,2066,Maine Black Bears,Binghamton Bearcats,82,71,54.0,21.0,7.0,9.0,47.0,22.0,6.0,13.0
401720806,2025-01-09,2025,0,40,2885,2378,NJIT Highlanders,UMBC Retrievers,64,87,55.0,13.0,7.0,20.0,58.0,22.0,4.0,8.0
401720921,2025-01-09,2025,0,40,149,2464,Montana Grizzlies,Northern Arizona Lumberjacks,81,76,60.0,13.0,4.0,10.0,69.0,16.0,12.0,9.0
401721341,2025-01-09,2025,0,40,127,264,Michigan State Spartans,Washington Huskies,88,54,61.0,18.0,9.0,12.0,55.0,23.0,9.0,15.0
401721342,2025-01-09,2025,0,40,194,2483,Ohio State Buckeyes,Oregon Ducks,71,73,57.0,19.0,10.0,14.0,57.0,22.0,10.0,15.0
401721343,2025-01-09,2025,0,40,164,2509,Rutgers Scarlet Knights,Purdue Boilermakers,50,68,52.0,11.0,10.0,16.0,56.0,16.0,8.0,8.0
401721958,2025-01-09,2025,0,40,56,2110,Stetson Hatters,Central Arkansas Bears,75,65,50.0,16.0,10.0,14.0,73.0,7.0,23.0,9.0
401706201,2025-01-10,2025,0,40,2217,314,Fairfield Stags,Iona Gaels,68,64,48.0,19.0,4.0,16.0,59.0,19.0,16.0,17.0
401706202,2025-01-10,2025,0,40,2529,2771,Sacred Heart Pioneers,Merrimack Warriors,65,66,62.0,17.0,17.0,16.0,55.0,12.0,5.0,12.0
401706203,2025-01-10,2025,0,40,2099,2520,Canisius Golden Griffins,Rider Broncs,85,67,53.0,7.0,5.0,12.0,59.0,14.0,12.0,8.0
401706204,2025-01-10,2025,0,40,2363,116,Manhattan Jaspers,Mount St. Mary's Mountaineers,66,75,68.0,1.0,14.0,11.0,62.0,14.0,9.0,7.0
401706205,2025-01-10,2025,0,40,2514,2561,Quinnipiac Bobcats,Siena Saints,72,53,59.0,13.0,9.0,11.0,64.0,15.0,7.0,11.0
401706315,2025-01-10,2025,0,40,2649,2117,Toledo Rockets,Central Michigan Chippewas,69,67,49.0,23.0,10.0,14.0,54.0,15.0,9.0,11.0
401706316,2025-01-10,2025,0,40,2084,2309,Buffalo Bulls,Kent State Golden Flashes,49,68,53.0,13.0,7.0,15.0,62.0,15.0,15.0,14.0
401721094,2025-01-10,2025,0,40,2115,2681,Central Connecticut Blue Devils,Wagner Seahawks,57,62,51.0,21.0,11.0,9.0,51.0,16.0,11.0,13.0
401721140,2025-01-10,2025,0,50,2330,161,Le Moyne Dolphins,Fairleigh Dickinson Knights,86,91,66.0,35.0,16.0,20.0,70.0,38.0,11.0,11.0
401721180,2025-01-10,2025,0,40,2598,2385,Saint Francis Red Wolves,Mercyhurst Lakers,73,59,50.0,13.0,8.0,13.0,58.0,12.0,10.0,7.0
401721344,2025-01-10,2025,0,40,120,26,Maryland Terrapins,UCLA Bruins,79,61,50.0,21.0,8.0,16.0,53.0,14.0,15.0,21.0
401721345,2025-01-10,2025,0,40,275,135,Wisconsin Badgers,Minnesota Golden Gophers,80,59,57.0,24.0,11.0,8.0,57.0,13.0,13.0,15.0
401722018,2025-01-10,2025,0,40,284,112358,Stonehill Skyhawks,Long Island University Sharks,60,70,53.0,12.0,6.0,11.0,55.0,9.0,8.0,11.0
401727305,2025-01-10,2025,0,40,315,2612,Niagara Purple Eagles,Saint Peter's Peacocks,70,60,45.0,22.0,7.0,16.0,55.0,12.0,10.0,14.0
401700187,2025-01-11,2025,0,40,2534,2229,Sam Houston Bearkats,Florida International Panthers,81,74,51.0,34.0,11.0,18.0,67.0,18.0,18.0,13.0
401700188,2025-01-11,2025,0,40,2348,2335,Louisiana Tech Bulldogs,Liberty Flames,79,74,55.0,25.0,10.0,13.0,60.0,21.0,3.0,4.0
401700189,2025-01-11,2025,0,40,98,338,Western Kentucky Hilltoppers,Kennesaw State Owls,85,69,61.0,31.0,9.0,11.0,70.0,23.0,16.0,12.0
401700190,2025-01-11,2025,0,40,2393,55,Middle Tennessee Blue Raiders,Jacksonville State Gamecocks,81,64,61.0,23.0,13.0,12.0,57.0,23.0,14.0,16.0
401700191,2025-01-11,2025,0,40,2638,166,UTEP Miners,New Mexico State Aggies,57,85,50.0,19.0,8.0,13.0,60.0,13.0,13.0,10.0
401700305,2025-01-11,2025,0,40,2815,2630,Lindenwood Lions,UT Martin Skyhawks,82,81,62.0,13.0,12.0,14.0,59.0,26.0,15.0,12.0
401700307,2025-01-11,2025,0,40,2546,2413,Southeast Missouri State Redhawks,Morehead State Eagles,56,67,53.0,11.0,3.0,9.0,54.0,15.0,12.0,13.0
401700308,2025-01-11,2025,0,40,2565,2635,SIU Edwardsville Cougars,Tennessee Tech Golden Eagles,67,59,61.0,13.0,9.0,9.0,56.0,21.0,10.0,13.0
401700309,2025-01-11,2025,0,40,2710,2634,Western Illinois Leathernecks,Tennessee State Tigers,52,72,49.0,21.0,10.0,12.0,56.0,13.0,7.0,9.0
401706313,2025-01-11,2025,0,40,2199,2006,Eastern Michigan Eagles,Akron Zips,81,105,63.0,22.0,11.0,15.0,61.0,26.0,12.0,14.0
401706314,2025-01-11,2025,0,40,2050,189,Ball State Cardinals,Bowling Green Falcons,91,69,56.0,22.0,7.0,13.0,62.0,21.0,12.0,14.0
401706317,2025-01-11,2025,0,40,195,2459,Ohio Bobcats,Northern Illinois Huskies,108,70,60.0,25.0,7.0,15.0,67.0,18.0,6.0,9.0
401706318,2025-01-11,2025,0,40,193,2711,Miami (OH) RedHawks,Western Michigan Broncos,91,71,61.0,22.0,11.0,12.0,61.0,24.0,14.0,15.0
401706424,2025-01-11,2025,0,40,2193,2643,East Tennessee State Buccaneers,The Citadel Bulldogs,70,52,55.0,27.0,21.0,13.0,49.0,10.0,9.0,19.0
401706427,2025-01-11,2025,0,40,2535,2430,Samford Bulldogs,UNC Greensboro Spartans,76,69,52.0,23.0,9.0,11.0,47.0,25.0,7.0,12.0
401706511,2025-01-11,2025,0,40,198,155,Oral Roberts Golden Eagles,North Dakota Fighting Hawks,83,79,51.0,22.0,6.0,14.0,67.0,18.0,15.0,8.0
401706512,2025-01-11,2025,0,40,2172,2449,Denver Pioneers,North Dakota State Bison,50,69,55.0,18.0,11.0,10.0,43.0,25.0,6.0,12.0
401706513,2025-01-11,2025,0,40,2900,233,St. Thomas Tommies,South Dakota Coyotes,119,104,62.0,41.0,13.0,9.0,63.0,43.0,18.0,11.0
401706514,2025-01-11,2025,0,40,2437,2571,Omaha Mavericks,South Dakota State Jackrabbits,87,80,56.0,33.0,6.0,7.0,58.0,21.0,8.0,10.0
401706578,2025-01-11,2025,0,40,3084,2856,Utah Valley Wolverines,California Baptist Lancers,75,69,58.0,23.0,10.0,12.0,63.0,8.0,6.0,12.0
401706579,2025-01-11,2025,0,40,2547,2000,Seattle U Redhawks,Abilene Christian Wildcats,66,64,50.0,29.0,12.0,14.0,58.0,7.0,11.0,14.0
401706580,2025-01-11,2025,0,40,253,250,Southern Utah Thunderbirds,UT Arlington Mavericks,73,68,44.0,27.0,9.0,22.0,65.0,16.0,16.0,15.0
401706581,2025-01-11,2025,0,40,3101,2627,Utah Tech Trailblazers,Tarleton State Texans,58,54,46.0,17.0,5.0,15.0,47.0,7.0,4.0,17.0
401706687,2025-01-11,2025,0,40,2250,265,Gonzaga Bulldogs,Washington State Cougars,88,75,61.0,13.0,11.0,13.0,60.0,8.0,10.0,16.0
401706688,2025-01-11,2025,0,40,279,204,Pacific Tigers,Oregon State Beavers,55,91,54.0,11.0,5.0,12.0,46.0,32.0,7.0,10.0
401706689,2025-01-11,2025,0,40,2541,2539,Santa Clara Broncos,San Francisco Dons,77,54,58.0,11.0,9.0,15.0,60.0,12.0,12.0,16.0
401706690,2025-01-11,2025,0,40,301,2608,San Diego Toreros,Saint Mary's Gaels,56,103,54.0,3.0,9.0,15.0,70.0,16.0,20.0,6.0
401708316,2025-01-11,2025,0,40,8,57,Arkansas Razorbacks,Florida Gators,63,71,60.0,35.0,15.0,8.0,64.0,20.0,16.0,10.0
401708317,2025-01-11,2025,0,40,61,201,Georgia Bulldogs,Oklahoma Sooners,72,62,49.0,37.0,12.0,13.0,63.0,9.0,10.0,12.0
401708318,2025-01-11,2025,0,40,145,99,Ole Miss Rebels,LSU Tigers,77,65,55.0,19.0,8.0,13.0,59.0,10.0,11.0,17.0
401708319,2025-01-11,2025,0,40,344,96,Mississippi State Bulldogs,Kentucky Wildcats,90,95,71.0,18.0,11.0,6.0,61.0,19.0,9.0,13.0
401708320,2025-01-11,2025,0,40,142,238,Missouri Tigers,Vanderbilt Commodores,75,66,49.0,25.0,9.0,14.0,52.0,20.0,9.0,14.0
401708321,2025-01-11,2025,0,40,2579,2,South Carolina Gamecocks,Auburn Tigers,63,66,61.0,16.0,15.0,9.0,57.0,12.0,11.0,6.0
401708322,2025-01-11,2025,0,40,245,333,Texas A&M Aggies,Alabama Crimson Tide,88,94,72.0,48.0,23.0,8.0,68.0,40.0,24.0,15.0
401708323,2025-01-11,2025,0,40,251,2633,Texas Longhorns,Tennessee Volunteers,70,74,62.0,14.0,14.0,5.0,56.0,20.0,17.0,15.0
401709983,2025-01-11,2025,0,40,302,299,UC Davis Aggies,Long Beach State Beach,73,84,54.0,31.0,17.0,16.0,46.0,28.0,7.0,13.0
401711601,2025-01-11,2025,0,40,2046,2511,Austin Peay Governors,Queens University Royals,60,67,62.0,9.0,6.0,7.0,61.0,9.0,17.0,17.0
401711620,2025-01-11,2025,0,40,2198,294,Eastern Kentucky Colonels,Jacksonville Dolphins,75,82,59.0,33.0,16.0,12.0,59.0,24.0,15.0,17.0
401711638,2025-01-11,2025,0,40,526,2110,Florida Gulf Coast Eagles,Central Arkansas Bears,77,71,53.0,18.0,8.0,16.0,65.0,12.0,13.0,10.0
401711669,2025-01-11,2025,0,40,288,2698,Lipscomb Bisons,West Georgia Wolves,86,67,52.0,31.0,11.0,11.0,65.0,18.0,12.0,6.0
401711693,2025-01-11,2025,0,40,56,2453,Stetson Hatters,North Alabama Lions,64,92,48.0,19.0,7.0,14.0,67.0,24.0,20.0,5.0
401711722,2025-01-11,2025,0,40,91,2454,Bellarmine Knights,North Florida Ospreys,83,98,61.0,20.0,12.0,9.0,58.0,11.0,6.0,9.0
401714202,2025-01-11,2025,0,40,2619,111,Stony Brook Seawolves,Northeastern Huskies,66,70,54.0,13.0,10.0,19.0,52.0,21.0,7.0,13.0
401714203,2025-01-11,2025,0,40,2261,48,Hampton Pirates,Delaware Blue Hens,83,77,60.0,26.0,16.0,11.0,61.0,11.0,4.0,6.0
401714204,2025-01-11,2025,0,45,2182,119,Drexel Dragons,Towson Tigers,82,93,65.0,27.0,9.0,7.0,64.0,22.0,11.0,9.0
401714205,2025-01-11,2025,0,40,2729,2448,William & Mary Tribe,North Carolina A&T Aggies,81,78,61.0,17.0,8.0,16.0,66.0,20.0,7.0,6.0
401714207,2025-01-11,2025,0,40,2275,350,Hofstra Pride,UNC Wilmington Seahawks,66,63,51.0,14.0,10.0,14.0,58.0,18.0,15.0,9.0
401714208,2025-01-11,2025,0,40,2405,232,Monmouth Hawks,Charleston Cougars,84,73,61.0,19.0,10.0,10.0,74.0,13.0,18.0,9.0
401714359,2025-01-11,2025,0,40,28,300,UC San Diego Tritons,UC Irvine Anteaters,52,60,61.0,9.0,10.0,7.0,55.0,16.0,13.0,12.0
401714360,2025-01-11,2025,0,40,13,2540,Cal Poly Mustangs,UC Santa Barbara Gauchos,72,75,58.0,17.0,11.0,10.0,56.0,8.0,9.0,14.0
401714361,2025-01-11,2025,0,40,2239,62,Cal State Fullerton Titans,Hawai'i Rainbow Warriors,86,95,62.0,27.0,8.0,7.0,44.0,38.0,6.0,18.0
401714362,2025-01-11,2025,0,40,2934,2463,Cal State Bakersfield Roadrunners,Cal State Northridge Matadors,94,90,51.0,35.0,5.0,15.0,56.0,33.0,12.0,12.0
401714461,2025-01-11,2025,0,40,270,2739,Milwaukee Panthers,Green Bay Phoenix,70,59,48.0,30.0,6.0,10.0,47.0,19.0,2.0,15.0
401714462,2025-01-11,2025,0,40,2870,2174,Purdue Fort Wayne Mastodons,Detroit Mercy Titans,90,67,56.0,20.0,7.0,9.0,51.0,23.0,9.0,12.0
401714463,2025-01-11,2025,0,40,94,2473,Northern Kentucky Norse,Oakland Golden Grizzlies,53,68,55.0,12.0,13.0,9.0,58.0,12.0,20.0,13.0
401714464,2025-01-11,2025,0,40,2754,325,Youngstown State Penguins,Cleveland State Vikings,72,80,55.0,16.0,7.0,13.0,59.0,16.0,8.0,11.0
401714535,2025-01-11,2025,0,40,2653,2032,Troy Trojans,Arkansas State Red Wolves,78,84,52.0,28.0,11.0,11.0,52.0,27.0,8.0,8.0
401714536,2025-01-11,2025,0,45,2572,326,Southern Miss Golden Eagles,Texas State Bobcats,92,88,79.0,23.0,21.0,16.0,74.0,26.0,16.0,14.0
401714537,2025-01-11,2025,0,40,309,2433,Louisiana Ragin' Cajuns,UL Monroe Warhawks,71,68,64.0,16.0,13.0,8.0,53.0,25.0,12.0,13.0
401714538,2025-01-11,2025,0,40,2247,324,Georgia State Panthers,Coastal Carolina Chanticleers,79,74,60.0,17.0,12.0,10.0,63.0,8.0,9.0,8.0
401714539,2025-01-11,2025,0,40,276,290,Marshall Thundering Herd,Georgia Southern Eagles,81,69,54.0,27.0,17.0,17.0,55.0,19.0,8.0,11.0
401714540,2025-01-11,2025,0,40,2026,256,App State Mountaineers,James Madison Dukes,86,66,52.0,28.0,6.0,12.0,66.0,18.0,15.0,13.0
401714541,2025-01-11,2025,0,45,6,295,South Alabama Jaguars,Old Dominion Monarchs,63,71,64.0,18.0,11.0,8.0,63.0,13.0,14.0,13.0
401715943,2025-01-11,2025,0,40,2443,2545,LSU New Orleans Privateers,SE Louisiana Lions,71,91,50.0,42.0,7.0,10.0,66.0,16.0,13.0,11.0
401715966,2025-01-11,2025,0,40,2277,2916,Houston Christian Huskies,Incarnate Word Cardinals,81,76,50.0,22.0,11.0,11.0,58.0,15.0,11.0,9.0
401718478,2025-01-11,2025,0,40,16,331,Sacramento State Hornets,Eastern Washington Eagles,54,65,57.0,28.0,15.0,11.0,54.0,9.0,13.0,20.0
401719095,2025-01-11,2025,0,40,305,2752,DePaul Blue Demons,Xavier Musketeers,63,77,53.0,15.0,5.0,12.0,54.0,20.0,7.0,12.0
401719096,2025-01-11,2025,0,40,2507,2550,Providence Friars,Seton Hall Pirates,91,85,52.0,33.0,9.0,11.0,69.0,20.0,16.0,8.0
401719097,2025-01-11,2025,0,40,2599,222,St. John's Red Storm,Villanova Wildcats,80,68,55.0,39.0,17.0,9.0,56.0,17.0,8.0,9.0
401719098,2025-01-11,2025,0,40,2086,156,Butler Bulldogs,Creighton Bluejays,76,80,63.0,12.0,6.0,7.0,65.0,9.0,7.0,7.0
401719099,2025-01-11,2025,0,40,46,41,Georgetown Hoyas,UConn Huskies,60,68,49.0,23.0,11.0,15.0,56.0,10.0,9.0,15.0
401719381,2025-01-11,2025,0,40,149,2458,Montana Grizzlies,Northern Colorado Bears,57,81,58.0,22.0,8.0,11.0,60.0,10.0,9.0,13.0
401719660,2025-01-11,2025,0,40,2502,70,Portland State Vikings,Idaho Vandals,75,63,58.0,18.0,16.0,15.0,55.0,22.0,9.0,9.0
401720526,2025-01-11,2025,0,40,304,2692,Idaho State Bengals,Weber State Wildcats,69,77,55.0,27.0,18.0,14.0,51.0,20.0,10.0,17.0
401720672,2025-01-11,2025,0,40,2320,2617,Lamar Cardinals,Stephen F. Austin Lumberjacks,63,72,58.0,15.0,14.0,15.0,56.0,19.0,11.0,10.0
401720717,2025-01-11,2025,0,40,2377,2447,McNeese Cowboys,Nicholls Colonels,80,71,64.0,39.0,23.0,13.0,59.0,26.0,15.0,16.0
401720757,2025-01-11,2025,0,40,357,292,Texas A&M-Corpus Christi Islanders,UT Rio Grande Valley Vaqueros,79,74,60.0,15.0,9.0,5.0,58.0,14.0,11.0,11.0
401720807,2025-01-11,2025,0,40,2803,261,Bryant Bulldogs,Vermont Catamounts,73,53,65.0,6.0,12.0,6.0,51.0,6.0,9.0,17.0
401720808,2025-01-11,2025,0,40,311,399,Maine Black Bears,UAlbany Great Danes,87,66,55.0,18.0,2.0,10.0,58.0,17.0,15.0,20.0
401720809,2025-01-11,2025,0,40,160,2066,New Hampshire Wildcats,Binghamton Bearcats,79,72,55.0,28.0,14.0,12.0,58.0,23.0,16.0,11.0
401720810,2025-01-11,2025,0,40,2349,2885,UMass Lowell River Hawks,NJIT Highlanders,70,62,50.0,22.0,4.0,8.0,66.0,9.0,13.0,7.0
401720922,2025-01-11,2025,0,40,147,2464,Montana State Bobcats,Northern Arizona Lumberjacks,58,53,59.0,12.0,3.0,9.0,61.0,13.0,7.0,12.0
401720954,2025-01-11,2025,0,40,159,219,Dartmouth Big Green,Pennsylvania Quakers,73,70,72.0,11.0,14.0,7.0,59.0,13.0,11.0,16.0
401721237,2025-01-11,2025,0,40,2016,2010,Alcorn State Braves,Alabama A&M Bulldogs,62,52,57.0,17.0,13.0,16.0,49.0,10.0,10.0,22.0
401721346,2025-01-11,2025,0,40,356,30,Illinois Fighting Illini,USC Trojans,72,82,62.0,21.0,10.0,15.0,65.0,11.0,9.0,14.0
401721347,2025-01-11,2025,0,40,2294,84,Iowa Hawkeyes,Indiana Hoosiers,85,60,59.0,18.0,9.0,13.0,59.0,13.0,9.0,16.0
401721718,2025-01-11,2025,0,40,108,163,Harvard Crimson,Princeton Tigers,64,68,50.0,16.0,4.0,9.0,55.0,18.0,10.0,10.0
401721719,2025-01-11,2025,0,40,43,225,Yale Bulldogs,Brown Bears,79,58,67.0,16.0,13.0,4.0,53.0,12.0,8.0,14.0
401721720,2025-01-11,2025,0,40,171,172,Columbia Lions,Cornell Big Red,83,94,66.0,9.0,13.0,11.0,60.0,4.0,7.0,13.0
401721855,2025-01-11,2025,0,40,2329,349,Lehigh Mountain Hawks,Army Black Knights,69,74,61.0,21.0,7.0,9.0,59.0,21.0,8.0,13.0
401721856,2025-01-11,2025,0,40,322,107,Lafayette Leopards,Holy Cross Crusaders,82,65,59.0,12.0,4.0,8.0,60.0,8.0,5.0,8.0
401721857,2025-01-11,2025,0,40,44,2083,American University Eagles,Bucknell Bison,68,58,49.0,21.0,7.0,14.0,54.0,21.0,16.0,17.0
401721858,2025-01-11,2025,0,40,2142,104,Colgate Raiders,Boston University Terriers,87,50,61.0,14.0,10.0,9.0,48.0,14.0,8.0,19.0
401721859,2025-01-11,2025,0,40,2352,2426,Loyola Maryland Greyhounds,Navy Midshipmen,75,74,59.0,17.0,11.0,6.0,52.0,15.0,9.0,13.0
401722040,2025-01-11,2025,0,40,2755,2065,Grambling Tigers,Bethune-Cookman Wildcats,59,65,56.0,27.0,11.0,12.0,50.0,30.0,10.0,15.0
401722056,2025-01-11,2025,0,40,2582,50,Southern Jaguars,Florida A&M Rattlers,91,57,62.0,23.0,12.0,6.0,50.0,20.0,8.0,15.0
401722071,2025-01-11,2025,0,40,2296,2011,Jackson State Tigers,Alabama State Hornets,77,70,52.0,27.0,9.0,14.0,65.0,15.0,13.0,11.0
401722109,2025-01-11,2025,0,40,2400,2504,Mississippi Valley State Delta Devils,Prairie View A&M Panthers,65,74,53.0,17.0,10.0,15.0,54.0,17.0,10.0,15.0
401722158,2025-01-11,2025,0,40,2005,23,Air Force Falcons,San José State Spartans,62,69,58.0,6.0,10.0,12.0,53.0,12.0,9.0,12.0
401722244,2025-01-11,2025,0,45,278,2440,Fresno State Bulldogs,Nevada Wolf Pack,66,77,55.0,27.0,7.0,14.0,70.0,25.0,19.0,11.0
401722351,2025-01-11,2025,0,40,167,21,New Mexico Lobos,San Diego State Aztecs,62,48,67.0,20.0,18.0,9.0,48.0,17.0,3.0,14.0
401722396,2025-01-11,2025,0,40,328,68,Utah State Aggies,Boise State Broncos,81,79,49.0,22.0,7.0,6.0,51.0,17.0,11.0,10.0
401722470,2025-01-11,2025,0,40,282,2057,Indiana State Sycamores,Belmont Bruins,79,84,63.0,24.0,12.0,14.0,60.0,16.0,9.0,17.0
401722471,2025-01-11,2025,0,40,82,71,UIC Flames,Bradley Braves,60,61,62.0,23.0,15.0,8.0,51.0,27.0,5.0,11.0
401722472,2025-01-11,2025,0,40,2181,339,Drake Bulldogs,Evansville Purple Aces,63,40,55.0,22.0,19.0,10.0,43.0,9.0,6.0,16.0
401722473,2025-01-11,2025,0,40,2287,2460,Illinois State Redbirds,Northern Iowa Panthers,84,85,54.0,27.0,11.0,9.0,53.0,12.0,5.0,11.0
401722474,2025-01-11,2025,0,40,93,2674,Murray State Racers,Valparaiso Beacons,58,47,53.0,24.0,11.0,11.0,55.0,3.0,7.0,12.0
401722557,2025-01-11,2025,0,45,79,2623,Southern Illinois Salukis,Missouri State Bears,88,78,65.0,27.0,14.0,11.0,59.0,25.0,14.0,19.0
401723688,2025-01-11,2025,0,40,2450,2154,Norfolk State Spartans,Coppin State Eagles,92,69,55.0,21.0,5.0,14.0,53.0,13.0,8.0,19.0
401723708,2025-01-11,2025,0,40,2569,2169,South Carolina State Bulldogs,Delaware State Hornets,75,76,54.0,27.0,11.0,10.0,48.0,17.0,4.0,12.0
401723729,2025-01-11,2025,0,40,2428,2379,North Carolina Central Eagles,Maryland Eastern Shore Hawks,88,69,55.0,22.0,12.0,11.0,51.0,30.0,11.0,17.0
401723743,2025-01-11,2025,0,40,47,2415,Howard Bison,Morgan State Bears,100,95,58.0,29.0,7.0,14.0,70.0,26.0,13.0,9.0
401724360,2025-01-11,2025,0,40,2166,2230,Davidson Wildcats,Fordham Rams,74,64,58.0,24.0,7.0,9.0,64.0,16.0,8.0,12.0
401724361,2025-01-11,2025,0,40,2244,113,George Mason Patriots,Massachusetts Minutemen,77,70,49.0,35.0,13.0,17.0,55.0,31.0,9.0,9.0
401724362,2025-01-11,2025,0,45,179,2325,St. Bonaventure Bonnies,La Salle Explorers,82,83,53.0,27.0,9.0,14.0,67.0,16.0,12.0,6.0
401724363,2025-01-11,2025,0,40,2603,2350,Saint Joseph's Hawks,Loyola Chicago Ramblers,93,57,62.0,11.0,7.0,10.0,67.0,10.0,13.0,13.0
401724364,2025-01-11,2025,0,45,257,227,Richmond Spiders,Rhode Island Rams,64,67,57.0,16.0,5.0,14.0,58.0,22.0,12.0,15.0
401724748,2025-01-11,2025,0,40,150,87,Duke Blue Devils,Notre Dame Fighting Irish,86,78,45.0,35.0,7.0,8.0,57.0,16.0,5.0,7.0
401724749,2025-01-11,2025,0,40,228,52,Clemson Tigers,Florida State Seminoles,77,57,58.0,10.0,9.0,10.0,49.0,15.0,7.0,12.0
401724750,2025-01-11,2025,0,40,103,183,Boston College Eagles,Syracuse Orange,71,79,62.0,20.0,10.0,6.0,59.0,22.0,8.0,5.0
401724751,2025-01-11,2025,0,40,152,153,NC State Wolfpack,North Carolina Tar Heels,61,63,65.0,12.0,16.0,9.0,60.0,8.0,13.0,12.0
401724752,2025-01-11,2025,0,40,2390,154,Miami Hurricanes,Wake Forest Demon Deacons,78,88,62.0,21.0,17.0,14.0,64.0,12.0,9.0,9.0
401724753,2025-01-11,2025,0,40,25,259,California Golden Bears,Virginia Tech Hokies,68,71,68.0,21.0,17.0,2.0,49.0,17.0,7.0,13.0
401724754,2025-01-11,2025,0,40,24,258,Stanford Cardinal,Virginia Cavaliers,88,65,61.0,17.0,14.0,6.0,45.0,16.0,6.0,12.0
401724755,2025-01-11,2025,0,40,221,97,Pittsburgh Panthers,Louisville Cardinals,78,82,55.0,22.0,5.0,9.0,68.0,15.0,17.0,11.0
401724756,2025-01-11,2025,0,40,2567,59,SMU Mustangs,Georgia Tech Yellow Jackets,93,71,70.0,15.0,13.0,10.0,59.0,14.0,11.0,22.0
401725530,2025-01-11,2025,0,40,2636,2724,UTSA Roadrunners,Wichita State Shockers,88,75,61.0,14.0,7.0,8.0,65.0,8.0,16.0,17.0
401725531,2025-01-11,2025,0,40,235,151,Memphis Tigers,East Carolina Pirates,74,70,61.0,23.0,13.0,16.0,61.0,23.0,14.0,18.0
401725533,2025-01-11,2025,0,40,2655,58,Tulane Green Wave,South Florida Bulls,73,70,62.0,10.0,12.0,9.0,51.0,15.0,12.0,15.0
401725534,2025-01-11,2025,0,40,242,218,Rice Owls,Temple Owls,70,73,72.0,12.0,14.0,10.0,56.0,32.0,14.0,14.0
401725654,2025-01-11,2025,0,40,2628,252,TCU Horned Frogs,BYU Cougars,71,67,59.0,19.0,6.0,6.0,46.0,19.0,7.0,16.0
401725655,2025-01-11,2025,0,45,2641,66,Texas Tech Red Raiders,Iowa State Cyclones,84,85,66.0,24.0,16.0,15.0,59.0,24.0,9.0,15.0
401725656,2025-01-11,2025,0,40,2132,2305,Cincinnati Bearcats,Kansas Jayhawks,40,54,59.0,2.0,12.0,12.0,68.0,5.0,15.0,7.0
401725657,2025-01-11,2025,0,40,254,197,Utah Utes,Oklahoma State Cowboys,83,62,54.0,24.0,6.0,11.0,66.0,22.0,18.0,11.0
401725658,2025-01-11,2025,0,45,9,239,Arizona State Sun Devils,Baylor Bears,66,72,60.0,22.0,12.0,11.0,58.0,21.0,15.0,16.0
401725659,2025-01-11,2025,0,40,2306,248,Kansas State Wildcats,Houston Cougars,57,87,47.0,14.0,2.0,15.0,69.0,20.0,16.0,5.0
401725660,2025-01-11,2025,0,40,12,2116,Arizona Wildcats,UCF Knights,88,80,60.0,29.0,11.0,14.0,78.0,17.0,20.0,9.0
401726458,2025-01-11,2025,0,40,2466,2837,Northwestern State Demons,East Texas A&M Lions,75,67,49.0,24.0,9.0,18.0,64.0,19.0,14.0,9.0
401727876,2025-01-11,2025,0,40,2272,2241,High Point Panthers,Gardner-Webb Runnin' Bulldogs,96,55,71.0,19.0,15.0,7.0,62.0,14.0,14.0,17.0
401727877,2025-01-11,2025,0,40,2737,2344,Winthrop Eagles,Longwood Lancers,95,76,60.0,20.0,10.0,14.0,58.0,24.0,8.0,13.0
401727878,2025-01-11,2025,0,40,2506,2427,Presbyterian Blue Hose,UNC Asheville Bulldogs,87,96,49.0,25.0,9.0,17.0,55.0,29.0,8.0,7.0
401727879,2025-01-11,2025,0,40,2908,2515,South Carolina Upstate Spartans,Radford Highlanders,67,80,48.0,19.0,7.0,15.0,57.0,18.0,11.0,9.0
401728312,2025-01-11,2025,0,40,36,2439,Colorado State Rams,UNLV Rebels,84,62,53.0,15.0,8.0,13.0,60.0,11.0,11.0,10.0
401700306,2025-01-12,2025,0,40,2031,88,Little Rock Trojans,Southern Indiana Screaming Eagles,78,58,51.0,22.0,9.0,12.0,63.0,9.0,16.0,15.0
401706206,2025-01-12,2025,0,40,2099,2612,Canisius Golden Griffins,Saint Peter's Peacocks,49,62,50.0,15.0,5.0,12.0,50.0,14.0,13.0,19.0
401706207,2025-01-12,2025,0,40,116,2529,Mount St. Mary's Mountaineers,Sacred Heart Pioneers,73,71,55.0,10.0,10.0,19.0,62.0,16.0,13.0,11.0
401706208,2025-01-12,2025,0,40,2771,2363,Merrimack Warriors,Manhattan Jaspers,69,62,55.0,13.0,11.0,15.0,52.0,8.0,10.0,18.0
401706209,2025-01-12,2025,0,40,314,2514,Iona Gaels,Quinnipiac Bobcats,62,63,70.0,15.0,17.0,12.0,64.0,16.0,20.0,18.0
401706210,2025-01-12,2025,0,40,315,2520,Niagara Purple Eagles,Rider Broncs,65,68,50.0,10.0,4.0,11.0,52.0,19.0,7.0,10.0
401706211,2025-01-12,2025,0,40,2368,2217,Marist Red Foxes,Fairfield Stags,61,51,52.0,6.0,5.0,9.0,52.0,6.0,5.0,10.0
401706426,2025-01-12,2025,0,40,2717,2382,Western Carolina Catamounts,Mercer Bears,85,82,62.0,20.0,7.0,11.0,71.0,34.0,19.0,8.0
401706428,2025-01-12,2025,0,40,236,2678,Chattanooga Mocs,VMI Keydets,91,66,50.0,12.0,3.0,9.0,55.0,27.0,12.0,9.0
401714465,2025-01-12,2025,0,40,2523,2750,Robert Morris Colonials,Wright State Raiders,75,72,55.0,27.0,9.0,12.0,62.0,21.0,12.0,13.0
401721095,2025-01-12,2025,0,40,2115,112358,Central Connecticut Blue Devils,Long Island University Sharks,52,54,50.0,20.0,12.0,10.0,57.0,5.0,11.0,10.0
401721118,2025-01-12,2025,0,40,2130,284,Chicago State Cougars,Stonehill Skyhawks,52,68,47.0,25.0,8.0,13.0,47.0,27.0,9.0,11.0
401721141,2025-01-12,2025,0,40,161,2598,Fairleigh Dickinson Knights,Saint Francis Red Wolves,71,75,65.0,32.0,17.0,5.0,56.0,11.0,8.0,17.0
401721161,2025-01-12,2025,0,40,2330,2385,Le Moyne Dolphins,Mercyhurst Lakers,79,63,49.0,30.0,12.0,12.0,56.0,14.0,7.0,8.0
401721348,2025-01-12,2025,0,40,77,127,Northwestern Wildcats,Michigan State Spartans,68,78,59.0,27.0,14.0,12.0,54.0,27.0,10.0,11.0
401721349,2025-01-12,2025,0,40,130,264,Michigan Wolverines,Washington Huskies,91,75,55.0,32.0,8.0,11.0,63.0,18.0,11.0,12.0
401721350,2025-01-12,2025,0,40,213,2483,Penn State Nittany Lions,Oregon Ducks,81,82,68.0,14.0,13.0,10.0,57.0,19.0,6.0,11.0
401721351,2025-01-12,2025,0,40,2509,158,Purdue Boilermakers,Nebraska Cornhuskers,104,68,65.0,6.0,9.0,10.0,54.0,11.0,4.0,17.0
401725532,2025-01-12,2025,0,40,202,2429,Tulsa Golden Hurricane,Charlotte 49ers,69,63,51.0,13.0,6.0,9.0,49.0,18.0,4.0,7.0
401725535,2025-01-12,2025,0,40,2226,5,Florida Atlantic Owls,UAB Blazers,76,81,72.0,15.0,21.0,11.0,69.0,22.0,16.0,6.0
401725661,2025-01-12,2025,0,40,38,277,Colorado Buffaloes,West Virginia Mountaineers,70,78,48.0,30.0,8.0,14.0,55.0,28.0,8.0,7.0
401706425,2025-01-13,2025,0,40,231,2747,Furman Paladins,Wofford Terriers,62,81,69.0,13.0,18.0,5.0,68.0,7.0,20.0,10.0
401714206,2025-01-13,2025,0,40,2210,2097,Elon Phoenix,Campbell Fighting Camels,81,68,55.0,19.0,10.0,11.0,66.0,15.0,14.0,5.0
401715944,2025-01-13,2025,0,40,2617,2545,Stephen F. Austin Lumberjacks,SE Louisiana Lions,59,66,44.0,23.0,11.0,21.0,53.0,22.0,11.0,11.0
401715967,2025-01-13,2025,0,40,2277,2377,Houston Christian Huskies,McNeese Cowboys,59,75,50.0,20.0,6.0,17.0,60.0,19.0,11.0,10.0
401716123,2025-01-13,2025,0,40,2916,2447,Incarnate Word Cardinals,Nicholls Colonels,82,88,60.0,20.0,11.0,10.0,54.0,29.0,10.0,12.0
401720673,2025-01-13,2025,0,40,2320,2443,Lamar Cardinals,LSU New Orleans Privateers,62,68,64.0,15.0,18.0,12.0,60.0,12.0,16.0,15.0
401720758,2025-01-13,2025,0,40,357,2466,Texas A&M-Corpus Christi Islanders,Northwestern State Demons,73,64,58.0,18.0,11.0,9.0,54.0,20.0,7.0,10.0
401721213,2025-01-13,2025,0,40,292,2837,UT Rio Grande Valley Vaqueros,East Texas A&M Lions,57,55,52.0,22.0,16.0,15.0,56.0,11.0,17.0,16.0
401721238,2025-01-13,2025,0,55,2296,2010,Jackson State Tigers,Alabama A&M Bulldogs,103,93,82.0,39.0,15.0,15.0,74.0,32.0,18.0,31.0
401721288,2025-01-13,2025,0,40,2016,2011,Alcorn State Braves,Alabama State Hornets,67,65,44.0,29.0,6.0,13.0,61.0,17.0,16.0,10.0
401721352,2025-01-13,2025,0,40,120,135,Maryland Terrapins,Minnesota Golden Gophers,77,71,55.0,24.0,6.0,10.0,53.0,23.0,8.0,16.0
401721353,2025-01-13,2025,0,40,164,26,Rutgers Scarlet Knights,UCLA Bruins,75,68,52.0,31.0,11.0,10.0,59.0,15.0,10.0,9.0
401721860,2025-01-13,2025,0,40,2352,44,Loyola Maryland Greyhounds,American University Eagles,54,73,45.0,18.0,5.0,14.0,56.0,10.0,7.0,8.0
401722041,2025-01-13,2025,0,40,2582,2065,Southern Jaguars,Bethune-Cookman Wildcats,69,53,67.0,22.0,13.0,10.0,59.0,18.0,9.0,15.0
401722057,2025-01-13,2025,0,40,2755,50,Grambling Tigers,Florida A&M Rattlers,79,72,46.0,35.0,8.0,8.0,55.0,19.0,10.0,11.0
401722110,2025-01-13,2025,0,40,2400,2640,Mississippi Valley State Delta Devils,Texas Southern Tigers,53,82,51.0,15.0,9.0,20.0,67.0,15.0,14.0,11.0
401722126,2025-01-13,2025,0,40,2029,2504,Arkansas-Pine Bluff Golden Lions,Prairie View A&M Panthers,64,75,72.0,25.0,21.0,15.0,54.0,35.0,6.0,14.0
401723689,2025-01-13,2025,0,40,47,2154,Howard Bison,Coppin State Eagles,90,75,46.0,23.0,6.0,18.0,49.0,31.0,8.0,15.0
401723709,2025-01-13,2025,0,40,2428,2169,North Carolina Central Eagles,Delaware State Hornets,75,72,57.0,29.0,17.0,13.0,56.0,19.0,11.0,14.0
401723730,2025-01-13,2025,0,40,2569,2379,South Carolina State Bulldogs,Maryland Eastern Shore Hawks,78,64,49.0,39.0,9.0,12.0,51.0,31.0,10.0,13.0
401723756,2025-01-13,2025,0,40,2415,2450,Morgan State Bears,Norfolk State Spartans,78,74,56.0,15.0,9.0,13.0,70.0,21.0,26.0,14.0
401724797,2025-01-13,2025,0,40,87,103,Notre Dame Fighting Irish,Boston College Eagles,78,60,55.0,27.0,17.0,10.0,47.0,6.0,7.0,18.0
401700310,2025-01-14,2025,0,40,2546,2031,Southeast Missouri State Redhawks,Little Rock Trojans,71,73,59.0,32.0,14.0,10.0,49.0,21.0,6.0,17.0
401706319,2025-01-14,2025,0,40,195,2050,Ohio Bobcats,Ball State Cardinals,86,71,62.0,16.0,8.0,5.0,56.0,19.0,12.0,15.0
401706320,2025-01-14,2025,0,40,189,2084,Bowling Green Falcons,Buffalo Bulls,79,61,53.0,36.0,10.0,10.0,59.0,19.0,10.0,11.0
401706321,2025-01-14,2025,0,40,2117,2199,Central Michigan Chippewas,Eastern Michigan Eagles,82,63,60.0,29.0,12.0,6.0,54.0,21.0,13.0,17.0
401706322,2025-01-14,2025,0,40,2459,193,Northern Illinois Huskies,Miami (OH) RedHawks,69,84,59.0,17.0,11.0,16.0,51.0,26.0,12.0,19.0
401706323,2025-01-14,2025,0,40,2006,2649,Akron Zips,Toledo Rockets,85,78,75.0,9.0,17.0,9.0,64.0,31.0,14.0,8.0
401706324,2025-01-14,2025,0,40,2309,2711,Kent State Golden Flashes,Western Michigan Broncos,83,94,63.0,17.0,10.0,13.0,58.0,41.0,14.0,10.0
401708324,2025-01-14,2025,0,40,333,145,Alabama Crimson Tide,Ole Miss Rebels,64,74,47.0,26.0,4.0,21.0,70.0,16.0,9.0,7.0
401708325,2025-01-14,2025,0,40,2,344,Auburn Tigers,Mississippi State Bulldogs,88,66,60.0,15.0,7.0,10.0,63.0,27.0,20.0,16.0
401708326,2025-01-14,2025,0,40,57,142,Florida Gators,Missouri Tigers,82,83,54.0,31.0,12.0,13.0,61.0,29.0,15.0,8.0
401708327,2025-01-14,2025,0,40,96,245,Kentucky Wildcats,Texas A&M Aggies,81,69,52.0,31.0,12.0,17.0,59.0,25.0,11.0,12.0
401708328,2025-01-14,2025,0,40,99,8,LSU Tigers,Arkansas Razorbacks,78,74,55.0,28.0,12.0,15.0,69.0,13.0,17.0,12.0
401719100,2025-01-14,2025,0,45,305,269,DePaul Blue Demons,Marquette Golden Eagles,83,85,64.0,8.0,11.0,16.0,68.0,24.0,8.0,6.0
401719101,2025-01-14,2025,0,40,2599,46,St. John's Red Storm,Georgetown Hoyas,63,58,66.0,14.0,15.0,10.0,58.0,10.0,13.0,19.0
401719102,2025-01-14,2025,0,40,2752,222,Xavier Musketeers,Villanova Wildcats,69,63,49.0,26.0,7.0,11.0,51.0,14.0,8.0,14.0
401719103,2025-01-14,2025,0,40,156,2507,Creighton Bluejays,Providence Friars,84,64,62.0,12.0,6.0,10.0,68.0,9.0,13.0,12.0
401721354,2025-01-14,2025,0,40,84,356,Indiana Hoosiers,Illinois Fighting Illini,69,94,65.0,18.0,8.0,11.0,75.0,26.0,16.0,6.0
401721355,2025-01-14,2025,0,40,30,2294,USC Trojans,Iowa Hawkeyes,99,89,57.0,25.0,9.0,12.0,60.0,19.0,4.0,9.0
401721356,2025-01-14,2025,0,40,275,194,Wisconsin Badgers,Ohio State Buckeyes,70,68,48.0,28.0,6.0,12.0,59.0,15.0,9.0,11.0
401722159,2025-01-14,2025,0,40,2440,2005,Nevada Wolf Pack,Air Force Falcons,68,62,47.0,23.0,6.0,10.0,51.0,17.0,7.0,13.0
401722352,2025-01-14,2025,0,40,21,36,San Diego State Aztecs,Colorado State Rams,75,60,56.0,26.0,10.0,10.0,47.0,15.0,8.0,20.0
401722375,2025-01-14,2025,0,40,23,167,San José State Spartans,New Mexico Lobos,71,70,65.0,8.0,11.0,14.0,66.0,19.0,11.0,8.0
401722432,2025-01-14,2025,0,40,68,2751,Boise State Broncos,Wyoming Cowboys,96,55,53.0,28.0,6.0,8.0,48.0,23.0,6.0,14.0
401722475,2025-01-14,2025,0,40,2460,339,Northern Iowa Panthers,Evansville Purple Aces,73,56,54.0,32.0,9.0,11.0,55.0,17.0,4.0,13.0
401722476,2025-01-14,2025,0,40,2057,2674,Belmont Bruins,Valparaiso Beacons,71,64,61.0,30.0,11.0,12.0,66.0,9.0,14.0,17.0
401724365,2025-01-14,2025,0,40,2670,139,VCU Rams,Saint Louis Billikens,78,62,72.0,10.0,22.0,10.0,37.0,23.0,4.0,19.0
401724798,2025-01-14,2025,0,40,183,97,Syracuse Orange,Louisville Cardinals,61,85,60.0,9.0,9.0,14.0,62.0,11.0,8.0,10.0
401724799,2025-01-14,2025,0,40,59,228,Georgia Tech Yellow Jackets,Clemson Tigers,59,70,54.0,19.0,12.0,14.0,52.0,20.0,5.0,9.0
401724800,2025-01-14,2025,0,40,150,2390,Duke Blue Devils,Miami Hurricanes,89,54,62.0,7.0,12.0,10.0,59.0,2.0,5.0,8.0
401725536,2025-01-14,2025,0,40,151,249,East Carolina Pirates,North Texas Mean Green,60,69,53.0,10.0,8.0,11.0,46.0,25.0,10.0,12.0
401725537,2025-01-14,2025,0,40,242,2636,Rice Owls,UTSA Roadrunners,84,90,50.0,30.0,9.0,16.0,65.0,18.0,9.0,6.0
401725538,2025-01-14,2025,0,40,2724,2429,Wichita State Shockers,Charlotte 49ers,68,59,54.0,17.0,6.0,9.0,61.0,16.0,10.0,8.0
401725662,2025-01-14,2025,0,40,252,197,BYU Cougars,Oklahoma State Cowboys,85,69,52.0,27.0,10.0,14.0,56.0,23.0,10.0,13.0
401725663,2025-01-14,2025,0,40,2306,2641,Kansas State Wildcats,Texas Tech Red Raiders,57,61,52.0,12.0,6.0,10.0,52.0,7.0,9.0,14.0
401725664,2025-01-14,2025,0,40,12,239,Arizona Wildcats,Baylor Bears,81,70,54.0,25.0,9.0,10.0,56.0,13.0,7.0,13.0
401725665,2025-01-14,2025,0,40,9,2116,Arizona State Sun Devils,UCF Knights,89,95,57.0,26.0,9.0,14.0,65.0,21.0,13.0,12.0
401706429,2025-01-15,2025,0,40,2430,2643,UNC Greensboro Spartans,The Citadel Bulldogs,70,57,48.0,19.0,9.0,12.0,51.0,15.0,9.0,14.0
401706430,2025-01-15,2025,0,40,231,2193,Furman Paladins,East Tennessee State Buccaneers,73,70,54.0,25.0,13.0,13.0,54.0,27.0,15.0,14.0
401706431,2025-01-15,2025,0,40,2382,2535,Mercer Bears,Samford Bulldogs,74,75,61.0,24.0,14.0,14.0,60.0,27.0,12.0,13.0
401706432,2025-01-15,2025,0,45,236,2747,Chattanooga Mocs,Wofford Terriers,83,81,55.0,14.0,4.0,11.0,56.0,22.0,8.0,11.0
401706433,2025-01-15,2025,0,40,2678,2717,VMI Keydets,Western Carolina Catamounts,66,50,51.0,21.0,7.0,13.0,52.0,18.0,10.0,17.0
401706515,2025-01-15,2025,0,40,2172,2437,Denver Pioneers,Omaha Mavericks,62,80,54.0,16.0,10.0,11.0,49.0,22.0,9.0,13.0
401708329,2025-01-15,2025,0,40,2633,61,Tennessee Volunteers,Georgia Bulldogs,74,56,66.0,10.0,18.0,10.0,53.0,12.0,11.0,19.0
401708330,2025-01-15,2025,0,40,238,2579,Vanderbilt Commodores,South Carolina Gamecocks,66,63,56.0,21.0,8.0,12.0,45.0,23.0,10.0,25.0
401708331,2025-01-15,2025,0,40,201,251,Oklahoma Sooners,Texas Longhorns,73,77,49.0,26.0,6.0,18.0,58.0,18.0,7.0,15.0
401714466,2025-01-15,2025,0,40,325,94,Cleveland State Vikings,Northern Kentucky Norse,76,58,62.0,14.0,16.0,11.0,55.0,13.0,15.0,18.0
401714467,2025-01-15,2025,0,40,2473,85,Oakland Golden Grizzlies,IU Indianapolis Jaguars,72,59,51.0,17.0,9.0,14.0,47.0,16.0,7.0,15.0
401714468,2025-01-15,2025,0,50,2750,2870,Wright State Raiders,Purdue Fort Wayne Mastodons,113,120,84.0,21.0,18.0,16.0,79.0,25.0,8.0,7.0
401714542,2025-01-15,2025,0,40,2433,2653,UL Monroe Warhawks,Troy Trojans,58,77,66.0,11.0,16.0,9.0,64.0,8.0,18.0,13.0
401714543,2025-01-15,2025,0,40,6,2572,South Alabama Jaguars,Southern Miss Golden Eagles,75,62,57.0,21.0,6.0,10.0,56.0,22.0,10.0,14.0
401714544,2025-01-15,2025,0,40,326,2247,Texas State Bobcats,Georgia State Panthers,94,80,73.0,13.0,17.0,7.0,64.0,16.0,9.0,10.0
401719104,2025-01-15,2025,0,40,2086,2550,Butler Bulldogs,Seton Hall Pirates,82,77,51.0,28.0,8.0,8.0,52.0,22.0,5.0,7.0
401721357,2025-01-15,2025,0,40,127,213,Michigan State Spartans,Penn State Nittany Lions,90,85,68.0,24.0,15.0,10.0,53.0,25.0,8.0,14.0
401721358,2025-01-15,2025,0,40,264,2509,Washington Huskies,Purdue Boilermakers,58,69,47.0,14.0,7.0,17.0,50.0,22.0,6.0,11.0
401721861,2025-01-15,2025,0,40,104,2329,Boston University Terriers,Lehigh Mountain Hawks,63,58,50.0,15.0,12.0,15.0,51.0,13.0,7.0,9.0
401721862,2025-01-15,2025,0,40,2083,107,Bucknell Bison,Holy Cross Crusaders,86,82,62.0,19.0,10.0,5.0,62.0,16.0,9.0,7.0
401721863,2025-01-15,2025,0,40,2426,2142,Navy Midshipmen,Colgate Raiders,66,73,65.0,11.0,10.0,8.0,56.0,25.0,8.0,8.0
401722397,2025-01-15,2025,0,40,2439,328,UNLV Rebels,Utah State Aggies,65,62,59.0,17.0,14.0,7.0,53.0,15.0,11.0,12.0
401722477,2025-01-15,2025,0,40,2181,2287,Drake Bulldogs,Illinois State Redbirds,66,62,44.0,11.0,6.0,9.0,48.0,11.0,7.0,6.0
401722478,2025-01-15,2025,0,40,71,282,Bradley Braves,Indiana State Sycamores,118,65,72.0,25.0,13.0,8.0,54.0,28.0,8.0,17.0
401722479,2025-01-15,2025,0,50,82,93,UIC Flames,Murray State Racers,97,93,63.0,25.0,6.0,20.0,80.0,25.0,16.0,12.0
401722480,2025-01-15,2025,0,40,2623,79,Missouri State Bears,Southern Illinois Salukis,51,73,56.0,16.0,12.0,14.0,50.0,15.0,8.0,16.0
401724366,2025-01-15,2025,0,40,2325,2166,La Salle Explorers,Davidson Wildcats,79,76,62.0,23.0,12.0,9.0,62.0,8.0,7.0,12.0
401724367,2025-01-15,2025,0,40,2168,2244,Dayton Flyers,George Mason Patriots,59,67,51.0,11.0,10.0,11.0,48.0,7.0,9.0,18.0
401724368,2025-01-15,2025,0,40,45,2184,George Washington Revolutionaries,Duquesne Dukes,65,73,58.0,26.0,15.0,14.0,59.0,16.0,16.0,17.0
401724369,2025-01-15,2025,0,55,2230,113,Fordham Rams,Massachusetts Minutemen,118,120,85.0,65.0,23.0,15.0,84.0,57.0,22.0,17.0
401724370,2025-01-15,2025,0,40,2350,227,Loyola Chicago Ramblers,Rhode Island Rams,81,77,56.0,25.0,6.0,5.0,55.0,29.0,12.0,12.0
401724371,2025-01-15,2025,0,40,179,257,St. Bonaventure Bonnies,Richmond Spiders,63,49,46.0,19.0,4.0,6.0,46.0,10.0,3.0,8.0
401724801,2025-01-15,2025,0,40,154,24,Wake Forest Demon Deacons,Stanford Cardinal,80,67,58.0,24.0,9.0,6.0,54.0,14.0,6.0,13.0
401724802,2025-01-15,2025,0,40,259,152,Virginia Tech Hokies,NC State Wolfpack,79,76,59.0,17.0,15.0,12.0,54.0,17.0,8.0,8.0
401724803,2025-01-15,2025,0,40,153,25,North Carolina Tar Heels,California Golden Bears,79,53,65.0,13.0,11.0,10.0,69.0,5.0,11.0,13.0
401724804,2025-01-15,2025,0,40,52,221,Florida State Seminoles,Pittsburgh Panthers,82,70,56.0,33.0,8.0,15.0,56.0,22.0,6.0,17.0
401724805,2025-01-15,2025,0,40,258,2567,Virginia Cavaliers,SMU Mustangs,52,54,52.0,15.0,5.0,8.0,53.0,7.0,8.0,12.0
401725539,2025-01-15,2025,0,40,2655,2226,Tulane Green Wave,Florida Atlantic Owls,80,65,54.0,27.0,8.0,10.0,59.0,19.0,14.0,15.0
401725540,2025-01-15,2025,0,40,58,5,South Florida Bulls,UAB Blazers,83,92,59.0,19.0,7.0,6.0,59.0,25.0,16.0,13.0
401725666,2025-01-15,2025,0,40,2628,254,TCU Horned Frogs,Utah Utes,65,73,64.0,21.0,15.0,8.0,49.0,29.0,9.0,13.0
401725667,2025-01-15,2025,0,40,66,2305,Iowa State Cyclones,Kansas Jayhawks,74,57,59.0,25.0,13.0,13.0,59.0,11.0,9.0,17.0
401725668,2025-01-15,2025,0,40,38,2132,Colorado Buffaloes,Cincinnati Bearcats,62,68,56.0,21.0,10.0,15.0,60.0,21.0,10.0,10.0
401725669,2025-01-15,2025,0,40,248,277,Houston Cougars,West Virginia Mountaineers,70,54,51.0,12.0,9.0,7.0,43.0,11.0,6.0,12.0
401727353,2025-01-15,2025,0,40,349,322,Army Black Knights,Lafayette Leopards,70,68,56.0,10.0,8.0,10.0,48.0,10.0,6.0,15.0
401727880,2025-01-15,2025,0,55,2737,2127,Winthrop Eagles,Charleston Southern Buccaneers,102,97,79.0,37.0,11.0,13.0,73.0,53.0,17.0,15.0
401727881,2025-01-15,2025,0,40,2515,2241,Radford Highlanders,Gardner-Webb Runnin' Bulldogs,79,75,49.0,24.0,9.0,15.0,60.0,15.0,9.0,10.0
401727883,2025-01-15,2025,0,40,2427,2908,UNC Asheville Bulldogs,South Carolina Upstate Spartans,93,92,68.0,31.0,10.0,6.0,64.0,18.0,6.0,12.0
401730466,2025-01-15,2025,0,40,47,2075,Howard Bison,Bowie State Bulldogs,73,76,50.0,27.0,12.0,16.0,60.0,7.0,4.0,9.0
401700192,2025-01-16,2025,0,40,2229,166,Florida International Panthers,New Mexico State Aggies,52,59,54.0,17.0,14.0,14.0,49.0,22.0,10.0,13.0
401700193,2025-01-16,2025,0,40,2335,2638,Liberty Flames,UTEP Miners,70,72,52.0,17.0,4.0,12.0,60.0,15.0,6.0,8.0
401700194,2025-01-16,2025,0,40,55,2348,Jacksonville State Gamecocks,Louisiana Tech Bulldogs,63,61,57.0,8.0,11.0,7.0,63.0,2.0,15.0,8.0
401700195,2025-01-16,2025,0,45,338,2534,Kennesaw State Owls,Sam Houston Bearkats,75,69,65.0,32.0,14.0,14.0,69.0,28.0,15.0,13.0
401700311,2025-01-16,2025,0,40,2630,2197,UT Martin Skyhawks,Eastern Illinois Panthers,68,63,63.0,18.0,14.0,11.0,52.0,14.0,7.0,19.0
401700312,2025-01-16,2025,0,40,88,2815,Southern Indiana Screaming Eagles,Lindenwood Lions,80,73,56.0,30.0,15.0,14.0,57.0,26.0,7.0,8.0
401700313,2025-01-16,2025,0,40,2413,2710,Morehead State Eagles,Western Illinois Leathernecks,51,47,58.0,13.0,11.0,6.0,56.0,9.0,8.0,6.0
401700314,2025-01-16,2025,0,40,2635,2546,Tennessee Tech Golden Eagles,Southeast Missouri State Redhawks,70,77,50.0,23.0,7.0,12.0,59.0,16.0,11.0,11.0
401700315,2025-01-16,2025,0,50,2634,2565,Tennessee State Tigers,SIU Edwardsville Cougars,80,87,60.0,33.0,11.0,19.0,65.0,29.0,11.0,13.0
401706212,2025-01-16,2025,0,40,314,2099,Iona Gaels,Canisius Golden Griffins,82,61,62.0,6.0,9.0,8.0,54.0,16.0,10.0,14.0
401706213,2025-01-16,2025,0,40,2561,2529,Siena Saints,Sacred Heart Pioneers,93,75,66.0,19.0,14.0,10.0,58.0,15.0,12.0,15.0
401706214,2025-01-16,2025,0,40,2520,116,Rider Broncs,Mount St. Mary's Mountaineers,66,60,63.0,24.0,9.0,8.0,56.0,13.0,13.0,25.0
401706215,2025-01-16,2025,0,40,2217,315,Fairfield Stags,Niagara Purple Eagles,70,66,63.0,13.0,19.0,13.0,51.0,13.0,7.0,13.0
401706216,2025-01-16,2025,0,40,2612,2368,Saint Peter's Peacocks,Marist Red Foxes,51,56,50.0,14.0,11.0,15.0,39.0,17.0,2.0,13.0
401706217,2025-01-16,2025,0,40,2514,2771,Quinnipiac Bobcats,Merrimack Warriors,81,76,65.0,21.0,15.0,13.0,63.0,17.0,6.0,5.0
401706516,2025-01-16,2025,0,40,2449,140,North Dakota State Bison,Kansas City Roos,71,64,54.0,18.0,6.0,10.0,64.0,4.0,10.0,12.0
401706517,2025-01-16,2025,0,40,233,198,South Dakota Coyotes,Oral Roberts Golden Eagles,92,82,58.0,30.0,6.0,12.0,67.0,21.0,10.0,11.0
401706518,2025-01-16,2025,0,40,2571,155,South Dakota State Jackrabbits,North Dakota Fighting Hawks,109,73,64.0,15.0,7.0,10.0,64.0,26.0,13.0,11.0
401706582,2025-01-16,2025,0,40,2627,2856,Tarleton State Texans,California Baptist Lancers,67,57,45.0,30.0,11.0,11.0,44.0,33.0,14.0,13.0
401706583,2025-01-16,2025,0,40,2253,2000,Grand Canyon Lopes,Abilene Christian Wildcats,88,58,56.0,30.0,10.0,13.0,57.0,20.0,14.0,19.0
401706584,2025-01-16,2025,0,40,2547,3101,Seattle U Redhawks,Utah Tech Trailblazers,82,62,61.0,18.0,14.0,11.0,44.0,32.0,4.0,12.0
401706585,2025-01-16,2025,0,45,250,3084,UT Arlington Mavericks,Utah Valley Wolverines,83,85,65.0,18.0,13.0,18.0,67.0,31.0,15.0,10.0
401706692,2025-01-16,2025,0,45,204,2250,Oregon State Beavers,Gonzaga Bulldogs,97,89,53.0,37.0,3.0,9.0,72.0,25.0,19.0,12.0
401706693,2025-01-16,2025,0,40,301,265,San Diego Toreros,Washington State Cougars,61,65,61.0,18.0,17.0,17.0,45.0,26.0,9.0,17.0
401706694,2025-01-16,2025,0,40,2492,2539,Pepperdine Waves,San Francisco Dons,63,80,56.0,23.0,12.0,14.0,57.0,13.0,6.0,11.0
401706695,2025-01-16,2025,0,45,2501,279,Portland Pilots,Pacific Tigers,84,81,60.0,25.0,14.0,14.0,61.0,11.0,8.0,13.0
401706696,2025-01-16,2025,0,40,2351,2541,Loyola Marymount Lions,Santa Clara Broncos,57,54,56.0,11.0,6.0,9.0,58.0,10.0,10.0,13.0
401709984,2025-01-16,2025,0,40,299,28,Long Beach State Beach,UC San Diego Tritons,54,80,44.0,17.0,6.0,15.0,52.0,16.0,8.0,10.0
401711602,2025-01-16,2025,0,45,2046,2198,Austin Peay Governors,Eastern Kentucky Colonels,97,90,69.0,16.0,6.0,10.0,76.0,28.0,17.0,9.0
401711639,2025-01-16,2025,0,40,526,2698,Florida Gulf Coast Eagles,West Georgia Wolves,82,60,55.0,19.0,9.0,17.0,52.0,27.0,6.0,15.0
401711654,2025-01-16,2025,0,40,294,2453,Jacksonville Dolphins,North Alabama Lions,64,60,66.0,9.0,12.0,11.0,60.0,18.0,11.0,13.0
401711670,2025-01-16,2025,0,40,91,288,Bellarmine Knights,Lipscomb Bisons,53,87,54.0,13.0,5.0,12.0,62.0,10.0,12.0,10.0
401711715,2025-01-16,2025,0,40,56,2511,Stetson Hatters,Queens University Royals,60,95,52.0,23.0,5.0,16.0,70.0,17.0,17.0,11.0
401711723,2025-01-16,2025,0,40,2454,2110,North Florida Ospreys,Central Arkansas Bears,92,80,68.0,8.0,12.0,9.0,56.0,28.0,11.0,13.0
401714209,2025-01-16,2025,0,40,350,111,UNC Wilmington Seahawks,Northeastern Huskies,80,72,65.0,14.0,16.0,11.0,54.0,9.0,9.0,16.0
401714210,2025-01-16,2025,0,40,48,2619,Delaware Blue Hens,Stony Brook Seawolves,84,74,62.0,17.0,10.0,10.0,53.0,21.0,4.0,11.0
401714211,2025-01-16,2025,0,40,119,2275,Towson Tigers,Hofstra Pride,65,60,53.0,23.0,12.0,8.0,52.0,6.0,8.0,13.0
401714212,2025-01-16,2025,0,40,2448,2405,North Carolina A&T Aggies,Monmouth Hawks,63,72,58.0,31.0,14.0,10.0,60.0,25.0,12.0,7.0
401714213,2025-01-16,2025,0,40,2261,2729,Hampton Pirates,William & Mary Tribe,64,67,56.0,22.0,13.0,13.0,43.0,20.0,5.0,16.0
401714214,2025-01-16,2025,0,40,2182,2210,Drexel Dragons,Elon Phoenix,54,65,52.0,7.0,8.0,10.0,50.0,17.0,10.0,10.0
401714215,2025-01-16,2025,0,40,2097,232,Campbell Fighting Camels,Charleston Cougars,61,67,57.0,16.0,6.0,10.0,62.0,12.0,13.0,15.0
401714319,2025-01-16,2025,0,40,2540,27,UC Santa Barbara Gauchos,UC Riverside Highlanders,66,63,53.0,17.0,8.0,10.0,65.0,13.0,16.0,9.0
401714320,2025-01-16,2025,0,40,300,2239,UC Irvine Anteaters,Cal State Fullerton Titans,82,62,66.0,28.0,12.0,7.0,74.0,14.0,17.0,12.0
401714321,2025-01-16,2025,0,40,62,2463,Hawai'i Rainbow Warriors,Cal State Northridge Matadors,60,83,52.0,18.0,7.0,14.0,60.0,19.0,14.0,11.0
401714322,2025-01-16,2025,0,40,13,302,Cal Poly Mustangs,UC Davis Aggies,54,65,49.0,12.0,13.0,20.0,58.0,13.0,14.0,11.0
401714545,2025-01-16,2025,0,40,2032,309,Arkansas State Red Wolves,Louisiana Ragin' Cajuns,83,63,61.0,31.0,12.0,6.0,68.0,15.0,15.0,8.0
401714546,2025-01-16,2025,0,40,295,2026,Old Dominion Monarchs,App State Mountaineers,43,62,49.0,13.0,10.0,11.0,54.0,15.0,10.0,6.0
401714547,2025-01-16,2025,0,45,324,290,Coastal Carolina Chanticleers,Georgia Southern Eagles,87,88,59.0,30.0,11.0,13.0,63.0,28.0,14.0,13.0
401714548,2025-01-16,2025,0,40,256,276,James Madison Dukes,Marshall Thundering Herd,67,64,61.0,15.0,10.0,11.0,62.0,15.0,14.0,17.0
401719382,2025-01-16,2025,0,40,2458,2502,Northern Colorado Bears,Portland State Vikings,72,69,52.0,24.0,8.0,12.0,57.0,15.0,7.0,11.0
401720547,2025-01-16,2025,0,40,2692,149,Weber State Wildcats,Montana Grizzlies,59,63,51.0,12.0,7.0,11.0,52.0,22.0,11.0,8.0
401720811,2025-01-16,2025,0,40,261,2066,Vermont Catamounts,Binghamton Bearcats,72,64,52.0,20.0,7.0,6.0,47.0,9.0,5.0,15.0
401720812,2025-01-16,2025,0,40,399,2803,UAlbany Great Danes,Bryant Bulldogs,79,89,68.0,13.0,10.0,9.0,65.0,19.0,11.0,9.0
401720813,2025-01-16,2025,0,40,2885,311,NJIT Highlanders,Maine Black Bears,44,57,48.0,16.0,8.0,15.0,51.0,15.0,10.0,14.0
401720814,2025-01-16,2025,0,40,2378,160,UMBC Retrievers,New Hampshire Wildcats,76,79,59.0,21.0,12.0,12.0,65.0,12.0,12.0,10.0
401720923,2025-01-16,2025,0,40,2464,16,Northern Arizona Lumberjacks,Sacramento State Hornets,77,53,59.0,18.0,14.0,16.0,56.0,17.0,11.0,15.0
401720924,2025-01-16,2025,0,40,304,147,Idaho State Bengals,Montana State Bobcats,70,67,57.0,12.0,12.0,8.0,61.0,12.0,14.0,8.0
401721359,2025-01-16,2025,0,45,135,130,Minnesota Golden Gophers,Michigan Wolverines,84,81,73.0,13.0,15.0,6.0,62.0,20.0,15.0,13.0
401721360,2025-01-16,2025,0,40,158,164,Nebraska Cornhuskers,Rutgers Scarlet Knights,82,85,62.0,27.0,19.0,7.0,67.0,14.0,17.0,8.0
401721361,2025-01-16,2025,0,45,77,120,Northwestern Wildcats,Maryland Terrapins,76,74,60.0,19.0,9.0,13.0,63.0,22.0,13.0,16.0
401723697,2025-01-16,2025,0,40,2154,2129,Coppin State Eagles,Cheyney (PA) Wolves,88,62,65.0,21.0,10.0,14.0,52.0,19.0,4.0,22.0
401725541,2025-01-16,2025,0,40,218,235,Temple Owls,Memphis Tigers,88,81,62.0,34.0,22.0,15.0,60.0,31.0,10.0,10.0
401727882,2025-01-16,2025,0,40,2344,2272,Longwood Lancers,High Point Panthers,82,80,53.0,34.0,10.0,11.0,64.0,26.0,12.0,5.0
401706329,2025-01-17,2025,0,40,2006,195,Akron Zips,Ohio Bobcats,92,80,68.0,15.0,9.0,9.0,64.0,33.0,16.0,12.0
401714469,2025-01-17,2025,0,40,270,2754,Milwaukee Panthers,Youngstown State Penguins,79,64,63.0,28.0,15.0,8.0,51.0,27.0,7.0,14.0
401714470,2025-01-17,2025,0,40,2739,2523,Green Bay Phoenix,Robert Morris Colonials,67,89,45.0,21.0,2.0,17.0,54.0,27.0,7.0,10.0
401719105,2025-01-17,2025,0,40,46,305,Georgetown Hoyas,DePaul Blue Demons,68,73,65.0,11.0,14.0,8.0,44.0,28.0,6.0,14.0
401719106,2025-01-17,2025,0,40,222,2507,Villanova Wildcats,Providence Friars,75,73,60.0,18.0,9.0,7.0,56.0,15.0,5.0,9.0
401721362,2025-01-17,2025,0,45,194,84,Ohio State Buckeyes,Indiana Hoosiers,76,77,62.0,15.0,9.0,11.0,64.0,23.0,14.0,10.0
401721363,2025-01-17,2025,0,40,26,2294,UCLA Bruins,Iowa Hawkeyes,94,70,58.0,20.0,11.0,14.0,47.0,25.0,9.0,15.0
401722160,2025-01-17,2025,0,40,278,2005,Fresno State Bulldogs,Air Force Falcons,74,65,48.0,23.0,4.0,9.0,61.0,17.0,16.0,9.0
401724372,2025-01-17,2025,0,40,2603,2670,Saint Joseph's Hawks,VCU Rams,69,78,72.0,18.0,15.0,6.0,57.0,27.0,9.0,10.0
401727822,2025-01-17,2025,0,40,167,68,New Mexico Lobos,Boise State Broncos,84,65,57.0,15.0,3.0,11.0,57.0,13.0,7.0,17.0
401700196,2025-01-18,2025,0,40,2229,2638,Florida International Panthers,UTEP Miners,73,81,58.0,20.0,13.0,14.0,52.0,19.0,7.0,13.0
401700197,2025-01-18,2025,0,40,2335,166,Liberty Flames,New Mexico State Aggies,68,60,52.0,26.0,7.0,9.0,61.0,16.0,13.0,11.0
401700198,2025-01-18,2025,0,40,338,2348,Kennesaw State Owls,Louisiana Tech Bulldogs,78,76,57.0,25.0,13.0,8.0,62.0,22.0,15.0,11.0
401700199,2025-01-18,2025,0,40,55,2534,Jacksonville State Gamecocks,Sam Houston Bearkats,70,62,56.0,22.0,13.0,10.0,57.0,7.0,9.0,11.0
401700200,2025-01-18,2025,0,40,2393,98,Middle Tennessee Blue Raiders,Western Kentucky Hilltoppers,71,57,55.0,20.0,9.0,13.0,63.0,12.0,9.0,11.0
401700316,2025-01-18,2025,0,40,2634,2197,Tennessee State Tigers,Eastern Illinois Panthers,84,65,52.0,29.0,11.0,16.0,61.0,20.0,16.0,18.0
401700317,2025-01-18,2025,0,40,2413,2815,Morehead State Eagles,Lindenwood Lions,82,65,59.0,13.0,11.0,10.0,47.0,27.0,8.0,13.0
401700318,2025-01-18,2025,0,40,2635,2031,Tennessee Tech Golden Eagles,Little Rock Trojans,71,77,51.0,19.0,7.0,12.0,61.0,14.0,11.0,10.0
401700319,2025-01-18,2025,0,40,2630,2565,UT Martin Skyhawks,SIU Edwardsville Cougars,85,82,51.0,24.0,7.0,10.0,43.0,29.0,6.0,14.0
401700320,2025-01-18,2025,0,40,88,2710,Southern Indiana Screaming Eagles,Western Illinois Leathernecks,78,66,55.0,15.0,11.0,10.0,62.0,6.0,11.0,6.0
401706218,2025-01-18,2025,0,40,2217,2099,Fairfield Stags,Canisius Golden Griffins,67,78,56.0,21.0,10.0,9.0,50.0,17.0,2.0,7.0
401706219,2025-01-18,2025,0,40,116,2514,Mount St. Mary's Mountaineers,Quinnipiac Bobcats,57,91,60.0,7.0,12.0,18.0,62.0,15.0,12.0,10.0
401706220,2025-01-18,2025,0,40,2368,2520,Marist Red Foxes,Rider Broncs,57,64,62.0,13.0,11.0,6.0,59.0,23.0,12.0,8.0
401706221,2025-01-18,2025,0,40,2529,2612,Sacred Heart Pioneers,Saint Peter's Peacocks,61,66,60.0,22.0,12.0,12.0,48.0,24.0,10.0,21.0
401706222,2025-01-18,2025,0,40,2771,2561,Merrimack Warriors,Siena Saints,64,58,56.0,8.0,3.0,4.0,51.0,14.0,10.0,17.0
401706325,2025-01-18,2025,0,40,2711,2084,Western Michigan Broncos,Buffalo Bulls,76,85,67.0,19.0,8.0,14.0,59.0,25.0,8.0,17.0
401706326,2025-01-18,2025,0,40,2459,2117,Northern Illinois Huskies,Central Michigan Chippewas,66,71,54.0,15.0,8.0,10.0,60.0,11.0,16.0,14.0
401706327,2025-01-18,2025,0,40,189,2199,Bowling Green Falcons,Eastern Michigan Eagles,62,68,58.0,23.0,12.0,12.0,50.0,15.0,7.0,17.0
401706328,2025-01-18,2025,0,40,2309,193,Kent State Golden Flashes,Miami (OH) RedHawks,61,70,60.0,18.0,9.0,5.0,47.0,20.0,7.0,15.0
401706330,2025-01-18,2025,0,40,2050,2649,Ball State Cardinals,Toledo Rockets,75,93,54.0,21.0,8.0,7.0,67.0,17.0,15.0,5.0
401706434,2025-01-18,2025,0,40,2643,2678,The Citadel Bulldogs,VMI Keydets,70,75,55.0,18.0,7.0,11.0,48.0,33.0,11.0,12.0
401706435,2025-01-18,2025,0,40,2535,2193,Samford Bulldogs,East Tennessee State Buccaneers,60,65,61.0,9.0,14.0,16.0,68.0,11.0,15.0,12.0
401706436,2025-01-18,2025,0,40,231,236,Furman Paladins,Chattanooga Mocs,71,75,51.0,28.0,9.0,12.0,52.0,28.0,12.0,14.0
401706437,2025-01-18,2025,0,40,2747,2382,Wofford Terriers,Mercer Bears,69,49,54.0,21.0,7.0,7.0,57.0,18.0,9.0,9.0
401706438,2025-01-18,2025,0,40,2717,2430,Western Carolina Catamounts,UNC Greensboro Spartans,55,83,55.0,16.0,10.0,13.0,62.0,14.0,9.0,6.0
401706519,2025-01-18,2025,0,40,2900,2172,St. Thomas Tommies,Denver Pioneers,74,62,45.0,30.0,4.0,10.0,49.0,15.0,7.0,16.0
401706520,2025-01-18,2025,0,40,155,140,North Dakota Fighting Hawks,Kansas City Roos,76,72,58.0,23.0,14.0,9.0,63.0,12.0,15.0,9.0
401706521,2025-01-18,2025,0,40,2571,198,South Dakota State Jackrabbits,Oral Roberts Golden Eagles,84,70,62.0,19.0,12.0,10.0,61.0,20.0,9.0,9.0
401706522,2025-01-18,2025,0,40,233,2449,South Dakota Coyotes,North Dakota State Bison,77,103,69.0,21.0,15.0,7.0,61.0,25.0,11.0,12.0
401706586,2025-01-18,2025,0,40,2000,2856,Abilene Christian Wildcats,California Baptist Lancers,54,60,55.0,21.0,8.0,10.0,49.0,21.0,10.0,17.0
401706587,2025-01-18,2025,0,40,2253,2627,Grand Canyon Lopes,Tarleton State Texans,88,64,47.0,39.0,7.0,12.0,54.0,22.0,9.0,12.0
401706588,2025-01-18,2025,0,40,2547,253,Seattle U Redhawks,Southern Utah Thunderbirds,75,52,64.0,9.0,8.0,6.0,56.0,9.0,9.0,18.0
401706589,2025-01-18,2025,0,40,3084,3101,Utah Valley Wolverines,Utah Tech Trailblazers,96,80,58.0,31.0,15.0,13.0,58.0,8.0,5.0,13.0
401706697,2025-01-18,2025,0,40,265,2501,Washington State Cougars,Portland Pilots,92,70,66.0,23.0,13.0,10.0,54.0,26.0,10.0,17.0
401706698,2025-01-18,2025,0,40,2539,204,San Francisco Dons,Oregon State Beavers,81,70,45.0,19.0,4.0,13.0,54.0,29.0,10.0,10.0
401706699,2025-01-18,2025,0,40,2492,2608,Pepperdine Waves,Saint Mary's Gaels,50,74,56.0,14.0,7.0,6.0,64.0,8.0,12.0,6.0
401706700,2025-01-18,2025,0,40,2250,2541,Gonzaga Bulldogs,Santa Clara Broncos,99,103,66.0,23.0,7.0,10.0,67.0,19.0,10.0,14.0
401706701,2025-01-18,2025,0,40,2351,301,Loyola Marymount Lions,San Diego Toreros,77,70,54.0,29.0,6.0,9.0,59.0,12.0,12.0,13.0
401708332,2025-01-18,2025,0,40,57,251,Florida Gators,Texas Longhorns,84,60,67.0,15.0,13.0,8.0,55.0,19.0,8.0,14.0
401708333,2025-01-18,2025,0,40,61,2,Georgia Bulldogs,Auburn Tigers,68,70,57.0,20.0,12.0,12.0,61.0,20.0,15.0,11.0
401708334,2025-01-18,2025,0,40,96,333,Kentucky Wildcats,Alabama Crimson Tide,97,102,73.0,20.0,13.0,8.0,67.0,34.0,15.0,10.0
401708335,2025-01-18,2025,0,45,344,145,Mississippi State Bulldogs,Ole Miss Rebels,84,81,65.0,28.0,19.0,15.0,66.0,14.0,8.0,10.0
401708336,2025-01-18,2025,0,40,142,8,Missouri Tigers,Arkansas Razorbacks,83,65,63.0,19.0,11.0,9.0,63.0,8.0,10.0,13.0
401708337,2025-01-18,2025,0,40,245,99,Texas A&M Aggies,LSU Tigers,68,57,61.0,21.0,14.0,9.0,47.0,18.0,6.0,18.0
401708338,2025-01-18,2025,0,40,238,2633,Vanderbilt Commodores,Tennessee Volunteers,76,75,56.0,19.0,12.0,11.0,50.0,21.0,8.0,11.0
401708339,2025-01-18,2025,0,40,201,2579,Oklahoma Sooners,South Carolina Gamecocks,82,62,50.0,21.0,5.0,12.0,51.0,21.0,9.0,16.0
401709985,2025-01-18,2025,0,40,299,2239,Long Beach State Beach,Cal State Fullerton Titans,67,83,44.0,26.0,8.0,24.0,48.0,30.0,5.0,14.0
401711603,2025-01-18,2025,0,40,288,2046,Lipscomb Bisons,Austin Peay Governors,88,60,50.0,20.0,6.0,12.0,63.0,9.0,7.0,7.0
401711621,2025-01-18,2025,0,40,2198,91,Eastern Kentucky Colonels,Bellarmine Knights,72,69,50.0,22.0,6.0,9.0,47.0,19.0,8.0,16.0
401711640,2025-01-18,2025,0,40,526,2511,Florida Gulf Coast Eagles,Queens University Royals,60,47,53.0,12.0,9.0,8.0,55.0,11.0,8.0,9.0
401711655,2025-01-18,2025,0,40,294,2110,Jacksonville Dolphins,Central Arkansas Bears,72,62,56.0,12.0,13.0,14.0,61.0,12.0,13.0,10.0
401711694,2025-01-18,2025,0,40,2454,2453,North Florida Ospreys,North Alabama Lions,84,90,62.0,22.0,10.0,6.0,63.0,23.0,9.0,6.0
401714216,2025-01-18,2025,0,40,232,111,Charleston Cougars,Northeastern Huskies,87,85,60.0,21.0,5.0,6.0,72.0,5.0,11.0,10.0
401714217,2025-01-18,2025,0,40,119,2619,Towson Tigers,Stony Brook Seawolves,53,49,52.0,23.0,14.0,9.0,45.0,12.0,5.0,14.0
401714219,2025-01-18,2025,0,40,2097,2405,Campbell Fighting Camels,Monmouth Hawks,81,58,56.0,20.0,8.0,9.0,63.0,20.0,11.0,7.0
401714221,2025-01-18,2025,0,40,48,2210,Delaware Blue Hens,Elon Phoenix,79,77,56.0,21.0,10.0,16.0,61.0,24.0,12.0,11.0
401714363,2025-01-18,2025,0,40,2540,302,UC Santa Barbara Gauchos,UC Davis Aggies,60,64,51.0,19.0,13.0,13.0,48.0,18.0,7.0,9.0
401714364,2025-01-18,2025,0,40,62,2934,Hawai'i Rainbow Warriors,Cal State Bakersfield Roadrunners,81,70,43.0,34.0,9.0,18.0,66.0,19.0,14.0,11.0
401714365,2025-01-18,2025,0,40,300,13,UC Irvine Anteaters,Cal Poly Mustangs,101,71,64.0,26.0,11.0,14.0,61.0,23.0,13.0,20.0
401714366,2025-01-18,2025,0,40,27,28,UC Riverside Highlanders,UC San Diego Tritons,85,81,59.0,22.0,13.0,14.0,65.0,28.0,17.0,11.0
401714471,2025-01-18,2025,0,40,94,2750,Northern Kentucky Norse,Wright State Raiders,70,78,53.0,32.0,6.0,9.0,63.0,16.0,12.0,10.0
401714472,2025-01-18,2025,0,40,2174,2473,Detroit Mercy Titans,Oakland Golden Grizzlies,59,65,56.0,15.0,15.0,12.0,53.0,18.0,16.0,14.0
401714549,2025-01-18,2025,0,40,2433,309,UL Monroe Warhawks,Louisiana Ragin' Cajuns,60,65,61.0,13.0,11.0,10.0,55.0,13.0,9.0,13.0
401714550,2025-01-18,2025,0,40,6,2653,South Alabama Jaguars,Troy Trojans,64,63,57.0,9.0,10.0,15.0,57.0,22.0,18.0,14.0
401714551,2025-01-18,2025,0,45,326,2572,Texas State Bobcats,Southern Miss Golden Eagles,85,82,68.0,31.0,13.0,8.0,71.0,21.0,14.0,13.0
401714552,2025-01-18,2025,0,40,256,2026,James Madison Dukes,App State Mountaineers,50,58,51.0,6.0,6.0,13.0,48.0,13.0,4.0,11.0
401714553,2025-01-18,2025,0,40,295,290,Old Dominion Monarchs,Georgia Southern Eagles,63,67,71.0,27.0,32.0,10.0,58.0,8.0,12.0,11.0
401714554,2025-01-18,2025,0,40,2032,2247,Arkansas State Red Wolves,Georgia State Panthers,85,59,78.0,11.0,16.0,5.0,69.0,21.0,18.0,11.0
401714555,2025-01-18,2025,0,40,324,276,Coastal Carolina Chanticleers,Marshall Thundering Herd,64,77,53.0,25.0,11.0,12.0,61.0,21.0,14.0,6.0
401715945,2025-01-18,2025,0,40,2466,2545,Northwestern State Demons,SE Louisiana Lions,64,65,54.0,14.0,10.0,9.0,55.0,13.0,11.0,10.0
401715968,2025-01-18,2025,0,40,2277,292,Houston Christian Huskies,UT Rio Grande Valley Vaqueros,66,57,61.0,16.0,12.0,13.0,58.0,13.0,10.0,18.0
401716124,2025-01-18,2025,0,40,2916,357,Incarnate Word Cardinals,Texas A&M-Corpus Christi Islanders,63,69,66.0,13.0,11.0,12.0,56.0,22.0,9.0,15.0
401718479,2025-01-18,2025,0,40,70,331,Idaho Vandals,Eastern Washington Eagles,83,76,62.0,15.0,13.0,10.0,59.0,26.0,13.0,9.0
401719107,2025-01-18,2025,0,40,41,156,UConn Huskies,Creighton Bluejays,63,68,58.0,5.0,9.0,8.0,48.0,15.0,8.0,10.0
401719108,2025-01-18,2025,0,40,2550,2599,Seton Hall Pirates,St. John's Red Storm,51,79,57.0,29.0,19.0,18.0,60.0,20.0,14.0,16.0
401719109,2025-01-18,2025,0,40,269,2752,Marquette Golden Eagles,Xavier Musketeers,57,59,62.0,7.0,12.0,13.0,57.0,16.0,8.0,11.0
401719383,2025-01-18,2025,0,40,2458,16,Northern Colorado Bears,Sacramento State Hornets,68,64,45.0,27.0,9.0,13.0,51.0,15.0,9.0,14.0
401719661,2025-01-18,2025,0,40,2464,2502,Northern Arizona Lumberjacks,Portland State Vikings,69,80,57.0,16.0,10.0,12.0,58.0,24.0,8.0,4.0
401720548,2025-01-18,2025,0,40,2692,147,Weber State Wildcats,Montana State Bobcats,71,80,49.0,24.0,7.0,13.0,54.0,24.0,7.0,10.0
401720674,2025-01-18,2025,0,40,2377,2320,McNeese Cowboys,Lamar Cardinals,75,64,58.0,28.0,13.0,7.0,46.0,20.0,10.0,16.0
401720738,2025-01-18,2025,0,40,2837,2443,East Texas A&M Lions,LSU New Orleans Privateers,73,82,56.0,14.0,10.0,21.0,50.0,27.0,4.0,14.0
401720815,2025-01-18,2025,0,40,2066,399,Binghamton Bearcats,UAlbany Great Danes,65,70,50.0,11.0,8.0,17.0,51.0,25.0,12.0,11.0
401720816,2025-01-18,2025,0,40,2803,2349,Bryant Bulldogs,UMass Lowell River Hawks,85,62,75.0,12.0,17.0,12.0,68.0,25.0,14.0,11.0
401720817,2025-01-18,2025,0,40,2378,311,UMBC Retrievers,Maine Black Bears,62,87,58.0,9.0,9.0,19.0,64.0,5.0,5.0,11.0
401720818,2025-01-18,2025,0,40,2885,160,NJIT Highlanders,New Hampshire Wildcats,64,59,52.0,29.0,9.0,11.0,59.0,18.0,10.0,11.0
401720925,2025-01-18,2025,0,40,304,149,Idaho State Bengals,Montana Grizzlies,86,62,59.0,16.0,12.0,10.0,56.0,18.0,10.0,12.0
401720955,2025-01-18,2025,0,40,159,163,Dartmouth Big Green,Princeton Tigers,80,81,57.0,20.0,3.0,10.0,66.0,8.0,8.0,9.0
401721096,2025-01-18,2025,0,40,161,2115,Fairleigh Dickinson Knights,Central Connecticut Blue Devils,60,71,63.0,14.0,10.0,9.0,55.0,11.0,3.0,14.0
401721119,2025-01-18,2025,0,40,2130,2330,Chicago State Cougars,Le Moyne Dolphins,88,72,53.0,34.0,7.0,11.0,47.0,31.0,7.0,17.0
401721181,2025-01-18,2025,0,40,2681,2385,Wagner Seahawks,Mercyhurst Lakers,65,69,43.0,29.0,10.0,15.0,41.0,27.0,4.0,11.0
401721239,2025-01-18,2025,0,40,2010,2011,Alabama A&M Bulldogs,Alabama State Hornets,65,69,62.0,20.0,17.0,15.0,67.0,25.0,20.0,10.0
401721289,2025-01-18,2025,0,40,2640,2016,Texas Southern Tigers,Alcorn State Braves,66,57,58.0,12.0,9.0,12.0,62.0,15.0,25.0,21.0
401721364,2025-01-18,2025,0,40,2483,2509,Oregon Ducks,Purdue Boilermakers,58,65,50.0,17.0,5.0,16.0,56.0,30.0,12.0,12.0
401721365,2025-01-18,2025,0,40,30,275,USC Trojans,Wisconsin Badgers,69,84,53.0,17.0,7.0,16.0,55.0,15.0,5.0,12.0
401721721,2025-01-18,2025,0,40,219,172,Pennsylvania Quakers,Cornell Big Red,76,86,58.0,18.0,1.0,8.0,62.0,18.0,10.0,14.0
401721722,2025-01-18,2025,0,40,225,108,Brown Bears,Harvard Crimson,67,80,60.0,11.0,18.0,21.0,60.0,17.0,13.0,12.0
401721723,2025-01-18,2025,0,40,171,43,Columbia Lions,Yale Bulldogs,88,92,69.0,21.0,8.0,6.0,62.0,31.0,14.0,15.0
401721864,2025-01-18,2025,0,40,322,2142,Lafayette Leopards,Colgate Raiders,67,90,62.0,12.0,11.0,12.0,60.0,8.0,10.0,16.0
401721865,2025-01-18,2025,0,40,2329,2352,Lehigh Mountain Hawks,Loyola Maryland Greyhounds,60,76,48.0,10.0,2.0,13.0,58.0,12.0,10.0,10.0
401721866,2025-01-18,2025,0,40,2083,2426,Bucknell Bison,Navy Midshipmen,73,69,48.0,28.0,4.0,8.0,61.0,16.0,15.0,12.0
401721867,2025-01-18,2025,0,40,107,44,Holy Cross Crusaders,American University Eagles,65,74,51.0,11.0,4.0,11.0,53.0,16.0,8.0,9.0
401721868,2025-01-18,2025,0,40,349,104,Army Black Knights,Boston University Terriers,68,62,42.0,22.0,3.0,9.0,46.0,18.0,4.0,9.0
401721943,2025-01-18,2025,0,40,112358,2598,Long Island University Sharks,Saint Francis Red Wolves,64,51,47.0,16.0,9.0,16.0,48.0,17.0,6.0,11.0
401721977,2025-01-18,2025,0,40,56,2698,Stetson Hatters,West Georgia Wolves,82,78,43.0,34.0,5.0,12.0,54.0,28.0,9.0,10.0
401722042,2025-01-18,2025,0,40,2065,2400,Bethune-Cookman Wildcats,Mississippi Valley State Delta Devils,83,58,54.0,20.0,8.0,11.0,52.0,16.0,8.0,15.0
401722058,2025-01-18,2025,0,40,50,2029,Florida A&M Rattlers,Arkansas-Pine Bluff Golden Lions,86,76,51.0,31.0,7.0,15.0,65.0,23.0,12.0,10.0
401722072,2025-01-18,2025,0,40,2504,2296,Prairie View A&M Panthers,Jackson State Tigers,70,79,62.0,19.0,7.0,4.0,52.0,34.0,11.0,17.0
401722143,2025-01-18,2025,0,40,2582,2755,Southern Jaguars,Grambling Tigers,67,60,55.0,22.0,12.0,15.0,49.0,21.0,8.0,16.0
401722245,2025-01-18,2025,0,40,2440,23,Nevada Wolf Pack,San José State Spartans,75,64,55.0,15.0,14.0,12.0,51.0,20.0,11.0,10.0
401722353,2025-01-18,2025,0,40,21,2439,San Diego State Aztecs,UNLV Rebels,68,76,60.0,16.0,8.0,14.0,55.0,27.0,9.0,13.0
401722433,2025-01-18,2025,0,40,2751,36,Wyoming Cowboys,Colorado State Rams,63,79,63.0,10.0,9.0,6.0,54.0,17.0,8.0,9.0
401722481,2025-01-18,2025,0,40,339,2057,Evansville Purple Aces,Belmont Bruins,82,85,62.0,14.0,10.0,9.0,60.0,18.0,9.0,11.0
401722482,2025-01-18,2025,0,40,93,71,Murray State Racers,Bradley Braves,61,74,52.0,18.0,6.0,11.0,47.0,19.0,3.0,12.0
401722483,2025-01-18,2025,0,40,282,2181,Indiana State Sycamores,Drake Bulldogs,53,71,50.0,16.0,13.0,19.0,51.0,15.0,11.0,17.0
401722484,2025-01-18,2025,0,40,2287,2623,Illinois State Redbirds,Missouri State Bears,74,68,52.0,21.0,12.0,12.0,43.0,24.0,4.0,12.0
401722485,2025-01-18,2025,0,40,2674,82,Valparaiso Beacons,UIC Flames,74,81,59.0,24.0,9.0,9.0,59.0,32.0,15.0,10.0
401722486,2025-01-18,2025,0,40,79,2460,Southern Illinois Salukis,Northern Iowa Panthers,73,49,50.0,12.0,8.0,12.0,53.0,19.0,10.0,9.0
401723717,2025-01-18,2025,0,40,2169,3229,Delaware State Hornets,Virginia Lynchburg Dragons,126,38,91.0,12.0,20.0,6.0,63.0,16.0,6.0,19.0
401724373,2025-01-18,2025,0,50,2244,45,George Mason Patriots,George Washington Revolutionaries,80,77,64.0,36.0,15.0,15.0,69.0,27.0,14.0,18.0
401724374,2025-01-18,2025,0,40,257,139,Richmond Spiders,Saint Louis Billikens,59,63,55.0,17.0,2.0,11.0,53.0,22.0,4.0,12.0
401724375,2025-01-18,2025,0,40,227,2166,Rhode Island Rams,Davidson Wildcats,92,90,67.0,11.0,10.0,7.0,58.0,19.0,8.0,10.0
401724376,2025-01-18,2025,0,45,2168,2350,Dayton Flyers,Loyola Chicago Ramblers,83,81,57.0,27.0,9.0,14.0,58.0,14.0,10.0,19.0
401724377,2025-01-18,2025,0,40,2184,179,Duquesne Dukes,St. Bonaventure Bonnies,75,57,60.0,7.0,7.0,6.0,53.0,22.0,10.0,9.0
401724806,2025-01-18,2025,0,40,259,154,Virginia Tech Hokies,Wake Forest Demon Deacons,63,72,52.0,19.0,9.0,14.0,57.0,17.0,6.0,7.0
401724807,2025-01-18,2025,0,40,183,87,Syracuse Orange,Notre Dame Fighting Irish,77,69,58.0,34.0,11.0,9.0,57.0,18.0,11.0,13.0
401724808,2025-01-18,2025,0,40,152,25,NC State Wolfpack,California Golden Bears,62,65,60.0,14.0,11.0,7.0,53.0,17.0,12.0,11.0
401724809,2025-01-18,2025,0,45,221,228,Pittsburgh Panthers,Clemson Tigers,75,78,62.0,10.0,14.0,9.0,53.0,14.0,10.0,13.0
401724810,2025-01-18,2025,0,40,153,24,North Carolina Tar Heels,Stanford Cardinal,71,72,54.0,24.0,5.0,5.0,60.0,14.0,7.0,8.0
401724811,2025-01-18,2025,0,40,97,258,Louisville Cardinals,Virginia Cavaliers,81,67,60.0,27.0,10.0,7.0,51.0,19.0,5.0,15.0
401724812,2025-01-18,2025,0,40,103,150,Boston College Eagles,Duke Blue Devils,63,88,49.0,26.0,4.0,8.0,57.0,25.0,9.0,8.0
401724813,2025-01-18,2025,0,40,2390,2567,Miami Hurricanes,SMU Mustangs,74,117,56.0,22.0,8.0,12.0,65.0,17.0,12.0,8.0
401724814,2025-01-18,2025,0,40,52,59,Florida State Seminoles,Georgia Tech Yellow Jackets,91,78,67.0,17.0,12.0,8.0,60.0,24.0,10.0,12.0
401725542,2025-01-18,2025,0,40,58,202,South Florida Bulls,Tulsa Golden Hurricane,63,56,62.0,25.0,16.0,10.0,53.0,22.0,10.0,15.0
401725543,2025-01-18,2025,0,40,2636,249,UTSA Roadrunners,North Texas Mean Green,57,72,50.0,13.0,4.0,6.0,45.0,22.0,11.0,16.0
401725544,2025-01-18,2025,0,40,2724,151,Wichita State Shockers,East Carolina Pirates,72,75,72.0,10.0,20.0,9.0,61.0,14.0,10.0,9.0
401725670,2025-01-18,2025,0,40,2641,12,Texas Tech Red Raiders,Arizona Wildcats,70,54,66.0,18.0,16.0,10.0,58.0,19.0,8.0,7.0
401725671,2025-01-18,2025,0,40,2132,9,Cincinnati Bearcats,Arizona State Sun Devils,67,60,60.0,16.0,9.0,7.0,62.0,13.0,16.0,14.0
401725672,2025-01-18,2025,0,45,254,252,Utah Utes,BYU Cougars,73,72,56.0,32.0,9.0,11.0,78.0,10.0,15.0,8.0
401725673,2025-01-18,2025,0,40,197,38,Oklahoma State Cowboys,Colorado Buffaloes,83,73,50.0,42.0,13.0,14.0,49.0,25.0,3.0,16.0
401725674,2025-01-18,2025,0,40,277,66,West Virginia Mountaineers,Iowa State Cyclones,64,57,56.0,14.0,5.0,9.0,57.0,7.0,8.0,14.0
401725675,2025-01-18,2025,0,40,2305,2306,Kansas Jayhawks,Kansas State Wildcats,84,74,56.0,21.0,12.0,10.0,59.0,19.0,9.0,5.0
401725676,2025-01-18,2025,0,40,2116,248,UCF Knights,Houston Cougars,68,69,62.0,17.0,16.0,13.0,69.0,11.0,18.0,8.0
401726449,2025-01-18,2025,0,40,2447,2617,Nicholls Colonels,Stephen F. Austin Lumberjacks,73,61,52.0,16.0,6.0,13.0,62.0,11.0,12.0,14.0
401727297,2025-01-18,2025,0,40,2363,315,Manhattan Jaspers,Niagara Purple Eagles,72,65,48.0,23.0,11.0,12.0,52.0,14.0,10.0,11.0
401727884,2025-01-18,2025,0,40,2127,2515,Charleston Southern Buccaneers,Radford Highlanders,58,54,52.0,26.0,10.0,9.0,53.0,22.0,12.0,12.0
401727885,2025-01-18,2025,0,40,2241,2908,Gardner-Webb Runnin' Bulldogs,South Carolina Upstate Spartans,97,68,69.0,29.0,16.0,7.0,59.0,18.0,7.0,15.0
401727886,2025-01-18,2025,0,40,2272,2506,High Point Panthers,Presbyterian Blue Hose,77,66,52.0,19.0,9.0,12.0,56.0,18.0,7.0,6.0
401727887,2025-01-18,2025,0,40,2427,2737,UNC Asheville Bulldogs,Winthrop Eagles,93,84,64.0,23.0,10.0,10.0,56.0,22.0,9.0,17.0
401714473,2025-01-19,2025,0,40,85,325,IU Indianapolis Jaguars,Cleveland State Vikings,62,73,45.0,30.0,12.0,15.0,55.0,19.0,9.0,11.0
401714474,2025-01-19,2025,0,40,2739,2754,Green Bay Phoenix,Youngstown State Penguins,69,73,39.0,30.0,3.0,16.0,61.0,22.0,13.0,7.0
401714475,2025-01-19,2025,0,40,270,2523,Milwaukee Panthers,Robert Morris Colonials,79,81,57.0,21.0,15.0,19.0,61.0,23.0,14.0,15.0
401721366,2025-01-19,2025,0,40,120,158,Maryland Terrapins,Nebraska Cornhuskers,69,66,58.0,12.0,8.0,12.0,58.0,11.0,9.0,13.0
401721367,2025-01-19,2025,0,45,130,77,Michigan Wolverines,Northwestern Wildcats,80,76,61.0,37.0,13.0,11.0,58.0,31.0,11.0,14.0
401721368,2025-01-19,2025,0,40,127,356,Michigan State Spartans,Illinois Fighting Illini,80,78,65.0,27.0,13.0,8.0,66.0,27.0,15.0,10.0
401724378,2025-01-19,2025,0,40,113,2325,Massachusetts Minutemen,La Salle Explorers,82,60,74.0,15.0,13.0,13.0,68.0,15.0,9.0,13.0
401725545,2025-01-19,2025,0,40,2429,235,Charlotte 49ers,Memphis Tigers,68,77,57.0,20.0,6.0,12.0,57.0,18.0,10.0,16.0
401725546,2025-01-19,2025,0,40,2226,242,Florida Atlantic Owls,Rice Owls,75,73,63.0,18.0,14.0,6.0,57.0,15.0,10.0,10.0
401725547,2025-01-19,2025,0,40,218,2655,Temple Owls,Tulane Green Wave,80,77,53.0,18.0,12.0,15.0,55.0,12.0,8.0,13.0
401725677,2025-01-19,2025,0,40,239,2628,Baylor Bears,TCU Horned Frogs,71,74,63.0,18.0,9.0,5.0,53.0,17.0,11.0,17.0
401714218,2025-01-20,2025,0,40,2182,2275,Drexel Dragons,Hofstra Pride,60,55,55.0,18.0,14.0,11.0,53.0,16.0,9.0,12.0
401714220,2025-01-20,2025,0,40,350,2729,UNC Wilmington Seahawks,William & Mary Tribe,85,74,56.0,32.0,12.0,11.0,60.0,20.0,11.0,13.0
401714222,2025-01-20,2025,0,40,2448,2261,North Carolina A&T Aggies,Hampton Pirates,73,74,54.0,22.0,8.0,9.0,72.0,8.0,15.0,4.0
401715946,2025-01-20,2025,0,40,2837,2545,East Texas A&M Lions,SE Louisiana Lions,68,76,56.0,18.0,10.0,14.0,58.0,29.0,13.0,13.0
401715969,2025-01-20,2025,0,40,2277,357,Houston Christian Huskies,Texas A&M-Corpus Christi Islanders,76,72,55.0,26.0,7.0,11.0,57.0,21.0,12.0,18.0
401716125,2025-01-20,2025,0,40,2916,292,Incarnate Word Cardinals,UT Rio Grande Valley Vaqueros,78,85,66.0,5.0,14.0,12.0,53.0,12.0,4.0,12.0
401718480,2025-01-20,2025,0,40,147,331,Montana State Bobcats,Eastern Washington Eagles,74,64,51.0,16.0,5.0,9.0,54.0,12.0,9.0,11.0
401719110,2025-01-20,2025,0,40,222,46,Villanova Wildcats,Georgetown Hoyas,63,64,55.0,12.0,14.0,16.0,58.0,13.0,11.0,8.0
401720652,2025-01-20,2025,0,40,149,70,Montana Grizzlies,Idaho Vandals,72,67,51.0,15.0,6.0,11.0,55.0,20.0,10.0,12.0
401720675,2025-01-20,2025,0,40,2447,2320,Nicholls Colonels,Lamar Cardinals,74,78,67.0,28.0,15.0,4.0,55.0,26.0,8.0,11.0
401720718,2025-01-20,2025,0,40,2377,2617,McNeese Cowboys,Stephen F. Austin Lumberjacks,79,59,57.0,21.0,16.0,13.0,46.0,32.0,15.0,18.0
401720739,2025-01-20,2025,0,40,2466,2443,Northwestern State Demons,LSU New Orleans Privateers,73,61,61.0,21.0,17.0,13.0,61.0,11.0,9.0,10.0
401720956,2025-01-20,2025,0,40,43,159,Yale Bulldogs,Dartmouth Big Green,83,67,73.0,17.0,16.0,11.0,55.0,26.0,8.0,16.0
401721120,2025-01-20,2025,0,40,2130,161,Chicago State Cougars,Fairleigh Dickinson Knights,48,58,61.0,2.0,8.0,14.0,50.0,22.0,14.0,20.0
401721162,2025-01-20,2025,0,40,2330,284,Le Moyne Dolphins,Stonehill Skyhawks,73,72,58.0,21.0,10.0,10.0,54.0,26.0,8.0,7.0
401721182,2025-01-20,2025,0,45,112358,2385,Long Island University Sharks,Mercyhurst Lakers,72,63,51.0,18.0,9.0,20.0,56.0,17.0,8.0,16.0
401721290,2025-01-20,2025,0,40,2504,2016,Prairie View A&M Panthers,Alcorn State Braves,70,78,60.0,16.0,11.0,15.0,47.0,27.0,10.0,25.0
401721369,2025-01-20,2025,0,40,213,164,Penn State Nittany Lions,Rutgers Scarlet Knights,80,72,49.0,27.0,4.0,13.0,54.0,14.0,10.0,17.0
401721724,2025-01-20,2025,0,40,163,171,Princeton Tigers,Columbia Lions,71,67,71.0,9.0,18.0,10.0,55.0,17.0,9.0,14.0
401721725,2025-01-20,2025,0,40,108,219,Harvard Crimson,Pennsylvania Quakers,67,82,59.0,10.0,13.0,13.0,57.0,15.0,8.0,8.0
401721726,2025-01-20,2025,0,40,172,225,Cornell Big Red,Brown Bears,82,83,52.0,16.0,4.0,14.0,60.0,21.0,9.0,7.0
401721869,2025-01-20,2025,0,40,2142,2083,Colgate Raiders,Bucknell Bison,87,80,49.0,26.0,5.0,14.0,56.0,16.0,5.0,13.0
401721944,2025-01-20,2025,0,50,2681,2598,Wagner Seahawks,Saint Francis Red Wolves,70,68,60.0,25.0,11.0,10.0,63.0,17.0,8.0,9.0
401722043,2025-01-20,2025,0,40,2065,2029,Bethune-Cookman Wildcats,Arkansas-Pine Bluff Golden Lions,73,64,62.0,26.0,12.0,12.0,60.0,18.0,8.0,14.0
401722059,2025-01-20,2025,0,40,50,2400,Florida A&M Rattlers,Mississippi Valley State Delta Devils,83,53,55.0,30.0,15.0,14.0,45.0,24.0,10.0,21.0
401722073,2025-01-20,2025,0,40,2640,2296,Texas Southern Tigers,Jackson State Tigers,81,73,61.0,27.0,12.0,8.0,59.0,23.0,13.0,16.0
401727150,2025-01-20,2025,0,40,167,278,New Mexico Lobos,Fresno State Bulldogs,95,67,78.0,11.0,15.0,13.0,69.0,15.0,7.0,14.0
401730467,2025-01-20,2025,0,40,47,60,Howard Bison,Morehouse Maroon Tigers,76,79,63.0,23.0,10.0,12.0,67.0,14.0,9.0,12.0
401751403,2025-01-20,2025,0,40,2450,50024,Norfolk State Spartans,Washington Adventist Shock,105,42,64.0,27.0,9.0,15.0,60.0,21.0,8.0,21.0
401700321,2025-01-21,2025,0,45,2634,2630,Tennessee State Tigers,UT Martin Skyhawks,81,80,54.0,33.0,13.0,25.0,64.0,27.0,13.0,18.0
401706331,2025-01-21,2025,0,40,2084,2006,Buffalo Bulls,Akron Zips,58,90,69.0,13.0,8.0,10.0,61.0,9.0,7.0,19.0
401706332,2025-01-21,2025,0,40,2117,2050,Central Michigan Chippewas,Ball State Cardinals,80,82,69.0,13.0,14.0,11.0,50.0,25.0,8.0,19.0
401706333,2025-01-21,2025,0,40,193,189,Miami (OH) RedHawks,Bowling Green Falcons,84,76,58.0,18.0,8.0,16.0,52.0,20.0,6.0,16.0
401706334,2025-01-21,2025,0,40,2649,2309,Toledo Rockets,Kent State Golden Flashes,64,83,49.0,18.0,8.0,13.0,53.0,11.0,11.0,14.0
401706335,2025-01-21,2025,0,40,2711,2459,Western Michigan Broncos,Northern Illinois Huskies,72,70,60.0,27.0,19.0,14.0,54.0,16.0,6.0,12.0
401706336,2025-01-21,2025,0,40,2199,195,Eastern Michigan Eagles,Ohio Bobcats,94,87,58.0,17.0,6.0,15.0,62.0,22.0,5.0,10.0
401708340,2025-01-21,2025,0,40,2633,344,Tennessee Volunteers,Mississippi State Bulldogs,68,56,55.0,13.0,11.0,10.0,56.0,12.0,10.0,11.0
401708341,2025-01-21,2025,0,40,333,238,Alabama Crimson Tide,Vanderbilt Commodores,103,87,64.0,34.0,9.0,11.0,80.0,18.0,17.0,10.0
401708345,2025-01-21,2025,0,40,251,142,Texas Longhorns,Missouri Tigers,61,53,50.0,30.0,14.0,10.0,48.0,27.0,8.0,10.0
401719111,2025-01-21,2025,0,45,41,2086,UConn Huskies,Butler Bulldogs,80,78,67.0,14.0,13.0,9.0,59.0,28.0,13.0,10.0
401719112,2025-01-21,2025,0,40,305,156,DePaul Blue Demons,Creighton Bluejays,49,73,63.0,13.0,11.0,9.0,48.0,22.0,7.0,14.0
401719113,2025-01-21,2025,0,40,2550,269,Seton Hall Pirates,Marquette Golden Eagles,59,76,43.0,20.0,8.0,24.0,58.0,25.0,15.0,13.0
401721370,2025-01-21,2025,0,40,2294,135,Iowa Hawkeyes,Minnesota Golden Gophers,67,72,61.0,12.0,9.0,7.0,58.0,24.0,12.0,11.0
401721371,2025-01-21,2025,0,40,2483,264,Oregon Ducks,Washington Huskies,82,71,61.0,18.0,10.0,10.0,56.0,17.0,4.0,9.0
401721372,2025-01-21,2025,0,40,2509,194,Purdue Boilermakers,Ohio State Buckeyes,70,73,54.0,20.0,9.0,10.0,45.0,17.0,6.0,18.0
401721373,2025-01-21,2025,0,40,26,275,UCLA Bruins,Wisconsin Badgers,85,83,57.0,28.0,10.0,7.0,49.0,21.0,7.0,13.0
401722434,2025-01-21,2025,0,40,2439,2751,UNLV Rebels,Wyoming Cowboys,61,63,58.0,17.0,10.0,5.0,48.0,8.0,8.0,16.0
401722487,2025-01-21,2025,0,40,2057,71,Belmont Bruins,Bradley Braves,77,89,68.0,17.0,14.0,9.0,59.0,23.0,13.0,12.0
401722488,2025-01-21,2025,0,40,2287,282,Illinois State Redbirds,Indiana State Sycamores,85,81,58.0,18.0,4.0,11.0,61.0,15.0,9.0,16.0
401722489,2025-01-21,2025,0,40,2460,2623,Northern Iowa Panthers,Missouri State Bears,79,68,52.0,29.0,9.0,5.0,47.0,10.0,4.0,13.0
401724379,2025-01-21,2025,0,40,2166,2603,Davidson Wildcats,Saint Joseph's Hawks,61,78,64.0,6.0,8.0,6.0,59.0,13.0,9.0,10.0
401724380,2025-01-21,2025,0,40,2184,2168,Duquesne Dukes,Dayton Flyers,62,82,49.0,19.0,9.0,16.0,55.0,9.0,10.0,16.0
401724381,2025-01-21,2025,0,40,179,2244,St. Bonaventure Bonnies,George Mason Patriots,62,75,58.0,14.0,8.0,9.0,51.0,19.0,7.0,12.0
401724382,2025-01-21,2025,0,40,227,2670,Rhode Island Rams,VCU Rams,57,81,49.0,21.0,8.0,27.0,68.0,21.0,16.0,15.0
401724815,2025-01-21,2025,0,40,258,103,Virginia Cavaliers,Boston College Eagles,74,56,50.0,14.0,7.0,11.0,47.0,10.0,4.0,15.0
401724816,2025-01-21,2025,0,40,154,153,Wake Forest Demon Deacons,North Carolina Tar Heels,67,66,55.0,27.0,10.0,14.0,65.0,10.0,8.0,12.0
401724817,2025-01-21,2025,0,40,2567,97,SMU Mustangs,Louisville Cardinals,73,98,57.0,24.0,12.0,11.0,67.0,19.0,16.0,7.0
401725548,2025-01-21,2025,0,45,202,151,Tulsa Golden Hurricane,East Carolina Pirates,76,85,63.0,20.0,12.0,11.0,57.0,21.0,11.0,14.0
401725549,2025-01-21,2025,0,40,5,2636,UAB Blazers,UTSA Roadrunners,81,78,61.0,30.0,17.0,9.0,68.0,14.0,12.0,5.0
401725678,2025-01-21,2025,0,40,197,12,Oklahoma State Cowboys,Arizona Wildcats,78,92,54.0,24.0,9.0,12.0,57.0,23.0,8.0,8.0
401725679,2025-01-21,2025,0,40,277,9,West Virginia Mountaineers,Arizona State Sun Devils,57,65,58.0,20.0,9.0,6.0,52.0,17.0,14.0,15.0
401725680,2025-01-21,2025,0,40,38,252,Colorado Buffaloes,BYU Cougars,67,83,46.0,27.0,9.0,16.0,53.0,15.0,8.0,14.0
401725682,2025-01-21,2025,0,40,2132,2641,Cincinnati Bearcats,Texas Tech Red Raiders,71,81,52.0,19.0,3.0,8.0,60.0,18.0,10.0,8.0
401725683,2025-01-21,2025,0,40,66,2116,Iowa State Cyclones,UCF Knights,108,83,71.0,25.0,15.0,10.0,63.0,23.0,11.0,19.0
401706439,2025-01-22,2025,0,40,2747,2643,Wofford Terriers,The Citadel Bulldogs,79,68,48.0,20.0,7.0,11.0,58.0,16.0,7.0,5.0
401706440,2025-01-22,2025,0,40,2193,2717,East Tennessee State Buccaneers,Western Carolina Catamounts,85,58,64.0,23.0,20.0,10.0,54.0,21.0,13.0,14.0
401706441,2025-01-22,2025,0,40,2678,231,VMI Keydets,Furman Paladins,91,82,56.0,27.0,5.0,7.0,70.0,18.0,20.0,11.0
401706442,2025-01-22,2025,0,40,2430,2382,UNC Greensboro Spartans,Mercer Bears,78,79,67.0,21.0,17.0,13.0,68.0,18.0,13.0,10.0
401708342,2025-01-22,2025,0,40,8,61,Arkansas Razorbacks,Georgia Bulldogs,68,65,58.0,34.0,18.0,10.0,46.0,29.0,8.0,13.0
401708343,2025-01-22,2025,0,40,145,245,Ole Miss Rebels,Texas A&M Aggies,62,63,65.0,4.0,6.0,13.0,62.0,9.0,14.0,20.0
401708344,2025-01-22,2025,0,40,2579,57,South Carolina Gamecocks,Florida Gators,69,70,57.0,8.0,13.0,16.0,66.0,9.0,15.0,10.0
401714476,2025-01-22,2025,0,40,2750,270,Wright State Raiders,Milwaukee Panthers,79,95,56.0,22.0,10.0,13.0,63.0,27.0,14.0,9.0
401714477,2025-01-22,2025,0,40,2739,85,Green Bay Phoenix,IU Indianapolis Jaguars,77,86,56.0,21.0,6.0,8.0,53.0,18.0,6.0,7.0
401714478,2025-01-22,2025,0,40,2473,2870,Oakland Golden Grizzlies,Purdue Fort Wayne Mastodons,76,72,59.0,7.0,12.0,11.0,59.0,6.0,12.0,12.0
401714479,2025-01-22,2025,0,40,325,2174,Cleveland State Vikings,Detroit Mercy Titans,65,50,60.0,22.0,13.0,10.0,52.0,9.0,10.0,15.0
401714480,2025-01-22,2025,0,40,2754,2523,Youngstown State Penguins,Robert Morris Colonials,70,72,55.0,9.0,9.0,15.0,63.0,17.0,17.0,12.0
401714558,2025-01-22,2025,0,40,295,256,Old Dominion Monarchs,James Madison Dukes,60,74,55.0,24.0,11.0,7.0,46.0,22.0,7.0,13.0
401719114,2025-01-22,2025,0,45,2599,2752,St. John's Red Storm,Xavier Musketeers,79,71,60.0,27.0,11.0,14.0,60.0,18.0,9.0,14.0
401721374,2025-01-22,2025,0,40,158,30,Nebraska Cornhuskers,USC Trojans,73,78,55.0,17.0,6.0,11.0,61.0,22.0,12.0,9.0
401721375,2025-01-22,2025,0,40,77,84,Northwestern Wildcats,Indiana Hoosiers,79,70,58.0,17.0,12.0,11.0,57.0,17.0,13.0,17.0
401721870,2025-01-22,2025,0,40,107,349,Holy Cross Crusaders,Army Black Knights,71,76,56.0,20.0,6.0,14.0,63.0,10.0,7.0,11.0
401721871,2025-01-22,2025,0,40,44,2329,American University Eagles,Lehigh Mountain Hawks,68,67,46.0,24.0,5.0,10.0,47.0,17.0,5.0,13.0
401721872,2025-01-22,2025,0,40,2352,322,Loyola Maryland Greyhounds,Lafayette Leopards,59,80,63.0,14.0,15.0,10.0,53.0,11.0,8.0,14.0
401721873,2025-01-22,2025,0,40,2426,104,Navy Midshipmen,Boston University Terriers,62,47,41.0,23.0,9.0,16.0,52.0,16.0,12.0,14.0
401722161,2025-01-22,2025,0,45,2005,21,Air Force Falcons,San Diego State Aztecs,76,77,44.0,44.0,11.0,17.0,65.0,27.0,15.0,6.0
401722246,2025-01-22,2025,0,40,328,2440,Utah State Aggies,Nevada Wolf Pack,90,69,56.0,9.0,4.0,8.0,49.0,9.0,6.0,18.0
401722490,2025-01-22,2025,0,40,79,93,Southern Illinois Salukis,Murray State Racers,64,74,54.0,21.0,8.0,10.0,53.0,23.0,8.0,8.0
401722491,2025-01-22,2025,0,40,339,82,Evansville Purple Aces,UIC Flames,67,78,61.0,13.0,8.0,6.0,54.0,23.0,10.0,12.0
401722492,2025-01-22,2025,0,40,2181,2674,Drake Bulldogs,Valparaiso Beacons,81,71,47.0,24.0,6.0,11.0,47.0,25.0,6.0,10.0
401724383,2025-01-22,2025,0,40,2350,2230,Loyola Chicago Ramblers,Fordham Rams,70,66,48.0,19.0,6.0,14.0,49.0,15.0,10.0,18.0
401724384,2025-01-22,2025,0,40,113,45,Massachusetts Minutemen,George Washington Revolutionaries,74,61,62.0,13.0,15.0,16.0,62.0,18.0,14.0,12.0
401724385,2025-01-22,2025,0,40,139,2325,Saint Louis Billikens,La Salle Explorers,64,52,59.0,8.0,11.0,18.0,65.0,8.0,12.0,13.0
401724818,2025-01-22,2025,0,40,59,259,Georgia Tech Yellow Jackets,Virginia Tech Hokies,71,64,51.0,26.0,7.0,10.0,59.0,10.0,14.0,17.0
401724819,2025-01-22,2025,0,40,228,183,Clemson Tigers,Syracuse Orange,86,72,55.0,21.0,8.0,7.0,52.0,6.0,5.0,14.0
401724820,2025-01-22,2025,0,40,25,52,California Golden Bears,Florida State Seminoles,77,68,69.0,22.0,24.0,10.0,74.0,5.0,21.0,10.0
401724821,2025-01-22,2025,0,40,24,2390,Stanford Cardinal,Miami Hurricanes,88,51,65.0,12.0,11.0,11.0,57.0,16.0,9.0,15.0
401725550,2025-01-22,2025,0,40,2429,58,Charlotte 49ers,South Florida Bulls,69,61,46.0,30.0,10.0,16.0,59.0,20.0,9.0,8.0
401725551,2025-01-22,2025,0,40,249,218,North Texas Mean Green,Temple Owls,76,67,51.0,34.0,9.0,7.0,65.0,18.0,14.0,7.0
401725681,2025-01-22,2025,0,40,248,254,Houston Cougars,Utah Utes,70,36,60.0,19.0,15.0,5.0,43.0,12.0,15.0,26.0
401725684,2025-01-22,2025,0,40,2628,2305,TCU Horned Frogs,Kansas Jayhawks,61,74,66.0,12.0,16.0,12.0,54.0,10.0,9.0,17.0
401725685,2025-01-22,2025,0,40,239,2306,Baylor Bears,Kansas State Wildcats,70,62,56.0,21.0,13.0,4.0,55.0,9.0,10.0,9.0
401727823,2025-01-22,2025,0,40,36,68,Colorado State Rams,Boise State Broncos,75,72,56.0,15.0,7.0,7.0,52.0,15.0,5.0,8.0
401727888,2025-01-22,2025,0,40,2506,2127,Presbyterian Blue Hose,Charleston Southern Buccaneers,71,61,54.0,12.0,8.0,12.0,58.0,19.0,12.0,10.0
401727889,2025-01-22,2025,0,40,2241,2427,Gardner-Webb Runnin' Bulldogs,UNC Asheville Bulldogs,53,61,50.0,16.0,9.0,15.0,66.0,12.0,15.0,9.0
401727890,2025-01-22,2025,0,40,2908,2272,South Carolina Upstate Spartans,High Point Panthers,77,86,61.0,6.0,5.0,10.0,57.0,15.0,9.0,11.0
401727891,2025-01-22,2025,0,40,2515,2344,Radford Highlanders,Longwood Lancers,74,77,51.0,22.0,12.0,14.0,46.0,30.0,5.0,8.0
401700201,2025-01-23,2025,0,40,2348,98,Louisiana Tech Bulldogs,Western Kentucky Hilltoppers,77,67,47.0,42.0,6.0,10.0,65.0,21.0,13.0,7.0
401700202,2025-01-23,2025,0,40,2534,2393,Sam Houston Bearkats,Middle Tennessee Blue Raiders,75,77,58.0,18.0,14.0,10.0,57.0,14.0,8.0,6.0
401700203,2025-01-23,2025,0,40,2638,55,UTEP Miners,Jacksonville State Gamecocks,66,73,58.0,20.0,6.0,8.0,54.0,18.0,11.0,17.0
401700204,2025-01-23,2025,0,40,166,338,New Mexico State Aggies,Kennesaw State Owls,56,69,65.0,12.0,11.0,10.0,61.0,14.0,11.0,10.0
401700322,2025-01-23,2025,0,40,2197,2413,Eastern Illinois Panthers,Morehead State Eagles,66,73,52.0,12.0,5.0,4.0,48.0,19.0,9.0,8.0
401700323,2025-01-23,2025,0,40,2815,2546,Lindenwood Lions,Southeast Missouri State Redhawks,72,68,46.0,35.0,7.0,14.0,61.0,14.0,7.0,13.0
401700324,2025-01-23,2025,0,40,2710,2031,Western Illinois Leathernecks,Little Rock Trojans,51,62,50.0,21.0,9.0,12.0,60.0,12.0,10.0,7.0
401700325,2025-01-23,2025,0,40,2565,88,SIU Edwardsville Cougars,Southern Indiana Screaming Eagles,82,76,59.0,27.0,7.0,5.0,56.0,19.0,8.0,12.0
401700326,2025-01-23,2025,0,40,2634,2635,Tennessee State Tigers,Tennessee Tech Golden Eagles,89,77,64.0,21.0,13.0,12.0,66.0,21.0,14.0,13.0
401706223,2025-01-23,2025,0,45,2363,2217,Manhattan Jaspers,Fairfield Stags,84,87,64.0,21.0,14.0,14.0,74.0,18.0,17.0,7.0
401706224,2025-01-23,2025,0,40,2099,2529,Canisius Golden Griffins,Sacred Heart Pioneers,84,93,64.0,11.0,5.0,9.0,59.0,23.0,11.0,11.0
401706225,2025-01-23,2025,0,40,2520,314,Rider Broncs,Iona Gaels,67,73,61.0,6.0,11.0,17.0,58.0,14.0,10.0,11.0
401706226,2025-01-23,2025,0,40,2612,2771,Saint Peter's Peacocks,Merrimack Warriors,37,48,58.0,8.0,19.0,16.0,50.0,9.0,7.0,11.0
401706227,2025-01-23,2025,0,40,2561,116,Siena Saints,Mount St. Mary's Mountaineers,82,68,52.0,15.0,5.0,9.0,59.0,16.0,8.0,7.0
401706228,2025-01-23,2025,0,45,315,2368,Niagara Purple Eagles,Marist Red Foxes,65,67,52.0,18.0,9.0,15.0,58.0,5.0,11.0,15.0
401706443,2025-01-23,2025,0,40,236,2535,Chattanooga Mocs,Samford Bulldogs,69,73,53.0,26.0,9.0,9.0,53.0,17.0,6.0,13.0
401706523,2025-01-23,2025,0,40,198,2172,Oral Roberts Golden Eagles,Denver Pioneers,68,70,45.0,27.0,5.0,13.0,60.0,12.0,8.0,7.0
401706524,2025-01-23,2025,0,40,2437,2900,Omaha Mavericks,St. Thomas Tommies,89,78,56.0,34.0,12.0,11.0,59.0,17.0,5.0,10.0
401706525,2025-01-23,2025,0,40,140,2571,Kansas City Roos,South Dakota State Jackrabbits,64,65,58.0,13.0,11.0,13.0,55.0,23.0,13.0,13.0
401706526,2025-01-23,2025,0,40,155,233,North Dakota Fighting Hawks,South Dakota Coyotes,93,102,71.0,17.0,11.0,13.0,65.0,18.0,5.0,11.0
401706590,2025-01-23,2025,0,40,2856,3084,California Baptist Lancers,Utah Valley Wolverines,69,74,62.0,14.0,14.0,11.0,60.0,21.0,7.0,7.0
401706591,2025-01-23,2025,0,40,253,2253,Southern Utah Thunderbirds,Grand Canyon Lopes,59,74,59.0,17.0,9.0,13.0,62.0,17.0,14.0,13.0
401706592,2025-01-23,2025,0,40,250,2547,UT Arlington Mavericks,Seattle U Redhawks,65,56,57.0,13.0,15.0,11.0,57.0,11.0,13.0,12.0
401706593,2025-01-23,2025,0,40,2000,2627,Abilene Christian Wildcats,Tarleton State Texans,67,56,44.0,22.0,9.0,25.0,44.0,32.0,6.0,19.0
401706702,2025-01-23,2025,0,40,2541,265,Santa Clara Broncos,Washington State Cougars,93,65,72.0,14.0,18.0,8.0,53.0,13.0,11.0,17.0
401706703,2025-01-23,2025,0,40,2608,2539,Saint Mary's Gaels,San Francisco Dons,71,51,52.0,14.0,5.0,7.0,52.0,20.0,6.0,7.0
401706704,2025-01-23,2025,0,40,204,2492,Oregon State Beavers,Pepperdine Waves,83,63,56.0,7.0,8.0,9.0,60.0,6.0,11.0,9.0
401706705,2025-01-23,2025,0,40,279,2351,Pacific Tigers,Loyola Marymount Lions,68,73,63.0,11.0,12.0,8.0,56.0,18.0,7.0,7.0
401706706,2025-01-23,2025,0,40,2501,301,Portland Pilots,San Diego Toreros,92,82,53.0,37.0,12.0,14.0,68.0,23.0,18.0,10.0
401709986,2025-01-23,2025,0,40,2463,299,Cal State Northridge Matadors,Long Beach State Beach,86,76,70.0,7.0,16.0,12.0,52.0,15.0,6.0,15.0
401711604,2025-01-23,2025,0,40,2110,2046,Central Arkansas Bears,Austin Peay Governors,71,73,60.0,9.0,9.0,13.0,66.0,13.0,10.0,6.0
401711622,2025-01-23,2025,0,40,2198,56,Eastern Kentucky Colonels,Stetson Hatters,66,67,66.0,17.0,20.0,8.0,53.0,10.0,5.0,12.0
401711641,2025-01-23,2025,0,40,91,526,Bellarmine Knights,Florida Gulf Coast Eagles,61,77,61.0,10.0,8.0,5.0,56.0,6.0,4.0,7.0
401711656,2025-01-23,2025,0,40,2698,294,West Georgia Wolves,Jacksonville Dolphins,62,79,56.0,11.0,8.0,14.0,61.0,22.0,13.0,9.0
401711671,2025-01-23,2025,0,40,2453,288,North Alabama Lions,Lipscomb Bisons,74,64,59.0,14.0,15.0,9.0,55.0,14.0,7.0,7.0
401711716,2025-01-23,2025,0,40,2511,2454,Queens University Royals,North Florida Ospreys,81,90,67.0,17.0,16.0,16.0,71.0,23.0,11.0,5.0
401714223,2025-01-23,2025,0,40,2210,2405,Elon Phoenix,Monmouth Hawks,83,71,54.0,35.0,10.0,12.0,59.0,25.0,9.0,11.0
401714224,2025-01-23,2025,0,40,111,2182,Northeastern Huskies,Drexel Dragons,70,61,53.0,24.0,16.0,11.0,54.0,14.0,14.0,17.0
401714225,2025-01-23,2025,0,40,2275,48,Hofstra Pride,Delaware Blue Hens,93,68,63.0,5.0,6.0,5.0,58.0,12.0,4.0,8.0
401714226,2025-01-23,2025,0,40,2729,2261,William & Mary Tribe,Hampton Pirates,94,83,54.0,35.0,11.0,15.0,58.0,32.0,9.0,13.0
401714227,2025-01-23,2025,0,40,119,2448,Towson Tigers,North Carolina A&T Aggies,83,67,61.0,26.0,15.0,9.0,70.0,10.0,16.0,8.0
401714228,2025-01-23,2025,0,40,2619,2097,Stony Brook Seawolves,Campbell Fighting Camels,54,79,51.0,13.0,7.0,12.0,58.0,4.0,8.0,10.0
401714229,2025-01-23,2025,0,40,232,350,Charleston Cougars,UNC Wilmington Seahawks,83,85,57.0,24.0,8.0,11.0,59.0,19.0,8.0,10.0
401714323,2025-01-23,2025,0,45,27,300,UC Riverside Highlanders,UC Irvine Anteaters,84,80,73.0,12.0,7.0,9.0,63.0,27.0,6.0,12.0
401714324,2025-01-23,2025,0,40,2239,2934,Cal State Fullerton Titans,Cal State Bakersfield Roadrunners,68,71,52.0,35.0,10.0,13.0,63.0,21.0,15.0,15.0
401714325,2025-01-23,2025,0,40,302,62,UC Davis Aggies,Hawai'i Rainbow Warriors,68,66,58.0,20.0,10.0,5.0,53.0,25.0,15.0,13.0
401714326,2025-01-23,2025,0,40,28,2540,UC San Diego Tritons,UC Santa Barbara Gauchos,77,63,55.0,23.0,7.0,8.0,55.0,19.0,10.0,15.0
401714556,2025-01-23,2025,0,40,309,326,Louisiana Ragin' Cajuns,Texas State Bobcats,74,89,57.0,32.0,10.0,9.0,39.0,39.0,5.0,17.0
401714557,2025-01-23,2025,0,40,290,324,Georgia Southern Eagles,Coastal Carolina Chanticleers,85,58,70.0,13.0,15.0,9.0,50.0,19.0,7.0,19.0
401714561,2025-01-23,2025,0,40,2032,2026,Arkansas State Red Wolves,App State Mountaineers,65,55,66.0,14.0,13.0,6.0,59.0,14.0,10.0,9.0
401714562,2025-01-23,2025,0,40,2247,276,Georgia State Panthers,Marshall Thundering Herd,79,92,71.0,16.0,14.0,4.0,58.0,21.0,9.0,10.0
401718481,2025-01-23,2025,0,40,331,2464,Eastern Washington Eagles,Northern Arizona Lumberjacks,61,70,54.0,17.0,7.0,11.0,52.0,28.0,15.0,12.0
401719384,2025-01-23,2025,0,40,70,2458,Idaho Vandals,Northern Colorado Bears,77,76,48.0,30.0,6.0,8.0,53.0,21.0,10.0,12.0
401719662,2025-01-23,2025,0,40,2502,2692,Portland State Vikings,Weber State Wildcats,74,56,63.0,12.0,16.0,12.0,54.0,18.0,10.0,12.0
401720819,2025-01-23,2025,0,40,261,2885,Vermont Catamounts,NJIT Highlanders,68,64,56.0,27.0,7.0,6.0,56.0,20.0,6.0,10.0
401720820,2025-01-23,2025,0,45,399,2378,UAlbany Great Danes,UMBC Retrievers,87,92,78.0,26.0,19.0,9.0,48.0,44.0,5.0,17.0
401720821,2025-01-23,2025,0,40,160,2803,New Hampshire Wildcats,Bryant Bulldogs,76,95,65.0,18.0,16.0,13.0,73.0,12.0,11.0,6.0
401720822,2025-01-23,2025,0,45,2349,311,UMass Lowell River Hawks,Maine Black Bears,85,86,65.0,13.0,10.0,14.0,62.0,25.0,6.0,7.0
401720926,2025-01-23,2025,0,40,16,304,Sacramento State Hornets,Idaho State Bengals,75,71,54.0,22.0,9.0,12.0,57.0,31.0,17.0,11.0
401721376,2025-01-23,2025,0,40,356,120,Illinois Fighting Illini,Maryland Terrapins,70,91,61.0,24.0,8.0,16.0,72.0,23.0,11.0,7.0
401725552,2025-01-23,2025,0,40,235,2724,Memphis Tigers,Wichita State Shockers,61,53,52.0,15.0,11.0,20.0,52.0,13.0,12.0,22.0
401706339,2025-01-24,2025,0,40,195,2309,Ohio Bobcats,Kent State Golden Flashes,61,59,45.0,28.0,6.0,16.0,60.0,25.0,22.0,19.0
401706341,2025-01-24,2025,0,40,189,2649,Bowling Green Falcons,Toledo Rockets,71,84,56.0,23.0,9.0,13.0,61.0,17.0,13.0,14.0
401714481,2025-01-24,2025,0,40,94,270,Northern Kentucky Norse,Milwaukee Panthers,59,79,56.0,10.0,8.0,13.0,51.0,19.0,11.0,18.0
401719115,2025-01-24,2025,0,40,269,222,Marquette Golden Eagles,Villanova Wildcats,87,74,60.0,27.0,9.0,6.0,59.0,19.0,11.0,13.0
401721097,2025-01-24,2025,0,40,2330,2115,Le Moyne Dolphins,Central Connecticut Blue Devils,70,93,64.0,9.0,7.0,6.0,65.0,10.0,11.0,8.0
401721121,2025-01-24,2025,0,40,284,2130,Stonehill Skyhawks,Chicago State Cougars,75,73,55.0,17.0,8.0,11.0,56.0,18.0,6.0,8.0
401721183,2025-01-24,2025,0,40,2385,2681,Mercyhurst Lakers,Wagner Seahawks,71,66,48.0,16.0,3.0,7.0,55.0,14.0,14.0,11.0
401721377,2025-01-24,2025,0,40,2294,213,Iowa Hawkeyes,Penn State Nittany Lions,76,75,56.0,15.0,6.0,10.0,57.0,20.0,8.0,10.0
401721378,2025-01-24,2025,0,40,2509,130,Purdue Boilermakers,Michigan Wolverines,91,64,62.0,21.0,8.0,6.0,54.0,21.0,13.0,22.0
401721379,2025-01-24,2025,0,40,264,26,Washington Huskies,UCLA Bruins,60,65,53.0,15.0,9.0,14.0,56.0,14.0,10.0,11.0
401721945,2025-01-24,2025,0,40,2598,112358,Saint Francis Red Wolves,Long Island University Sharks,74,64,52.0,20.0,6.0,12.0,70.0,13.0,16.0,7.0
401724386,2025-01-24,2025,0,40,2168,2603,Dayton Flyers,Saint Joseph's Hawks,77,72,55.0,18.0,5.0,8.0,62.0,13.0,11.0,9.0
401724387,2025-01-24,2025,0,40,2670,179,VCU Rams,St. Bonaventure Bonnies,75,61,58.0,16.0,6.0,6.0,57.0,10.0,10.0,16.0
401740670,2025-01-24,2025,0,40,2754,130195,Youngstown State Penguins,Penn State Shenango Nittany Lions,112,63,84.0,24.0,25.0,12.0,82.0,10.0,11.0,7.0
401700205,2025-01-25,2025,0,40,2534,98,Sam Houston Bearkats,Western Kentucky Hilltoppers,66,75,64.0,18.0,15.0,10.0,59.0,18.0,14.0,15.0
401700206,2025-01-25,2025,0,40,2348,2393,Louisiana Tech Bulldogs,Middle Tennessee Blue Raiders,75,69,51.0,28.0,11.0,16.0,64.0,10.0,7.0,7.0
401700207,2025-01-25,2025,0,40,2229,2335,Florida International Panthers,Liberty Flames,59,82,54.0,21.0,14.0,16.0,52.0,14.0,2.0,10.0
401700208,2025-01-25,2025,0,40,166,55,New Mexico State Aggies,Jacksonville State Gamecocks,59,65,64.0,10.0,9.0,8.0,64.0,12.0,10.0,6.0
401700209,2025-01-25,2025,0,40,2638,338,UTEP Miners,Kennesaw State Owls,73,71,61.0,23.0,9.0,9.0,57.0,18.0,13.0,22.0
401700327,2025-01-25,2025,0,40,2197,88,Eastern Illinois Panthers,Southern Indiana Screaming Eagles,60,64,58.0,21.0,15.0,10.0,50.0,24.0,10.0,13.0
401700328,2025-01-25,2025,0,40,2815,2031,Lindenwood Lions,Little Rock Trojans,46,78,62.0,13.0,12.0,10.0,57.0,14.0,10.0,15.0
401700329,2025-01-25,2025,0,40,2565,2413,SIU Edwardsville Cougars,Morehead State Eagles,65,54,47.0,39.0,10.0,8.0,51.0,23.0,9.0,12.0
401700330,2025-01-25,2025,0,40,2710,2546,Western Illinois Leathernecks,Southeast Missouri State Redhawks,51,72,50.0,16.0,9.0,13.0,56.0,13.0,5.0,6.0
401700331,2025-01-25,2025,0,45,2630,2635,UT Martin Skyhawks,Tennessee Tech Golden Eagles,85,89,74.0,19.0,20.0,11.0,61.0,29.0,11.0,10.0
401706229,2025-01-25,2025,0,40,314,2561,Iona Gaels,Siena Saints,72,68,58.0,15.0,12.0,15.0,54.0,21.0,9.0,14.0
401706230,2025-01-25,2025,0,40,2099,2368,Canisius Golden Griffins,Marist Red Foxes,47,70,57.0,8.0,6.0,7.0,53.0,6.0,9.0,14.0
401706231,2025-01-25,2025,0,40,116,2363,Mount St. Mary's Mountaineers,Manhattan Jaspers,64,74,53.0,22.0,11.0,11.0,62.0,22.0,16.0,11.0
401706232,2025-01-25,2025,0,40,2217,2771,Fairfield Stags,Merrimack Warriors,54,75,60.0,14.0,14.0,14.0,55.0,9.0,6.0,10.0
401706233,2025-01-25,2025,0,40,315,2529,Niagara Purple Eagles,Sacred Heart Pioneers,77,86,61.0,7.0,9.0,10.0,54.0,19.0,7.0,9.0
401706234,2025-01-25,2025,0,40,2514,2520,Quinnipiac Bobcats,Rider Broncs,75,64,59.0,19.0,9.0,9.0,58.0,24.0,12.0,10.0
401706337,2025-01-25,2025,0,40,2459,2050,Northern Illinois Huskies,Ball State Cardinals,76,66,55.0,26.0,7.0,7.0,57.0,28.0,7.0,4.0
401706338,2025-01-25,2025,0,40,2199,2084,Eastern Michigan Eagles,Buffalo Bulls,90,77,59.0,22.0,8.0,9.0,59.0,16.0,15.0,20.0
401706340,2025-01-25,2025,0,40,2006,193,Akron Zips,Miami (OH) RedHawks,102,75,65.0,19.0,12.0,13.0,60.0,15.0,6.0,15.0
401706342,2025-01-25,2025,0,40,2117,2711,Central Michigan Chippewas,Western Michigan Broncos,73,52,60.0,22.0,11.0,5.0,59.0,13.0,9.0,10.0
401706444,2025-01-25,2025,0,45,2643,2717,The Citadel Bulldogs,Western Carolina Catamounts,78,80,64.0,25.0,9.0,7.0,67.0,22.0,11.0,6.0
401706445,2025-01-25,2025,0,40,2193,236,East Tennessee State Buccaneers,Chattanooga Mocs,63,71,64.0,19.0,15.0,12.0,51.0,27.0,5.0,11.0
401706446,2025-01-25,2025,0,40,2382,231,Mercer Bears,Furman Paladins,74,79,64.0,10.0,8.0,6.0,55.0,17.0,8.0,11.0
401706447,2025-01-25,2025,0,40,2678,2430,VMI Keydets,UNC Greensboro Spartans,57,60,53.0,18.0,8.0,12.0,55.0,16.0,12.0,15.0
401706448,2025-01-25,2025,0,40,2535,2747,Samford Bulldogs,Wofford Terriers,77,61,53.0,13.0,9.0,12.0,50.0,19.0,9.0,10.0
401706527,2025-01-25,2025,0,40,198,2437,Oral Roberts Golden Eagles,Omaha Mavericks,76,84,55.0,25.0,5.0,7.0,52.0,32.0,6.0,8.0
401706528,2025-01-25,2025,0,40,140,2900,Kansas City Roos,St. Thomas Tommies,65,68,59.0,17.0,12.0,9.0,52.0,22.0,10.0,11.0
401706529,2025-01-25,2025,0,40,2571,233,South Dakota State Jackrabbits,South Dakota Coyotes,90,71,65.0,20.0,15.0,15.0,60.0,30.0,9.0,9.0
401706530,2025-01-25,2025,0,40,2449,155,North Dakota State Bison,North Dakota Fighting Hawks,87,82,58.0,33.0,10.0,6.0,63.0,35.0,14.0,6.0
401706594,2025-01-25,2025,0,40,253,2856,Southern Utah Thunderbirds,California Baptist Lancers,60,76,55.0,27.0,13.0,9.0,60.0,25.0,13.0,7.0
401706595,2025-01-25,2025,0,40,3101,2253,Utah Tech Trailblazers,Grand Canyon Lopes,66,79,65.0,17.0,17.0,12.0,48.0,22.0,5.0,14.0
401706596,2025-01-25,2025,0,40,2547,3084,Seattle U Redhawks,Utah Valley Wolverines,66,70,55.0,22.0,6.0,9.0,58.0,12.0,10.0,12.0
401706597,2025-01-25,2025,0,45,2000,250,Abilene Christian Wildcats,UT Arlington Mavericks,76,79,71.0,7.0,15.0,12.0,52.0,25.0,8.0,15.0
401706707,2025-01-25,2025,0,40,2501,2250,Portland Pilots,Gonzaga Bulldogs,62,105,58.0,19.0,13.0,15.0,67.0,13.0,11.0,7.0
401706708,2025-01-25,2025,0,40,265,2608,Washington State Cougars,Saint Mary's Gaels,75,80,49.0,13.0,4.0,12.0,52.0,14.0,8.0,12.0
401706709,2025-01-25,2025,0,40,2492,279,Pepperdine Waves,Pacific Tigers,60,44,57.0,25.0,9.0,13.0,50.0,17.0,10.0,20.0
401706710,2025-01-25,2025,0,40,204,2541,Oregon State Beavers,Santa Clara Broncos,83,69,52.0,22.0,4.0,7.0,49.0,16.0,3.0,13.0
401706711,2025-01-25,2025,0,40,2539,301,San Francisco Dons,San Diego Toreros,81,69,55.0,31.0,14.0,12.0,60.0,28.0,14.0,13.0
401708346,2025-01-25,2025,0,40,333,99,Alabama Crimson Tide,LSU Tigers,80,73,61.0,24.0,11.0,14.0,71.0,19.0,17.0,14.0
401708347,2025-01-25,2025,0,40,8,201,Arkansas Razorbacks,Oklahoma Sooners,62,65,54.0,16.0,7.0,9.0,51.0,20.0,8.0,13.0
401708348,2025-01-25,2025,0,40,2,2633,Auburn Tigers,Tennessee Volunteers,53,51,59.0,19.0,16.0,11.0,54.0,16.0,10.0,12.0
401708349,2025-01-25,2025,0,40,57,61,Florida Gators,Georgia Bulldogs,89,59,64.0,15.0,16.0,14.0,59.0,15.0,17.0,18.0
401708350,2025-01-25,2025,0,40,142,145,Missouri Tigers,Ole Miss Rebels,83,75,49.0,39.0,11.0,16.0,58.0,18.0,5.0,13.0
401708351,2025-01-25,2025,0,45,2579,344,South Carolina Gamecocks,Mississippi State Bulldogs,60,65,58.0,29.0,21.0,19.0,55.0,18.0,9.0,17.0
401708352,2025-01-25,2025,0,40,238,96,Vanderbilt Commodores,Kentucky Wildcats,74,69,66.0,11.0,9.0,5.0,54.0,13.0,10.0,17.0
401708353,2025-01-25,2025,0,40,251,245,Texas Longhorns,Texas A&M Aggies,70,69,52.0,17.0,6.0,8.0,64.0,8.0,18.0,11.0
401709987,2025-01-25,2025,0,40,13,299,Cal Poly Mustangs,Long Beach State Beach,78,69,59.0,17.0,11.0,15.0,62.0,16.0,20.0,23.0
401711605,2025-01-25,2025,0,45,2453,2046,North Alabama Lions,Austin Peay Governors,88,84,77.0,30.0,23.0,10.0,70.0,19.0,8.0,8.0
401711623,2025-01-25,2025,0,40,2198,526,Eastern Kentucky Colonels,Florida Gulf Coast Eagles,81,77,64.0,18.0,14.0,10.0,58.0,11.0,5.0,10.0
401711657,2025-01-25,2025,0,40,2511,294,Queens University Royals,Jacksonville Dolphins,77,87,65.0,22.0,12.0,11.0,60.0,27.0,13.0,16.0
401711672,2025-01-25,2025,0,40,2110,288,Central Arkansas Bears,Lipscomb Bisons,55,68,53.0,14.0,10.0,13.0,56.0,21.0,9.0,9.0
401711724,2025-01-25,2025,0,40,2698,2454,West Georgia Wolves,North Florida Ospreys,92,72,59.0,25.0,9.0,11.0,58.0,17.0,7.0,16.0
401714230,2025-01-25,2025,0,40,2729,2405,William & Mary Tribe,Monmouth Hawks,78,73,65.0,20.0,9.0,14.0,61.0,16.0,11.0,21.0
401714231,2025-01-25,2025,0,40,2182,48,Drexel Dragons,Delaware Blue Hens,67,54,58.0,7.0,11.0,13.0,55.0,8.0,3.0,7.0
401714233,2025-01-25,2025,0,40,350,2261,UNC Wilmington Seahawks,Hampton Pirates,83,62,51.0,26.0,9.0,10.0,60.0,18.0,13.0,12.0
401714234,2025-01-25,2025,0,40,2619,2448,Stony Brook Seawolves,North Carolina A&T Aggies,89,74,59.0,26.0,13.0,11.0,64.0,26.0,13.0,5.0
401714235,2025-01-25,2025,0,45,2275,2097,Hofstra Pride,Campbell Fighting Camels,67,69,55.0,11.0,10.0,16.0,57.0,21.0,9.0,11.0
401714236,2025-01-25,2025,0,40,2210,232,Elon Phoenix,Charleston Cougars,62,76,55.0,15.0,11.0,13.0,67.0,16.0,19.0,6.0
401714367,2025-01-25,2025,0,40,28,2463,UC San Diego Tritons,Cal State Northridge Matadors,79,54,60.0,17.0,7.0,13.0,61.0,18.0,15.0,17.0
401714368,2025-01-25,2025,0,40,2239,2540,Cal State Fullerton Titans,UC Santa Barbara Gauchos,75,83,55.0,27.0,9.0,9.0,54.0,16.0,5.0,12.0
401714369,2025-01-25,2025,0,40,300,62,UC Irvine Anteaters,Hawai'i Rainbow Warriors,71,55,61.0,15.0,10.0,14.0,61.0,20.0,14.0,15.0
401714370,2025-01-25,2025,0,40,2934,27,Cal State Bakersfield Roadrunners,UC Riverside Highlanders,79,83,50.0,30.0,11.0,10.0,53.0,28.0,14.0,11.0
401714482,2025-01-25,2025,0,40,325,2739,Cleveland State Vikings,Green Bay Phoenix,81,66,57.0,30.0,16.0,8.0,55.0,15.0,7.0,10.0
401714483,2025-01-25,2025,0,40,85,2870,IU Indianapolis Jaguars,Purdue Fort Wayne Mastodons,80,91,62.0,32.0,18.0,11.0,53.0,27.0,4.0,10.0
401714484,2025-01-25,2025,0,40,2750,2174,Wright State Raiders,Detroit Mercy Titans,67,50,62.0,20.0,17.0,8.0,65.0,11.0,11.0,2.0
401714485,2025-01-25,2025,0,40,2523,2473,Robert Morris Colonials,Oakland Golden Grizzlies,73,71,48.0,24.0,10.0,14.0,57.0,18.0,11.0,9.0
401714563,2025-01-25,2025,0,40,2032,326,Arkansas State Red Wolves,Texas State Bobcats,80,65,58.0,16.0,9.0,12.0,57.0,13.0,10.0,17.0
401714564,2025-01-25,2025,0,40,2653,6,Troy Trojans,South Alabama Jaguars,65,55,64.0,10.0,20.0,13.0,51.0,15.0,11.0,15.0
401714565,2025-01-25,2025,0,40,309,2572,Louisiana Ragin' Cajuns,Southern Miss Golden Eagles,59,67,66.0,10.0,11.0,6.0,55.0,19.0,11.0,15.0
401714566,2025-01-25,2025,0,40,2433,2026,UL Monroe Warhawks,App State Mountaineers,58,66,64.0,18.0,11.0,4.0,50.0,24.0,11.0,14.0
401714567,2025-01-25,2025,0,40,295,324,Old Dominion Monarchs,Coastal Carolina Chanticleers,74,52,63.0,13.0,12.0,7.0,54.0,23.0,12.0,10.0
401714568,2025-01-25,2025,0,40,2247,256,Georgia State Panthers,James Madison Dukes,79,86,61.0,13.0,11.0,11.0,59.0,15.0,7.0,8.0
401714569,2025-01-25,2025,0,40,290,276,Georgia Southern Eagles,Marshall Thundering Herd,67,71,62.0,22.0,16.0,13.0,50.0,31.0,10.0,12.0
401715970,2025-01-25,2025,0,40,2443,2277,LSU New Orleans Privateers,Houston Christian Huskies,76,86,53.0,16.0,7.0,15.0,63.0,15.0,12.0,13.0
401716073,2025-01-25,2025,0,40,2545,2916,SE Louisiana Lions,Incarnate Word Cardinals,86,63,61.0,21.0,9.0,8.0,48.0,21.0,7.0,19.0
401718482,2025-01-25,2025,0,40,331,2458,Eastern Washington Eagles,Northern Colorado Bears,62,67,48.0,16.0,4.0,14.0,54.0,26.0,7.0,8.0
401719116,2025-01-25,2025,0,40,2086,305,Butler Bulldogs,DePaul Blue Demons,86,69,58.0,17.0,8.0,6.0,59.0,9.0,5.0,6.0
401719117,2025-01-25,2025,0,40,2507,46,Providence Friars,Georgetown Hoyas,78,68,62.0,19.0,16.0,8.0,60.0,12.0,14.0,11.0
401719118,2025-01-25,2025,0,40,2752,41,Xavier Musketeers,UConn Huskies,76,72,55.0,24.0,8.0,9.0,55.0,17.0,10.0,13.0
401719119,2025-01-25,2025,0,40,156,2550,Creighton Bluejays,Seton Hall Pirates,79,54,48.0,17.0,4.0,12.0,54.0,6.0,6.0,11.0
401719663,2025-01-25,2025,0,40,2502,304,Portland State Vikings,Idaho State Bengals,76,59,54.0,22.0,12.0,14.0,67.0,18.0,19.0,14.0
401720549,2025-01-25,2025,0,40,16,2692,Sacramento State Hornets,Weber State Wildcats,81,87,63.0,11.0,11.0,10.0,49.0,31.0,8.0,11.0
401720653,2025-01-25,2025,0,40,70,2464,Idaho Vandals,Northern Arizona Lumberjacks,72,80,53.0,21.0,5.0,6.0,62.0,20.0,14.0,7.0
401720676,2025-01-25,2025,0,45,2320,2837,Lamar Cardinals,East Texas A&M Lions,61,58,58.0,18.0,12.0,17.0,56.0,21.0,8.0,15.0
401720719,2025-01-25,2025,0,40,292,2377,UT Rio Grande Valley Vaqueros,McNeese Cowboys,63,93,62.0,14.0,14.0,13.0,61.0,18.0,16.0,13.0
401720759,2025-01-25,2025,0,40,357,2447,Texas A&M-Corpus Christi Islanders,Nicholls Colonels,61,57,54.0,31.0,13.0,11.0,58.0,20.0,11.0,12.0
401720823,2025-01-25,2025,0,40,261,2378,Vermont Catamounts,UMBC Retrievers,63,80,62.0,14.0,18.0,14.0,52.0,14.0,3.0,9.0
401720824,2025-01-25,2025,0,40,399,2885,UAlbany Great Danes,NJIT Highlanders,68,62,49.0,28.0,9.0,10.0,61.0,12.0,14.0,11.0
401720825,2025-01-25,2025,0,40,2803,2066,Bryant Bulldogs,Binghamton Bearcats,83,69,66.0,19.0,11.0,3.0,57.0,13.0,5.0,12.0
401720826,2025-01-25,2025,0,40,2349,160,UMass Lowell River Hawks,New Hampshire Wildcats,97,80,67.0,14.0,9.0,5.0,62.0,17.0,9.0,9.0
401720927,2025-01-25,2025,0,40,149,147,Montana Grizzlies,Montana State Bobcats,77,70,58.0,15.0,7.0,5.0,45.0,20.0,4.0,13.0
401720957,2025-01-25,2025,0,40,225,159,Brown Bears,Dartmouth Big Green,83,84,73.0,19.0,14.0,3.0,59.0,24.0,9.0,10.0
401721240,2025-01-25,2025,0,45,2010,2640,Alabama A&M Bulldogs,Texas Southern Tigers,78,82,68.0,32.0,15.0,18.0,53.0,35.0,9.0,22.0
401721291,2025-01-25,2025,0,40,2016,50,Alcorn State Braves,Florida A&M Rattlers,64,65,52.0,22.0,10.0,11.0,60.0,7.0,19.0,17.0
401721380,2025-01-25,2025,0,40,135,2483,Minnesota Golden Gophers,Oregon Ducks,77,69,57.0,18.0,10.0,10.0,48.0,21.0,4.0,12.0
401721381,2025-01-25,2025,0,40,164,127,Rutgers Scarlet Knights,Michigan State Spartans,74,81,68.0,25.0,15.0,6.0,56.0,26.0,10.0,15.0
401721727,2025-01-25,2025,0,40,219,171,Pennsylvania Quakers,Columbia Lions,93,78,54.0,26.0,8.0,15.0,60.0,19.0,5.0,9.0
401721728,2025-01-25,2025,0,40,43,108,Yale Bulldogs,Harvard Crimson,84,55,63.0,29.0,18.0,8.0,60.0,5.0,8.0,13.0
401721729,2025-01-25,2025,0,40,163,172,Princeton Tigers,Cornell Big Red,76,85,68.0,21.0,18.0,9.0,48.0,34.0,6.0,12.0
401721874,2025-01-25,2025,0,40,2329,322,Lehigh Mountain Hawks,Lafayette Leopards,86,47,56.0,16.0,10.0,13.0,54.0,18.0,9.0,14.0
401721875,2025-01-25,2025,0,45,104,2083,Boston University Terriers,Bucknell Bison,85,82,59.0,21.0,14.0,13.0,52.0,19.0,5.0,11.0
401721876,2025-01-25,2025,0,40,44,2142,American University Eagles,Colgate Raiders,81,77,50.0,32.0,9.0,9.0,56.0,22.0,12.0,12.0
401721877,2025-01-25,2025,0,40,2352,107,Loyola Maryland Greyhounds,Holy Cross Crusaders,65,70,63.0,7.0,6.0,8.0,55.0,10.0,8.0,16.0
401721978,2025-01-25,2025,0,40,91,56,Bellarmine Knights,Stetson Hatters,76,81,61.0,10.0,4.0,7.0,51.0,30.0,10.0,12.0
401722044,2025-01-25,2025,0,40,2296,2065,Jackson State Tigers,Bethune-Cookman Wildcats,86,81,59.0,30.0,13.0,10.0,59.0,24.0,14.0,18.0
401722111,2025-01-25,2025,0,40,2400,2755,Mississippi Valley State Delta Devils,Grambling Tigers,54,65,49.0,13.0,11.0,15.0,49.0,21.0,7.0,7.0
401722127,2025-01-25,2025,0,40,2011,2504,Alabama State Hornets,Prairie View A&M Panthers,66,63,55.0,21.0,7.0,12.0,59.0,21.0,7.0,9.0
401722144,2025-01-25,2025,0,40,2029,2582,Arkansas-Pine Bluff Golden Lions,Southern Jaguars,67,83,51.0,35.0,10.0,16.0,58.0,30.0,12.0,15.0
401722162,2025-01-25,2025,0,40,2005,328,Air Force Falcons,Utah State Aggies,58,87,50.0,23.0,10.0,16.0,56.0,13.0,5.0,9.0
401722247,2025-01-25,2025,0,40,2440,21,Nevada Wolf Pack,San Diego State Aztecs,50,69,51.0,22.0,18.0,10.0,56.0,8.0,12.0,10.0
401722376,2025-01-25,2025,0,40,23,2751,San José State Spartans,Wyoming Cowboys,67,58,52.0,19.0,10.0,10.0,69.0,14.0,18.0,7.0
401722493,2025-01-25,2025,0,40,93,2057,Murray State Racers,Belmont Bruins,77,95,58.0,15.0,15.0,16.0,63.0,27.0,17.0,8.0
401722494,2025-01-25,2025,0,45,2623,2181,Missouri State Bears,Drake Bulldogs,62,69,48.0,12.0,10.0,17.0,51.0,24.0,11.0,9.0
401722495,2025-01-25,2025,0,40,2674,339,Valparaiso Beacons,Evansville Purple Aces,68,78,70.0,13.0,14.0,12.0,50.0,12.0,4.0,21.0
401722496,2025-01-25,2025,0,40,71,2287,Bradley Braves,Illinois State Redbirds,61,57,50.0,17.0,7.0,10.0,58.0,17.0,11.0,8.0
401722497,2025-01-25,2025,0,40,82,79,UIC Flames,Southern Illinois Salukis,85,89,56.0,28.0,8.0,10.0,60.0,26.0,10.0,11.0
401722498,2025-01-25,2025,0,40,282,2460,Indiana State Sycamores,Northern Iowa Panthers,56,74,55.0,16.0,9.0,14.0,54.0,21.0,8.0,12.0
401723690,2025-01-25,2025,0,40,2415,2154,Morgan State Bears,Coppin State Eagles,80,64,66.0,21.0,19.0,16.0,62.0,27.0,19.0,17.0
401723710,2025-01-25,2025,0,40,2379,2169,Maryland Eastern Shore Hawks,Delaware State Hornets,66,73,55.0,22.0,11.0,14.0,54.0,27.0,14.0,14.0
401723772,2025-01-25,2025,0,40,2450,47,Norfolk State Spartans,Howard Bison,92,75,65.0,21.0,16.0,13.0,57.0,18.0,8.0,13.0
401724388,2025-01-25,2025,0,40,45,139,George Washington Revolutionaries,Saint Louis Billikens,67,61,53.0,21.0,10.0,12.0,57.0,7.0,7.0,11.0
401724389,2025-01-25,2025,0,40,2325,227,La Salle Explorers,Rhode Island Rams,70,64,54.0,32.0,11.0,13.0,58.0,25.0,15.0,15.0
401724390,2025-01-25,2025,0,40,257,2166,Richmond Spiders,Davidson Wildcats,66,72,53.0,10.0,4.0,11.0,56.0,18.0,5.0,5.0
401724822,2025-01-25,2025,0,40,183,221,Syracuse Orange,Pittsburgh Panthers,73,77,67.0,13.0,20.0,11.0,61.0,21.0,9.0,3.0
401724823,2025-01-25,2025,0,40,152,2567,NC State Wolfpack,SMU Mustangs,57,63,65.0,18.0,14.0,6.0,53.0,12.0,9.0,15.0
401724824,2025-01-25,2025,0,45,153,103,North Carolina Tar Heels,Boston College Eagles,102,96,63.0,33.0,12.0,8.0,66.0,14.0,6.0,9.0
401724825,2025-01-25,2025,0,40,259,228,Virginia Tech Hokies,Clemson Tigers,57,72,50.0,21.0,10.0,10.0,58.0,13.0,11.0,8.0
401724826,2025-01-25,2025,0,40,24,52,Stanford Cardinal,Florida State Seminoles,78,71,55.0,21.0,11.0,14.0,58.0,28.0,15.0,13.0
401724827,2025-01-25,2025,0,40,154,150,Wake Forest Demon Deacons,Duke Blue Devils,56,63,51.0,23.0,4.0,10.0,57.0,17.0,14.0,16.0
401724828,2025-01-25,2025,0,40,258,87,Virginia Cavaliers,Notre Dame Fighting Irish,59,74,57.0,5.0,7.0,6.0,56.0,11.0,10.0,7.0
401724829,2025-01-25,2025,0,45,25,2390,California Golden Bears,Miami Hurricanes,98,94,63.0,36.0,10.0,9.0,68.0,21.0,7.0,6.0
401725553,2025-01-25,2025,0,40,2636,218,UTSA Roadrunners,Temple Owls,88,79,52.0,21.0,3.0,14.0,55.0,35.0,13.0,16.0
401725554,2025-01-25,2025,0,40,151,58,East Carolina Pirates,South Florida Bulls,64,55,61.0,10.0,17.0,14.0,60.0,4.0,7.0,8.0
401725555,2025-01-25,2025,0,40,242,2655,Rice Owls,Tulane Green Wave,71,82,64.0,33.0,21.0,11.0,56.0,27.0,9.0,10.0
401725686,2025-01-25,2025,0,40,12,38,Arizona Wildcats,Colorado Buffaloes,78,63,64.0,11.0,13.0,10.0,56.0,8.0,8.0,15.0
401725687,2025-01-25,2025,0,40,9,66,Arizona State Sun Devils,Iowa State Cyclones,61,76,47.0,18.0,4.0,18.0,48.0,30.0,5.0,12.0
401725688,2025-01-25,2025,0,40,2116,2628,UCF Knights,TCU Horned Frogs,85,58,60.0,22.0,10.0,7.0,64.0,15.0,13.0,11.0
401725689,2025-01-25,2025,0,40,254,239,Utah Utes,Baylor Bears,61,76,55.0,20.0,14.0,11.0,57.0,20.0,15.0,11.0
401725690,2025-01-25,2025,0,50,2305,248,Kansas Jayhawks,Houston Cougars,86,92,66.0,30.0,11.0,12.0,73.0,25.0,12.0,5.0
401725691,2025-01-25,2025,0,40,2306,277,Kansas State Wildcats,West Virginia Mountaineers,73,60,55.0,22.0,12.0,11.0,68.0,8.0,14.0,10.0
401725692,2025-01-25,2025,0,40,252,2132,BYU Cougars,Cincinnati Bearcats,80,52,49.0,11.0,7.0,14.0,61.0,4.0,13.0,9.0
401726459,2025-01-25,2025,0,45,2617,2466,Stephen F. Austin Lumberjacks,Northwestern State Demons,54,57,62.0,12.0,10.0,17.0,63.0,25.0,18.0,18.0
401727128,2025-01-25,2025,0,40,2428,2569,North Carolina Central Eagles,South Carolina State Bulldogs,82,77,54.0,33.0,11.0,16.0,66.0,24.0,16.0,13.0
401727151,2025-01-25,2025,0,40,278,36,Fresno State Bulldogs,Colorado State Rams,64,69,48.0,18.0,5.0,11.0,53.0,16.0,10.0,11.0
401727892,2025-01-25,2025,0,40,2127,2427,Charleston Southern Buccaneers,UNC Asheville Bulldogs,61,69,50.0,29.0,12.0,20.0,66.0,24.0,16.0,10.0
401727893,2025-01-25,2025,0,40,2272,2737,High Point Panthers,Winthrop Eagles,84,62,55.0,25.0,12.0,14.0,53.0,26.0,6.0,9.0
401727894,2025-01-25,2025,0,40,2344,2908,Longwood Lancers,South Carolina Upstate Spartans,80,54,58.0,24.0,12.0,12.0,54.0,16.0,9.0,19.0
401727895,2025-01-25,2025,0,40,2506,2515,Presbyterian Blue Hose,Radford Highlanders,69,82,51.0,13.0,11.0,11.0,47.0,19.0,7.0,9.0
401728315,2025-01-25,2025,0,40,2439,167,UNLV Rebels,New Mexico Lobos,73,75,54.0,29.0,12.0,12.0,59.0,24.0,15.0,11.0
401721098,2025-01-26,2025,0,40,2115,2130,Central Connecticut Blue Devils,Chicago State Cougars,81,64,63.0,27.0,13.0,7.0,59.0,8.0,7.0,13.0
401721142,2025-01-26,2025,0,40,284,161,Stonehill Skyhawks,Fairleigh Dickinson Knights,54,65,51.0,5.0,3.0,12.0,50.0,18.0,5.0,10.0
401721184,2025-01-26,2025,0,50,2385,112358,Mercyhurst Lakers,Long Island University Sharks,85,80,67.0,26.0,9.0,13.0,59.0,27.0,10.0,22.0
401721382,2025-01-26,2025,0,40,356,77,Illinois Fighting Illini,Northwestern Wildcats,83,74,65.0,24.0,21.0,13.0,68.0,6.0,9.0,6.0
401721383,2025-01-26,2025,0,40,84,120,Indiana Hoosiers,Maryland Terrapins,78,79,64.0,15.0,14.0,7.0,61.0,9.0,13.0,10.0
401721384,2025-01-26,2025,0,40,275,158,Wisconsin Badgers,Nebraska Cornhuskers,83,55,63.0,8.0,5.0,8.0,62.0,8.0,7.0,12.0
401721878,2025-01-26,2025,0,40,349,2426,Army Black Knights,Navy Midshipmen,53,66,61.0,18.0,11.0,5.0,64.0,15.0,19.0,11.0
401721946,2025-01-26,2025,0,40,2598,2681,Saint Francis Red Wolves,Wagner Seahawks,66,68,48.0,17.0,10.0,15.0,52.0,9.0,9.0,13.0
401724391,2025-01-26,2025,0,40,2230,2184,Fordham Rams,Duquesne Dukes,65,63,51.0,24.0,16.0,17.0,56.0,14.0,10.0,12.0
401725556,2025-01-26,2025,0,40,249,2226,North Texas Mean Green,Florida Atlantic Owls,77,64,55.0,21.0,11.0,5.0,53.0,15.0,11.0,13.0
401725557,2025-01-26,2025,0,40,235,5,Memphis Tigers,UAB Blazers,100,77,61.0,25.0,7.0,13.0,65.0,25.0,12.0,16.0
401725558,2025-01-26,2025,0,40,202,2724,Tulsa Golden Hurricane,Wichita State Shockers,84,77,51.0,18.0,10.0,14.0,63.0,12.0,12.0,9.0
401725693,2025-01-26,2025,0,40,2641,197,Texas Tech Red Raiders,Oklahoma State Cowboys,64,54,50.0,21.0,7.0,13.0,42.0,18.0,6.0,22.0
401714232,2025-01-27,2025,0,40,111,119,Northeastern Huskies,Towson Tigers,65,75,56.0,17.0,15.0,17.0,54.0,12.0,8.0,14.0
401714559,2025-01-27,2025,0,40,2433,6,UL Monroe Warhawks,South Alabama Jaguars,77,66,52.0,26.0,10.0,14.0,70.0,13.0,14.0,6.0
401714560,2025-01-27,2025,0,40,2653,2572,Troy Trojans,Southern Miss Golden Eagles,70,61,55.0,24.0,11.0,17.0,58.0,15.0,6.0,16.0
401715971,2025-01-27,2025,0,40,2545,2277,SE Louisiana Lions,Houston Christian Huskies,62,70,53.0,19.0,8.0,8.0,42.0,28.0,5.0,13.0
401716126,2025-01-27,2025,0,40,2443,2916,LSU New Orleans Privateers,Incarnate Word Cardinals,58,74,56.0,17.0,9.0,15.0,65.0,5.0,11.0,14.0
401720677,2025-01-27,2025,0,40,2320,2466,Lamar Cardinals,Northwestern State Demons,69,59,60.0,26.0,18.0,7.0,58.0,26.0,18.0,9.0
401720720,2025-01-27,2025,0,40,357,2377,Texas A&M-Corpus Christi Islanders,McNeese Cowboys,73,74,60.0,23.0,13.0,10.0,56.0,14.0,7.0,12.0
401721214,2025-01-27,2025,0,40,292,2447,UT Rio Grande Valley Vaqueros,Nicholls Colonels,75,82,63.0,18.0,13.0,11.0,62.0,22.0,11.0,10.0
401721241,2025-01-27,2025,0,40,2010,2504,Alabama A&M Bulldogs,Prairie View A&M Panthers,98,82,67.0,32.0,16.0,20.0,63.0,25.0,12.0,20.0
401721292,2025-01-27,2025,0,40,2016,2065,Alcorn State Braves,Bethune-Cookman Wildcats,70,61,59.0,23.0,12.0,9.0,57.0,14.0,14.0,14.0
401721385,2025-01-27,2025,0,40,130,213,Michigan Wolverines,Penn State Nittany Lions,76,72,62.0,9.0,7.0,9.0,51.0,16.0,7.0,18.0
401721386,2025-01-27,2025,0,40,194,2294,Ohio State Buckeyes,Iowa Hawkeyes,82,65,62.0,19.0,11.0,11.0,61.0,17.0,7.0,7.0
401721387,2025-01-27,2025,0,40,30,26,USC Trojans,UCLA Bruins,76,82,55.0,19.0,9.0,10.0,51.0,25.0,7.0,9.0
401721879,2025-01-27,2025,0,40,104,107,Boston University Terriers,Holy Cross Crusaders,69,59,60.0,26.0,17.0,9.0,54.0,7.0,5.0,13.0
401722060,2025-01-27,2025,0,40,2296,50,Jackson State Tigers,Florida A&M Rattlers,62,72,46.0,29.0,5.0,17.0,57.0,20.0,12.0,18.0
401722112,2025-01-27,2025,0,40,2400,2582,Mississippi Valley State Delta Devils,Southern Jaguars,42,63,45.0,12.0,8.0,19.0,56.0,10.0,13.0,14.0
401724713,2025-01-27,2025,0,40,2011,2640,Alabama State Hornets,Texas Southern Tigers,69,80,77.0,20.0,20.0,6.0,51.0,24.0,9.0,16.0
401724830,2025-01-27,2025,0,40,150,152,Duke Blue Devils,NC State Wolfpack,74,64,59.0,28.0,15.0,10.0,59.0,7.0,7.0,13.0
401725694,2025-01-27,2025,0,45,12,66,Arizona Wildcats,Iowa State Cyclones,86,75,66.0,22.0,13.0,15.0,65.0,18.0,12.0,18.0
401727244,2025-01-27,2025,0,40,2029,2755,Arkansas-Pine Bluff Golden Lions,Grambling Tigers,77,81,63.0,7.0,11.0,13.0,53.0,21.0,6.0,12.0
401727255,2025-01-27,2025,0,40,2617,2837,Stephen F. Austin Lumberjacks,East Texas A&M Lions,79,72,60.0,12.0,14.0,11.0,57.0,7.0,11.0,16.0
401743468,2025-01-27,2025,1,40,2031,2197,Little Rock Trojans,Eastern Illinois Panthers,54,56,46.0,17.0,5.0,14.0,48.0,17.0,11.0,17.0
401700332,2025-01-28,2025,0,40,2413,88,Morehead State Eagles,Southern Indiana Screaming Eagles,66,65,52.0,18.0,10.0,9.0,60.0,9.0,12.0,10.0
401706343,2025-01-28,2025,0,40,2459,2006,Northern Illinois Huskies,Akron Zips,70,80,56.0,29.0,5.0,12.0,63.0,21.0,14.0,16.0
401706344,2025-01-28,2025,0,40,2309,189,Kent State Golden Flashes,Bowling Green Falcons,75,57,54.0,13.0,8.0,12.0,53.0,20.0,10.0,12.0
401706345,2025-01-28,2025,0,40,2084,2117,Buffalo Bulls,Central Michigan Chippewas,75,69,62.0,17.0,14.0,17.0,55.0,23.0,11.0,19.0
401706346,2025-01-28,2025,0,40,193,2199,Miami (OH) RedHawks,Eastern Michigan Eagles,89,80,53.0,40.0,10.0,8.0,62.0,21.0,10.0,11.0
401706347,2025-01-28,2025,0,40,195,2649,Ohio Bobcats,Toledo Rockets,83,86,69.0,17.0,7.0,5.0,64.0,19.0,8.0,9.0
401706348,2025-01-28,2025,0,40,2050,2711,Ball State Cardinals,Western Michigan Broncos,71,74,57.0,24.0,17.0,13.0,58.0,17.0,10.0,8.0
401706712,2025-01-28,2025,0,40,2250,204,Gonzaga Bulldogs,Oregon State Beavers,98,60,60.0,27.0,12.0,6.0,55.0,19.0,14.0,13.0
401708354,2025-01-28,2025,0,40,2633,96,Tennessee Volunteers,Kentucky Wildcats,73,78,72.0,17.0,18.0,5.0,50.0,24.0,8.0,13.0
401708355,2025-01-28,2025,0,40,61,2579,Georgia Bulldogs,South Carolina Gamecocks,71,60,51.0,15.0,7.0,12.0,51.0,18.0,11.0,17.0
401708359,2025-01-28,2025,0,40,245,201,Texas A&M Aggies,Oklahoma Sooners,75,68,56.0,35.0,21.0,13.0,44.0,22.0,2.0,11.0
401719120,2025-01-28,2025,0,40,2086,269,Butler Bulldogs,Marquette Golden Eagles,69,78,59.0,18.0,12.0,12.0,61.0,11.0,7.0,5.0
401719121,2025-01-28,2025,0,40,2550,2507,Seton Hall Pirates,Providence Friars,67,69,54.0,30.0,13.0,12.0,45.0,23.0,9.0,19.0
401719122,2025-01-28,2025,0,40,46,2599,Georgetown Hoyas,St. John's Red Storm,41,66,57.0,16.0,12.0,16.0,58.0,9.0,7.0,14.0
401721388,2025-01-28,2025,0,40,127,135,Michigan State Spartans,Minnesota Golden Gophers,73,51,56.0,20.0,13.0,9.0,51.0,5.0,5.0,12.0
401722163,2025-01-28,2025,0,40,36,2005,Colorado State Rams,Air Force Falcons,79,58,56.0,19.0,6.0,5.0,57.0,13.0,7.0,10.0
401722354,2025-01-28,2025,0,40,21,23,San Diego State Aztecs,San José State Spartans,71,68,53.0,11.0,5.0,14.0,51.0,17.0,2.0,12.0
401722435,2025-01-28,2025,0,45,2751,278,Wyoming Cowboys,Fresno State Bulldogs,83,72,57.0,13.0,10.0,18.0,66.0,19.0,18.0,15.0
401722499,2025-01-28,2025,0,40,2674,79,Valparaiso Beacons,Southern Illinois Salukis,75,79,62.0,18.0,8.0,6.0,53.0,29.0,10.0,14.0
401724392,2025-01-28,2025,0,40,179,2168,St. Bonaventure Bonnies,Dayton Flyers,75,53,53.0,12.0,8.0,6.0,52.0,7.0,6.0,7.0
401724393,2025-01-28,2025,0,40,139,2670,Saint Louis Billikens,VCU Rams,78,69,43.0,39.0,4.0,17.0,67.0,26.0,15.0,8.0
401724831,2025-01-28,2025,0,40,97,154,Louisville Cardinals,Wake Forest Demon Deacons,72,59,59.0,21.0,10.0,9.0,56.0,8.0,10.0,15.0
401724832,2025-01-28,2025,0,40,87,59,Notre Dame Fighting Irish,Georgia Tech Yellow Jackets,71,68,53.0,16.0,8.0,10.0,55.0,11.0,6.0,8.0
401724833,2025-01-28,2025,0,40,221,153,Pittsburgh Panthers,North Carolina Tar Heels,73,65,55.0,20.0,6.0,6.0,59.0,9.0,10.0,14.0
401725559,2025-01-28,2025,0,40,58,242,South Florida Bulls,Rice Owls,69,64,60.0,26.0,13.0,8.0,55.0,19.0,12.0,19.0
401725695,2025-01-28,2025,0,40,38,9,Colorado Buffaloes,Arizona State Sun Devils,68,70,58.0,20.0,11.0,12.0,49.0,26.0,7.0,17.0
401725696,2025-01-28,2025,0,45,252,239,BYU Cougars,Baylor Bears,93,89,58.0,26.0,11.0,10.0,60.0,24.0,14.0,13.0
401725697,2025-01-28,2025,0,40,2305,2116,Kansas Jayhawks,UCF Knights,91,87,64.0,29.0,15.0,12.0,75.0,17.0,13.0,7.0
401725698,2025-01-28,2025,0,40,254,2132,Utah Utes,Cincinnati Bearcats,69,66,49.0,17.0,8.0,19.0,56.0,22.0,6.0,6.0
401706449,2025-01-29,2025,0,40,2382,2643,Mercer Bears,The Citadel Bulldogs,80,46,67.0,9.0,11.0,10.0,55.0,15.0,9.0,15.0
401706450,2025-01-29,2025,0,40,2430,2193,UNC Greensboro Spartans,East Tennessee State Buccaneers,70,65,52.0,12.0,13.0,11.0,57.0,20.0,16.0,6.0
401706451,2025-01-29,2025,0,40,231,2535,Furman Paladins,Samford Bulldogs,72,70,55.0,21.0,12.0,15.0,65.0,9.0,12.0,14.0
401706452,2025-01-29,2025,0,40,2717,236,Western Carolina Catamounts,Chattanooga Mocs,60,84,56.0,25.0,0.0,11.0,67.0,13.0,7.0,13.0
401706453,2025-01-29,2025,0,40,2747,2678,Wofford Terriers,VMI Keydets,67,74,58.0,18.0,16.0,14.0,50.0,23.0,7.0,10.0
401706531,2025-01-29,2025,0,40,233,2437,South Dakota Coyotes,Omaha Mavericks,91,87,64.0,31.0,11.0,8.0,66.0,20.0,17.0,16.0
401706532,2025-01-29,2025,0,40,2900,198,St. Thomas Tommies,Oral Roberts Golden Eagles,86,71,63.0,7.0,10.0,5.0,51.0,14.0,6.0,13.0
401706713,2025-01-29,2025,0,40,2541,2608,Santa Clara Broncos,Saint Mary's Gaels,54,67,51.0,11.0,8.0,13.0,62.0,12.0,17.0,12.0
401708356,2025-01-29,2025,0,40,99,2,LSU Tigers,Auburn Tigers,74,87,51.0,26.0,11.0,20.0,80.0,21.0,25.0,9.0
401708357,2025-01-29,2025,0,40,145,251,Ole Miss Rebels,Texas Longhorns,72,69,58.0,25.0,8.0,4.0,63.0,14.0,14.0,11.0
401711642,2025-01-29,2025,0,40,294,526,Jacksonville Dolphins,Florida Gulf Coast Eagles,79,83,62.0,16.0,12.0,7.0,58.0,18.0,12.0,15.0
401711695,2025-01-29,2025,0,40,2511,2453,Queens University Royals,North Alabama Lions,75,67,53.0,36.0,12.0,10.0,57.0,25.0,11.0,11.0
401711725,2025-01-29,2025,0,45,2454,56,North Florida Ospreys,Stetson Hatters,101,100,70.0,26.0,15.0,18.0,82.0,25.0,18.0,12.0
401714570,2025-01-29,2025,0,40,2572,2032,Southern Miss Golden Eagles,Arkansas State Red Wolves,68,81,56.0,23.0,9.0,14.0,64.0,25.0,14.0,10.0
401714571,2025-01-29,2025,0,40,2026,295,App State Mountaineers,Old Dominion Monarchs,77,78,59.0,17.0,9.0,9.0,57.0,19.0,10.0,10.0
401719123,2025-01-29,2025,0,40,41,305,UConn Huskies,DePaul Blue Demons,72,61,55.0,21.0,8.0,6.0,50.0,18.0,7.0,12.0
401719124,2025-01-29,2025,0,40,156,2752,Creighton Bluejays,Xavier Musketeers,86,77,57.0,19.0,11.0,13.0,66.0,17.0,14.0,8.0
401721389,2025-01-29,2025,0,40,120,275,Maryland Terrapins,Wisconsin Badgers,76,68,60.0,21.0,9.0,8.0,59.0,21.0,12.0,10.0
401721390,2025-01-29,2025,0,40,77,164,Northwestern Wildcats,Rutgers Scarlet Knights,72,79,59.0,18.0,11.0,10.0,49.0,25.0,5.0,8.0
401721880,2025-01-29,2025,0,40,322,44,Lafayette Leopards,American University Eagles,68,75,60.0,12.0,11.0,8.0,59.0,17.0,8.0,6.0
401721881,2025-01-29,2025,0,40,2329,2426,Lehigh Mountain Hawks,Navy Midshipmen,54,79,51.0,14.0,1.0,8.0,58.0,14.0,6.0,9.0
401721882,2025-01-29,2025,0,40,349,2142,Army Black Knights,Colgate Raiders,84,72,63.0,12.0,10.0,7.0,63.0,11.0,11.0,9.0
401721883,2025-01-29,2025,0,40,2083,2352,Bucknell Bison,Loyola Maryland Greyhounds,79,67,57.0,23.0,9.0,8.0,51.0,17.0,4.0,11.0
401721965,2025-01-29,2025,0,40,2110,2698,Central Arkansas Bears,West Georgia Wolves,75,70,58.0,13.0,12.0,15.0,63.0,20.0,17.0,13.0
401722398,2025-01-29,2025,0,40,328,2439,Utah State Aggies,UNLV Rebels,76,71,50.0,31.0,7.0,11.0,56.0,23.0,7.0,11.0
401722500,2025-01-29,2025,0,40,2287,2057,Illinois State Redbirds,Belmont Bruins,81,78,64.0,14.0,8.0,4.0,64.0,13.0,12.0,11.0
401722501,2025-01-29,2025,0,40,282,2623,Indiana State Sycamores,Missouri State Bears,72,67,47.0,32.0,14.0,15.0,53.0,16.0,11.0,17.0
401722502,2025-01-29,2025,0,40,339,93,Evansville Purple Aces,Murray State Racers,78,74,47.0,24.0,5.0,8.0,64.0,18.0,16.0,7.0
401722503,2025-01-29,2025,0,40,71,82,Bradley Braves,UIC Flames,70,93,60.0,9.0,6.0,15.0,64.0,12.0,6.0,7.0
401722504,2025-01-29,2025,0,40,2181,2460,Drake Bulldogs,Northern Iowa Panthers,66,52,44.0,21.0,10.0,13.0,47.0,7.0,10.0,14.0
401724394,2025-01-29,2025,0,40,2325,2230,La Salle Explorers,Fordham Rams,72,88,63.0,30.0,13.0,8.0,61.0,17.0,11.0,12.0
401724395,2025-01-29,2025,0,40,2603,2184,Saint Joseph's Hawks,Duquesne Dukes,76,72,47.0,35.0,11.0,16.0,66.0,13.0,13.0,10.0
401724396,2025-01-29,2025,0,45,2244,2350,George Mason Patriots,Loyola Chicago Ramblers,58,53,64.0,22.0,15.0,7.0,56.0,16.0,13.0,15.0
401724397,2025-01-29,2025,0,40,45,257,George Washington Revolutionaries,Richmond Spiders,75,66,49.0,26.0,12.0,14.0,54.0,8.0,4.0,11.0
401724398,2025-01-29,2025,0,40,227,113,Rhode Island Rams,Massachusetts Minutemen,88,82,53.0,27.0,7.0,15.0,72.0,24.0,19.0,14.0
401724556,2025-01-29,2025,0,40,344,333,Mississippi State Bulldogs,Alabama Crimson Tide,84,88,66.0,16.0,13.0,9.0,63.0,20.0,17.0,14.0
401724834,2025-01-29,2025,0,40,52,259,Florida State Seminoles,Virginia Tech Hokies,66,76,62.0,12.0,10.0,11.0,58.0,30.0,14.0,10.0
401724835,2025-01-29,2025,0,40,2390,258,Miami Hurricanes,Virginia Cavaliers,71,82,49.0,20.0,9.0,11.0,51.0,20.0,9.0,7.0
401724836,2025-01-29,2025,0,40,2567,25,SMU Mustangs,California Golden Bears,76,65,60.0,19.0,14.0,16.0,67.0,21.0,16.0,11.0
401724837,2025-01-29,2025,0,40,24,183,Stanford Cardinal,Syracuse Orange,70,61,54.0,19.0,7.0,9.0,49.0,14.0,5.0,14.0
401725560,2025-01-29,2025,0,40,2724,249,Wichita State Shockers,North Texas Mean Green,54,58,50.0,18.0,8.0,8.0,55.0,11.0,13.0,11.0
401725561,2025-01-29,2025,0,40,202,5,Tulsa Golden Hurricane,UAB Blazers,68,78,65.0,14.0,14.0,10.0,65.0,16.0,12.0,6.0
401725562,2025-01-29,2025,0,50,218,2429,Temple Owls,Charlotte 49ers,90,89,63.0,27.0,9.0,17.0,64.0,35.0,9.0,13.0
401725563,2025-01-29,2025,0,40,2226,2636,Florida Atlantic Owls,UTSA Roadrunners,94,74,61.0,18.0,14.0,10.0,60.0,18.0,11.0,8.0
401725699,2025-01-29,2025,0,40,2306,197,Kansas State Wildcats,Oklahoma State Cowboys,85,57,57.0,18.0,7.0,14.0,53.0,15.0,10.0,21.0
401725700,2025-01-29,2025,0,40,2641,2628,Texas Tech Red Raiders,TCU Horned Frogs,71,57,49.0,21.0,8.0,11.0,57.0,22.0,14.0,8.0
401725701,2025-01-29,2025,0,40,277,248,West Virginia Mountaineers,Houston Cougars,49,63,43.0,11.0,5.0,12.0,52.0,6.0,13.0,14.0
401727824,2025-01-29,2025,0,40,68,2440,Boise State Broncos,Nevada Wolf Pack,66,56,49.0,26.0,8.0,12.0,42.0,24.0,7.0,15.0
401727896,2025-01-29,2025,0,40,2908,2127,South Carolina Upstate Spartans,Charleston Southern Buccaneers,75,82,65.0,19.0,11.0,9.0,51.0,36.0,12.0,16.0
401727897,2025-01-29,2025,0,40,2241,2344,Gardner-Webb Runnin' Bulldogs,Longwood Lancers,92,87,56.0,29.0,9.0,13.0,66.0,21.0,9.0,9.0
401727898,2025-01-29,2025,0,40,2737,2506,Winthrop Eagles,Presbyterian Blue Hose,76,67,56.0,26.0,13.0,12.0,63.0,13.0,11.0,10.0
401727899,2025-01-29,2025,0,40,2427,2515,UNC Asheville Bulldogs,Radford Highlanders,72,65,55.0,14.0,11.0,11.0,62.0,18.0,19.0,10.0
401700210,2025-01-30,2025,0,40,55,2229,Jacksonville State Gamecocks,Florida International Panthers,71,67,55.0,21.0,9.0,12.0,58.0,14.0,13.0,15.0
401700211,2025-01-30,2025,0,40,338,2335,Kennesaw State Owls,Liberty Flames,68,76,69.0,13.0,18.0,12.0,56.0,12.0,2.0,8.0
401700212,2025-01-30,2025,0,40,2393,166,Middle Tennessee Blue Raiders,New Mexico State Aggies,57,61,53.0,8.0,8.0,15.0,62.0,12.0,13.0,10.0
401700213,2025-01-30,2025,0,40,98,2638,Western Kentucky Hilltoppers,UTEP Miners,78,74,54.0,16.0,4.0,18.0,56.0,24.0,8.0,17.0
401700333,2025-01-30,2025,0,40,2710,2197,Western Illinois Leathernecks,Eastern Illinois Panthers,59,71,50.0,17.0,5.0,12.0,60.0,18.0,12.0,7.0
401700334,2025-01-30,2025,0,40,2815,2565,Lindenwood Lions,SIU Edwardsville Cougars,65,63,52.0,30.0,12.0,17.0,63.0,18.0,17.0,15.0
401700335,2025-01-30,2025,0,40,2031,2634,Little Rock Trojans,Tennessee State Tigers,70,72,67.0,13.0,13.0,10.0,58.0,8.0,13.0,20.0
401700336,2025-01-30,2025,0,40,2413,2635,Morehead State Eagles,Tennessee Tech Golden Eagles,64,72,59.0,22.0,14.0,10.0,59.0,15.0,9.0,9.0
401700337,2025-01-30,2025,0,40,2546,2630,Southeast Missouri State Redhawks,UT Martin Skyhawks,90,79,52.0,22.0,3.0,9.0,55.0,34.0,11.0,11.0
401706533,2025-01-30,2025,0,40,2172,140,Denver Pioneers,Kansas City Roos,69,68,55.0,13.0,8.0,11.0,49.0,19.0,5.0,13.0
401706534,2025-01-30,2025,0,40,2449,2571,North Dakota State Bison,South Dakota State Jackrabbits,62,72,61.0,10.0,14.0,10.0,60.0,7.0,7.0,6.0
401706598,2025-01-30,2025,0,40,2856,2000,California Baptist Lancers,Abilene Christian Wildcats,83,60,56.0,20.0,11.0,12.0,48.0,23.0,10.0,16.0
401706599,2025-01-30,2025,0,40,2253,2547,Grand Canyon Lopes,Seattle U Redhawks,83,74,53.0,38.0,8.0,13.0,65.0,19.0,12.0,12.0
401706600,2025-01-30,2025,0,40,2627,3101,Tarleton State Texans,Utah Tech Trailblazers,61,54,46.0,28.0,12.0,16.0,42.0,24.0,9.0,18.0
401706601,2025-01-30,2025,0,40,250,253,UT Arlington Mavericks,Southern Utah Thunderbirds,70,68,63.0,18.0,15.0,6.0,56.0,10.0,9.0,13.0
401706714,2025-01-30,2025,0,40,279,265,Pacific Tigers,Washington State Cougars,70,68,59.0,10.0,11.0,12.0,47.0,16.0,6.0,15.0
401706715,2025-01-30,2025,0,40,2351,2501,Loyola Marymount Lions,Portland Pilots,88,63,60.0,21.0,8.0,8.0,60.0,20.0,14.0,14.0
401706716,2025-01-30,2025,0,40,301,2492,San Diego Toreros,Pepperdine Waves,90,98,61.0,28.0,3.0,11.0,59.0,39.0,7.0,12.0
401709988,2025-01-30,2025,0,45,299,300,Long Beach State Beach,UC Irvine Anteaters,75,80,71.0,10.0,14.0,9.0,63.0,13.0,10.0,11.0
401711606,2025-01-30,2025,0,45,2046,91,Austin Peay Governors,Bellarmine Knights,86,77,60.0,33.0,14.0,14.0,63.0,21.0,9.0,11.0
401711624,2025-01-30,2025,0,40,288,2198,Lipscomb Bisons,Eastern Kentucky Colonels,71,80,62.0,18.0,10.0,8.0,63.0,21.0,10.0,7.0
401714237,2025-01-30,2025,0,40,2261,111,Hampton Pirates,Northeastern Huskies,69,78,63.0,12.0,13.0,15.0,58.0,8.0,8.0,15.0
401714238,2025-01-30,2025,0,40,232,2619,Charleston Cougars,Stony Brook Seawolves,81,74,57.0,19.0,8.0,8.0,65.0,15.0,14.0,8.0
401714239,2025-01-30,2025,0,40,2210,2275,Elon Phoenix,Hofstra Pride,63,74,59.0,27.0,10.0,4.0,60.0,17.0,9.0,7.0
401714240,2025-01-30,2025,0,50,2405,2182,Monmouth Hawks,Drexel Dragons,104,97,68.0,37.0,15.0,9.0,81.0,23.0,23.0,13.0
401714241,2025-01-30,2025,0,40,48,119,Delaware Blue Hens,Towson Tigers,66,76,53.0,11.0,6.0,16.0,60.0,19.0,12.0,10.0
401714242,2025-01-30,2025,0,40,2097,2729,Campbell Fighting Camels,William & Mary Tribe,96,55,65.0,22.0,10.0,13.0,50.0,37.0,5.0,14.0
401714243,2025-01-30,2025,0,40,2448,350,North Carolina A&T Aggies,UNC Wilmington Seahawks,59,83,46.0,18.0,4.0,16.0,63.0,8.0,12.0,10.0
401714327,2025-01-30,2025,0,40,2934,13,Cal State Bakersfield Roadrunners,Cal Poly Mustangs,81,90,61.0,28.0,15.0,15.0,56.0,30.0,10.0,14.0
401714328,2025-01-30,2025,0,40,2540,2463,UC Santa Barbara Gauchos,Cal State Northridge Matadors,71,78,51.0,14.0,5.0,14.0,61.0,16.0,16.0,15.0
401714329,2025-01-30,2025,0,40,62,28,Hawai'i Rainbow Warriors,UC San Diego Tritons,63,74,42.0,18.0,4.0,17.0,50.0,23.0,5.0,9.0
401714330,2025-01-30,2025,0,40,27,302,UC Riverside Highlanders,UC Davis Aggies,60,58,52.0,12.0,9.0,12.0,58.0,6.0,12.0,10.0
401714426,2025-01-30,2025,0,40,2473,2739,Oakland Golden Grizzlies,Green Bay Phoenix,68,54,60.0,13.0,18.0,11.0,46.0,16.0,3.0,8.0
401714427,2025-01-30,2025,0,40,2174,94,Detroit Mercy Titans,Northern Kentucky Norse,68,57,53.0,19.0,8.0,14.0,63.0,19.0,13.0,9.0
401714428,2025-01-30,2025,0,40,2754,2750,Youngstown State Penguins,Wright State Raiders,88,86,61.0,27.0,8.0,11.0,57.0,14.0,5.0,18.0
401714429,2025-01-30,2025,0,40,2523,85,Robert Morris Colonials,IU Indianapolis Jaguars,106,53,71.0,25.0,19.0,8.0,55.0,21.0,7.0,13.0
401714430,2025-01-30,2025,0,40,2870,325,Purdue Fort Wayne Mastodons,Cleveland State Vikings,58,68,65.0,15.0,13.0,6.0,49.0,19.0,9.0,14.0
401714572,2025-01-30,2025,0,40,326,309,Texas State Bobcats,Louisiana Ragin' Cajuns,61,70,51.0,20.0,10.0,14.0,53.0,15.0,7.0,12.0
401714573,2025-01-30,2025,0,40,6,2433,South Alabama Jaguars,UL Monroe Warhawks,58,62,57.0,13.0,11.0,10.0,60.0,11.0,11.0,8.0
401714574,2025-01-30,2025,0,40,256,324,James Madison Dukes,Coastal Carolina Chanticleers,73,64,59.0,22.0,11.0,2.0,47.0,23.0,5.0,5.0
401714575,2025-01-30,2025,0,40,2653,290,Troy Trojans,Georgia Southern Eagles,81,74,52.0,34.0,10.0,8.0,63.0,12.0,17.0,15.0
401714576,2025-01-30,2025,0,40,276,2247,Marshall Thundering Herd,Georgia State Panthers,81,85,66.0,7.0,10.0,13.0,55.0,9.0,5.0,18.0
401718483,2025-01-30,2025,0,40,304,331,Idaho State Bengals,Eastern Washington Eagles,78,70,53.0,21.0,11.0,15.0,56.0,17.0,5.0,12.0
401719664,2025-01-30,2025,0,40,149,2502,Montana Grizzlies,Portland State Vikings,92,78,55.0,14.0,4.0,9.0,56.0,16.0,6.0,8.0
401720550,2025-01-30,2025,0,40,2692,70,Weber State Wildcats,Idaho Vandals,74,82,53.0,24.0,8.0,10.0,50.0,29.0,10.0,12.0
401720827,2025-01-30,2025,0,40,2066,261,Binghamton Bearcats,Vermont Catamounts,75,72,46.0,26.0,2.0,11.0,53.0,26.0,6.0,9.0
401720828,2025-01-30,2025,0,40,2378,2803,UMBC Retrievers,Bryant Bulldogs,86,92,58.0,29.0,7.0,11.0,76.0,15.0,17.0,9.0
401720829,2025-01-30,2025,0,40,311,160,Maine Black Bears,New Hampshire Wildcats,71,46,47.0,23.0,5.0,9.0,57.0,11.0,12.0,13.0
401720830,2025-01-30,2025,0,40,2885,2349,NJIT Highlanders,UMass Lowell River Hawks,83,62,70.0,14.0,15.0,3.0,57.0,16.0,11.0,10.0
401720928,2025-01-30,2025,0,40,147,16,Montana State Bobcats,Sacramento State Hornets,70,58,49.0,26.0,4.0,8.0,57.0,12.0,10.0,15.0
401721099,2025-01-30,2025,0,40,112358,2115,Long Island University Sharks,Central Connecticut Blue Devils,50,63,57.0,6.0,11.0,17.0,57.0,16.0,11.0,13.0
401721143,2025-01-30,2025,0,40,161,2330,Fairleigh Dickinson Knights,Le Moyne Dolphins,78,74,57.0,24.0,14.0,12.0,55.0,20.0,12.0,13.0
401721185,2025-01-30,2025,0,40,2385,2598,Mercyhurst Lakers,Saint Francis Red Wolves,62,58,57.0,17.0,7.0,9.0,54.0,17.0,8.0,13.0
401721391,2025-01-30,2025,0,45,158,356,Nebraska Cornhuskers,Illinois Fighting Illini,80,74,78.0,18.0,13.0,6.0,73.0,18.0,20.0,17.0
401721392,2025-01-30,2025,0,40,213,194,Penn State Nittany Lions,Ohio State Buckeyes,64,83,46.0,29.0,4.0,9.0,62.0,23.0,13.0,10.0
401721393,2025-01-30,2025,0,40,26,2483,UCLA Bruins,Oregon Ducks,78,52,54.0,12.0,7.0,8.0,51.0,10.0,9.0,13.0
401722019,2025-01-30,2025,0,40,284,2681,Stonehill Skyhawks,Wagner Seahawks,73,61,45.0,22.0,4.0,8.0,54.0,9.0,8.0,9.0
401725564,2025-01-30,2025,0,40,2655,235,Tulane Green Wave,Memphis Tigers,56,68,58.0,17.0,13.0,12.0,58.0,10.0,8.0,11.0
401706235,2025-01-31,2025,0,40,2099,315,Canisius Golden Griffins,Niagara Purple Eagles,63,64,44.0,17.0,4.0,16.0,47.0,15.0,5.0,15.0
401706236,2025-01-31,2025,0,40,2520,2612,Rider Broncs,Saint Peter's Peacocks,67,64,51.0,13.0,7.0,11.0,52.0,17.0,14.0,12.0
401706237,2025-01-31,2025,0,40,2368,2561,Marist Red Foxes,Siena Saints,72,67,62.0,13.0,14.0,7.0,55.0,18.0,6.0,9.0
401706238,2025-01-31,2025,0,40,2771,116,Merrimack Warriors,Mount St. Mary's Mountaineers,58,66,57.0,15.0,9.0,6.0,43.0,18.0,10.0,19.0
401706239,2025-01-31,2025,0,40,2514,2217,Quinnipiac Bobcats,Fairfield Stags,81,69,57.0,26.0,7.0,11.0,65.0,18.0,7.0,6.0
401706349,2025-01-31,2025,0,40,2309,2006,Kent State Golden Flashes,Akron Zips,71,85,63.0,25.0,8.0,6.0,61.0,22.0,11.0,12.0
401719125,2025-01-31,2025,0,40,46,2086,Georgetown Hoyas,Butler Bulldogs,73,70,63.0,13.0,9.0,6.0,56.0,12.0,8.0,13.0
401720958,2025-01-31,2025,0,40,172,159,Cornell Big Red,Dartmouth Big Green,76,64,64.0,13.0,13.0,11.0,60.0,18.0,11.0,12.0
401721394,2025-01-31,2025,0,40,2509,84,Purdue Boilermakers,Indiana Hoosiers,81,76,55.0,28.0,10.0,10.0,53.0,16.0,12.0,20.0
401721730,2025-01-31,2025,0,40,163,43,Princeton Tigers,Yale Bulldogs,70,77,69.0,9.0,17.0,9.0,54.0,8.0,10.0,17.0
401721731,2025-01-31,2025,0,40,171,108,Columbia Lions,Harvard Crimson,82,90,62.0,19.0,10.0,19.0,59.0,20.0,5.0,15.0
401721732,2025-01-31,2025,0,40,219,225,Pennsylvania Quakers,Brown Bears,79,88,62.0,19.0,9.0,6.0,58.0,19.0,9.0,11.0
401724399,2025-01-31,2025,0,40,139,2168,Saint Louis Billikens,Dayton Flyers,63,71,49.0,11.0,6.0,19.0,58.0,16.0,11.0,12.0
401727293,2025-01-31,2025,0,40,2363,314,Manhattan Jaspers,Iona Gaels,76,55,59.0,13.0,11.0,12.0,62.0,6.0,13.0,13.0
401700214,2025-02-01,2025,0,40,338,2229,Kennesaw State Owls,Florida International Panthers,73,67,55.0,23.0,9.0,18.0,52.0,27.0,11.0,18.0
401700215,2025-02-01,2025,0,40,55,2335,Jacksonville State Gamecocks,Liberty Flames,72,61,57.0,14.0,7.0,7.0,59.0,7.0,6.0,8.0
401700216,2025-02-01,2025,0,45,2348,2534,Louisiana Tech Bulldogs,Sam Houston Bearkats,66,61,61.0,18.0,9.0,12.0,59.0,16.0,8.0,14.0
401700217,2025-02-01,2025,0,40,98,166,Western Kentucky Hilltoppers,New Mexico State Aggies,101,69,67.0,7.0,9.0,10.0,56.0,16.0,6.0,12.0
401700218,2025-02-01,2025,0,40,2393,2638,Middle Tennessee Blue Raiders,UTEP Miners,71,68,55.0,24.0,13.0,12.0,64.0,6.0,11.0,10.0
401700338,2025-02-01,2025,0,40,2815,2197,Lindenwood Lions,Eastern Illinois Panthers,70,76,63.0,25.0,15.0,11.0,61.0,25.0,16.0,13.0
401700339,2025-02-01,2025,0,40,2031,2630,Little Rock Trojans,UT Martin Skyhawks,75,57,61.0,5.0,11.0,15.0,56.0,11.0,13.0,19.0
401700340,2025-02-01,2025,0,45,2546,2634,Southeast Missouri State Redhawks,Tennessee State Tigers,89,87,57.0,30.0,9.0,13.0,62.0,26.0,6.0,14.0
401700341,2025-02-01,2025,0,40,2710,2565,Western Illinois Leathernecks,SIU Edwardsville Cougars,65,69,64.0,14.0,17.0,9.0,62.0,17.0,15.0,7.0
401700342,2025-02-01,2025,0,40,88,2635,Southern Indiana Screaming Eagles,Tennessee Tech Golden Eagles,65,78,67.0,12.0,11.0,8.0,64.0,20.0,14.0,10.0
401706350,2025-02-01,2025,0,40,2084,2050,Buffalo Bulls,Ball State Cardinals,76,89,65.0,19.0,13.0,10.0,63.0,35.0,17.0,9.0
401706351,2025-02-01,2025,0,40,2117,189,Central Michigan Chippewas,Bowling Green Falcons,90,71,55.0,22.0,9.0,7.0,56.0,20.0,9.0,10.0
401706352,2025-02-01,2025,0,40,2711,2199,Western Michigan Broncos,Eastern Michigan Eagles,61,54,57.0,17.0,14.0,13.0,52.0,19.0,13.0,15.0
401706353,2025-02-01,2025,0,40,2649,2459,Toledo Rockets,Northern Illinois Huskies,89,85,65.0,38.0,14.0,6.0,69.0,13.0,5.0,5.0
401706354,2025-02-01,2025,0,40,193,195,Miami (OH) RedHawks,Ohio Bobcats,73,69,59.0,21.0,11.0,13.0,57.0,26.0,10.0,12.0
401706454,2025-02-01,2025,0,40,2643,2535,The Citadel Bulldogs,Samford Bulldogs,58,83,48.0,27.0,9.0,13.0,55.0,10.0,9.0,17.0
401706456,2025-02-01,2025,0,40,236,2382,Chattanooga Mocs,Mercer Bears,93,84,60.0,36.0,8.0,8.0,65.0,25.0,13.0,10.0
401706457,2025-02-01,2025,0,40,2430,2747,UNC Greensboro Spartans,Wofford Terriers,62,74,59.0,16.0,16.0,12.0,54.0,20.0,9.0,9.0
401706458,2025-02-01,2025,0,45,2717,2678,Western Carolina Catamounts,VMI Keydets,76,80,66.0,11.0,10.0,14.0,61.0,22.0,5.0,9.0
401706535,2025-02-01,2025,0,40,2437,2172,Omaha Mavericks,Denver Pioneers,78,69,47.0,34.0,8.0,14.0,62.0,10.0,8.0,8.0
401706536,2025-02-01,2025,0,40,198,140,Oral Roberts Golden Eagles,Kansas City Roos,73,67,50.0,28.0,10.0,12.0,60.0,18.0,18.0,11.0
401706538,2025-02-01,2025,0,40,155,2571,North Dakota Fighting Hawks,South Dakota State Jackrabbits,80,75,58.0,9.0,3.0,6.0,65.0,13.0,19.0,15.0
401706602,2025-02-01,2025,0,40,2253,3084,Grand Canyon Lopes,Utah Valley Wolverines,75,57,63.0,13.0,12.0,14.0,64.0,15.0,13.0,13.0
401706603,2025-02-01,2025,0,40,250,3101,UT Arlington Mavericks,Utah Tech Trailblazers,73,71,49.0,27.0,8.0,7.0,67.0,6.0,17.0,7.0
401706604,2025-02-01,2025,0,40,2627,253,Tarleton State Texans,Southern Utah Thunderbirds,75,58,51.0,20.0,6.0,17.0,43.0,24.0,6.0,19.0
401706717,2025-02-01,2025,0,40,2608,2250,Saint Mary's Gaels,Gonzaga Bulldogs,62,58,55.0,22.0,14.0,11.0,55.0,13.0,10.0,9.0
401706718,2025-02-01,2025,0,40,2539,265,San Francisco Dons,Washington State Cougars,75,51,58.0,26.0,14.0,12.0,48.0,17.0,7.0,18.0
401706719,2025-02-01,2025,0,40,2492,2501,Pepperdine Waves,Portland Pilots,64,84,64.0,16.0,12.0,8.0,54.0,15.0,6.0,12.0
401706720,2025-02-01,2025,0,40,2541,279,Santa Clara Broncos,Pacific Tigers,83,49,56.0,14.0,8.0,10.0,54.0,11.0,9.0,15.0
401706721,2025-02-01,2025,0,40,301,2351,San Diego Toreros,Loyola Marymount Lions,62,78,69.0,25.0,18.0,12.0,55.0,35.0,7.0,9.0
401708360,2025-02-01,2025,0,40,333,61,Alabama Crimson Tide,Georgia Bulldogs,90,69,57.0,23.0,9.0,20.0,76.0,23.0,16.0,6.0
401708361,2025-02-01,2025,0,40,96,8,Kentucky Wildcats,Arkansas Razorbacks,79,89,62.0,18.0,9.0,13.0,58.0,16.0,4.0,7.0
401708362,2025-02-01,2025,0,40,99,251,LSU Tigers,Texas Longhorns,58,89,51.0,15.0,4.0,15.0,64.0,9.0,10.0,7.0
401708363,2025-02-01,2025,0,40,145,2,Ole Miss Rebels,Auburn Tigers,82,92,56.0,35.0,11.0,9.0,62.0,23.0,15.0,12.0
401708364,2025-02-01,2025,0,40,344,142,Mississippi State Bulldogs,Missouri Tigers,61,88,55.0,20.0,11.0,11.0,60.0,10.0,10.0,11.0
401708365,2025-02-01,2025,0,40,2579,245,South Carolina Gamecocks,Texas A&M Aggies,72,76,56.0,12.0,8.0,12.0,49.0,30.0,9.0,10.0
401708366,2025-02-01,2025,0,40,2633,57,Tennessee Volunteers,Florida Gators,64,44,60.0,15.0,12.0,7.0,53.0,19.0,10.0,13.0
401708367,2025-02-01,2025,0,40,201,238,Oklahoma Sooners,Vanderbilt Commodores,97,67,57.0,22.0,10.0,17.0,62.0,14.0,9.0,15.0
401709989,2025-02-01,2025,0,40,2540,299,UC Santa Barbara Gauchos,Long Beach State Beach,85,54,56.0,18.0,11.0,13.0,53.0,22.0,9.0,13.0
401711607,2025-02-01,2025,0,40,2198,2046,Eastern Kentucky Colonels,Austin Peay Governors,88,82,67.0,13.0,14.0,4.0,65.0,13.0,11.0,4.0
401711643,2025-02-01,2025,0,40,526,56,Florida Gulf Coast Eagles,Stetson Hatters,82,56,65.0,6.0,11.0,5.0,51.0,14.0,6.0,11.0
401711658,2025-02-01,2025,0,40,294,2454,Jacksonville Dolphins,North Florida Ospreys,78,81,73.0,22.0,18.0,11.0,64.0,13.0,12.0,16.0
401711673,2025-02-01,2025,0,40,288,91,Lipscomb Bisons,Bellarmine Knights,87,80,46.0,33.0,4.0,9.0,56.0,9.0,3.0,13.0
401711696,2025-02-01,2025,0,40,2453,2110,North Alabama Lions,Central Arkansas Bears,94,65,64.0,13.0,10.0,4.0,53.0,13.0,11.0,15.0
401711717,2025-02-01,2025,0,40,2511,2698,Queens University Royals,West Georgia Wolves,87,68,57.0,14.0,6.0,13.0,61.0,16.0,8.0,8.0
401714244,2025-02-01,2025,0,40,2210,111,Elon Phoenix,Northeastern Huskies,71,60,55.0,23.0,18.0,14.0,54.0,17.0,11.0,12.0
401714245,2025-02-01,2025,0,40,350,2619,UNC Wilmington Seahawks,Stony Brook Seawolves,80,70,44.0,27.0,3.0,12.0,57.0,20.0,9.0,10.0
401714246,2025-02-01,2025,0,40,2097,2275,Campbell Fighting Camels,Hofstra Pride,75,52,53.0,10.0,3.0,6.0,49.0,8.0,3.0,12.0
401714247,2025-02-01,2025,0,40,119,2182,Towson Tigers,Drexel Dragons,55,54,57.0,10.0,11.0,3.0,47.0,9.0,9.0,12.0
401714248,2025-02-01,2025,0,40,2405,48,Monmouth Hawks,Delaware Blue Hens,92,83,58.0,28.0,8.0,7.0,64.0,25.0,14.0,7.0
401714371,2025-02-01,2025,0,40,27,13,UC Riverside Highlanders,Cal Poly Mustangs,80,62,72.0,9.0,20.0,11.0,53.0,21.0,10.0,14.0
401714372,2025-02-01,2025,0,40,62,2239,Hawai'i Rainbow Warriors,Cal State Fullerton Titans,82,57,70.0,14.0,16.0,12.0,52.0,26.0,8.0,13.0
401714373,2025-02-01,2025,0,40,2463,2934,Cal State Northridge Matadors,Cal State Bakersfield Roadrunners,88,62,61.0,25.0,11.0,13.0,56.0,24.0,12.0,18.0
401714374,2025-02-01,2025,0,40,300,302,UC Irvine Anteaters,UC Davis Aggies,73,66,53.0,20.0,9.0,15.0,60.0,15.0,13.0,17.0
401714431,2025-02-01,2025,0,40,2174,2739,Detroit Mercy Titans,Green Bay Phoenix,67,57,57.0,14.0,6.0,6.0,55.0,12.0,7.0,11.0
401714432,2025-02-01,2025,0,40,2473,94,Oakland Golden Grizzlies,Northern Kentucky Norse,75,84,51.0,20.0,7.0,15.0,61.0,20.0,10.0,11.0
401714433,2025-02-01,2025,0,40,2754,85,Youngstown State Penguins,IU Indianapolis Jaguars,79,84,71.0,9.0,16.0,8.0,61.0,22.0,11.0,6.0
401714577,2025-02-01,2025,0,40,326,2032,Texas State Bobcats,Arkansas State Red Wolves,74,85,61.0,15.0,9.0,9.0,54.0,20.0,10.0,15.0
401714578,2025-02-01,2025,0,40,2653,2433,Troy Trojans,UL Monroe Warhawks,87,50,63.0,16.0,14.0,6.0,49.0,15.0,6.0,14.0
401714579,2025-02-01,2025,0,45,309,6,Louisiana Ragin' Cajuns,South Alabama Jaguars,58,62,55.0,13.0,8.0,17.0,55.0,25.0,12.0,11.0
401714580,2025-02-01,2025,0,40,276,324,Marshall Thundering Herd,Coastal Carolina Chanticleers,67,62,60.0,19.0,14.0,6.0,50.0,9.0,9.0,15.0
401714581,2025-02-01,2025,0,40,2572,290,Southern Miss Golden Eagles,Georgia Southern Eagles,72,68,57.0,21.0,8.0,15.0,64.0,12.0,12.0,17.0
401714582,2025-02-01,2025,0,40,2026,2247,App State Mountaineers,Georgia State Panthers,80,76,57.0,21.0,8.0,9.0,66.0,11.0,9.0,8.0
401714583,2025-02-01,2025,0,40,256,295,James Madison Dukes,Old Dominion Monarchs,68,54,60.0,11.0,13.0,9.0,53.0,14.0,8.0,11.0
401715972,2025-02-01,2025,0,40,2916,2277,Incarnate Word Cardinals,Houston Christian Huskies,74,64,60.0,11.0,12.0,7.0,47.0,12.0,3.0,11.0
401716074,2025-02-01,2025,0,40,2545,2443,SE Louisiana Lions,LSU New Orleans Privateers,76,68,59.0,22.0,8.0,13.0,64.0,24.0,11.0,10.0
401718484,2025-02-01,2025,0,40,2692,331,Weber State Wildcats,Eastern Washington Eagles,49,72,55.0,22.0,7.0,14.0,56.0,24.0,8.0,13.0
401719126,2025-02-01,2025,0,40,222,156,Villanova Wildcats,Creighton Bluejays,60,62,58.0,12.0,3.0,6.0,51.0,14.0,7.0,18.0
401719127,2025-02-01,2025,0,40,2599,2507,St. John's Red Storm,Providence Friars,68,66,68.0,14.0,11.0,9.0,56.0,9.0,9.0,20.0
401719128,2025-02-01,2025,0,40,269,41,Marquette Golden Eagles,UConn Huskies,69,77,63.0,22.0,17.0,8.0,42.0,19.0,9.0,25.0
401719385,2025-02-01,2025,0,40,2458,2464,Northern Colorado Bears,Northern Arizona Lumberjacks,87,69,56.0,21.0,2.0,6.0,62.0,24.0,13.0,8.0
401719665,2025-02-01,2025,0,40,147,2502,Montana State Bobcats,Portland State Vikings,74,73,51.0,18.0,11.0,17.0,63.0,17.0,17.0,13.0
401720654,2025-02-01,2025,0,40,304,70,Idaho State Bengals,Idaho Vandals,87,71,53.0,22.0,9.0,6.0,52.0,20.0,6.0,7.0
401720678,2025-02-01,2025,0,40,2617,2320,Stephen F. Austin Lumberjacks,Lamar Cardinals,62,67,60.0,11.0,14.0,17.0,56.0,17.0,12.0,15.0
401720721,2025-02-01,2025,0,40,2447,2377,Nicholls Colonels,McNeese Cowboys,71,63,50.0,14.0,4.0,13.0,50.0,20.0,8.0,15.0
401720760,2025-02-01,2025,0,40,292,357,UT Rio Grande Valley Vaqueros,Texas A&M-Corpus Christi Islanders,83,73,62.0,23.0,10.0,13.0,59.0,16.0,8.0,18.0
401720831,2025-02-01,2025,0,40,399,2066,UAlbany Great Danes,Binghamton Bearcats,61,65,61.0,7.0,7.0,12.0,47.0,21.0,8.0,19.0
401720832,2025-02-01,2025,0,40,2885,2803,NJIT Highlanders,Bryant Bulldogs,70,92,67.0,13.0,9.0,8.0,64.0,26.0,10.0,6.0
401720833,2025-02-01,2025,0,40,261,311,Vermont Catamounts,Maine Black Bears,55,49,52.0,13.0,10.0,11.0,52.0,7.0,5.0,9.0
401720834,2025-02-01,2025,0,40,2378,2349,UMBC Retrievers,UMass Lowell River Hawks,67,83,54.0,12.0,6.0,16.0,59.0,15.0,10.0,13.0
401720929,2025-02-01,2025,0,40,149,16,Montana Grizzlies,Sacramento State Hornets,87,59,57.0,11.0,8.0,8.0,54.0,19.0,10.0,9.0
401720959,2025-02-01,2025,0,40,171,159,Columbia Lions,Dartmouth Big Green,89,95,77.0,23.0,12.0,4.0,52.0,23.0,1.0,16.0
401721100,2025-02-01,2025,0,40,284,2115,Stonehill Skyhawks,Central Connecticut Blue Devils,63,71,54.0,5.0,4.0,19.0,56.0,17.0,5.0,13.0
401721122,2025-02-01,2025,0,45,2130,112358,Chicago State Cougars,Long Island University Sharks,73,67,56.0,31.0,12.0,11.0,64.0,18.0,14.0,14.0
401721144,2025-02-01,2025,0,40,161,2385,Fairleigh Dickinson Knights,Mercyhurst Lakers,60,67,48.0,15.0,6.0,15.0,52.0,21.0,7.0,10.0
401721163,2025-02-01,2025,0,40,2681,2330,Wagner Seahawks,Le Moyne Dolphins,73,61,37.0,25.0,5.0,16.0,42.0,26.0,4.0,12.0
401721242,2025-02-01,2025,0,40,50,2010,Florida A&M Rattlers,Alabama A&M Bulldogs,95,79,57.0,26.0,12.0,12.0,60.0,30.0,18.0,12.0
401721293,2025-02-01,2025,0,40,2582,2016,Southern Jaguars,Alcorn State Braves,74,69,52.0,35.0,7.0,9.0,58.0,18.0,9.0,15.0
401721395,2025-02-01,2025,0,40,135,264,Minnesota Golden Gophers,Washington Huskies,68,71,44.0,24.0,5.0,15.0,55.0,21.0,13.0,14.0
401721396,2025-02-01,2025,0,40,77,275,Northwestern Wildcats,Wisconsin Badgers,69,75,59.0,9.0,7.0,5.0,53.0,21.0,11.0,10.0
401721397,2025-02-01,2025,0,40,164,130,Rutgers Scarlet Knights,Michigan Wolverines,63,66,67.0,13.0,15.0,12.0,46.0,21.0,5.0,17.0
401721398,2025-02-01,2025,0,40,30,127,USC Trojans,Michigan State Spartans,70,64,57.0,19.0,10.0,11.0,57.0,19.0,11.0,13.0
401721733,2025-02-01,2025,0,40,219,43,Pennsylvania Quakers,Yale Bulldogs,61,90,66.0,11.0,10.0,9.0,56.0,22.0,6.0,11.0
401721734,2025-02-01,2025,0,40,172,108,Cornell Big Red,Harvard Crimson,75,60,49.0,16.0,5.0,12.0,55.0,10.0,6.0,9.0
401721735,2025-02-01,2025,0,40,163,225,Princeton Tigers,Brown Bears,69,49,54.0,11.0,5.0,10.0,48.0,16.0,4.0,13.0
401721884,2025-02-01,2025,0,40,2352,104,Loyola Maryland Greyhounds,Boston University Terriers,69,67,49.0,20.0,4.0,14.0,63.0,18.0,12.0,10.0
401721885,2025-02-01,2025,0,40,107,2329,Holy Cross Crusaders,Lehigh Mountain Hawks,67,69,62.0,8.0,13.0,12.0,56.0,20.0,9.0,7.0
401721886,2025-02-01,2025,0,40,44,349,American University Eagles,Army Black Knights,71,68,53.0,16.0,14.0,15.0,61.0,14.0,13.0,7.0
401721887,2025-02-01,2025,0,40,2142,322,Colgate Raiders,Lafayette Leopards,61,76,56.0,7.0,12.0,15.0,52.0,23.0,8.0,9.0
401721888,2025-02-01,2025,0,40,2426,2083,Navy Midshipmen,Bucknell Bison,75,85,64.0,20.0,10.0,7.0,51.0,27.0,7.0,15.0
401722045,2025-02-01,2025,0,40,2065,2011,Bethune-Cookman Wildcats,Alabama State Hornets,67,64,53.0,35.0,10.0,13.0,57.0,21.0,6.0,10.0
401722074,2025-02-01,2025,0,40,2755,2296,Grambling Tigers,Jackson State Tigers,50,65,59.0,11.0,14.0,13.0,58.0,14.0,11.0,8.0
401722113,2025-02-01,2025,0,40,2029,2400,Arkansas-Pine Bluff Golden Lions,Mississippi Valley State Delta Devils,76,79,64.0,26.0,14.0,8.0,47.0,33.0,8.0,12.0
401722128,2025-02-01,2025,0,40,2640,2504,Texas Southern Tigers,Prairie View A&M Panthers,79,63,60.0,24.0,14.0,9.0,64.0,22.0,21.0,11.0
401722164,2025-02-01,2025,0,40,23,2005,San José State Spartans,Air Force Falcons,75,64,52.0,22.0,8.0,11.0,60.0,17.0,17.0,13.0
401722249,2025-02-01,2025,0,40,2440,2439,Nevada Wolf Pack,UNLV Rebels,71,65,48.0,27.0,3.0,10.0,46.0,24.0,4.0,15.0
401722355,2025-02-01,2025,0,40,21,2751,San Diego State Aztecs,Wyoming Cowboys,63,61,49.0,28.0,10.0,12.0,52.0,22.0,10.0,12.0
401722399,2025-02-01,2025,0,40,328,167,Utah State Aggies,New Mexico Lobos,63,82,64.0,23.0,10.0,9.0,58.0,27.0,12.0,15.0
401722505,2025-02-01,2025,0,40,79,2181,Southern Illinois Salukis,Drake Bulldogs,65,75,45.0,19.0,9.0,16.0,46.0,28.0,10.0,12.0
401722506,2025-02-01,2025,0,40,82,282,UIC Flames,Indiana State Sycamores,83,88,70.0,19.0,11.0,6.0,63.0,29.0,16.0,17.0
401722507,2025-02-01,2025,0,40,2623,93,Missouri State Bears,Murray State Racers,77,56,48.0,17.0,8.0,20.0,51.0,22.0,10.0,17.0
401722508,2025-02-01,2025,0,40,2287,2674,Illinois State Redbirds,Valparaiso Beacons,86,78,58.0,12.0,6.0,5.0,58.0,13.0,10.0,9.0
401723698,2025-02-01,2025,0,40,2154,2169,Coppin State Eagles,Delaware State Hornets,61,84,61.0,21.0,12.0,16.0,65.0,13.0,11.0,17.0
401723731,2025-02-01,2025,0,40,2415,2379,Morgan State Bears,Maryland Eastern Shore Hawks,76,63,53.0,28.0,10.0,12.0,56.0,19.0,11.0,14.0
401723773,2025-02-01,2025,0,45,2450,2569,Norfolk State Spartans,South Carolina State Bulldogs,67,65,55.0,28.0,13.0,18.0,64.0,25.0,20.0,18.0
401724400,2025-02-01,2025,0,40,179,2230,St. Bonaventure Bonnies,Fordham Rams,74,72,52.0,19.0,8.0,8.0,57.0,12.0,8.0,9.0
401724401,2025-02-01,2025,0,40,2325,45,La Salle Explorers,George Washington Revolutionaries,73,67,65.0,15.0,20.0,9.0,58.0,11.0,13.0,11.0
401724402,2025-02-01,2025,0,40,2166,2244,Davidson Wildcats,George Mason Patriots,60,64,59.0,11.0,10.0,10.0,50.0,11.0,8.0,13.0
401724403,2025-02-01,2025,0,40,2184,113,Duquesne Dukes,Massachusetts Minutemen,53,62,60.0,22.0,12.0,11.0,58.0,19.0,13.0,18.0
401724404,2025-02-01,2025,0,40,2350,2603,Loyola Chicago Ramblers,Saint Joseph's Hawks,58,55,52.0,11.0,6.0,17.0,55.0,24.0,15.0,13.0
401724405,2025-02-01,2025,0,40,2670,257,VCU Rams,Richmond Spiders,90,49,51.0,8.0,5.0,9.0,46.0,16.0,9.0,15.0
401724838,2025-02-01,2025,0,40,154,221,Wake Forest Demon Deacons,Pittsburgh Panthers,76,74,46.0,22.0,3.0,11.0,56.0,20.0,8.0,8.0
401724839,2025-02-01,2025,0,40,152,228,NC State Wolfpack,Clemson Tigers,58,68,60.0,6.0,13.0,12.0,54.0,12.0,4.0,5.0
401724840,2025-02-01,2025,0,40,103,52,Boston College Eagles,Florida State Seminoles,77,76,66.0,22.0,13.0,8.0,52.0,39.0,10.0,12.0
401724841,2025-02-01,2025,0,40,59,97,Georgia Tech Yellow Jackets,Louisville Cardinals,77,70,63.0,17.0,8.0,9.0,55.0,19.0,7.0,14.0
401724842,2025-02-01,2025,0,40,258,259,Virginia Cavaliers,Virginia Tech Hokies,74,75,54.0,18.0,6.0,4.0,48.0,23.0,6.0,7.0
401724843,2025-02-01,2025,0,40,2567,24,SMU Mustangs,Stanford Cardinal,85,61,58.0,18.0,7.0,10.0,69.0,10.0,19.0,14.0
401724844,2025-02-01,2025,0,40,150,153,Duke Blue Devils,North Carolina Tar Heels,87,70,53.0,25.0,7.0,8.0,55.0,14.0,12.0,14.0
401724845,2025-02-01,2025,0,40,2390,87,Miami Hurricanes,Notre Dame Fighting Irish,63,57,50.0,17.0,8.0,6.0,54.0,9.0,11.0,12.0
401724846,2025-02-01,2025,0,40,25,183,California Golden Bears,Syracuse Orange,66,75,63.0,30.0,17.0,6.0,54.0,20.0,11.0,13.0
401725565,2025-02-01,2025,0,45,218,151,Temple Owls,East Carolina Pirates,98,94,55.0,32.0,2.0,8.0,70.0,29.0,15.0,12.0
401725566,2025-02-01,2025,0,40,5,2429,UAB Blazers,Charlotte 49ers,96,78,70.0,17.0,15.0,4.0,54.0,24.0,5.0,5.0
401725567,2025-02-01,2025,0,40,249,2636,North Texas Mean Green,UTSA Roadrunners,50,54,47.0,13.0,9.0,16.0,44.0,16.0,3.0,10.0
401725702,2025-02-01,2025,0,40,9,12,Arizona State Sun Devils,Arizona Wildcats,72,81,68.0,14.0,11.0,11.0,70.0,22.0,18.0,13.0
401725703,2025-02-01,2025,0,40,2116,252,UCF Knights,BYU Cougars,75,81,62.0,25.0,8.0,10.0,58.0,19.0,6.0,17.0
401725704,2025-02-01,2025,0,40,197,254,Oklahoma State Cowboys,Utah Utes,81,72,47.0,36.0,8.0,10.0,55.0,30.0,13.0,11.0
401725705,2025-02-01,2025,0,40,239,2305,Baylor Bears,Kansas Jayhawks,81,70,58.0,28.0,11.0,17.0,57.0,19.0,5.0,14.0
401725706,2025-02-01,2025,0,40,66,2306,Iowa State Cyclones,Kansas State Wildcats,61,80,52.0,19.0,11.0,18.0,58.0,21.0,14.0,18.0
401725707,2025-02-01,2025,0,45,248,2641,Houston Cougars,Texas Tech Red Raiders,81,82,64.0,27.0,16.0,12.0,54.0,34.0,14.0,13.0
401726461,2025-02-01,2025,0,40,2837,2466,East Texas A&M Lions,Northwestern State Demons,72,50,54.0,8.0,6.0,13.0,59.0,15.0,19.0,18.0
401727152,2025-02-01,2025,0,40,68,278,Boise State Broncos,Fresno State Bulldogs,82,60,62.0,12.0,11.0,11.0,55.0,17.0,8.0,13.0
401727900,2025-02-01,2025,0,40,2127,2344,Charleston Southern Buccaneers,Longwood Lancers,89,85,48.0,28.0,6.0,15.0,57.0,29.0,9.0,9.0
401727901,2025-02-01,2025,0,40,2737,2241,Winthrop Eagles,Gardner-Webb Runnin' Bulldogs,96,93,59.0,40.0,9.0,10.0,59.0,23.0,9.0,14.0
401727902,2025-02-01,2025,0,40,2506,2272,Presbyterian Blue Hose,High Point Panthers,72,84,62.0,18.0,17.0,6.0,48.0,25.0,9.0,11.0
401727903,2025-02-01,2025,0,40,2515,2908,Radford Highlanders,South Carolina Upstate Spartans,79,69,47.0,30.0,7.0,8.0,56.0,16.0,10.0,11.0
401754722,2025-02-01,2025,1,45,2261,47,Hampton Pirates,Howard Bison,80,79,58.0,22.0,12.0,14.0,46.0,41.0,8.0,11.0
401706240,2025-02-02,2025,0,40,2561,2514,Siena Saints,Quinnipiac Bobcats,84,75,64.0,31.0,10.0,11.0,59.0,34.0,15.0,19.0
401706241,2025-02-02,2025,0,40,2612,116,Saint Peter's Peacocks,Mount St. Mary's Mountaineers,64,79,60.0,14.0,14.0,10.0,52.0,19.0,13.0,13.0
401706242,2025-02-02,2025,0,40,2520,2771,Rider Broncs,Merrimack Warriors,64,66,53.0,10.0,10.0,17.0,60.0,13.0,7.0,4.0
401706243,2025-02-02,2025,0,40,314,2217,Iona Gaels,Fairfield Stags,87,64,63.0,27.0,19.0,9.0,49.0,25.0,8.0,14.0
401706244,2025-02-02,2025,0,40,2529,2363,Sacred Heart Pioneers,Manhattan Jaspers,74,72,67.0,11.0,10.0,14.0,71.0,18.0,16.0,12.0
401706455,2025-02-02,2025,0,40,2193,231,East Tennessee State Buccaneers,Furman Paladins,72,69,52.0,22.0,6.0,6.0,53.0,13.0,7.0,9.0
401706537,2025-02-02,2025,0,40,2900,2449,St. Thomas Tommies,North Dakota State Bison,79,62,58.0,11.0,6.0,5.0,50.0,5.0,4.0,15.0
401714434,2025-02-02,2025,0,40,270,2870,Milwaukee Panthers,Purdue Fort Wayne Mastodons,79,81,66.0,11.0,11.0,14.0,60.0,16.0,6.0,11.0
401714435,2025-02-02,2025,0,40,2750,2523,Wright State Raiders,Robert Morris Colonials,66,64,57.0,17.0,15.0,15.0,52.0,16.0,10.0,15.0
401719129,2025-02-02,2025,0,40,305,2550,DePaul Blue Demons,Seton Hall Pirates,74,57,47.0,15.0,10.0,20.0,60.0,19.0,15.0,11.0
401721399,2025-02-02,2025,0,40,356,194,Illinois Fighting Illini,Ohio State Buckeyes,87,79,58.0,31.0,11.0,11.0,73.0,15.0,13.0,5.0
401721400,2025-02-02,2025,0,40,2483,158,Oregon Ducks,Nebraska Cornhuskers,71,77,60.0,22.0,11.0,10.0,51.0,29.0,9.0,12.0
401722509,2025-02-02,2025,0,40,2460,71,Northern Iowa Panthers,Bradley Braves,83,69,58.0,24.0,7.0,7.0,55.0,15.0,10.0,14.0
401722510,2025-02-02,2025,0,40,2057,339,Belmont Bruins,Evansville Purple Aces,75,80,66.0,10.0,13.0,8.0,65.0,25.0,18.0,7.0
401725568,2025-02-02,2025,0,40,2226,58,Florida Atlantic Owls,South Florida Bulls,94,72,57.0,27.0,8.0,11.0,62.0,31.0,15.0,9.0
401725569,2025-02-02,2025,0,40,242,235,Rice Owls,Memphis Tigers,83,86,62.0,22.0,14.0,14.0,60.0,15.0,11.0,16.0
401725570,2025-02-02,2025,0,40,2655,202,Tulane Green Wave,Tulsa Golden Hurricane,59,56,53.0,15.0,8.0,13.0,58.0,8.0,8.0,10.0
401725708,2025-02-02,2025,0,40,2628,38,TCU Horned Frogs,Colorado Buffaloes,68,57,54.0,17.0,8.0,8.0,45.0,14.0,9.0,19.0
401725709,2025-02-02,2025,0,40,2132,277,Cincinnati Bearcats,West Virginia Mountaineers,50,63,54.0,12.0,12.0,14.0,51.0,6.0,5.0,13.0
401714249,2025-02-03,2025,0,40,2729,232,William & Mary Tribe,Charleston Cougars,90,75,66.0,13.0,10.0,5.0,58.0,21.0,13.0,12.0
401715973,2025-02-03,2025,0,40,2447,2277,Nicholls Colonels,Houston Christian Huskies,75,67,58.0,23.0,13.0,7.0,55.0,10.0,7.0,8.0
401716075,2025-02-03,2025,0,40,2545,2320,SE Louisiana Lions,Lamar Cardinals,81,79,63.0,24.0,17.0,9.0,62.0,18.0,9.0,8.0
401716127,2025-02-03,2025,0,40,2377,2916,McNeese Cowboys,Incarnate Word Cardinals,67,65,59.0,14.0,13.0,6.0,57.0,12.0,12.0,8.0
401719386,2025-02-03,2025,0,40,304,2458,Idaho State Bengals,Northern Colorado Bears,72,86,64.0,22.0,12.0,5.0,54.0,19.0,8.0,13.0
401720551,2025-02-03,2025,0,40,2692,2464,Weber State Wildcats,Northern Arizona Lumberjacks,77,73,57.0,25.0,5.0,9.0,68.0,16.0,12.0,8.0
401720740,2025-02-03,2025,0,45,2443,2617,LSU New Orleans Privateers,Stephen F. Austin Lumberjacks,85,88,57.0,23.0,8.0,15.0,73.0,18.0,15.0,9.0
401720761,2025-02-03,2025,0,40,2837,357,East Texas A&M Lions,Texas A&M-Corpus Christi Islanders,66,78,48.0,18.0,10.0,20.0,51.0,20.0,8.0,12.0
401721215,2025-02-03,2025,0,40,2466,292,Northwestern State Demons,UT Rio Grande Valley Vaqueros,79,63,59.0,20.0,8.0,15.0,61.0,27.0,15.0,17.0
401721243,2025-02-03,2025,0,40,2065,2010,Bethune-Cookman Wildcats,Alabama A&M Bulldogs,89,75,62.0,26.0,18.0,13.0,65.0,11.0,11.0,11.0
401721294,2025-02-03,2025,0,40,2755,2016,Grambling Tigers,Alcorn State Braves,53,60,52.0,12.0,7.0,12.0,46.0,11.0,10.0,19.0
401721889,2025-02-03,2025,0,40,2329,2142,Lehigh Mountain Hawks,Colgate Raiders,94,68,60.0,8.0,4.0,6.0,60.0,9.0,6.0,7.0
401722061,2025-02-03,2025,0,40,50,2011,Florida A&M Rattlers,Alabama State Hornets,66,67,60.0,11.0,17.0,11.0,62.0,18.0,11.0,5.0
401722075,2025-02-03,2025,0,45,2582,2296,Southern Jaguars,Jackson State Tigers,91,89,60.0,26.0,8.0,14.0,61.0,32.0,8.0,16.0
401723691,2025-02-03,2025,0,40,2379,2154,Maryland Eastern Shore Hawks,Coppin State Eagles,57,62,52.0,16.0,7.0,10.0,44.0,22.0,7.0,14.0
401723718,2025-02-03,2025,0,40,2169,2415,Delaware State Hornets,Morgan State Bears,84,82,83.0,23.0,23.0,7.0,64.0,33.0,14.0,12.0
401723774,2025-02-03,2025,0,40,2450,2428,Norfolk State Spartans,North Carolina Central Eagles,81,78,50.0,24.0,10.0,12.0,61.0,13.0,13.0,9.0
401724847,2025-02-03,2025,0,40,221,258,Pittsburgh Panthers,Virginia Cavaliers,57,73,43.0,21.0,4.0,10.0,50.0,11.0,8.0,11.0
401725571,2025-02-03,2025,0,40,5,249,UAB Blazers,North Texas Mean Green,64,61,58.0,13.0,12.0,11.0,52.0,11.0,8.0,15.0
401725710,2025-02-03,2025,0,40,2305,66,Kansas Jayhawks,Iowa State Cyclones,69,52,55.0,11.0,10.0,13.0,62.0,20.0,17.0,7.0
401727816,2025-02-03,2025,0,40,47,2569,Howard Bison,South Carolina State Bulldogs,66,89,49.0,25.0,10.0,29.0,61.0,30.0,15.0,18.0
401700343,2025-02-04,2025,0,40,2565,2197,SIU Edwardsville Cougars,Eastern Illinois Panthers,66,41,62.0,12.0,13.0,9.0,52.0,17.0,7.0,10.0
401706355,2025-02-04,2025,0,40,2006,2050,Akron Zips,Ball State Cardinals,81,73,65.0,8.0,10.0,8.0,51.0,20.0,5.0,10.0
401706356,2025-02-04,2025,0,40,2649,2084,Toledo Rockets,Buffalo Bulls,87,74,64.0,28.0,15.0,9.0,57.0,21.0,8.0,12.0
401706357,2025-02-04,2025,0,40,2199,2309,Eastern Michigan Eagles,Kent State Golden Flashes,49,70,60.0,14.0,13.0,15.0,61.0,12.0,11.0,15.0
401706358,2025-02-04,2025,0,40,2117,193,Central Michigan Chippewas,Miami (OH) RedHawks,70,76,59.0,21.0,15.0,13.0,55.0,21.0,9.0,10.0
401706359,2025-02-04,2025,0,40,189,2459,Bowling Green Falcons,Northern Illinois Huskies,84,77,60.0,26.0,13.0,11.0,57.0,15.0,5.0,12.0
401706360,2025-02-04,2025,0,40,195,2711,Ohio Bobcats,Western Michigan Broncos,94,69,55.0,17.0,3.0,11.0,64.0,22.0,11.0,9.0
401708368,2025-02-04,2025,0,40,2,201,Auburn Tigers,Oklahoma Sooners,98,70,61.0,33.0,10.0,7.0,54.0,29.0,9.0,15.0
401708369,2025-02-04,2025,0,40,57,238,Florida Gators,Vanderbilt Commodores,86,75,54.0,23.0,10.0,10.0,61.0,12.0,9.0,11.0
401708371,2025-02-04,2025,0,40,145,96,Ole Miss Rebels,Kentucky Wildcats,98,84,64.0,21.0,3.0,1.0,58.0,22.0,6.0,8.0
401719130,2025-02-04,2025,0,40,2752,46,Xavier Musketeers,Georgetown Hoyas,74,69,49.0,19.0,4.0,16.0,55.0,13.0,3.0,13.0
401719131,2025-02-04,2025,0,40,2599,269,St. John's Red Storm,Marquette Golden Eagles,70,64,60.0,31.0,21.0,14.0,54.0,18.0,5.0,10.0
401721401,2025-02-04,2025,0,40,2294,2509,Iowa Hawkeyes,Purdue Boilermakers,81,90,58.0,16.0,7.0,11.0,57.0,23.0,10.0,11.0
401721402,2025-02-04,2025,0,40,77,30,Northwestern Wildcats,USC Trojans,77,75,66.0,23.0,23.0,7.0,51.0,21.0,7.0,9.0
401721403,2025-02-04,2025,0,40,213,135,Penn State Nittany Lions,Minnesota Golden Gophers,61,69,58.0,20.0,14.0,11.0,49.0,15.0,9.0,13.0
401721404,2025-02-04,2025,0,40,26,127,UCLA Bruins,Michigan State Spartans,63,61,60.0,19.0,8.0,3.0,53.0,19.0,14.0,16.0
401721405,2025-02-04,2025,0,40,275,84,Wisconsin Badgers,Indiana Hoosiers,76,64,60.0,17.0,8.0,6.0,57.0,15.0,9.0,11.0
401722165,2025-02-04,2025,0,40,2005,2440,Air Force Falcons,Nevada Wolf Pack,60,74,41.0,19.0,4.0,16.0,50.0,22.0,6.0,7.0
401722377,2025-02-04,2025,0,50,278,23,Fresno State Bulldogs,San José State Spartans,91,94,79.0,25.0,11.0,15.0,73.0,13.0,7.0,16.0
401722400,2025-02-04,2025,0,40,2751,328,Wyoming Cowboys,Utah State Aggies,67,71,53.0,16.0,7.0,14.0,54.0,31.0,13.0,11.0
401722511,2025-02-04,2025,0,40,93,2181,Murray State Racers,Drake Bulldogs,45,55,41.0,10.0,5.0,8.0,43.0,11.0,7.0,8.0
401724406,2025-02-04,2025,0,40,2168,2166,Dayton Flyers,Davidson Wildcats,69,63,56.0,24.0,13.0,9.0,55.0,11.0,7.0,10.0
401724407,2025-02-04,2025,0,40,2670,2325,VCU Rams,La Salle Explorers,96,66,71.0,8.0,19.0,10.0,57.0,20.0,8.0,6.0
401724408,2025-02-04,2025,0,40,2350,179,Loyola Chicago Ramblers,St. Bonaventure Bonnies,77,53,52.0,6.0,5.0,17.0,52.0,12.0,7.0,16.0
401724409,2025-02-04,2025,0,40,113,139,Massachusetts Minutemen,Saint Louis Billikens,71,73,73.0,18.0,21.0,9.0,57.0,11.0,11.0,15.0
401724712,2025-02-04,2025,0,40,2029,2640,Arkansas-Pine Bluff Golden Lions,Texas Southern Tigers,69,68,56.0,26.0,8.0,14.0,69.0,20.0,16.0,11.0
401724848,2025-02-04,2025,0,40,52,87,Florida State Seminoles,Notre Dame Fighting Irish,67,60,49.0,19.0,6.0,18.0,63.0,13.0,16.0,16.0
401724849,2025-02-04,2025,0,55,228,59,Clemson Tigers,Georgia Tech Yellow Jackets,86,89,77.0,21.0,16.0,13.0,83.0,25.0,24.0,15.0
401725572,2025-02-04,2025,0,40,2429,2724,Charlotte 49ers,Wichita State Shockers,58,66,58.0,12.0,7.0,6.0,51.0,18.0,8.0,10.0
401725711,2025-02-04,2025,0,40,252,12,BYU Cougars,Arizona Wildcats,74,85,67.0,14.0,10.0,10.0,63.0,17.0,12.0,12.0
401725712,2025-02-04,2025,0,40,248,197,Houston Cougars,Oklahoma State Cowboys,72,63,62.0,14.0,18.0,10.0,49.0,12.0,4.0,11.0
401725713,2025-02-04,2025,0,40,2641,239,Texas Tech Red Raiders,Baylor Bears,73,59,68.0,10.0,14.0,8.0,56.0,20.0,13.0,12.0
401725714,2025-02-04,2025,0,40,9,2306,Arizona State Sun Devils,Kansas State Wildcats,70,71,57.0,21.0,10.0,7.0,58.0,10.0,8.0,11.0
401727825,2025-02-04,2025,0,40,2439,68,UNLV Rebels,Boise State Broncos,62,71,66.0,17.0,10.0,5.0,49.0,32.0,11.0,14.0
401706459,2025-02-05,2025,0,40,2643,2430,The Citadel Bulldogs,UNC Greensboro Spartans,61,76,48.0,13.0,6.0,13.0,56.0,11.0,10.0,8.0
401706460,2025-02-05,2025,0,40,2678,2193,VMI Keydets,East Tennessee State Buccaneers,55,62,68.0,9.0,12.0,9.0,62.0,12.0,9.0,8.0
401706461,2025-02-05,2025,0,45,231,2717,Furman Paladins,Western Carolina Catamounts,84,75,63.0,35.0,14.0,7.0,72.0,22.0,19.0,11.0
401706462,2025-02-05,2025,0,40,2535,2382,Samford Bulldogs,Mercer Bears,100,79,83.0,9.0,20.0,11.0,65.0,25.0,18.0,20.0
401706463,2025-02-05,2025,0,40,2747,236,Wofford Terriers,Chattanooga Mocs,70,79,56.0,20.0,15.0,14.0,54.0,21.0,5.0,4.0
401708370,2025-02-05,2025,0,40,61,99,Georgia Bulldogs,LSU Tigers,81,62,65.0,13.0,17.0,13.0,58.0,13.0,8.0,12.0
401708372,2025-02-05,2025,0,40,2633,142,Tennessee Volunteers,Missouri Tigers,85,81,54.0,30.0,11.0,11.0,60.0,29.0,11.0,3.0
401708373,2025-02-05,2025,0,40,251,8,Texas Longhorns,Arkansas Razorbacks,70,78,64.0,27.0,13.0,11.0,50.0,35.0,3.0,9.0
401711608,2025-02-05,2025,0,40,2046,2453,Austin Peay Governors,North Alabama Lions,64,74,72.0,13.0,23.0,14.0,63.0,26.0,15.0,8.0
401711674,2025-02-05,2025,0,40,2698,288,West Georgia Wolves,Lipscomb Bisons,67,76,62.0,7.0,6.0,10.0,60.0,10.0,7.0,10.0
401711718,2025-02-05,2025,0,40,2110,2511,Central Arkansas Bears,Queens University Royals,47,63,60.0,12.0,15.0,13.0,57.0,10.0,12.0,11.0
401714436,2025-02-05,2025,0,45,85,270,IU Indianapolis Jaguars,Milwaukee Panthers,80,84,65.0,24.0,10.0,6.0,71.0,28.0,22.0,14.0
401714437,2025-02-05,2025,0,40,2870,2750,Purdue Fort Wayne Mastodons,Wright State Raiders,87,64,58.0,31.0,6.0,8.0,57.0,24.0,10.0,16.0
401714438,2025-02-05,2025,0,40,2523,2174,Robert Morris Colonials,Detroit Mercy Titans,71,56,49.0,16.0,6.0,14.0,52.0,16.0,14.0,18.0
401714439,2025-02-05,2025,0,40,94,325,Northern Kentucky Norse,Cleveland State Vikings,85,75,61.0,20.0,12.0,8.0,59.0,15.0,10.0,12.0
401714584,2025-02-05,2025,0,40,276,2032,Marshall Thundering Herd,Arkansas State Red Wolves,77,72,65.0,17.0,15.0,12.0,59.0,23.0,10.0,12.0
401714585,2025-02-05,2025,0,40,290,309,Georgia Southern Eagles,Louisiana Ragin' Cajuns,83,82,57.0,20.0,12.0,8.0,58.0,25.0,15.0,6.0
401714586,2025-02-05,2025,0,40,256,2653,James Madison Dukes,Troy Trojans,64,61,48.0,19.0,10.0,12.0,57.0,11.0,16.0,13.0
401714587,2025-02-05,2025,0,40,295,326,Old Dominion Monarchs,Texas State Bobcats,75,64,65.0,23.0,23.0,7.0,55.0,9.0,8.0,10.0
401714588,2025-02-05,2025,0,40,2247,2433,Georgia State Panthers,UL Monroe Warhawks,97,64,62.0,15.0,8.0,7.0,64.0,17.0,14.0,12.0
401714589,2025-02-05,2025,0,40,324,6,Coastal Carolina Chanticleers,South Alabama Jaguars,59,84,48.0,12.0,6.0,9.0,59.0,3.0,8.0,5.0
401714590,2025-02-05,2025,0,40,2026,2572,App State Mountaineers,Southern Miss Golden Eagles,60,58,52.0,19.0,6.0,12.0,63.0,14.0,9.0,5.0
401719132,2025-02-05,2025,0,40,305,222,DePaul Blue Demons,Villanova Wildcats,49,59,65.0,5.0,14.0,8.0,48.0,8.0,7.0,15.0
401719133,2025-02-05,2025,0,40,2550,2086,Seton Hall Pirates,Butler Bulldogs,54,84,64.0,10.0,11.0,10.0,57.0,12.0,12.0,17.0
401719134,2025-02-05,2025,0,40,2507,156,Providence Friars,Creighton Bluejays,69,80,66.0,6.0,9.0,10.0,65.0,21.0,10.0,6.0
401721406,2025-02-05,2025,0,40,130,2483,Michigan Wolverines,Oregon Ducks,80,76,63.0,21.0,11.0,15.0,67.0,11.0,12.0,12.0
401721407,2025-02-05,2025,0,40,164,356,Rutgers Scarlet Knights,Illinois Fighting Illini,82,73,59.0,34.0,16.0,9.0,65.0,19.0,18.0,13.0
401721408,2025-02-05,2025,0,40,264,158,Washington Huskies,Nebraska Cornhuskers,72,86,57.0,12.0,8.0,9.0,55.0,22.0,6.0,6.0
401721890,2025-02-05,2025,0,40,2083,44,Bucknell Bison,American University Eagles,71,49,45.0,16.0,3.0,13.0,46.0,17.0,4.0,12.0
401721891,2025-02-05,2025,0,40,322,2352,Lafayette Leopards,Loyola Maryland Greyhounds,58,71,53.0,9.0,8.0,14.0,64.0,13.0,14.0,6.0
401721892,2025-02-05,2025,0,40,349,107,Army Black Knights,Holy Cross Crusaders,68,65,71.0,14.0,17.0,4.0,62.0,15.0,9.0,6.0
401721893,2025-02-05,2025,0,40,104,2426,Boston University Terriers,Navy Midshipmen,87,65,57.0,8.0,8.0,9.0,49.0,17.0,9.0,12.0
401722512,2025-02-05,2025,0,40,71,2057,Bradley Braves,Belmont Bruins,77,80,55.0,8.0,9.0,17.0,60.0,16.0,10.0,9.0
401722513,2025-02-05,2025,0,40,82,2287,UIC Flames,Illinois State Redbirds,79,81,53.0,25.0,8.0,10.0,52.0,21.0,5.0,8.0
401722514,2025-02-05,2025,0,40,339,79,Evansville Purple Aces,Southern Illinois Salukis,59,68,61.0,14.0,12.0,8.0,56.0,15.0,11.0,11.0
401722515,2025-02-05,2025,0,40,2623,2460,Missouri State Bears,Northern Iowa Panthers,61,66,51.0,17.0,5.0,13.0,51.0,26.0,10.0,13.0
401722516,2025-02-05,2025,0,40,282,2674,Indiana State Sycamores,Valparaiso Beacons,80,62,61.0,10.0,8.0,11.0,54.0,24.0,7.0,8.0
401724410,2025-02-05,2025,0,40,257,2184,Richmond Spiders,Duquesne Dukes,73,68,41.0,18.0,5.0,15.0,61.0,12.0,17.0,11.0
401724411,2025-02-05,2025,0,40,2230,227,Fordham Rams,Rhode Island Rams,80,79,69.0,10.0,14.0,10.0,58.0,19.0,8.0,11.0
401724412,2025-02-05,2025,0,40,45,2244,George Washington Revolutionaries,George Mason Patriots,50,53,47.0,15.0,4.0,18.0,51.0,18.0,7.0,15.0
401724850,2025-02-05,2025,0,40,183,150,Syracuse Orange,Duke Blue Devils,54,83,60.0,4.0,15.0,14.0,53.0,19.0,8.0,6.0
401724851,2025-02-05,2025,0,40,103,97,Boston College Eagles,Louisville Cardinals,58,84,60.0,11.0,8.0,14.0,68.0,11.0,12.0,11.0
401724852,2025-02-05,2025,0,40,259,2567,Virginia Tech Hokies,SMU Mustangs,75,81,59.0,17.0,14.0,10.0,61.0,18.0,13.0,6.0
401724853,2025-02-05,2025,0,40,24,154,Stanford Cardinal,Wake Forest Demon Deacons,73,79,56.0,21.0,12.0,17.0,48.0,33.0,9.0,15.0
401724854,2025-02-05,2025,0,40,25,152,California Golden Bears,NC State Wolfpack,74,62,64.0,12.0,12.0,8.0,62.0,11.0,6.0,5.0
401725573,2025-02-05,2025,0,40,235,202,Memphis Tigers,Tulsa Golden Hurricane,83,71,60.0,12.0,11.0,8.0,56.0,6.0,11.0,16.0
401725574,2025-02-05,2025,0,40,2636,2655,UTSA Roadrunners,Tulane Green Wave,60,61,58.0,22.0,14.0,10.0,44.0,21.0,5.0,16.0
401725575,2025-02-05,2025,0,40,151,242,East Carolina Pirates,Rice Owls,60,73,58.0,19.0,8.0,11.0,58.0,22.0,11.0,12.0
401725715,2025-02-05,2025,0,40,254,38,Utah Utes,Colorado Buffaloes,72,59,47.0,35.0,12.0,15.0,55.0,13.0,9.0,15.0
401725716,2025-02-05,2025,0,40,2116,2132,UCF Knights,Cincinnati Bearcats,83,93,67.0,18.0,17.0,16.0,65.0,19.0,7.0,10.0
401725717,2025-02-05,2025,0,40,2628,277,TCU Horned Frogs,West Virginia Mountaineers,65,60,50.0,23.0,11.0,15.0,58.0,5.0,9.0,12.0
401727904,2025-02-05,2025,0,40,2127,2737,Charleston Southern Buccaneers,Winthrop Eagles,65,83,63.0,20.0,12.0,10.0,65.0,12.0,11.0,12.0
401727906,2025-02-05,2025,0,40,2515,2272,Radford Highlanders,High Point Panthers,75,78,51.0,23.0,8.0,9.0,46.0,18.0,4.0,13.0
401727907,2025-02-05,2025,0,40,2506,2908,Presbyterian Blue Hose,South Carolina Upstate Spartans,75,64,60.0,12.0,9.0,16.0,57.0,10.0,5.0,18.0
401728313,2025-02-05,2025,0,40,167,36,New Mexico Lobos,Colorado State Rams,87,65,56.0,24.0,9.0,7.0,58.0,24.0,14.0,11.0
401700219,2025-02-06,2025,0,40,2335,2348,Liberty Flames,Louisiana Tech Bulldogs,77,53,58.0,12.0,4.0,4.0,51.0,9.0,6.0,16.0
401700220,2025-02-06,2025,0,45,2229,2534,Florida International Panthers,Sam Houston Bearkats,85,82,75.0,27.0,19.0,13.0,59.0,25.0,17.0,25.0
401700221,2025-02-06,2025,0,40,338,98,Kennesaw State Owls,Western Kentucky Hilltoppers,76,69,56.0,28.0,14.0,16.0,63.0,23.0,10.0,7.0
401700222,2025-02-06,2025,0,40,55,2393,Jacksonville State Gamecocks,Middle Tennessee Blue Raiders,77,63,65.0,8.0,11.0,9.0,56.0,25.0,11.0,8.0
401700344,2025-02-06,2025,0,40,2630,2815,UT Martin Skyhawks,Lindenwood Lions,51,52,56.0,23.0,15.0,13.0,59.0,19.0,13.0,10.0
401700345,2025-02-06,2025,0,40,88,2031,Southern Indiana Screaming Eagles,Little Rock Trojans,56,74,52.0,19.0,14.0,14.0,55.0,10.0,7.0,10.0
401700346,2025-02-06,2025,0,40,2413,2546,Morehead State Eagles,Southeast Missouri State Redhawks,51,80,49.0,25.0,8.0,14.0,62.0,7.0,10.0,8.0
401700347,2025-02-06,2025,0,40,2635,2565,Tennessee Tech Golden Eagles,SIU Edwardsville Cougars,58,75,54.0,16.0,4.0,10.0,63.0,5.0,9.0,12.0
401700348,2025-02-06,2025,0,40,2634,2710,Tennessee State Tigers,Western Illinois Leathernecks,87,69,61.0,35.0,19.0,10.0,55.0,12.0,8.0,19.0
401706245,2025-02-06,2025,0,40,2561,2612,Siena Saints,Saint Peter's Peacocks,77,63,53.0,19.0,7.0,18.0,59.0,22.0,13.0,17.0
401706246,2025-02-06,2025,0,45,116,314,Mount St. Mary's Mountaineers,Iona Gaels,67,70,55.0,16.0,8.0,18.0,64.0,7.0,7.0,16.0
401706247,2025-02-06,2025,0,40,2529,2520,Sacred Heart Pioneers,Rider Broncs,89,77,63.0,24.0,11.0,7.0,63.0,13.0,7.0,10.0
401706248,2025-02-06,2025,0,40,2217,2368,Fairfield Stags,Marist Red Foxes,59,56,54.0,26.0,11.0,4.0,56.0,13.0,14.0,11.0
401706249,2025-02-06,2025,0,40,2771,315,Merrimack Warriors,Niagara Purple Eagles,64,59,61.0,18.0,10.0,9.0,54.0,19.0,14.0,17.0
401706250,2025-02-06,2025,0,40,2514,2099,Quinnipiac Bobcats,Canisius Golden Griffins,89,71,60.0,16.0,10.0,15.0,51.0,12.0,1.0,18.0
401706539,2025-02-06,2025,0,40,2437,155,Omaha Mavericks,North Dakota Fighting Hawks,80,77,59.0,21.0,10.0,7.0,48.0,20.0,4.0,11.0
401706540,2025-02-06,2025,0,40,140,2449,Kansas City Roos,North Dakota State Bison,72,78,61.0,18.0,12.0,5.0,50.0,12.0,6.0,11.0
401706541,2025-02-06,2025,0,40,2571,2900,South Dakota State Jackrabbits,St. Thomas Tommies,102,86,57.0,30.0,11.0,16.0,60.0,23.0,6.0,11.0
401706542,2025-02-06,2025,0,40,2172,233,Denver Pioneers,South Dakota Coyotes,79,86,65.0,23.0,14.0,16.0,62.0,32.0,12.0,10.0
401706605,2025-02-06,2025,0,40,2856,253,California Baptist Lancers,Southern Utah Thunderbirds,57,60,56.0,19.0,9.0,10.0,58.0,11.0,17.0,17.0
401706606,2025-02-06,2025,0,40,2547,2627,Seattle U Redhawks,Tarleton State Texans,91,54,56.0,15.0,10.0,6.0,47.0,14.0,7.0,12.0
401706607,2025-02-06,2025,0,40,3084,250,Utah Valley Wolverines,UT Arlington Mavericks,94,73,64.0,21.0,9.0,4.0,56.0,25.0,10.0,12.0
401706608,2025-02-06,2025,0,40,3101,2000,Utah Tech Trailblazers,Abilene Christian Wildcats,72,86,54.0,18.0,8.0,19.0,56.0,25.0,6.0,10.0
401706722,2025-02-06,2025,0,40,204,265,Oregon State Beavers,Washington State Cougars,82,74,45.0,38.0,11.0,13.0,57.0,16.0,7.0,5.0
401706723,2025-02-06,2025,0,40,2539,2608,San Francisco Dons,Saint Mary's Gaels,65,64,57.0,16.0,9.0,10.0,60.0,16.0,9.0,5.0
401706724,2025-02-06,2025,0,40,2501,2541,Portland Pilots,Santa Clara Broncos,50,97,63.0,15.0,8.0,9.0,66.0,15.0,10.0,7.0
401706725,2025-02-06,2025,0,40,2250,2351,Gonzaga Bulldogs,Loyola Marymount Lions,73,53,58.0,23.0,12.0,7.0,55.0,16.0,8.0,11.0
401706726,2025-02-06,2025,0,40,279,301,Pacific Tigers,San Diego Toreros,71,69,50.0,19.0,8.0,12.0,45.0,28.0,9.0,12.0
401709990,2025-02-06,2025,0,45,299,302,Long Beach State Beach,UC Davis Aggies,65,73,52.0,24.0,8.0,20.0,52.0,20.0,5.0,15.0
401711625,2025-02-06,2025,0,40,526,2198,Florida Gulf Coast Eagles,Eastern Kentucky Colonels,74,92,57.0,22.0,9.0,10.0,57.0,14.0,4.0,10.0
401711659,2025-02-06,2025,0,40,56,294,Stetson Hatters,Jacksonville Dolphins,65,74,57.0,21.0,9.0,13.0,72.0,8.0,16.0,9.0
401711726,2025-02-06,2025,0,40,2454,91,North Florida Ospreys,Bellarmine Knights,95,88,55.0,28.0,10.0,17.0,68.0,14.0,7.0,10.0
401714250,2025-02-06,2025,0,40,2275,111,Hofstra Pride,Northeastern Huskies,68,77,60.0,25.0,13.0,4.0,52.0,26.0,10.0,11.0
401714251,2025-02-06,2025,0,40,2619,119,Stony Brook Seawolves,Towson Tigers,59,66,59.0,9.0,16.0,16.0,62.0,15.0,12.0,4.0
401714252,2025-02-06,2025,0,40,2182,2729,Drexel Dragons,William & Mary Tribe,86,66,53.0,22.0,6.0,15.0,53.0,31.0,9.0,8.0
401714253,2025-02-06,2025,0,40,2405,2261,Monmouth Hawks,Hampton Pirates,68,63,54.0,26.0,10.0,12.0,60.0,15.0,13.0,11.0
401714254,2025-02-06,2025,0,40,232,2448,Charleston Cougars,North Carolina A&T Aggies,66,63,55.0,13.0,6.0,11.0,55.0,16.0,9.0,13.0
401714255,2025-02-06,2025,0,40,2097,2210,Campbell Fighting Camels,Elon Phoenix,76,58,69.0,10.0,16.0,8.0,50.0,25.0,12.0,15.0
401714256,2025-02-06,2025,0,40,48,350,Delaware Blue Hens,UNC Wilmington Seahawks,67,77,59.0,9.0,11.0,14.0,65.0,11.0,17.0,13.0
401714331,2025-02-06,2025,0,40,13,62,Cal Poly Mustangs,Hawai'i Rainbow Warriors,79,63,58.0,11.0,6.0,9.0,55.0,14.0,8.0,14.0
401714332,2025-02-06,2025,0,40,2934,2540,Cal State Bakersfield Roadrunners,UC Santa Barbara Gauchos,75,81,56.0,15.0,10.0,10.0,42.0,15.0,5.0,16.0
401714333,2025-02-06,2025,0,40,2463,2239,Cal State Northridge Matadors,Cal State Fullerton Titans,82,63,67.0,17.0,14.0,12.0,44.0,32.0,7.0,19.0
401714334,2025-02-06,2025,0,40,28,27,UC San Diego Tritons,UC Riverside Highlanders,91,71,70.0,12.0,14.0,9.0,64.0,5.0,9.0,12.0
401714440,2025-02-06,2025,0,40,2473,2754,Oakland Golden Grizzlies,Youngstown State Penguins,75,84,62.0,20.0,14.0,18.0,66.0,17.0,13.0,13.0
401718485,2025-02-06,2025,0,40,331,16,Eastern Washington Eagles,Sacramento State Hornets,83,80,53.0,22.0,5.0,8.0,56.0,22.0,11.0,13.0
401719387,2025-02-06,2025,0,40,2458,149,Northern Colorado Bears,Montana Grizzlies,78,86,61.0,9.0,6.0,9.0,50.0,20.0,4.0,13.0
401719666,2025-02-06,2025,0,40,70,2502,Idaho Vandals,Portland State Vikings,69,76,56.0,16.0,13.0,21.0,54.0,32.0,10.0,13.0
401720799,2025-02-06,2025,0,40,2803,399,Bryant Bulldogs,UAlbany Great Danes,63,68,62.0,17.0,19.0,17.0,62.0,17.0,19.0,15.0
401720800,2025-02-06,2025,0,40,2066,2349,Binghamton Bearcats,UMass Lowell River Hawks,66,54,60.0,16.0,12.0,11.0,69.0,11.0,11.0,6.0
401720801,2025-02-06,2025,0,40,311,2885,Maine Black Bears,NJIT Highlanders,78,74,51.0,31.0,10.0,6.0,57.0,20.0,17.0,11.0
401720802,2025-02-06,2025,0,40,160,2378,New Hampshire Wildcats,UMBC Retrievers,79,78,63.0,26.0,16.0,11.0,52.0,19.0,5.0,14.0
401720930,2025-02-06,2025,0,40,2464,147,Northern Arizona Lumberjacks,Montana State Bobcats,69,64,57.0,16.0,10.0,7.0,58.0,15.0,9.0,7.0
401721101,2025-02-06,2025,0,40,2115,161,Central Connecticut Blue Devils,Fairleigh Dickinson Knights,87,66,56.0,23.0,7.0,10.0,65.0,13.0,8.0,7.0
401721123,2025-02-06,2025,0,40,2130,2385,Chicago State Cougars,Mercyhurst Lakers,85,78,59.0,29.0,10.0,12.0,57.0,16.0,8.0,17.0
401721164,2025-02-06,2025,0,40,2598,2330,Saint Francis Red Wolves,Le Moyne Dolphins,86,78,50.0,30.0,10.0,18.0,58.0,24.0,10.0,13.0
401721409,2025-02-06,2025,0,40,194,120,Ohio State Buckeyes,Maryland Terrapins,73,70,59.0,18.0,8.0,9.0,55.0,30.0,11.0,12.0
401722031,2025-02-06,2025,0,40,2681,112358,Wagner Seahawks,Long Island University Sharks,47,60,55.0,9.0,14.0,9.0,50.0,7.0,8.0,9.0
401725576,2025-02-06,2025,0,50,58,218,South Florida Bulls,Temple Owls,100,91,73.0,25.0,14.0,13.0,84.0,31.0,21.0,9.0
401727905,2025-02-06,2025,0,40,2427,2241,UNC Asheville Bulldogs,Gardner-Webb Runnin' Bulldogs,78,70,55.0,24.0,10.0,10.0,54.0,21.0,9.0,14.0
401719135,2025-02-07,2025,0,40,41,2599,UConn Huskies,St. John's Red Storm,62,68,51.0,22.0,13.0,22.0,65.0,16.0,12.0,7.0
401721410,2025-02-07,2025,0,40,2509,30,Purdue Boilermakers,USC Trojans,90,72,66.0,26.0,17.0,10.0,63.0,29.0,12.0,10.0
401721736,2025-02-07,2025,0,40,219,163,Pennsylvania Quakers,Princeton Tigers,59,61,59.0,17.0,9.0,6.0,58.0,13.0,12.0,13.0
401722401,2025-02-07,2025,0,40,278,328,Fresno State Bulldogs,Utah State Aggies,81,89,55.0,28.0,12.0,14.0,60.0,20.0,16.0,14.0
401724413,2025-02-07,2025,0,40,2168,2670,Dayton Flyers,VCU Rams,68,73,51.0,25.0,12.0,19.0,69.0,19.0,23.0,14.0
401724414,2025-02-07,2025,0,40,2603,139,Saint Joseph's Hawks,Saint Louis Billikens,76,63,67.0,8.0,14.0,12.0,51.0,18.0,5.0,11.0
401727826,2025-02-07,2025,0,40,68,23,Boise State Broncos,San José State Spartans,79,52,55.0,17.0,9.0,9.0,50.0,16.0,4.0,9.0
401700223,2025-02-08,2025,0,40,2229,2348,Florida International Panthers,Louisiana Tech Bulldogs,71,82,62.0,15.0,11.0,8.0,51.0,13.0,6.0,14.0
401700224,2025-02-08,2025,0,40,2335,2534,Liberty Flames,Sam Houston Bearkats,64,61,48.0,16.0,5.0,13.0,53.0,19.0,10.0,14.0
401700225,2025-02-08,2025,0,40,55,98,Jacksonville State Gamecocks,Western Kentucky Hilltoppers,85,83,60.0,19.0,7.0,9.0,56.0,13.0,3.0,11.0
401700226,2025-02-08,2025,0,40,338,2393,Kennesaw State Owls,Middle Tennessee Blue Raiders,75,76,62.0,20.0,9.0,9.0,52.0,21.0,3.0,12.0
401700227,2025-02-08,2025,0,40,166,2638,New Mexico State Aggies,UTEP Miners,63,66,56.0,31.0,11.0,9.0,52.0,29.0,9.0,12.0
401700349,2025-02-08,2025,0,40,2635,2197,Tennessee Tech Golden Eagles,Eastern Illinois Panthers,59,54,45.0,16.0,6.0,16.0,64.0,7.0,14.0,10.0
401700350,2025-02-08,2025,0,40,2634,2815,Tennessee State Tigers,Lindenwood Lions,84,76,58.0,35.0,14.0,10.0,61.0,24.0,12.0,12.0
401700351,2025-02-08,2025,0,40,2413,2031,Morehead State Eagles,Little Rock Trojans,62,76,46.0,20.0,8.0,16.0,54.0,12.0,6.0,10.0
401700352,2025-02-08,2025,0,40,88,2546,Southern Indiana Screaming Eagles,Southeast Missouri State Redhawks,74,79,56.0,15.0,7.0,9.0,56.0,22.0,10.0,10.0
401700353,2025-02-08,2025,0,40,2630,2710,UT Martin Skyhawks,Western Illinois Leathernecks,81,70,55.0,32.0,10.0,11.0,53.0,21.0,9.0,17.0
401706251,2025-02-08,2025,0,40,2368,314,Marist Red Foxes,Iona Gaels,71,75,54.0,9.0,5.0,12.0,50.0,24.0,10.0,11.0
401706252,2025-02-08,2025,0,40,2217,2529,Fairfield Stags,Sacred Heart Pioneers,71,77,65.0,12.0,10.0,8.0,60.0,17.0,10.0,11.0
401706253,2025-02-08,2025,0,40,2520,2561,Rider Broncs,Siena Saints,61,59,53.0,17.0,9.0,10.0,49.0,23.0,5.0,6.0
401706254,2025-02-08,2025,0,40,2771,2099,Merrimack Warriors,Canisius Golden Griffins,69,51,51.0,20.0,6.0,10.0,51.0,12.0,6.0,16.0
401706255,2025-02-08,2025,0,40,2514,315,Quinnipiac Bobcats,Niagara Purple Eagles,75,76,50.0,20.0,3.0,12.0,54.0,14.0,5.0,10.0
401706464,2025-02-08,2025,0,40,2678,2643,VMI Keydets,The Citadel Bulldogs,82,70,51.0,32.0,7.0,11.0,58.0,28.0,14.0,11.0
401706465,2025-02-08,2025,0,40,2193,2535,East Tennessee State Buccaneers,Samford Bulldogs,66,59,52.0,27.0,12.0,14.0,63.0,18.0,17.0,14.0
401706466,2025-02-08,2025,0,40,236,231,Chattanooga Mocs,Furman Paladins,85,72,66.0,15.0,11.0,5.0,61.0,14.0,10.0,10.0
401706467,2025-02-08,2025,0,40,2382,2747,Mercer Bears,Wofford Terriers,66,77,68.0,11.0,13.0,11.0,65.0,21.0,15.0,13.0
401706468,2025-02-08,2025,0,40,2430,2717,UNC Greensboro Spartans,Western Carolina Catamounts,74,70,59.0,20.0,9.0,7.0,62.0,13.0,8.0,7.0
401706543,2025-02-08,2025,0,40,140,155,Kansas City Roos,North Dakota Fighting Hawks,80,69,52.0,25.0,9.0,10.0,62.0,18.0,20.0,15.0
401706544,2025-02-08,2025,0,40,2437,2449,Omaha Mavericks,North Dakota State Bison,85,74,56.0,15.0,8.0,9.0,61.0,8.0,9.0,11.0
401706545,2025-02-08,2025,0,40,2172,2900,Denver Pioneers,St. Thomas Tommies,76,79,49.0,16.0,7.0,15.0,47.0,25.0,5.0,10.0
401706546,2025-02-08,2025,0,40,198,233,Oral Roberts Golden Eagles,South Dakota Coyotes,74,75,63.0,18.0,11.0,16.0,66.0,32.0,11.0,7.0
401706609,2025-02-08,2025,0,40,2856,2253,California Baptist Lancers,Grand Canyon Lopes,85,71,65.0,28.0,15.0,14.0,62.0,23.0,17.0,22.0
401706610,2025-02-08,2025,0,40,2547,250,Seattle U Redhawks,UT Arlington Mavericks,67,65,60.0,18.0,7.0,6.0,46.0,13.0,7.0,19.0
401706611,2025-02-08,2025,0,40,3084,2627,Utah Valley Wolverines,Tarleton State Texans,81,56,50.0,32.0,9.0,10.0,47.0,27.0,10.0,17.0
401706612,2025-02-08,2025,0,40,253,2000,Southern Utah Thunderbirds,Abilene Christian Wildcats,70,84,52.0,29.0,15.0,22.0,56.0,23.0,3.0,10.0
401706727,2025-02-08,2025,0,40,279,2250,Pacific Tigers,Gonzaga Bulldogs,61,78,55.0,20.0,12.0,15.0,58.0,26.0,11.0,9.0
401706728,2025-02-08,2025,0,40,2351,2539,Loyola Marymount Lions,San Francisco Dons,66,72,46.0,15.0,4.0,18.0,54.0,27.0,9.0,10.0
401706729,2025-02-08,2025,0,40,204,2608,Oregon State Beavers,Saint Mary's Gaels,49,63,52.0,8.0,8.0,9.0,49.0,9.0,4.0,8.0
401706730,2025-02-08,2025,0,40,265,2492,Washington State Cougars,Pepperdine Waves,87,86,68.0,10.0,9.0,12.0,62.0,24.0,8.0,10.0
401706731,2025-02-08,2025,0,40,2541,301,Santa Clara Broncos,San Diego Toreros,93,70,55.0,27.0,7.0,11.0,61.0,30.0,17.0,12.0
401708374,2025-02-08,2025,0,40,8,333,Arkansas Razorbacks,Alabama Crimson Tide,81,85,65.0,21.0,13.0,11.0,62.0,18.0,11.0,14.0
401708375,2025-02-08,2025,0,40,2,57,Auburn Tigers,Florida Gators,81,90,70.0,23.0,15.0,8.0,64.0,18.0,11.0,12.0
401708376,2025-02-08,2025,0,40,61,344,Georgia Bulldogs,Mississippi State Bulldogs,75,76,54.0,22.0,9.0,11.0,58.0,18.0,10.0,9.0
401708377,2025-02-08,2025,0,40,96,2579,Kentucky Wildcats,South Carolina Gamecocks,80,57,62.0,13.0,7.0,9.0,58.0,23.0,9.0,9.0
401708378,2025-02-08,2025,0,40,99,145,LSU Tigers,Ole Miss Rebels,70,72,56.0,25.0,9.0,10.0,61.0,29.0,11.0,5.0
401708379,2025-02-08,2025,0,40,142,245,Missouri Tigers,Texas A&M Aggies,64,67,53.0,20.0,11.0,14.0,53.0,23.0,11.0,13.0
401708380,2025-02-08,2025,0,40,238,251,Vanderbilt Commodores,Texas Longhorns,86,78,71.0,22.0,17.0,7.0,60.0,27.0,13.0,9.0
401708381,2025-02-08,2025,0,40,201,2633,Oklahoma Sooners,Tennessee Volunteers,52,70,53.0,12.0,6.0,12.0,48.0,5.0,5.0,19.0
401709991,2025-02-08,2025,0,40,299,2463,Long Beach State Beach,Cal State Northridge Matadors,80,81,56.0,22.0,9.0,13.0,66.0,21.0,14.0,10.0
401711609,2025-02-08,2025,0,40,2046,2110,Austin Peay Governors,Central Arkansas Bears,90,67,64.0,8.0,6.0,5.0,45.0,32.0,8.0,15.0
401711626,2025-02-08,2025,0,40,56,2198,Stetson Hatters,Eastern Kentucky Colonels,58,83,54.0,15.0,10.0,13.0,62.0,19.0,11.0,7.0
401711644,2025-02-08,2025,0,40,2454,526,North Florida Ospreys,Florida Gulf Coast Eagles,70,84,69.0,13.0,12.0,9.0,64.0,11.0,9.0,9.0
401711660,2025-02-08,2025,0,40,294,91,Jacksonville Dolphins,Bellarmine Knights,73,64,53.0,20.0,8.0,10.0,48.0,15.0,4.0,12.0
401711675,2025-02-08,2025,0,40,2511,288,Queens University Royals,Lipscomb Bisons,81,94,53.0,25.0,3.0,7.0,59.0,17.0,3.0,7.0
401711697,2025-02-08,2025,0,40,2698,2453,West Georgia Wolves,North Alabama Lions,61,78,61.0,19.0,13.0,7.0,62.0,27.0,15.0,5.0
401714257,2025-02-08,2025,0,40,2275,2619,Hofstra Pride,Stony Brook Seawolves,75,80,61.0,18.0,14.0,7.0,45.0,36.0,8.0,10.0
401714258,2025-02-08,2025,0,40,2405,119,Monmouth Hawks,Towson Tigers,67,73,60.0,13.0,12.0,9.0,60.0,11.0,14.0,12.0
401714259,2025-02-08,2025,0,40,48,2729,Delaware Blue Hens,William & Mary Tribe,74,64,58.0,15.0,6.0,17.0,60.0,24.0,8.0,14.0
401714260,2025-02-08,2025,0,40,111,2261,Northeastern Huskies,Hampton Pirates,75,84,47.0,27.0,4.0,7.0,51.0,24.0,8.0,9.0
401714262,2025-02-08,2025,0,45,232,2210,Charleston Cougars,Elon Phoenix,88,83,68.0,34.0,16.0,11.0,65.0,18.0,12.0,19.0
401714263,2025-02-08,2025,0,50,2182,350,Drexel Dragons,UNC Wilmington Seahawks,79,81,72.0,12.0,12.0,15.0,64.0,25.0,12.0,16.0
401714375,2025-02-08,2025,0,40,2239,302,Cal State Fullerton Titans,UC Davis Aggies,49,65,47.0,20.0,11.0,22.0,61.0,13.0,9.0,10.0
401714376,2025-02-08,2025,0,40,2540,62,UC Santa Barbara Gauchos,Hawai'i Rainbow Warriors,76,72,57.0,16.0,6.0,13.0,48.0,20.0,6.0,20.0
401714377,2025-02-08,2025,0,40,27,2934,UC Riverside Highlanders,Cal State Bakersfield Roadrunners,69,64,52.0,21.0,12.0,10.0,53.0,15.0,8.0,13.0
401714378,2025-02-08,2025,0,40,300,28,UC Irvine Anteaters,UC San Diego Tritons,67,85,49.0,28.0,10.0,18.0,54.0,14.0,5.0,12.0
401714441,2025-02-08,2025,0,40,2870,2739,Purdue Fort Wayne Mastodons,Green Bay Phoenix,89,74,65.0,28.0,7.0,5.0,52.0,28.0,8.0,16.0
401714442,2025-02-08,2025,0,40,325,270,Cleveland State Vikings,Milwaukee Panthers,77,60,61.0,24.0,15.0,15.0,44.0,28.0,8.0,25.0
401714443,2025-02-08,2025,0,40,2750,85,Wright State Raiders,IU Indianapolis Jaguars,91,73,54.0,18.0,7.0,10.0,58.0,26.0,12.0,7.0
401714444,2025-02-08,2025,0,40,2174,2754,Detroit Mercy Titans,Youngstown State Penguins,72,87,57.0,19.0,14.0,14.0,58.0,20.0,11.0,9.0
401714445,2025-02-08,2025,0,40,94,2523,Northern Kentucky Norse,Robert Morris Colonials,76,81,61.0,7.0,8.0,12.0,52.0,25.0,7.0,13.0
401715974,2025-02-08,2025,0,40,2277,2443,Houston Christian Huskies,LSU New Orleans Privateers,81,68,62.0,8.0,14.0,10.0,46.0,20.0,11.0,17.0
401716067,2025-02-08,2025,0,40,2916,2545,Incarnate Word Cardinals,SE Louisiana Lions,66,71,62.0,21.0,13.0,8.0,52.0,26.0,9.0,11.0
401718486,2025-02-08,2025,0,40,331,2502,Eastern Washington Eagles,Portland State Vikings,72,67,51.0,20.0,11.0,16.0,62.0,18.0,17.0,14.0
401719136,2025-02-08,2025,0,40,46,2550,Georgetown Hoyas,Seton Hall Pirates,60,46,63.0,8.0,16.0,11.0,43.0,13.0,7.0,20.0
401719137,2025-02-08,2025,0,40,2086,2507,Butler Bulldogs,Providence Friars,82,81,60.0,21.0,12.0,11.0,60.0,6.0,6.0,10.0
401719138,2025-02-08,2025,0,40,156,269,Creighton Bluejays,Marquette Golden Eagles,77,67,51.0,14.0,6.0,8.0,72.0,4.0,18.0,5.0
401719388,2025-02-08,2025,0,40,2458,147,Northern Colorado Bears,Montana State Bobcats,73,66,57.0,31.0,13.0,6.0,56.0,17.0,5.0,8.0
401720552,2025-02-08,2025,0,40,2692,304,Weber State Wildcats,Idaho State Bengals,67,72,51.0,11.0,4.0,15.0,60.0,18.0,13.0,9.0
401720655,2025-02-08,2025,0,40,70,16,Idaho Vandals,Sacramento State Hornets,78,76,54.0,41.0,10.0,9.0,54.0,16.0,7.0,18.0
401720679,2025-02-08,2025,0,40,2320,292,Lamar Cardinals,UT Rio Grande Valley Vaqueros,70,68,64.0,12.0,11.0,9.0,55.0,15.0,9.0,13.0
401720722,2025-02-08,2025,0,40,2377,2466,McNeese Cowboys,Northwestern State Demons,65,50,50.0,21.0,11.0,15.0,40.0,17.0,6.0,21.0
401720762,2025-02-08,2025,0,40,2617,357,Stephen F. Austin Lumberjacks,Texas A&M-Corpus Christi Islanders,78,64,58.0,22.0,12.0,15.0,65.0,25.0,19.0,14.0
401720835,2025-02-08,2025,0,40,399,261,UAlbany Great Danes,Vermont Catamounts,62,68,56.0,8.0,7.0,5.0,59.0,15.0,14.0,9.0
401720836,2025-02-08,2025,0,40,2066,2803,Binghamton Bearcats,Bryant Bulldogs,71,78,64.0,20.0,11.0,4.0,64.0,24.0,13.0,6.0
401720837,2025-02-08,2025,0,40,311,2378,Maine Black Bears,UMBC Retrievers,73,50,61.0,4.0,7.0,13.0,51.0,4.0,3.0,19.0
401720838,2025-02-08,2025,0,40,160,2885,New Hampshire Wildcats,NJIT Highlanders,80,69,59.0,18.0,10.0,6.0,57.0,13.0,12.0,16.0
401720931,2025-02-08,2025,0,40,2464,149,Northern Arizona Lumberjacks,Montana Grizzlies,80,83,58.0,16.0,14.0,11.0,49.0,18.0,2.0,7.0
401720960,2025-02-08,2025,0,40,159,108,Dartmouth Big Green,Harvard Crimson,76,56,57.0,12.0,12.0,13.0,66.0,5.0,10.0,6.0
401721124,2025-02-08,2025,0,40,2130,2598,Chicago State Cougars,Saint Francis Red Wolves,69,81,56.0,14.0,4.0,10.0,55.0,12.0,7.0,14.0
401721145,2025-02-08,2025,0,40,161,2681,Fairleigh Dickinson Knights,Wagner Seahawks,69,58,46.0,32.0,9.0,13.0,55.0,22.0,15.0,15.0
401721165,2025-02-08,2025,0,40,2385,2330,Mercyhurst Lakers,Le Moyne Dolphins,82,78,56.0,16.0,4.0,6.0,49.0,14.0,4.0,16.0
401721244,2025-02-08,2025,0,40,2010,2582,Alabama A&M Bulldogs,Southern Jaguars,68,81,51.0,28.0,8.0,13.0,51.0,37.0,14.0,14.0
401721295,2025-02-08,2025,0,40,2016,2029,Alcorn State Braves,Arkansas-Pine Bluff Golden Lions,79,60,53.0,27.0,9.0,16.0,65.0,14.0,12.0,11.0
401721411,2025-02-08,2025,0,40,84,130,Indiana Hoosiers,Michigan Wolverines,67,70,60.0,15.0,8.0,7.0,54.0,20.0,8.0,12.0
401721412,2025-02-08,2025,0,40,2294,275,Iowa Hawkeyes,Wisconsin Badgers,63,74,63.0,9.0,11.0,9.0,61.0,17.0,12.0,9.0
401721413,2025-02-08,2025,0,40,127,2483,Michigan State Spartans,Oregon Ducks,86,74,54.0,27.0,10.0,12.0,61.0,23.0,11.0,8.0
401721414,2025-02-08,2025,0,40,135,356,Minnesota Golden Gophers,Illinois Fighting Illini,74,95,66.0,14.0,13.0,3.0,57.0,16.0,10.0,6.0
401721415,2025-02-08,2025,0,40,26,213,UCLA Bruins,Penn State Nittany Lions,78,54,66.0,15.0,12.0,3.0,50.0,12.0,9.0,18.0
401721416,2025-02-08,2025,0,40,264,77,Washington Huskies,Northwestern Wildcats,76,71,53.0,16.0,10.0,16.0,54.0,11.0,3.0,7.0
401721737,2025-02-08,2025,0,40,172,43,Cornell Big Red,Yale Bulldogs,88,103,68.0,12.0,11.0,12.0,64.0,19.0,8.0,11.0
401721738,2025-02-08,2025,0,40,171,225,Columbia Lions,Brown Bears,74,72,65.0,22.0,13.0,9.0,52.0,18.0,4.0,15.0
401721894,2025-02-08,2025,0,40,322,2426,Lafayette Leopards,Navy Midshipmen,61,51,51.0,10.0,6.0,17.0,64.0,9.0,11.0,11.0
401721895,2025-02-08,2025,0,40,2142,2352,Colgate Raiders,Loyola Maryland Greyhounds,82,68,60.0,17.0,8.0,9.0,57.0,18.0,7.0,13.0
401721896,2025-02-08,2025,0,45,2329,44,Lehigh Mountain Hawks,American University Eagles,75,78,54.0,37.0,8.0,11.0,59.0,27.0,10.0,11.0
401721897,2025-02-08,2025,0,40,107,104,Holy Cross Crusaders,Boston University Terriers,72,52,47.0,17.0,3.0,11.0,57.0,7.0,12.0,15.0
401721898,2025-02-08,2025,0,50,349,2083,Army Black Knights,Bucknell Bison,116,110,67.0,25.0,10.0,15.0,73.0,27.0,15.0,14.0
401722020,2025-02-08,2025,0,40,112358,284,Long Island University Sharks,Stonehill Skyhawks,62,59,50.0,12.0,9.0,14.0,47.0,13.0,10.0,17.0
401722046,2025-02-08,2025,0,40,2504,2065,Prairie View A&M Panthers,Bethune-Cookman Wildcats,82,85,60.0,19.0,5.0,9.0,56.0,29.0,12.0,13.0
401722076,2025-02-08,2025,0,40,2296,2400,Jackson State Tigers,Mississippi Valley State Delta Devils,92,44,58.0,33.0,17.0,5.0,45.0,18.0,5.0,14.0
401722166,2025-02-08,2025,0,40,2005,167,Air Force Falcons,New Mexico Lobos,53,88,54.0,19.0,4.0,18.0,70.0,22.0,12.0,7.0
401722356,2025-02-08,2025,0,40,36,21,Colorado State Rams,San Diego State Aztecs,68,63,53.0,24.0,17.0,12.0,58.0,21.0,15.0,8.0
401722436,2025-02-08,2025,0,40,2751,2439,Wyoming Cowboys,UNLV Rebels,57,68,59.0,9.0,10.0,10.0,50.0,19.0,6.0,11.0
401722517,2025-02-08,2025,0,40,339,71,Evansville Purple Aces,Bradley Braves,74,80,60.0,31.0,14.0,11.0,53.0,27.0,2.0,8.0
401722518,2025-02-08,2025,0,40,2460,2287,Northern Iowa Panthers,Illinois State Redbirds,68,65,56.0,12.0,6.0,11.0,58.0,5.0,8.0,13.0
401722519,2025-02-08,2025,0,45,2181,282,Drake Bulldogs,Indiana State Sycamores,85,81,55.0,30.0,9.0,14.0,55.0,23.0,4.0,11.0
401722520,2025-02-08,2025,0,40,2057,2623,Belmont Bruins,Missouri State Bears,85,68,58.0,2.0,4.0,12.0,51.0,10.0,9.0,20.0
401722521,2025-02-08,2025,0,40,2674,93,Valparaiso Beacons,Murray State Racers,56,74,60.0,14.0,11.0,10.0,55.0,13.0,9.0,11.0
401722522,2025-02-08,2025,0,40,79,82,Southern Illinois Salukis,UIC Flames,79,67,54.0,23.0,10.0,16.0,65.0,11.0,10.0,10.0
401724415,2025-02-08,2025,0,40,2166,257,Davidson Wildcats,Richmond Spiders,71,60,53.0,18.0,11.0,4.0,52.0,8.0,7.0,7.0
401724416,2025-02-08,2025,0,40,2184,2350,Duquesne Dukes,Loyola Chicago Ramblers,69,56,65.0,10.0,13.0,10.0,53.0,12.0,9.0,15.0
401724417,2025-02-08,2025,0,40,2244,227,George Mason Patriots,Rhode Island Rams,82,67,55.0,12.0,6.0,8.0,53.0,23.0,9.0,10.0
401724714,2025-02-08,2025,0,40,2640,50,Texas Southern Tigers,Florida A&M Rattlers,64,66,62.0,11.0,14.0,15.0,51.0,20.0,9.0,16.0
401724855,2025-02-08,2025,0,40,87,259,Notre Dame Fighting Irish,Virginia Tech Hokies,63,65,56.0,16.0,14.0,17.0,56.0,20.0,12.0,13.0
401724856,2025-02-08,2025,0,40,25,154,California Golden Bears,Wake Forest Demon Deacons,66,76,53.0,26.0,14.0,13.0,52.0,18.0,4.0,7.0
401724857,2025-02-08,2025,0,40,24,152,Stanford Cardinal,NC State Wolfpack,74,73,54.0,21.0,7.0,10.0,61.0,26.0,10.0,6.0
401724858,2025-02-08,2025,0,55,183,103,Syracuse Orange,Boston College Eagles,95,86,74.0,32.0,17.0,13.0,77.0,18.0,14.0,16.0
401724859,2025-02-08,2025,0,40,258,59,Virginia Cavaliers,Georgia Tech Yellow Jackets,75,61,61.0,5.0,13.0,8.0,53.0,9.0,6.0,8.0
401724860,2025-02-08,2025,0,40,153,221,North Carolina Tar Heels,Pittsburgh Panthers,67,66,54.0,15.0,5.0,6.0,52.0,18.0,6.0,9.0
401724861,2025-02-08,2025,0,40,228,150,Clemson Tigers,Duke Blue Devils,77,71,51.0,22.0,11.0,12.0,55.0,14.0,8.0,9.0
401724862,2025-02-08,2025,0,40,97,2390,Louisville Cardinals,Miami Hurricanes,88,78,67.0,12.0,11.0,8.0,65.0,12.0,9.0,10.0
401725577,2025-02-08,2025,0,40,2636,151,UTSA Roadrunners,East Carolina Pirates,79,80,65.0,10.0,11.0,8.0,51.0,33.0,9.0,9.0
401725578,2025-02-08,2025,0,40,249,2655,North Texas Mean Green,Tulane Green Wave,76,66,53.0,19.0,14.0,7.0,50.0,23.0,7.0,3.0
401725579,2025-02-08,2025,0,40,202,2226,Tulsa Golden Hurricane,Florida Atlantic Owls,55,79,63.0,19.0,13.0,10.0,60.0,11.0,8.0,7.0
401725580,2025-02-08,2025,0,40,2429,242,Charlotte 49ers,Rice Owls,78,75,51.0,23.0,6.0,6.0,44.0,26.0,3.0,7.0
401725718,2025-02-08,2025,0,40,2132,252,Cincinnati Bearcats,BYU Cougars,84,66,58.0,9.0,11.0,11.0,51.0,11.0,3.0,12.0
401725719,2025-02-08,2025,0,40,277,254,West Virginia Mountaineers,Utah Utes,72,61,52.0,23.0,6.0,7.0,56.0,14.0,9.0,10.0
401725720,2025-02-08,2025,0,40,2306,2305,Kansas State Wildcats,Kansas Jayhawks,81,73,66.0,6.0,5.0,10.0,60.0,12.0,8.0,14.0
401725721,2025-02-08,2025,0,40,12,2641,Arizona Wildcats,Texas Tech Red Raiders,82,73,58.0,23.0,12.0,14.0,70.0,10.0,12.0,9.0
401725722,2025-02-08,2025,0,40,66,2628,Iowa State Cyclones,TCU Horned Frogs,82,52,52.0,14.0,7.0,15.0,53.0,20.0,13.0,16.0
401725723,2025-02-08,2025,0,40,38,248,Colorado Buffaloes,Houston Cougars,59,69,46.0,16.0,8.0,12.0,56.0,15.0,15.0,9.0
401725724,2025-02-08,2025,0,40,239,2116,Baylor Bears,UCF Knights,91,76,60.0,22.0,11.0,10.0,59.0,18.0,13.0,12.0
401726450,2025-02-08,2025,0,40,2447,2837,Nicholls Colonels,East Texas A&M Lions,81,65,65.0,24.0,20.0,7.0,58.0,18.0,12.0,11.0
401727129,2025-02-08,2025,0,40,47,2428,Howard Bison,North Carolina Central Eagles,82,78,59.0,22.0,15.0,16.0,63.0,23.0,15.0,13.0
401727298,2025-02-08,2025,0,45,2363,2612,Manhattan Jaspers,Saint Peter's Peacocks,84,83,58.0,29.0,10.0,8.0,56.0,20.0,13.0,16.0
401727817,2025-02-08,2025,0,40,2569,108806,South Carolina State Bulldogs,Mid Atlantic Christian Mustangs,114,75,65.0,27.0,13.0,20.0,56.0,35.0,4.0,17.0
401727908,2025-02-08,2025,0,40,2241,2127,Gardner-Webb Runnin' Bulldogs,Charleston Southern Buccaneers,72,79,53.0,24.0,10.0,9.0,52.0,28.0,14.0,10.0
401727909,2025-02-08,2025,0,45,2272,2427,High Point Panthers,UNC Asheville Bulldogs,104,100,72.0,33.0,15.0,14.0,72.0,29.0,13.0,11.0
401727910,2025-02-08,2025,0,40,2344,2515,Longwood Lancers,Radford Highlanders,69,71,45.0,29.0,6.0,12.0,51.0,20.0,9.0,12.0
401727911,2025-02-08,2025,0,40,2908,2737,South Carolina Upstate Spartans,Winthrop Eagles,95,105,75.0,19.0,13.0,14.0,61.0,35.0,9.0,13.0
401728539,2025-02-08,2025,0,40,2011,2755,Alabama State Hornets,Grambling Tigers,67,77,61.0,13.0,10.0,10.0,54.0,21.0,12.0,14.0
401746086,2025-02-08,2025,0,40,195,2026,Ohio Bobcats,App State Mountaineers,59,72,57.0,9.0,8.0,9.0,52.0,20.0,7.0,9.0
401746087,2025-02-08,2025,0,40,2309,2032,Kent State Golden Flashes,Arkansas State Red Wolves,76,75,47.0,28.0,7.0,15.0,66.0,18.0,13.0,9.0
401746091,2025-02-08,2025,0,40,189,324,Bowling Green Falcons,Coastal Carolina Chanticleers,67,53,59.0,13.0,6.0,10.0,58.0,8.0,12.0,19.0
401746092,2025-02-08,2025,0,40,2711,290,Western Michigan Broncos,Georgia Southern Eagles,57,83,60.0,21.0,12.0,12.0,63.0,12.0,12.0,15.0
401746094,2025-02-08,2025,0,40,2084,2247,Buffalo Bulls,Georgia State Panthers,75,80,72.0,28.0,17.0,13.0,60.0,26.0,9.0,17.0
401746095,2025-02-08,2025,0,40,2649,256,Toledo Rockets,James Madison Dukes,72,69,63.0,14.0,14.0,3.0,53.0,5.0,4.0,9.0
401746097,2025-02-08,2025,0,40,2459,309,Northern Illinois Huskies,Louisiana Ragin' Cajuns,64,66,51.0,25.0,5.0,14.0,60.0,13.0,7.0,11.0
401746099,2025-02-08,2025,0,40,2199,295,Eastern Michigan Eagles,Old Dominion Monarchs,76,70,50.0,30.0,12.0,12.0,52.0,20.0,10.0,13.0
401746100,2025-02-08,2025,0,40,2006,6,Akron Zips,South Alabama Jaguars,80,67,61.0,7.0,9.0,12.0,53.0,20.0,6.0,13.0
401746101,2025-02-08,2025,0,40,2050,2572,Ball State Cardinals,Southern Miss Golden Eagles,77,76,65.0,15.0,14.0,11.0,55.0,23.0,6.0,11.0
401746102,2025-02-08,2025,0,40,2117,326,Central Michigan Chippewas,Texas State Bobcats,85,70,47.0,35.0,7.0,13.0,55.0,11.0,7.0,18.0
401746104,2025-02-08,2025,0,40,193,2653,Miami (OH) RedHawks,Troy Trojans,69,62,57.0,14.0,9.0,18.0,56.0,18.0,11.0,16.0
401719139,2025-02-09,2025,0,40,222,2752,Villanova Wildcats,Xavier Musketeers,80,68,57.0,10.0,6.0,8.0,53.0,12.0,8.0,14.0
401721417,2025-02-09,2025,0,40,120,164,Maryland Terrapins,Rutgers Scarlet Knights,90,81,65.0,34.0,13.0,10.0,63.0,31.0,15.0,13.0
401721418,2025-02-09,2025,0,40,158,194,Nebraska Cornhuskers,Ohio State Buckeyes,79,71,52.0,21.0,6.0,10.0,61.0,15.0,7.0,6.0
401724418,2025-02-09,2025,0,40,179,45,St. Bonaventure Bonnies,George Washington Revolutionaries,52,62,56.0,6.0,9.0,13.0,52.0,15.0,13.0,20.0
401724419,2025-02-09,2025,0,40,2325,113,La Salle Explorers,Massachusetts Minutemen,55,78,61.0,13.0,11.0,10.0,68.0,6.0,18.0,10.0
401725581,2025-02-09,2025,0,40,235,218,Memphis Tigers,Temple Owls,90,82,57.0,25.0,10.0,13.0,54.0,19.0,8.0,16.0
401725582,2025-02-09,2025,0,40,58,2724,South Florida Bulls,Wichita State Shockers,70,75,46.0,27.0,3.0,14.0,61.0,29.0,19.0,14.0
401725725,2025-02-09,2025,0,40,197,9,Oklahoma State Cowboys,Arizona State Sun Devils,86,73,64.0,26.0,13.0,14.0,63.0,26.0,10.0,12.0
401714261,2025-02-10,2025,0,40,2097,2448,Campbell Fighting Camels,North Carolina A&T Aggies,66,62,51.0,19.0,7.0,8.0,52.0,16.0,9.0,12.0
401715975,2025-02-10,2025,0,40,2277,2545,Houston Christian Huskies,SE Louisiana Lions,60,69,51.0,16.0,7.0,9.0,55.0,26.0,15.0,9.0
401716128,2025-02-10,2025,0,40,2916,2443,Incarnate Word Cardinals,LSU New Orleans Privateers,75,65,59.0,19.0,13.0,7.0,51.0,18.0,10.0,13.0
401720680,2025-02-10,2025,0,40,2320,357,Lamar Cardinals,Texas A&M-Corpus Christi Islanders,67,56,50.0,19.0,10.0,14.0,55.0,13.0,11.0,14.0
401720723,2025-02-10,2025,0,40,2377,2837,McNeese Cowboys,East Texas A&M Lions,67,51,58.0,10.0,13.0,10.0,49.0,7.0,7.0,14.0
401721216,2025-02-10,2025,0,40,2617,292,Stephen F. Austin Lumberjacks,UT Rio Grande Valley Vaqueros,85,75,69.0,19.0,17.0,12.0,66.0,6.0,8.0,15.0
401721245,2025-02-10,2025,0,40,2010,2755,Alabama A&M Bulldogs,Grambling Tigers,61,72,57.0,25.0,13.0,13.0,43.0,33.0,6.0,16.0
401721296,2025-02-10,2025,0,40,2016,2400,Alcorn State Braves,Mississippi Valley State Delta Devils,86,39,59.0,24.0,11.0,4.0,40.0,21.0,6.0,18.0
401721899,2025-02-10,2025,0,40,44,322,American University Eagles,Lafayette Leopards,60,58,51.0,11.0,4.0,7.0,50.0,18.0,7.0,11.0
401722047,2025-02-10,2025,0,40,2640,2065,Texas Southern Tigers,Bethune-Cookman Wildcats,77,80,70.0,13.0,16.0,11.0,55.0,18.0,10.0,14.0
401722077,2025-02-10,2025,0,40,2296,2029,Jackson State Tigers,Arkansas-Pine Bluff Golden Lions,94,78,57.0,21.0,10.0,13.0,62.0,18.0,9.0,9.0
401722129,2025-02-10,2025,0,40,2504,50,Prairie View A&M Panthers,Florida A&M Rattlers,67,78,59.0,23.0,9.0,13.0,60.0,13.0,11.0,15.0
401722145,2025-02-10,2025,0,40,2011,2582,Alabama State Hornets,Southern Jaguars,82,81,65.0,20.0,10.0,8.0,70.0,33.0,22.0,8.0
401722250,2025-02-10,2025,0,40,2440,278,Nevada Wolf Pack,Fresno State Bulldogs,94,69,62.0,10.0,8.0,11.0,52.0,22.0,10.0,18.0
401723737,2025-02-10,2025,0,40,2379,47,Maryland Eastern Shore Hawks,Howard Bison,57,77,53.0,17.0,3.0,9.0,50.0,13.0,5.0,14.0
401724863,2025-02-10,2025,0,40,228,153,Clemson Tigers,North Carolina Tar Heels,85,65,64.0,12.0,15.0,15.0,62.0,11.0,10.0,13.0
401725583,2025-02-10,2025,0,40,2226,2429,Florida Atlantic Owls,Charlotte 49ers,87,75,59.0,13.0,6.0,12.0,55.0,17.0,7.0,16.0
401725726,2025-02-10,2025,0,40,248,239,Houston Cougars,Baylor Bears,76,65,53.0,16.0,9.0,7.0,38.0,16.0,4.0,15.0
401726451,2025-02-10,2025,0,40,2447,2466,Nicholls Colonels,Northwestern State Demons,60,72,64.0,16.0,15.0,10.0,46.0,30.0,9.0,16.0
401700354,2025-02-11,2025,0,40,2031,2546,Little Rock Trojans,Southeast Missouri State Redhawks,45,57,47.0,13.0,7.0,18.0,54.0,16.0,11.0,12.0
401706361,2025-02-11,2025,0,40,2459,2084,Northern Illinois Huskies,Buffalo Bulls,67,73,60.0,11.0,8.0,11.0,54.0,20.0,7.0,13.0
401706362,2025-02-11,2025,0,40,2309,2117,Kent State Golden Flashes,Central Michigan Chippewas,91,83,59.0,13.0,10.0,11.0,59.0,22.0,10.0,7.0
401706363,2025-02-11,2025,0,45,2050,2199,Ball State Cardinals,Eastern Michigan Eagles,86,84,52.0,28.0,7.0,15.0,59.0,17.0,8.0,12.0
401706364,2025-02-11,2025,0,40,189,195,Bowling Green Falcons,Ohio Bobcats,81,86,61.0,25.0,9.0,13.0,51.0,34.0,3.0,12.0
401706365,2025-02-11,2025,0,40,193,2649,Miami (OH) RedHawks,Toledo Rockets,92,80,65.0,23.0,14.0,10.0,61.0,27.0,9.0,8.0
401706366,2025-02-11,2025,0,40,2006,2711,Akron Zips,Western Michigan Broncos,105,92,63.0,19.0,10.0,15.0,75.0,24.0,22.0,12.0
401706732,2025-02-11,2025,0,40,2608,2541,Saint Mary's Gaels,Santa Clara Broncos,73,64,47.0,24.0,6.0,12.0,57.0,11.0,9.0,12.0
401708383,2025-02-11,2025,0,40,96,2633,Kentucky Wildcats,Tennessee Volunteers,75,64,52.0,14.0,3.0,8.0,54.0,19.0,8.0,9.0
401708384,2025-02-11,2025,0,40,344,57,Mississippi State Bulldogs,Florida Gators,68,81,58.0,19.0,12.0,15.0,61.0,17.0,6.0,8.0
401708387,2025-02-11,2025,0,40,245,61,Texas A&M Aggies,Georgia Bulldogs,69,53,64.0,16.0,19.0,12.0,49.0,18.0,10.0,14.0
401708388,2025-02-11,2025,0,40,238,2,Vanderbilt Commodores,Auburn Tigers,68,80,62.0,14.0,16.0,12.0,58.0,15.0,10.0,8.0
401708389,2025-02-11,2025,0,40,251,333,Texas Longhorns,Alabama Crimson Tide,80,103,69.0,19.0,14.0,9.0,55.0,20.0,11.0,17.0
401719140,2025-02-11,2025,0,40,269,305,Marquette Golden Eagles,DePaul Blue Demons,68,58,67.0,20.0,16.0,12.0,60.0,9.0,8.0,15.0
401719141,2025-02-11,2025,0,40,156,41,Creighton Bluejays,UConn Huskies,66,70,47.0,30.0,5.0,10.0,66.0,15.0,12.0,6.0
401721419,2025-02-11,2025,0,40,356,26,Illinois Fighting Illini,UCLA Bruins,83,78,53.0,20.0,10.0,14.0,58.0,15.0,5.0,8.0
401721420,2025-02-11,2025,0,40,130,2509,Michigan Wolverines,Purdue Boilermakers,75,73,56.0,26.0,12.0,11.0,69.0,8.0,14.0,11.0
401721421,2025-02-11,2025,0,40,127,84,Michigan State Spartans,Indiana Hoosiers,67,71,55.0,25.0,12.0,11.0,50.0,28.0,7.0,9.0
401721422,2025-02-11,2025,0,40,2483,77,Oregon Ducks,Northwestern Wildcats,81,75,51.0,28.0,8.0,8.0,60.0,10.0,7.0,11.0
401721423,2025-02-11,2025,0,40,30,213,USC Trojans,Penn State Nittany Lions,92,67,49.0,17.0,4.0,15.0,49.0,28.0,8.0,15.0
401722207,2025-02-11,2025,0,40,2439,2005,UNLV Rebels,Air Force Falcons,77,52,53.0,17.0,8.0,9.0,56.0,12.0,12.0,11.0
401722357,2025-02-11,2025,0,40,23,21,San José State Spartans,San Diego State Aztecs,66,69,64.0,10.0,15.0,14.0,59.0,22.0,16.0,16.0
401722402,2025-02-11,2025,0,40,328,36,Utah State Aggies,Colorado State Rams,93,85,54.0,30.0,8.0,6.0,55.0,27.0,9.0,11.0
401722523,2025-02-11,2025,0,40,93,82,Murray State Racers,UIC Flames,63,53,60.0,22.0,20.0,10.0,50.0,25.0,11.0,9.0
401722558,2025-02-11,2025,0,40,2460,282,Northern Iowa Panthers,Indiana State Sycamores,88,73,55.0,18.0,4.0,7.0,56.0,25.0,8.0,8.0
401724420,2025-02-11,2025,0,45,139,2244,Saint Louis Billikens,George Mason Patriots,74,76,62.0,10.0,11.0,14.0,68.0,12.0,11.0,5.0
401724421,2025-02-11,2025,0,45,257,2350,Richmond Spiders,Loyola Chicago Ramblers,80,87,60.0,13.0,8.0,9.0,65.0,15.0,13.0,9.0
401724864,2025-02-11,2025,0,40,2390,183,Miami Hurricanes,Syracuse Orange,91,84,56.0,23.0,4.0,9.0,66.0,17.0,11.0,10.0
401724865,2025-02-11,2025,0,40,2567,221,SMU Mustangs,Pittsburgh Panthers,83,63,52.0,23.0,11.0,15.0,66.0,15.0,17.0,12.0
401725584,2025-02-11,2025,0,40,151,5,East Carolina Pirates,UAB Blazers,82,75,60.0,19.0,10.0,8.0,62.0,20.0,15.0,10.0
401725585,2025-02-11,2025,0,40,242,249,Rice Owls,North Texas Mean Green,61,67,50.0,23.0,13.0,9.0,55.0,14.0,10.0,5.0
401725727,2025-02-11,2025,0,40,2306,12,Kansas State Wildcats,Arizona Wildcats,73,70,62.0,26.0,7.0,10.0,63.0,19.0,13.0,17.0
401725728,2025-02-11,2025,0,40,277,252,West Virginia Mountaineers,BYU Cougars,69,73,58.0,7.0,5.0,7.0,55.0,16.0,10.0,12.0
401725729,2025-02-11,2025,0,40,2132,254,Cincinnati Bearcats,Utah Utes,85,75,61.0,19.0,14.0,11.0,65.0,3.0,9.0,10.0
401725730,2025-02-11,2025,0,40,2305,38,Kansas Jayhawks,Colorado Buffaloes,71,59,58.0,16.0,9.0,8.0,57.0,16.0,8.0,8.0
401725731,2025-02-11,2025,0,40,2116,66,UCF Knights,Iowa State Cyclones,65,77,65.0,10.0,10.0,9.0,59.0,21.0,11.0,11.0
401749974,2025-02-11,2025,0,40,2492,2351,Pepperdine Waves,Loyola Marymount Lions,60,69,62.0,11.0,15.0,15.0,53.0,8.0,3.0,13.0
401706256,2025-02-12,2025,0,40,315,2099,Niagara Purple Eagles,Canisius Golden Griffins,71,60,51.0,23.0,6.0,9.0,47.0,14.0,5.0,15.0
401706469,2025-02-12,2025,0,45,2643,2747,The Citadel Bulldogs,Wofford Terriers,71,74,60.0,8.0,7.0,8.0,66.0,19.0,21.0,11.0
401706470,2025-02-12,2025,0,40,2717,2193,Western Carolina Catamounts,East Tennessee State Buccaneers,76,67,58.0,22.0,12.0,12.0,71.0,16.0,16.0,5.0
401706471,2025-02-12,2025,0,40,231,2382,Furman Paladins,Mercer Bears,96,72,63.0,20.0,13.0,10.0,64.0,12.0,13.0,13.0
401706472,2025-02-12,2025,0,40,2430,2678,UNC Greensboro Spartans,VMI Keydets,80,54,62.0,11.0,9.0,12.0,48.0,18.0,4.0,17.0
401706473,2025-02-12,2025,0,40,2535,236,Samford Bulldogs,Chattanooga Mocs,68,82,60.0,24.0,18.0,15.0,53.0,22.0,7.0,14.0
401708382,2025-02-12,2025,0,40,8,99,Arkansas Razorbacks,LSU Tigers,70,58,54.0,17.0,7.0,8.0,64.0,6.0,10.0,9.0
401708385,2025-02-12,2025,0,40,142,201,Missouri Tigers,Oklahoma Sooners,82,58,48.0,35.0,3.0,12.0,58.0,24.0,12.0,17.0
401708386,2025-02-12,2025,0,40,2579,145,South Carolina Gamecocks,Ole Miss Rebels,68,72,50.0,32.0,10.0,8.0,55.0,17.0,6.0,8.0
401714446,2025-02-12,2025,0,40,2754,2870,Youngstown State Penguins,Purdue Fort Wayne Mastodons,93,71,60.0,24.0,11.0,9.0,65.0,11.0,10.0,9.0
401714447,2025-02-12,2025,0,40,85,2473,IU Indianapolis Jaguars,Oakland Golden Grizzlies,67,82,65.0,18.0,20.0,8.0,53.0,16.0,10.0,12.0
401714448,2025-02-12,2025,0,40,325,2523,Cleveland State Vikings,Robert Morris Colonials,59,68,57.0,11.0,9.0,12.0,62.0,14.0,16.0,10.0
401714591,2025-02-12,2025,0,40,309,2653,Louisiana Ragin' Cajuns,Troy Trojans,56,74,49.0,18.0,6.0,14.0,56.0,21.0,17.0,15.0
401714592,2025-02-12,2025,0,40,2032,2572,Arkansas State Red Wolves,Southern Miss Golden Eagles,101,67,76.0,20.0,15.0,5.0,57.0,15.0,5.0,17.0
401719142,2025-02-12,2025,0,40,2507,2752,Providence Friars,Xavier Musketeers,82,91,67.0,10.0,11.0,13.0,59.0,29.0,10.0,11.0
401719143,2025-02-12,2025,0,40,222,2599,Villanova Wildcats,St. John's Red Storm,73,71,49.0,13.0,7.0,11.0,61.0,10.0,15.0,13.0
401721424,2025-02-12,2025,0,40,194,264,Ohio State Buckeyes,Washington Huskies,93,69,55.0,22.0,9.0,14.0,52.0,19.0,6.0,14.0
401721425,2025-02-12,2025,0,40,164,2294,Rutgers Scarlet Knights,Iowa Hawkeyes,73,84,58.0,8.0,7.0,15.0,67.0,10.0,11.0,9.0
401721900,2025-02-12,2025,0,40,107,2142,Holy Cross Crusaders,Colgate Raiders,65,87,56.0,9.0,9.0,14.0,59.0,10.0,5.0,6.0
401721901,2025-02-12,2025,0,40,2083,104,Bucknell Bison,Boston University Terriers,76,60,49.0,29.0,8.0,11.0,51.0,23.0,7.0,10.0
401721902,2025-02-12,2025,0,40,2426,2329,Navy Midshipmen,Lehigh Mountain Hawks,63,60,55.0,20.0,10.0,12.0,62.0,14.0,11.0,9.0
401721903,2025-02-12,2025,0,40,2352,349,Loyola Maryland Greyhounds,Army Black Knights,60,64,63.0,17.0,16.0,12.0,55.0,17.0,5.0,8.0
401722437,2025-02-12,2025,0,40,167,2751,New Mexico Lobos,Wyoming Cowboys,71,67,55.0,34.0,12.0,13.0,52.0,14.0,6.0,18.0
401722524,2025-02-12,2025,0,40,2674,2057,Valparaiso Beacons,Belmont Bruins,101,86,58.0,26.0,8.0,9.0,61.0,14.0,7.0,10.0
401722525,2025-02-12,2025,0,40,2287,2181,Illinois State Redbirds,Drake Bulldogs,77,84,45.0,26.0,5.0,13.0,48.0,21.0,3.0,10.0
401722526,2025-02-12,2025,0,40,2623,339,Missouri State Bears,Evansville Purple Aces,71,54,51.0,19.0,8.0,10.0,51.0,14.0,11.0,14.0
401722527,2025-02-12,2025,0,40,71,79,Bradley Braves,Southern Illinois Salukis,78,64,58.0,12.0,9.0,7.0,57.0,7.0,9.0,11.0
401724422,2025-02-12,2025,0,40,45,2670,George Washington Revolutionaries,VCU Rams,72,80,52.0,27.0,10.0,10.0,51.0,16.0,12.0,16.0
401724423,2025-02-12,2025,0,40,113,2166,Massachusetts Minutemen,Davidson Wildcats,68,77,69.0,10.0,14.0,6.0,62.0,11.0,12.0,10.0
401724424,2025-02-12,2025,0,40,2230,2168,Fordham Rams,Dayton Flyers,76,93,53.0,20.0,12.0,15.0,54.0,31.0,12.0,6.0
401724425,2025-02-12,2025,0,40,2603,2325,Saint Joseph's Hawks,La Salle Explorers,75,63,61.0,18.0,9.0,10.0,56.0,23.0,8.0,11.0
401724426,2025-02-12,2025,0,40,227,179,Rhode Island Rams,St. Bonaventure Bonnies,68,64,52.0,17.0,8.0,13.0,55.0,8.0,7.0,11.0
401724866,2025-02-12,2025,0,40,59,24,Georgia Tech Yellow Jackets,Stanford Cardinal,60,52,49.0,19.0,10.0,15.0,66.0,7.0,13.0,7.0
401724867,2025-02-12,2025,0,40,154,52,Wake Forest Demon Deacons,Florida State Seminoles,70,72,55.0,17.0,4.0,10.0,58.0,18.0,10.0,9.0
401724868,2025-02-12,2025,0,40,152,97,NC State Wolfpack,Louisville Cardinals,66,91,61.0,17.0,14.0,12.0,55.0,11.0,7.0,17.0
401724869,2025-02-12,2025,0,50,103,87,Boston College Eagles,Notre Dame Fighting Irish,94,97,67.0,15.0,6.0,13.0,74.0,29.0,16.0,9.0
401724870,2025-02-12,2025,0,40,150,25,Duke Blue Devils,California Golden Bears,78,57,58.0,19.0,12.0,10.0,57.0,15.0,9.0,11.0
401725586,2025-02-12,2025,0,40,218,202,Temple Owls,Tulsa Golden Hurricane,74,80,59.0,24.0,11.0,8.0,58.0,17.0,8.0,8.0
401725587,2025-02-12,2025,0,40,2724,2636,Wichita State Shockers,UTSA Roadrunners,69,64,56.0,23.0,16.0,20.0,66.0,8.0,7.0,10.0
401725732,2025-02-12,2025,0,50,2641,9,Texas Tech Red Raiders,Arizona State Sun Devils,111,106,68.0,32.0,11.0,14.0,72.0,16.0,5.0,12.0
401725733,2025-02-12,2025,0,40,2628,197,TCU Horned Frogs,Oklahoma State Cowboys,73,72,56.0,20.0,9.0,17.0,59.0,24.0,11.0,14.0
401727912,2025-02-12,2025,0,40,2127,2506,Charleston Southern Buccaneers,Presbyterian Blue Hose,71,70,44.0,22.0,8.0,19.0,60.0,18.0,10.0,9.0
401727914,2025-02-12,2025,0,40,2737,2515,Winthrop Eagles,Radford Highlanders,78,74,55.0,19.0,9.0,15.0,53.0,23.0,7.0,15.0
401727915,2025-02-12,2025,0,40,2908,2427,South Carolina Upstate Spartans,UNC Asheville Bulldogs,85,92,68.0,19.0,6.0,6.0,63.0,31.0,10.0,9.0
401700228,2025-02-13,2025,0,40,2534,55,Sam Houston Bearkats,Jacksonville State Gamecocks,66,61,51.0,16.0,4.0,11.0,57.0,7.0,7.0,15.0
401700229,2025-02-13,2025,0,40,2348,338,Louisiana Tech Bulldogs,Kennesaw State Owls,47,69,50.0,12.0,6.0,11.0,52.0,17.0,9.0,10.0
401700230,2025-02-13,2025,0,40,2638,2229,UTEP Miners,Florida International Panthers,77,63,60.0,14.0,9.0,12.0,56.0,17.0,9.0,15.0
401700231,2025-02-13,2025,0,40,166,2335,New Mexico State Aggies,Liberty Flames,54,64,58.0,14.0,9.0,10.0,45.0,30.0,4.0,8.0
401700355,2025-02-13,2025,0,40,2197,2634,Eastern Illinois Panthers,Tennessee State Tigers,49,66,58.0,22.0,13.0,11.0,43.0,31.0,8.0,16.0
401700356,2025-02-13,2025,0,40,2815,2413,Lindenwood Lions,Morehead State Eagles,73,60,45.0,29.0,7.0,14.0,58.0,17.0,13.0,14.0
401700357,2025-02-13,2025,0,40,2031,2635,Little Rock Trojans,Tennessee Tech Golden Eagles,79,75,56.0,21.0,3.0,6.0,55.0,14.0,7.0,15.0
401700358,2025-02-13,2025,0,40,2565,2630,SIU Edwardsville Cougars,UT Martin Skyhawks,71,76,61.0,20.0,14.0,12.0,58.0,21.0,15.0,15.0
401700359,2025-02-13,2025,0,40,2710,88,Western Illinois Leathernecks,Southern Indiana Screaming Eagles,87,62,60.0,13.0,9.0,9.0,60.0,16.0,12.0,11.0
401706547,2025-02-13,2025,0,40,155,2172,North Dakota Fighting Hawks,Denver Pioneers,64,68,53.0,24.0,9.0,17.0,51.0,21.0,7.0,19.0
401706548,2025-02-13,2025,0,40,2571,2437,South Dakota State Jackrabbits,Omaha Mavericks,98,85,58.0,29.0,9.0,10.0,65.0,20.0,9.0,7.0
401706549,2025-02-13,2025,0,40,233,140,South Dakota Coyotes,Kansas City Roos,79,72,69.0,22.0,11.0,8.0,65.0,19.0,20.0,21.0
401706550,2025-02-13,2025,0,45,2449,198,North Dakota State Bison,Oral Roberts Golden Eagles,94,88,57.0,26.0,5.0,11.0,66.0,24.0,8.0,7.0
401706613,2025-02-13,2025,0,45,250,2856,UT Arlington Mavericks,California Baptist Lancers,82,79,53.0,43.0,7.0,10.0,80.0,8.0,20.0,14.0
401706614,2025-02-13,2025,0,40,2627,2253,Tarleton State Texans,Grand Canyon Lopes,60,64,58.0,15.0,9.0,12.0,41.0,28.0,10.0,22.0
401706615,2025-02-13,2025,0,40,2000,2547,Abilene Christian Wildcats,Seattle U Redhawks,75,59,53.0,23.0,7.0,15.0,53.0,33.0,11.0,15.0
401706616,2025-02-13,2025,0,40,253,3101,Southern Utah Thunderbirds,Utah Tech Trailblazers,76,74,62.0,27.0,16.0,6.0,53.0,20.0,7.0,10.0
401706733,2025-02-13,2025,0,40,2501,204,Portland Pilots,Oregon State Beavers,84,72,56.0,19.0,9.0,9.0,55.0,14.0,9.0,14.0
401706734,2025-02-13,2025,0,40,2250,2539,Gonzaga Bulldogs,San Francisco Dons,88,77,65.0,23.0,15.0,10.0,60.0,19.0,8.0,10.0
401706735,2025-02-13,2025,0,40,2351,279,Loyola Marymount Lions,Pacific Tigers,58,83,56.0,16.0,6.0,9.0,58.0,10.0,8.0,11.0
401706736,2025-02-13,2025,0,40,2492,301,Pepperdine Waves,San Diego Toreros,88,81,61.0,27.0,14.0,13.0,70.0,21.0,10.0,6.0
401709992,2025-02-13,2025,0,40,62,299,Hawai'i Rainbow Warriors,Long Beach State Beach,62,60,40.0,23.0,8.0,16.0,53.0,16.0,6.0,8.0
401711610,2025-02-13,2025,0,40,2046,526,Austin Peay Governors,Florida Gulf Coast Eagles,73,60,53.0,7.0,6.0,8.0,54.0,11.0,10.0,9.0
401711627,2025-02-13,2025,0,40,2198,2698,Eastern Kentucky Colonels,West Georgia Wolves,95,73,64.0,18.0,8.0,8.0,58.0,16.0,7.0,12.0
401711661,2025-02-13,2025,0,40,2110,294,Central Arkansas Bears,Jacksonville Dolphins,62,77,50.0,16.0,8.0,17.0,61.0,6.0,8.0,10.0
401711676,2025-02-13,2025,0,40,288,56,Lipscomb Bisons,Stetson Hatters,93,60,64.0,8.0,6.0,5.0,63.0,9.0,6.0,6.0
401711698,2025-02-13,2025,0,40,2453,2454,North Alabama Lions,North Florida Ospreys,83,70,73.0,12.0,21.0,11.0,67.0,13.0,9.0,4.0
401711719,2025-02-13,2025,0,45,91,2511,Bellarmine Knights,Queens University Royals,87,92,65.0,22.0,9.0,9.0,52.0,31.0,4.0,13.0
401714264,2025-02-13,2025,0,40,2729,2275,William & Mary Tribe,Hofstra Pride,61,60,45.0,19.0,10.0,20.0,53.0,11.0,4.0,10.0
401714265,2025-02-13,2025,0,40,2619,2405,Stony Brook Seawolves,Monmouth Hawks,69,79,59.0,11.0,12.0,12.0,57.0,16.0,9.0,11.0
401714266,2025-02-13,2025,0,40,2261,2182,Hampton Pirates,Drexel Dragons,63,58,60.0,11.0,14.0,9.0,61.0,5.0,9.0,8.0
401714267,2025-02-13,2025,0,40,119,48,Towson Tigers,Delaware Blue Hens,75,70,62.0,15.0,16.0,14.0,55.0,16.0,7.0,12.0
401714268,2025-02-13,2025,0,40,2210,2448,Elon Phoenix,North Carolina A&T Aggies,59,60,53.0,8.0,9.0,15.0,57.0,12.0,11.0,12.0
401714269,2025-02-13,2025,0,40,111,2097,Northeastern Huskies,Campbell Fighting Camels,67,58,65.0,14.0,17.0,12.0,59.0,10.0,16.0,14.0
401714270,2025-02-13,2025,0,40,350,232,UNC Wilmington Seahawks,Charleston Cougars,86,66,66.0,16.0,15.0,8.0,57.0,21.0,7.0,7.0
401714335,2025-02-13,2025,0,40,302,27,UC Davis Aggies,UC Riverside Highlanders,75,74,52.0,27.0,13.0,16.0,73.0,9.0,15.0,6.0
401714336,2025-02-13,2025,0,40,2934,28,Cal State Bakersfield Roadrunners,UC San Diego Tritons,54,73,61.0,9.0,18.0,11.0,50.0,12.0,4.0,5.0
401714337,2025-02-13,2025,0,40,2239,13,Cal State Fullerton Titans,Cal Poly Mustangs,83,98,64.0,22.0,6.0,17.0,72.0,17.0,7.0,12.0
401714338,2025-02-13,2025,0,40,300,2540,UC Irvine Anteaters,UC Santa Barbara Gauchos,62,60,58.0,10.0,7.0,12.0,58.0,12.0,9.0,10.0
401714593,2025-02-13,2025,0,40,2433,326,UL Monroe Warhawks,Texas State Bobcats,60,72,58.0,23.0,14.0,12.0,59.0,18.0,14.0,14.0
401714594,2025-02-13,2025,0,40,324,2026,Coastal Carolina Chanticleers,App State Mountaineers,46,64,53.0,13.0,10.0,10.0,49.0,26.0,10.0,5.0
401714595,2025-02-13,2025,0,40,290,256,Georgia Southern Eagles,James Madison Dukes,72,77,58.0,15.0,11.0,11.0,56.0,13.0,8.0,10.0
401714596,2025-02-13,2025,0,45,6,276,South Alabama Jaguars,Marshall Thundering Herd,91,82,60.0,33.0,6.0,6.0,77.0,11.0,16.0,11.0
401714597,2025-02-13,2025,0,40,2247,295,Georgia State Panthers,Old Dominion Monarchs,97,75,55.0,26.0,6.0,10.0,67.0,16.0,14.0,12.0
401719389,2025-02-13,2025,0,40,16,2458,Sacramento State Hornets,Northern Colorado Bears,61,77,62.0,12.0,8.0,10.0,56.0,21.0,8.0,11.0
401719667,2025-02-13,2025,0,40,2502,2464,Portland State Vikings,Northern Arizona Lumberjacks,58,46,52.0,15.0,12.0,15.0,56.0,21.0,16.0,10.0
401720553,2025-02-13,2025,0,40,147,2692,Montana State Bobcats,Weber State Wildcats,74,66,52.0,27.0,5.0,8.0,56.0,21.0,3.0,7.0
401720839,2025-02-13,2025,0,40,261,160,Vermont Catamounts,New Hampshire Wildcats,79,59,60.0,16.0,12.0,7.0,50.0,8.0,5.0,14.0
401720840,2025-02-13,2025,0,45,2349,399,UMass Lowell River Hawks,UAlbany Great Danes,88,90,62.0,17.0,10.0,17.0,71.0,20.0,14.0,10.0
401720841,2025-02-13,2025,0,40,2378,2066,UMBC Retrievers,Binghamton Bearcats,81,77,55.0,36.0,4.0,7.0,53.0,24.0,8.0,16.0
401720842,2025-02-13,2025,0,40,2803,2885,Bryant Bulldogs,NJIT Highlanders,88,66,69.0,17.0,11.0,8.0,70.0,10.0,13.0,14.0
401720932,2025-02-13,2025,0,40,149,304,Montana Grizzlies,Idaho State Bengals,81,68,57.0,16.0,11.0,12.0,66.0,21.0,17.0,9.0
401721102,2025-02-13,2025,0,40,2115,2385,Central Connecticut Blue Devils,Mercyhurst Lakers,73,63,53.0,13.0,8.0,16.0,57.0,8.0,6.0,12.0
401721125,2025-02-13,2025,0,40,161,2130,Fairleigh Dickinson Knights,Chicago State Cougars,91,49,62.0,14.0,10.0,10.0,67.0,8.0,9.0,8.0
401721166,2025-02-13,2025,0,45,2330,2681,Le Moyne Dolphins,Wagner Seahawks,72,68,58.0,28.0,9.0,7.0,59.0,18.0,12.0,16.0
401721426,2025-02-13,2025,0,40,158,120,Nebraska Cornhuskers,Maryland Terrapins,75,83,58.0,17.0,8.0,10.0,53.0,18.0,9.0,12.0
401722007,2025-02-13,2025,0,40,284,2598,Stonehill Skyhawks,Saint Francis Red Wolves,79,74,60.0,23.0,14.0,6.0,57.0,13.0,8.0,7.0
401725588,2025-02-13,2025,0,40,58,235,South Florida Bulls,Memphis Tigers,65,80,60.0,15.0,4.0,15.0,67.0,30.0,16.0,12.0
401727913,2025-02-13,2025,0,40,2272,2344,High Point Panthers,Longwood Lancers,83,72,72.0,13.0,21.0,12.0,54.0,20.0,6.0,11.0
401706257,2025-02-14,2025,0,40,2529,2514,Sacred Heart Pioneers,Quinnipiac Bobcats,90,99,68.0,24.0,6.0,10.0,71.0,30.0,17.0,17.0
401706258,2025-02-14,2025,0,40,314,2520,Iona Gaels,Rider Broncs,71,74,65.0,8.0,9.0,8.0,57.0,30.0,14.0,11.0
401706259,2025-02-14,2025,0,40,2363,2771,Manhattan Jaspers,Merrimack Warriors,79,75,61.0,18.0,18.0,16.0,65.0,16.0,12.0,5.0
401706260,2025-02-14,2025,0,40,315,116,Niagara Purple Eagles,Mount St. Mary's Mountaineers,83,84,55.0,26.0,8.0,11.0,54.0,21.0,10.0,16.0
401706261,2025-02-14,2025,0,40,2561,2368,Siena Saints,Marist Red Foxes,64,65,53.0,35.0,9.0,3.0,57.0,12.0,9.0,10.0
401706262,2025-02-14,2025,0,40,2612,2217,Saint Peter's Peacocks,Fairfield Stags,65,52,47.0,32.0,11.0,15.0,55.0,18.0,7.0,9.0
401706371,2025-02-14,2025,0,40,2309,195,Kent State Golden Flashes,Ohio Bobcats,76,75,54.0,23.0,11.0,13.0,52.0,13.0,3.0,11.0
401714449,2025-02-14,2025,0,40,2739,94,Green Bay Phoenix,Northern Kentucky Norse,60,73,55.0,21.0,5.0,13.0,55.0,24.0,6.0,13.0
401714450,2025-02-14,2025,0,45,270,2750,Milwaukee Panthers,Wright State Raiders,88,80,66.0,22.0,13.0,10.0,60.0,16.0,9.0,11.0
401720961,2025-02-14,2025,0,40,159,171,Dartmouth Big Green,Columbia Lions,78,56,65.0,9.0,9.0,8.0,61.0,10.0,7.0,6.0
401721427,2025-02-14,2025,0,40,84,26,Indiana Hoosiers,UCLA Bruins,68,72,62.0,14.0,12.0,8.0,55.0,14.0,9.0,11.0
401721739,2025-02-14,2025,0,40,225,163,Brown Bears,Princeton Tigers,70,56,55.0,21.0,8.0,10.0,65.0,10.0,13.0,11.0
401721740,2025-02-14,2025,0,40,43,219,Yale Bulldogs,Pennsylvania Quakers,72,71,63.0,14.0,10.0,3.0,61.0,5.0,12.0,12.0
401721741,2025-02-14,2025,0,40,108,172,Harvard Crimson,Cornell Big Red,75,73,62.0,17.0,9.0,11.0,54.0,16.0,5.0,16.0
401722251,2025-02-14,2025,0,40,23,2440,San José State Spartans,Nevada Wolf Pack,58,73,49.0,18.0,14.0,18.0,58.0,13.0,10.0,7.0
401724427,2025-02-14,2025,0,40,2350,139,Loyola Chicago Ramblers,Saint Louis Billikens,78,69,58.0,21.0,5.0,7.0,57.0,12.0,6.0,12.0
401700232,2025-02-15,2025,0,40,98,2393,Western Kentucky Hilltoppers,Middle Tennessee Blue Raiders,77,87,79.0,17.0,21.0,9.0,70.0,22.0,15.0,6.0
401700233,2025-02-15,2025,0,40,2348,55,Louisiana Tech Bulldogs,Jacksonville State Gamecocks,68,70,56.0,18.0,12.0,12.0,47.0,30.0,10.0,12.0
401700234,2025-02-15,2025,0,40,2534,338,Sam Houston Bearkats,Kennesaw State Owls,78,76,47.0,33.0,5.0,13.0,57.0,18.0,10.0,16.0
401700235,2025-02-15,2025,0,40,166,2229,New Mexico State Aggies,Florida International Panthers,76,48,52.0,24.0,5.0,5.0,56.0,15.0,11.0,14.0
401700236,2025-02-15,2025,0,40,2638,2335,UTEP Miners,Liberty Flames,69,76,61.0,9.0,5.0,6.0,57.0,15.0,8.0,11.0
401700360,2025-02-15,2025,0,40,2197,2630,Eastern Illinois Panthers,UT Martin Skyhawks,68,72,55.0,13.0,6.0,13.0,57.0,18.0,13.0,17.0
401700361,2025-02-15,2025,0,45,2815,88,Lindenwood Lions,Southern Indiana Screaming Eagles,81,78,64.0,22.0,10.0,16.0,71.0,16.0,10.0,14.0
401700362,2025-02-15,2025,0,40,2710,2413,Western Illinois Leathernecks,Morehead State Eagles,72,67,50.0,23.0,2.0,9.0,60.0,22.0,14.0,10.0
401700363,2025-02-15,2025,0,40,2546,2635,Southeast Missouri State Redhawks,Tennessee Tech Golden Eagles,83,69,62.0,4.0,5.0,8.0,56.0,14.0,5.0,12.0
401700364,2025-02-15,2025,0,40,2565,2634,SIU Edwardsville Cougars,Tennessee State Tigers,84,72,53.0,30.0,6.0,12.0,62.0,17.0,17.0,21.0
401706367,2025-02-15,2025,0,40,2117,2006,Central Michigan Chippewas,Akron Zips,82,85,65.0,24.0,11.0,16.0,59.0,23.0,7.0,15.0
401706368,2025-02-15,2025,0,40,2084,189,Buffalo Bulls,Bowling Green Falcons,59,63,49.0,21.0,10.0,17.0,52.0,19.0,5.0,14.0
401706369,2025-02-15,2025,0,40,2711,193,Western Michigan Broncos,Miami (OH) RedHawks,78,70,68.0,26.0,22.0,14.0,60.0,16.0,6.0,14.0
401706370,2025-02-15,2025,0,45,2050,2459,Ball State Cardinals,Northern Illinois Huskies,89,83,54.0,50.0,7.0,9.0,63.0,21.0,6.0,12.0
401706372,2025-02-15,2025,0,40,2199,2649,Eastern Michigan Eagles,Toledo Rockets,80,73,56.0,10.0,6.0,10.0,62.0,16.0,13.0,10.0
401706474,2025-02-15,2025,0,40,2717,2643,Western Carolina Catamounts,The Citadel Bulldogs,76,73,61.0,18.0,9.0,8.0,63.0,22.0,14.0,9.0
401706475,2025-02-15,2025,0,40,236,2193,Chattanooga Mocs,East Tennessee State Buccaneers,78,71,52.0,10.0,8.0,10.0,52.0,16.0,11.0,10.0
401706476,2025-02-15,2025,0,40,231,2430,Furman Paladins,UNC Greensboro Spartans,50,58,56.0,17.0,13.0,12.0,56.0,12.0,8.0,8.0
401706477,2025-02-15,2025,0,40,2382,2678,Mercer Bears,VMI Keydets,71,80,60.0,23.0,12.0,12.0,54.0,29.0,9.0,10.0
401706478,2025-02-15,2025,0,40,2747,2535,Wofford Terriers,Samford Bulldogs,68,76,51.0,25.0,8.0,13.0,59.0,18.0,11.0,11.0
401706551,2025-02-15,2025,0,45,2449,2172,North Dakota State Bison,Denver Pioneers,89,84,59.0,22.0,7.0,15.0,65.0,14.0,12.0,15.0
401706552,2025-02-15,2025,0,40,2900,2437,St. Thomas Tommies,Omaha Mavericks,95,84,55.0,31.0,7.0,6.0,56.0,21.0,8.0,13.0
401706553,2025-02-15,2025,0,40,155,198,North Dakota Fighting Hawks,Oral Roberts Golden Eagles,88,77,60.0,32.0,14.0,7.0,57.0,21.0,11.0,11.0
401706617,2025-02-15,2025,0,40,2856,3101,California Baptist Lancers,Utah Tech Trailblazers,86,83,56.0,20.0,7.0,13.0,57.0,14.0,5.0,15.0
401706618,2025-02-15,2025,0,40,250,2253,UT Arlington Mavericks,Grand Canyon Lopes,75,82,55.0,21.0,8.0,16.0,57.0,17.0,6.0,12.0
401706619,2025-02-15,2025,0,40,2627,2547,Tarleton State Texans,Seattle U Redhawks,67,64,42.0,35.0,11.0,23.0,51.0,30.0,11.0,17.0
401706620,2025-02-15,2025,0,40,253,3084,Southern Utah Thunderbirds,Utah Valley Wolverines,68,70,71.0,10.0,17.0,9.0,49.0,34.0,9.0,9.0
401706737,2025-02-15,2025,0,40,2608,265,Saint Mary's Gaels,Washington State Cougars,77,56,63.0,17.0,13.0,6.0,54.0,9.0,12.0,16.0
401706738,2025-02-15,2025,0,40,301,2539,San Diego Toreros,San Francisco Dons,61,84,61.0,28.0,14.0,12.0,62.0,25.0,8.0,10.0
401706739,2025-02-15,2025,0,40,204,279,Oregon State Beavers,Pacific Tigers,79,65,60.0,13.0,10.0,10.0,45.0,23.0,5.0,12.0
401706740,2025-02-15,2025,0,40,2250,2492,Gonzaga Bulldogs,Pepperdine Waves,107,55,79.0,7.0,12.0,6.0,65.0,14.0,7.0,12.0
401706741,2025-02-15,2025,0,40,2501,2351,Portland Pilots,Loyola Marymount Lions,89,78,55.0,21.0,3.0,9.0,76.0,6.0,10.0,2.0
401708390,2025-02-15,2025,0,40,333,2,Alabama Crimson Tide,Auburn Tigers,85,94,70.0,35.0,14.0,7.0,65.0,32.0,7.0,4.0
401708391,2025-02-15,2025,0,40,57,2579,Florida Gators,South Carolina Gamecocks,88,67,53.0,12.0,4.0,11.0,50.0,23.0,6.0,13.0
401708392,2025-02-15,2025,0,40,61,142,Georgia Bulldogs,Missouri Tigers,74,87,59.0,10.0,10.0,9.0,70.0,14.0,17.0,3.0
401708393,2025-02-15,2025,0,40,145,344,Ole Miss Rebels,Mississippi State Bulldogs,71,81,60.0,26.0,7.0,11.0,65.0,27.0,14.0,13.0
401708394,2025-02-15,2025,0,40,2633,238,Tennessee Volunteers,Vanderbilt Commodores,81,76,52.0,22.0,4.0,5.0,59.0,14.0,7.0,6.0
401708395,2025-02-15,2025,0,40,245,8,Texas A&M Aggies,Arkansas Razorbacks,69,61,57.0,21.0,12.0,10.0,48.0,19.0,8.0,17.0
401708396,2025-02-15,2025,0,40,251,96,Texas Longhorns,Kentucky Wildcats,82,78,64.0,23.0,15.0,13.0,62.0,28.0,18.0,15.0
401708397,2025-02-15,2025,0,40,201,99,Oklahoma Sooners,LSU Tigers,79,82,60.0,32.0,14.0,10.0,56.0,30.0,4.0,9.0
401711611,2025-02-15,2025,0,40,2046,56,Austin Peay Governors,Stetson Hatters,76,63,52.0,21.0,8.0,5.0,48.0,16.0,9.0,10.0
401711628,2025-02-15,2025,0,45,2198,2511,Eastern Kentucky Colonels,Queens University Royals,86,80,67.0,14.0,11.0,9.0,65.0,17.0,19.0,18.0
401711645,2025-02-15,2025,0,40,288,526,Lipscomb Bisons,Florida Gulf Coast Eagles,82,68,53.0,29.0,4.0,3.0,65.0,7.0,9.0,9.0
401711662,2025-02-15,2025,0,40,2453,294,North Alabama Lions,Jacksonville Dolphins,92,79,59.0,30.0,14.0,7.0,62.0,14.0,11.0,11.0
401711727,2025-02-15,2025,0,45,2110,2454,Central Arkansas Bears,North Florida Ospreys,84,83,61.0,25.0,13.0,14.0,75.0,10.0,17.0,13.0
401714271,2025-02-15,2025,0,40,111,2619,Northeastern Huskies,Stony Brook Seawolves,71,60,57.0,10.0,9.0,10.0,60.0,8.0,10.0,8.0
401714272,2025-02-15,2025,0,40,2261,2275,Hampton Pirates,Hofstra Pride,67,49,58.0,25.0,13.0,12.0,52.0,19.0,9.0,14.0
401714273,2025-02-15,2025,0,40,119,2405,Towson Tigers,Monmouth Hawks,80,54,70.0,15.0,17.0,5.0,53.0,15.0,7.0,13.0
401714274,2025-02-15,2025,0,40,2729,2182,William & Mary Tribe,Drexel Dragons,72,59,53.0,14.0,12.0,13.0,56.0,6.0,9.0,10.0
401714275,2025-02-15,2025,0,40,350,2210,UNC Wilmington Seahawks,Elon Phoenix,70,81,63.0,4.0,13.0,8.0,48.0,14.0,9.0,13.0
401714276,2025-02-15,2025,0,40,48,2097,Delaware Blue Hens,Campbell Fighting Camels,91,96,55.0,13.0,3.0,10.0,57.0,24.0,11.0,10.0
401714277,2025-02-15,2025,0,40,2448,232,North Carolina A&T Aggies,Charleston Cougars,59,69,53.0,19.0,10.0,14.0,52.0,23.0,7.0,11.0
401714379,2025-02-15,2025,0,40,62,300,Hawai'i Rainbow Warriors,UC Irvine Anteaters,49,66,55.0,20.0,13.0,14.0,52.0,20.0,6.0,9.0
401714380,2025-02-15,2025,0,40,2463,13,Cal State Northridge Matadors,Cal Poly Mustangs,89,85,74.0,13.0,18.0,23.0,65.0,17.0,8.0,21.0
401714381,2025-02-15,2025,0,40,28,302,UC San Diego Tritons,UC Davis Aggies,85,60,60.0,18.0,10.0,8.0,52.0,10.0,6.0,14.0
401714382,2025-02-15,2025,0,40,27,2540,UC Riverside Highlanders,UC Santa Barbara Gauchos,81,69,58.0,20.0,14.0,11.0,52.0,15.0,5.0,9.0
401714383,2025-02-15,2025,0,40,2934,2239,Cal State Bakersfield Roadrunners,Cal State Fullerton Titans,91,54,62.0,26.0,15.0,10.0,58.0,17.0,12.0,17.0
401714451,2025-02-15,2025,0,40,2523,2870,Robert Morris Colonials,Purdue Fort Wayne Mastodons,76,69,53.0,20.0,8.0,17.0,58.0,12.0,8.0,16.0
401714598,2025-02-15,2025,0,40,2032,2653,Arkansas State Red Wolves,Troy Trojans,70,71,65.0,18.0,18.0,14.0,57.0,27.0,12.0,11.0
401714599,2025-02-15,2025,0,45,6,326,South Alabama Jaguars,Texas State Bobcats,70,65,58.0,28.0,13.0,9.0,66.0,20.0,25.0,17.0
401714600,2025-02-15,2025,0,40,2433,2572,UL Monroe Warhawks,Southern Miss Golden Eagles,81,74,55.0,27.0,5.0,13.0,60.0,12.0,4.0,14.0
401714601,2025-02-15,2025,0,40,2247,2026,Georgia State Panthers,App State Mountaineers,70,65,58.0,18.0,10.0,8.0,59.0,6.0,6.0,7.0
401714602,2025-02-15,2025,0,40,324,256,Coastal Carolina Chanticleers,James Madison Dukes,73,74,53.0,19.0,11.0,11.0,54.0,25.0,11.0,8.0
401714603,2025-02-15,2025,0,40,309,276,Louisiana Ragin' Cajuns,Marshall Thundering Herd,79,68,61.0,32.0,8.0,7.0,61.0,24.0,10.0,13.0
401714604,2025-02-15,2025,0,40,290,295,Georgia Southern Eagles,Old Dominion Monarchs,78,75,69.0,16.0,15.0,11.0,59.0,24.0,12.0,16.0
401715976,2025-02-15,2025,0,40,292,2277,UT Rio Grande Valley Vaqueros,Houston Christian Huskies,76,52,65.0,1.0,10.0,11.0,59.0,10.0,15.0,16.0
401716076,2025-02-15,2025,0,45,2545,2447,SE Louisiana Lions,Nicholls Colonels,84,81,70.0,17.0,12.0,8.0,65.0,18.0,12.0,13.0
401716129,2025-02-15,2025,0,40,357,2916,Texas A&M-Corpus Christi Islanders,Incarnate Word Cardinals,69,55,59.0,15.0,12.0,5.0,52.0,13.0,11.0,12.0
401718487,2025-02-15,2025,0,40,331,70,Eastern Washington Eagles,Idaho Vandals,75,73,52.0,27.0,10.0,10.0,45.0,22.0,9.0,17.0
401719144,2025-02-15,2025,0,40,2507,222,Providence Friars,Villanova Wildcats,75,62,44.0,28.0,4.0,12.0,53.0,13.0,6.0,9.0
401719145,2025-02-15,2025,0,45,2550,41,Seton Hall Pirates,UConn Huskies,69,68,64.0,16.0,15.0,9.0,59.0,21.0,16.0,16.0
401719146,2025-02-15,2025,0,40,2086,46,Butler Bulldogs,Georgetown Hoyas,97,86,52.0,35.0,6.0,14.0,79.0,15.0,17.0,7.0
401719147,2025-02-15,2025,0,40,2752,305,Xavier Musketeers,DePaul Blue Demons,85,68,51.0,24.0,3.0,9.0,59.0,12.0,9.0,13.0
401719390,2025-02-15,2025,0,40,2502,2458,Portland State Vikings,Northern Colorado Bears,82,71,59.0,18.0,6.0,14.0,61.0,18.0,9.0,13.0
401720554,2025-02-15,2025,0,40,149,2692,Montana Grizzlies,Weber State Wildcats,65,58,52.0,7.0,5.0,9.0,47.0,8.0,3.0,14.0
401720681,2025-02-15,2025,0,40,2837,2320,East Texas A&M Lions,Lamar Cardinals,55,65,51.0,14.0,6.0,14.0,62.0,15.0,20.0,18.0
401720724,2025-02-15,2025,0,40,2443,2377,LSU New Orleans Privateers,McNeese Cowboys,64,78,56.0,9.0,14.0,20.0,72.0,9.0,15.0,6.0
401720843,2025-02-15,2025,0,40,311,261,Maine Black Bears,Vermont Catamounts,61,65,54.0,9.0,8.0,12.0,48.0,18.0,6.0,12.0
401720844,2025-02-15,2025,0,45,2885,2066,NJIT Highlanders,Binghamton Bearcats,71,75,70.0,15.0,8.0,10.0,69.0,27.0,18.0,15.0
401720845,2025-02-15,2025,0,40,2803,2378,Bryant Bulldogs,UMBC Retrievers,81,79,64.0,16.0,14.0,14.0,62.0,8.0,4.0,13.0
401720846,2025-02-15,2025,0,40,160,2349,New Hampshire Wildcats,UMass Lowell River Hawks,80,79,62.0,11.0,10.0,12.0,54.0,16.0,11.0,18.0
401720933,2025-02-15,2025,0,40,147,304,Montana State Bobcats,Idaho State Bengals,74,69,51.0,24.0,4.0,7.0,64.0,17.0,12.0,12.0
401720934,2025-02-15,2025,0,40,16,2464,Sacramento State Hornets,Northern Arizona Lumberjacks,61,65,50.0,6.0,7.0,20.0,54.0,18.0,8.0,12.0
401720962,2025-02-15,2025,0,40,159,172,Dartmouth Big Green,Cornell Big Red,88,49,65.0,17.0,10.0,13.0,61.0,16.0,8.0,16.0
401721103,2025-02-15,2025,0,40,2115,2598,Central Connecticut Blue Devils,Saint Francis Red Wolves,83,67,60.0,13.0,7.0,7.0,61.0,2.0,5.0,10.0
401721126,2025-02-15,2025,0,40,2330,2130,Le Moyne Dolphins,Chicago State Cougars,80,75,56.0,20.0,10.0,16.0,63.0,8.0,5.0,9.0
401721146,2025-02-15,2025,0,40,112358,161,Long Island University Sharks,Fairleigh Dickinson Knights,62,58,53.0,11.0,10.0,18.0,46.0,17.0,5.0,17.0
401721186,2025-02-15,2025,0,40,284,2385,Stonehill Skyhawks,Mercyhurst Lakers,85,73,54.0,20.0,10.0,8.0,53.0,27.0,8.0,6.0
401721246,2025-02-15,2025,0,40,2400,2010,Mississippi Valley State Delta Devils,Alabama A&M Bulldogs,70,82,44.0,33.0,5.0,17.0,52.0,38.0,14.0,14.0
401721297,2025-02-15,2025,0,40,2065,2016,Bethune-Cookman Wildcats,Alcorn State Braves,74,78,47.0,24.0,6.0,16.0,62.0,23.0,10.0,6.0
401721428,2025-02-15,2025,0,40,356,127,Illinois Fighting Illini,Michigan State Spartans,65,79,63.0,13.0,12.0,11.0,68.0,13.0,14.0,7.0
401721429,2025-02-15,2025,0,40,213,264,Penn State Nittany Lions,Washington Huskies,73,75,62.0,18.0,10.0,11.0,57.0,19.0,9.0,13.0
401721430,2025-02-15,2025,0,40,2509,275,Purdue Boilermakers,Wisconsin Badgers,84,94,56.0,21.0,4.0,4.0,52.0,24.0,2.0,3.0
401721431,2025-02-15,2025,0,40,30,135,USC Trojans,Minnesota Golden Gophers,66,69,48.0,18.0,6.0,14.0,57.0,20.0,13.0,10.0
401721742,2025-02-15,2025,0,40,43,163,Yale Bulldogs,Princeton Tigers,84,57,56.0,15.0,6.0,8.0,56.0,24.0,11.0,10.0
401721743,2025-02-15,2025,0,40,108,171,Harvard Crimson,Columbia Lions,87,75,52.0,16.0,5.0,13.0,67.0,7.0,7.0,5.0
401721744,2025-02-15,2025,0,40,225,219,Brown Bears,Pennsylvania Quakers,82,72,53.0,22.0,5.0,8.0,59.0,20.0,10.0,9.0
401721904,2025-02-15,2025,0,50,104,2142,Boston University Terriers,Colgate Raiders,93,91,71.0,29.0,20.0,14.0,62.0,19.0,6.0,15.0
401721905,2025-02-15,2025,0,40,44,2352,American University Eagles,Loyola Maryland Greyhounds,72,51,52.0,7.0,8.0,13.0,48.0,20.0,9.0,12.0
401721906,2025-02-15,2025,0,40,2426,349,Navy Midshipmen,Army Black Knights,61,54,51.0,25.0,15.0,10.0,50.0,13.0,9.0,13.0
401721907,2025-02-15,2025,0,40,322,2083,Lafayette Leopards,Bucknell Bison,69,75,52.0,31.0,8.0,9.0,54.0,12.0,5.0,14.0
401721908,2025-02-15,2025,0,40,2329,107,Lehigh Mountain Hawks,Holy Cross Crusaders,72,60,60.0,12.0,13.0,8.0,50.0,14.0,7.0,14.0
401721985,2025-02-15,2025,0,40,91,2698,Bellarmine Knights,West Georgia Wolves,76,81,64.0,6.0,9.0,11.0,49.0,31.0,8.0,12.0
401722062,2025-02-15,2025,0,40,50,2296,Florida A&M Rattlers,Jackson State Tigers,76,71,52.0,24.0,8.0,10.0,58.0,21.0,9.0,10.0
401722130,2025-02-15,2025,0,40,2582,2504,Southern Jaguars,Prairie View A&M Panthers,72,60,64.0,24.0,13.0,10.0,53.0,21.0,7.0,16.0
401722358,2025-02-15,2025,0,40,21,68,San Diego State Aztecs,Boise State Broncos,64,47,48.0,11.0,5.0,15.0,54.0,11.0,13.0,14.0
401722438,2025-02-15,2025,0,40,36,2751,Colorado State Rams,Wyoming Cowboys,88,53,56.0,10.0,6.0,8.0,53.0,11.0,7.0,12.0
401722528,2025-02-15,2025,0,40,79,2057,Southern Illinois Salukis,Belmont Bruins,68,73,54.0,15.0,8.0,11.0,59.0,18.0,7.0,6.0
401722529,2025-02-15,2025,0,40,282,2287,Indiana State Sycamores,Illinois State Redbirds,85,76,55.0,21.0,10.0,13.0,55.0,16.0,9.0,15.0
401723692,2025-02-15,2025,0,40,2428,2154,North Carolina Central Eagles,Coppin State Eagles,71,59,55.0,14.0,9.0,15.0,57.0,16.0,12.0,15.0
401723719,2025-02-15,2025,0,40,2169,47,Delaware State Hornets,Howard Bison,90,69,68.0,26.0,15.0,8.0,51.0,24.0,6.0,18.0
401723738,2025-02-15,2025,0,40,2379,2450,Maryland Eastern Shore Hawks,Norfolk State Spartans,63,75,49.0,16.0,6.0,14.0,48.0,34.0,7.0,8.0
401723744,2025-02-15,2025,0,40,2569,2415,South Carolina State Bulldogs,Morgan State Bears,90,62,63.0,19.0,15.0,10.0,70.0,17.0,22.0,13.0
401724428,2025-02-15,2025,0,40,2244,2603,George Mason Patriots,Saint Joseph's Hawks,58,57,47.0,21.0,9.0,11.0,47.0,11.0,6.0,11.0
401724429,2025-02-15,2025,0,40,2168,2184,Dayton Flyers,Duquesne Dukes,77,76,49.0,33.0,9.0,10.0,54.0,22.0,13.0,14.0
401724430,2025-02-15,2025,0,40,2166,45,Davidson Wildcats,George Washington Revolutionaries,67,74,53.0,15.0,8.0,14.0,48.0,26.0,7.0,11.0
401724431,2025-02-15,2025,0,40,257,2230,Richmond Spiders,Fordham Rams,70,66,59.0,13.0,8.0,8.0,61.0,25.0,16.0,8.0
401724432,2025-02-15,2025,0,40,227,2325,Rhode Island Rams,La Salle Explorers,86,71,50.0,27.0,6.0,11.0,67.0,12.0,14.0,11.0
401724433,2025-02-15,2025,0,40,113,179,Massachusetts Minutemen,St. Bonaventure Bonnies,59,73,51.0,27.0,7.0,15.0,54.0,23.0,9.0,15.0
401724715,2025-02-15,2025,0,40,2755,2640,Grambling Tigers,Texas Southern Tigers,60,67,57.0,20.0,10.0,12.0,55.0,9.0,7.0,17.0
401724871,2025-02-15,2025,0,40,221,2390,Pittsburgh Panthers,Miami Hurricanes,74,65,58.0,24.0,14.0,9.0,57.0,13.0,9.0,10.0
401724872,2025-02-15,2025,0,40,152,103,NC State Wolfpack,Boston College Eagles,70,62,61.0,25.0,10.0,5.0,48.0,27.0,10.0,16.0
401724873,2025-02-15,2025,0,40,259,258,Virginia Tech Hokies,Virginia Cavaliers,70,73,50.0,17.0,7.0,10.0,50.0,19.0,7.0,8.0
401724874,2025-02-15,2025,0,45,59,25,Georgia Tech Yellow Jackets,California Golden Bears,90,88,64.0,15.0,11.0,14.0,64.0,13.0,12.0,15.0
401724875,2025-02-15,2025,0,40,2567,154,SMU Mustangs,Wake Forest Demon Deacons,66,77,61.0,22.0,17.0,10.0,54.0,30.0,12.0,9.0
401724876,2025-02-15,2025,0,40,183,153,Syracuse Orange,North Carolina Tar Heels,82,88,66.0,22.0,15.0,10.0,61.0,23.0,13.0,9.0
401724877,2025-02-15,2025,0,40,52,228,Florida State Seminoles,Clemson Tigers,46,72,53.0,19.0,13.0,14.0,61.0,9.0,11.0,11.0
401724878,2025-02-15,2025,0,40,150,24,Duke Blue Devils,Stanford Cardinal,106,70,64.0,13.0,9.0,5.0,63.0,13.0,13.0,10.0
401725589,2025-02-15,2025,0,40,202,2636,Tulsa Golden Hurricane,UTSA Roadrunners,80,76,47.0,29.0,3.0,15.0,61.0,31.0,14.0,11.0
401725590,2025-02-15,2025,0,40,2429,151,Charlotte 49ers,East Carolina Pirates,59,75,53.0,10.0,8.0,9.0,53.0,11.0,10.0,10.0
401725591,2025-02-15,2025,0,40,2655,242,Tulane Green Wave,Rice Owls,81,78,57.0,25.0,10.0,6.0,58.0,23.0,11.0,8.0
401725734,2025-02-15,2025,0,40,254,2305,Utah Utes,Kansas Jayhawks,74,67,63.0,28.0,16.0,7.0,55.0,20.0,6.0,12.0
401725735,2025-02-15,2025,0,40,252,2306,BYU Cougars,Kansas State Wildcats,80,65,,,,,,,,
401725736,2025-02-15,2025,0,40,197,2641,Oklahoma State Cowboys,Texas Tech Red Raiders,55,93,51.0,21.0,6.0,14.0,62.0,19.0,9.0,8.0
401725737,2025-02-15,2025,0,40,9,2628,Arizona State Sun Devils,TCU Horned Frogs,70,74,57.0,14.0,3.0,14.0,52.0,31.0,8.0,17.0
401725738,2025-02-15,2025,0,40,12,248,Arizona Wildcats,Houston Cougars,58,62,54.0,17.0,11.0,11.0,58.0,9.0,6.0,7.0
401725739,2025-02-15,2025,0,45,239,277,Baylor Bears,West Virginia Mountaineers,74,71,54.0,32.0,8.0,12.0,65.0,17.0,10.0,10.0
401725740,2025-02-15,2025,0,40,38,2116,Colorado Buffaloes,UCF Knights,76,63,59.0,23.0,16.0,19.0,61.0,20.0,8.0,8.0
401725741,2025-02-15,2025,0,40,66,2132,Iowa State Cyclones,Cincinnati Bearcats,81,70,49.0,30.0,12.0,18.0,54.0,11.0,5.0,14.0
401726460,2025-02-15,2025,0,40,2466,2617,Northwestern State Demons,Stephen F. Austin Lumberjacks,68,70,66.0,12.0,15.0,9.0,57.0,13.0,9.0,11.0
401727153,2025-02-15,2025,0,40,278,2439,Fresno State Bulldogs,UNLV Rebels,51,52,56.0,16.0,11.0,12.0,65.0,4.0,15.0,13.0
401727245,2025-02-15,2025,0,40,2029,2011,Arkansas-Pine Bluff Golden Lions,Alabama State Hornets,63,75,61.0,10.0,9.0,17.0,66.0,28.0,15.0,10.0
401727916,2025-02-15,2025,0,40,2427,2127,UNC Asheville Bulldogs,Charleston Southern Buccaneers,75,72,59.0,21.0,8.0,6.0,49.0,31.0,9.0,13.0
401727917,2025-02-15,2025,0,40,2908,2241,South Carolina Upstate Spartans,Gardner-Webb Runnin' Bulldogs,87,96,66.0,19.0,12.0,12.0,71.0,22.0,18.0,13.0
401727918,2025-02-15,2025,0,40,2737,2272,Winthrop Eagles,High Point Panthers,66,88,58.0,28.0,13.0,14.0,67.0,20.0,9.0,6.0
401727919,2025-02-15,2025,0,40,2344,2506,Longwood Lancers,Presbyterian Blue Hose,68,77,47.0,39.0,9.0,12.0,57.0,17.0,7.0,10.0
401706263,2025-02-16,2025,0,40,2612,2520,Saint Peter's Peacocks,Rider Broncs,66,65,60.0,16.0,22.0,15.0,51.0,12.0,8.0,12.0
401706264,2025-02-16,2025,0,40,2099,116,Canisius Golden Griffins,Mount St. Mary's Mountaineers,66,73,58.0,8.0,5.0,10.0,50.0,18.0,10.0,19.0
401706265,2025-02-16,2025,0,40,2771,2368,Merrimack Warriors,Marist Red Foxes,60,61,57.0,13.0,9.0,10.0,54.0,16.0,13.0,17.0
401706266,2025-02-16,2025,0,40,2217,2363,Fairfield Stags,Manhattan Jaspers,67,80,56.0,8.0,7.0,12.0,51.0,21.0,6.0,11.0
401706267,2025-02-16,2025,0,40,2529,2561,Sacred Heart Pioneers,Siena Saints,73,80,60.0,17.0,13.0,11.0,65.0,20.0,18.0,9.0
401706268,2025-02-16,2025,0,40,2514,314,Quinnipiac Bobcats,Iona Gaels,79,74,60.0,12.0,9.0,21.0,65.0,8.0,5.0,13.0
401706554,2025-02-16,2025,0,40,233,2571,South Dakota Coyotes,South Dakota State Jackrabbits,91,94,66.0,26.0,10.0,7.0,65.0,26.0,15.0,15.0
401714452,2025-02-16,2025,0,40,270,94,Milwaukee Panthers,Northern Kentucky Norse,92,70,59.0,27.0,21.0,10.0,54.0,20.0,9.0,5.0
401714453,2025-02-16,2025,0,40,2739,2750,Green Bay Phoenix,Wright State Raiders,79,68,52.0,34.0,6.0,12.0,56.0,24.0,10.0,16.0
401714454,2025-02-16,2025,0,45,2473,2174,Oakland Golden Grizzlies,Detroit Mercy Titans,93,83,53.0,52.0,8.0,10.0,70.0,13.0,12.0,14.0
401714455,2025-02-16,2025,0,40,325,2754,Cleveland State Vikings,Youngstown State Penguins,60,68,62.0,19.0,17.0,11.0,45.0,26.0,12.0,18.0
401719148,2025-02-16,2025,0,40,2599,156,St. John's Red Storm,Creighton Bluejays,79,73,73.0,29.0,20.0,5.0,65.0,15.0,13.0,15.0
401721432,2025-02-16,2025,0,40,120,2294,Maryland Terrapins,Iowa Hawkeyes,101,75,67.0,13.0,10.0,15.0,72.0,6.0,10.0,11.0
401721433,2025-02-16,2025,0,40,77,158,Northwestern Wildcats,Nebraska Cornhuskers,64,68,72.0,8.0,23.0,16.0,45.0,28.0,5.0,14.0
401721434,2025-02-16,2025,0,40,194,130,Ohio State Buckeyes,Michigan Wolverines,83,86,61.0,27.0,12.0,9.0,68.0,17.0,19.0,12.0
401721435,2025-02-16,2025,0,40,2483,164,Oregon Ducks,Rutgers Scarlet Knights,75,57,60.0,8.0,11.0,9.0,52.0,7.0,6.0,13.0
401722403,2025-02-16,2025,0,40,167,328,New Mexico Lobos,Utah State Aggies,82,79,52.0,34.0,14.0,14.0,59.0,16.0,12.0,14.0
401722530,2025-02-16,2025,0,40,2181,71,Drake Bulldogs,Bradley Braves,59,61,41.0,22.0,7.0,13.0,43.0,12.0,6.0,13.0
401722531,2025-02-16,2025,0,40,82,2623,UIC Flames,Missouri State Bears,63,58,49.0,27.0,7.0,15.0,54.0,12.0,6.0,16.0
401722533,2025-02-16,2025,0,40,339,2674,Evansville Purple Aces,Valparaiso Beacons,79,69,52.0,24.0,6.0,10.0,57.0,17.0,9.0,11.0
401724879,2025-02-16,2025,0,40,87,97,Notre Dame Fighting Irish,Louisville Cardinals,60,75,55.0,16.0,9.0,11.0,53.0,17.0,6.0,10.0
401725592,2025-02-16,2025,0,40,218,2226,Temple Owls,Florida Atlantic Owls,81,83,65.0,26.0,13.0,7.0,56.0,35.0,14.0,12.0
401725593,2025-02-16,2025,0,40,5,58,UAB Blazers,South Florida Bulls,85,78,65.0,25.0,17.0,10.0,65.0,20.0,10.0,6.0
401725594,2025-02-16,2025,0,45,2724,235,Wichita State Shockers,Memphis Tigers,84,79,75.0,26.0,19.0,8.0,75.0,20.0,16.0,10.0
401715977,2025-02-17,2025,0,40,357,2277,Texas A&M-Corpus Christi Islanders,Houston Christian Huskies,68,62,48.0,25.0,7.0,11.0,56.0,13.0,8.0,9.0
401716077,2025-02-17,2025,0,40,2545,2377,SE Louisiana Lions,McNeese Cowboys,82,88,61.0,18.0,12.0,8.0,53.0,26.0,12.0,12.0
401716130,2025-02-17,2025,0,40,292,2916,UT Rio Grande Valley Vaqueros,Incarnate Word Cardinals,60,66,55.0,10.0,5.0,11.0,66.0,13.0,20.0,13.0
401720682,2025-02-17,2025,0,40,2466,2320,Northwestern State Demons,Lamar Cardinals,65,75,51.0,15.0,8.0,9.0,55.0,19.0,16.0,13.0
401720741,2025-02-17,2025,0,40,2443,2447,LSU New Orleans Privateers,Nicholls Colonels,62,78,64.0,18.0,14.0,10.0,66.0,16.0,8.0,5.0
401721247,2025-02-17,2025,0,40,2029,2010,Arkansas-Pine Bluff Golden Lions,Alabama A&M Bulldogs,61,75,58.0,36.0,9.0,18.0,57.0,27.0,12.0,23.0
401721298,2025-02-17,2025,0,40,50,2016,Florida A&M Rattlers,Alcorn State Braves,85,76,61.0,16.0,11.0,7.0,52.0,20.0,6.0,10.0
401721909,2025-02-17,2025,0,40,2083,2329,Bucknell Bison,Lehigh Mountain Hawks,67,50,54.0,16.0,8.0,10.0,55.0,13.0,5.0,7.0
401722048,2025-02-17,2025,0,40,2065,2296,Bethune-Cookman Wildcats,Jackson State Tigers,71,84,56.0,13.0,6.0,14.0,58.0,27.0,11.0,12.0
401722114,2025-02-17,2025,0,40,2400,2011,Mississippi Valley State Delta Devils,Alabama State Hornets,56,79,63.0,3.0,8.0,12.0,65.0,9.0,10.0,8.0
401722131,2025-02-17,2025,0,40,2755,2504,Grambling Tigers,Prairie View A&M Panthers,70,48,62.0,15.0,14.0,7.0,53.0,12.0,10.0,13.0
401722146,2025-02-17,2025,0,40,2582,2640,Southern Jaguars,Texas Southern Tigers,66,57,47.0,31.0,11.0,24.0,56.0,23.0,11.0,20.0
401723693,2025-02-17,2025,0,40,2569,2154,South Carolina State Bulldogs,Coppin State Eagles,87,57,60.0,21.0,13.0,12.0,52.0,22.0,13.0,23.0
401723711,2025-02-17,2025,0,40,2450,2169,Norfolk State Spartans,Delaware State Hornets,96,84,68.0,23.0,10.0,15.0,69.0,14.0,9.0,14.0
401723732,2025-02-17,2025,0,40,47,2379,Howard Bison,Maryland Eastern Shore Hawks,86,62,59.0,16.0,5.0,7.0,57.0,25.0,15.0,15.0
401723745,2025-02-17,2025,0,40,2428,2415,North Carolina Central Eagles,Morgan State Bears,78,92,64.0,23.0,18.0,13.0,61.0,18.0,9.0,9.0
401724880,2025-02-17,2025,0,40,258,150,Virginia Cavaliers,Duke Blue Devils,62,80,52.0,17.0,4.0,5.0,59.0,11.0,10.0,6.0
401725742,2025-02-17,2025,0,40,239,12,Baylor Bears,Arizona Wildcats,67,74,55.0,25.0,11.0,12.0,58.0,18.0,11.0,13.0
401725743,2025-02-17,2025,0,40,254,2306,Utah Utes,Kansas State Wildcats,74,69,63.0,30.0,21.0,12.0,60.0,10.0,6.0,11.0
401727256,2025-02-17,2025,0,40,2837,2617,East Texas A&M Lions,Stephen F. Austin Lumberjacks,74,76,61.0,20.0,11.0,13.0,52.0,24.0,12.0,18.0
401759995,2025-02-17,2025,1,40,93,2460,Murray State Racers,Northern Iowa Panthers,67,74,58.0,12.0,7.0,13.0,53.0,26.0,8.0,10.0
401700365,2025-02-18,2025,0,40,2630,2634,UT Martin Skyhawks,Tennessee State Tigers,75,86,49.0,34.0,10.0,14.0,51.0,33.0,15.0,17.0
401706373,2025-02-18,2025,0,40,2649,2050,Toledo Rockets,Ball State Cardinals,67,66,62.0,12.0,14.0,8.0,47.0,17.0,7.0,13.0
401706374,2025-02-18,2025,0,40,195,2117,Ohio Bobcats,Central Michigan Chippewas,84,82,64.0,20.0,8.0,4.0,54.0,35.0,8.0,5.0
401706375,2025-02-18,2025,0,40,189,2309,Bowling Green Falcons,Kent State Golden Flashes,84,91,60.0,34.0,13.0,8.0,59.0,23.0,6.0,9.0
401706376,2025-02-18,2025,0,40,2199,193,Eastern Michigan Eagles,Miami (OH) RedHawks,76,66,52.0,19.0,11.0,15.0,63.0,16.0,13.0,9.0
401706377,2025-02-18,2025,0,40,2006,2459,Akron Zips,Northern Illinois Huskies,73,63,56.0,26.0,8.0,10.0,60.0,18.0,6.0,8.0
401706378,2025-02-18,2025,0,40,2084,2711,Buffalo Bulls,Western Michigan Broncos,64,97,43.0,37.0,6.0,18.0,71.0,5.0,15.0,11.0
401708399,2025-02-18,2025,0,40,57,201,Florida Gators,Oklahoma Sooners,85,63,62.0,23.0,9.0,6.0,49.0,27.0,7.0,13.0
401708401,2025-02-18,2025,0,40,99,2579,LSU Tigers,South Carolina Gamecocks,81,67,62.0,7.0,8.0,10.0,51.0,15.0,9.0,18.0
401708402,2025-02-18,2025,0,40,344,245,Mississippi State Bulldogs,Texas A&M Aggies,70,54,51.0,20.0,5.0,11.0,53.0,13.0,11.0,19.0
401711612,2025-02-18,2025,0,40,91,2046,Bellarmine Knights,Austin Peay Governors,94,68,58.0,17.0,2.0,6.0,59.0,22.0,9.0,10.0
401711629,2025-02-18,2025,0,40,2198,288,Eastern Kentucky Colonels,Lipscomb Bisons,66,57,60.0,10.0,11.0,13.0,60.0,20.0,9.0,7.0
401711646,2025-02-18,2025,0,40,526,294,Florida Gulf Coast Eagles,Jacksonville Dolphins,72,56,59.0,23.0,18.0,9.0,58.0,15.0,17.0,12.0
401711699,2025-02-18,2025,0,40,2453,2698,North Alabama Lions,West Georgia Wolves,80,62,55.0,29.0,5.0,5.0,61.0,8.0,7.0,13.0
401711720,2025-02-18,2025,0,40,2511,2110,Queens University Royals,Central Arkansas Bears,89,72,52.0,22.0,4.0,7.0,48.0,18.0,7.0,18.0
401711728,2025-02-18,2025,0,40,56,2454,Stetson Hatters,North Florida Ospreys,71,79,55.0,17.0,8.0,15.0,72.0,14.0,16.0,11.0
401719149,2025-02-18,2025,0,40,41,222,UConn Huskies,Villanova Wildcats,66,59,51.0,18.0,10.0,9.0,54.0,16.0,9.0,9.0
401719150,2025-02-18,2025,0,40,2752,2086,Xavier Musketeers,Butler Bulldogs,76,63,68.0,11.0,4.0,9.0,55.0,14.0,4.0,20.0
401719151,2025-02-18,2025,0,40,269,2550,Marquette Golden Eagles,Seton Hall Pirates,80,56,57.0,13.0,14.0,14.0,57.0,14.0,9.0,10.0
401721436,2025-02-18,2025,0,40,127,2509,Michigan State Spartans,Purdue Boilermakers,75,66,48.0,21.0,5.0,8.0,47.0,11.0,5.0,12.0
401721437,2025-02-18,2025,0,40,26,135,UCLA Bruins,Minnesota Golden Gophers,61,64,51.0,19.0,12.0,9.0,48.0,13.0,8.0,16.0
401721438,2025-02-18,2025,0,40,275,356,Wisconsin Badgers,Illinois Fighting Illini,95,74,65.0,22.0,13.0,10.0,60.0,14.0,9.0,14.0
401722208,2025-02-18,2025,0,40,2751,2005,Wyoming Cowboys,Air Force Falcons,69,62,54.0,22.0,12.0,10.0,49.0,17.0,3.0,8.0
401722252,2025-02-18,2025,0,40,36,2440,Colorado State Rams,Nevada Wolf Pack,79,71,44.0,27.0,8.0,16.0,54.0,17.0,3.0,7.0
401722359,2025-02-18,2025,0,40,21,278,San Diego State Aztecs,Fresno State Bulldogs,83,60,63.0,8.0,11.0,10.0,55.0,8.0,4.0,16.0
401724434,2025-02-18,2025,0,40,2166,2350,Davidson Wildcats,Loyola Chicago Ramblers,69,77,58.0,26.0,12.0,9.0,63.0,18.0,14.0,9.0
401724881,2025-02-18,2025,0,40,221,183,Pittsburgh Panthers,Syracuse Orange,80,69,54.0,24.0,11.0,12.0,60.0,11.0,14.0,14.0
401724882,2025-02-18,2025,0,40,103,259,Boston College Eagles,Virginia Tech Hokies,54,36,53.0,6.0,6.0,11.0,51.0,8.0,10.0,17.0
401725744,2025-02-18,2025,0,40,2628,2641,TCU Horned Frogs,Texas Tech Red Raiders,69,66,58.0,22.0,15.0,9.0,53.0,8.0,7.0,13.0
401725745,2025-02-18,2025,0,40,9,248,Arizona State Sun Devils,Houston Cougars,65,80,44.0,26.0,8.0,13.0,54.0,20.0,13.0,12.0
401725746,2025-02-18,2025,0,40,252,2305,BYU Cougars,Kansas Jayhawks,91,57,66.0,12.0,10.0,10.0,63.0,5.0,9.0,15.0
401725747,2025-02-18,2025,0,40,66,38,Iowa State Cyclones,Colorado Buffaloes,79,65,47.0,31.0,7.0,14.0,53.0,22.0,9.0,14.0
401706479,2025-02-19,2025,0,40,2643,2382,The Citadel Bulldogs,Mercer Bears,52,62,60.0,16.0,11.0,11.0,58.0,18.0,12.0,13.0
401706480,2025-02-19,2025,0,40,2193,2430,East Tennessee State Buccaneers,UNC Greensboro Spartans,65,49,48.0,20.0,11.0,14.0,53.0,3.0,7.0,12.0
401706481,2025-02-19,2025,0,40,2535,231,Samford Bulldogs,Furman Paladins,72,80,67.0,11.0,14.0,13.0,53.0,27.0,9.0,16.0
401706482,2025-02-19,2025,0,40,236,2717,Chattanooga Mocs,Western Carolina Catamounts,91,86,63.0,23.0,11.0,6.0,72.0,14.0,15.0,7.0
401706483,2025-02-19,2025,0,40,2678,2747,VMI Keydets,Wofford Terriers,43,82,54.0,16.0,9.0,17.0,57.0,16.0,10.0,14.0
401706555,2025-02-19,2025,0,40,140,2437,Kansas City Roos,Omaha Mavericks,66,78,55.0,12.0,11.0,14.0,59.0,17.0,8.0,7.0
401706556,2025-02-19,2025,0,40,2172,198,Denver Pioneers,Oral Roberts Golden Eagles,71,60,48.0,25.0,8.0,12.0,50.0,23.0,6.0,10.0
401706557,2025-02-19,2025,0,40,2571,2449,South Dakota State Jackrabbits,North Dakota State Bison,68,77,66.0,9.0,16.0,10.0,60.0,10.0,6.0,4.0
401706558,2025-02-19,2025,0,40,233,2900,South Dakota Coyotes,St. Thomas Tommies,85,80,63.0,25.0,15.0,8.0,58.0,14.0,5.0,9.0
401706742,2025-02-19,2025,0,40,265,2250,Washington State Cougars,Gonzaga Bulldogs,63,84,59.0,8.0,11.0,15.0,56.0,20.0,10.0,11.0
401706743,2025-02-19,2025,0,40,2608,2501,Saint Mary's Gaels,Portland Pilots,79,66,68.0,8.0,15.0,9.0,54.0,15.0,5.0,11.0
401708398,2025-02-19,2025,0,40,2,8,Auburn Tigers,Arkansas Razorbacks,67,60,62.0,17.0,13.0,12.0,55.0,14.0,4.0,11.0
401708400,2025-02-19,2025,0,40,96,238,Kentucky Wildcats,Vanderbilt Commodores,82,61,51.0,13.0,2.0,12.0,63.0,11.0,12.0,10.0
401708403,2025-02-19,2025,0,40,142,333,Missouri Tigers,Alabama Crimson Tide,110,98,58.0,47.0,9.0,8.0,65.0,21.0,11.0,14.0
401714486,2025-02-19,2025,0,40,2174,85,Detroit Mercy Titans,IU Indianapolis Jaguars,71,80,65.0,16.0,15.0,10.0,54.0,22.0,8.0,9.0
401714605,2025-02-19,2025,0,40,326,2433,Texas State Bobcats,UL Monroe Warhawks,80,63,71.0,14.0,22.0,10.0,52.0,26.0,4.0,8.0
401714606,2025-02-19,2025,0,40,2032,6,Arkansas State Red Wolves,South Alabama Jaguars,56,60,55.0,14.0,14.0,19.0,55.0,22.0,10.0,9.0
401719152,2025-02-19,2025,0,40,305,2599,DePaul Blue Demons,St. John's Red Storm,58,82,55.0,12.0,7.0,16.0,69.0,11.0,16.0,10.0
401719153,2025-02-19,2025,0,40,46,2507,Georgetown Hoyas,Providence Friars,93,72,59.0,28.0,10.0,10.0,62.0,20.0,14.0,14.0
401721439,2025-02-19,2025,0,40,2294,2483,Iowa Hawkeyes,Oregon Ducks,78,80,57.0,17.0,8.0,7.0,63.0,13.0,14.0,9.0
401721440,2025-02-19,2025,0,40,213,158,Penn State Nittany Lions,Nebraska Cornhuskers,89,72,56.0,14.0,7.0,12.0,54.0,11.0,6.0,16.0
401721441,2025-02-19,2025,0,45,264,164,Washington Huskies,Rutgers Scarlet Knights,85,89,65.0,15.0,10.0,12.0,57.0,37.0,10.0,12.0
401721910,2025-02-19,2025,0,45,107,322,Holy Cross Crusaders,Lafayette Leopards,74,69,65.0,13.0,11.0,11.0,62.0,8.0,6.0,11.0
401721911,2025-02-19,2025,0,40,349,44,Army Black Knights,American University Eagles,76,69,52.0,20.0,8.0,8.0,61.0,13.0,9.0,7.0
401721912,2025-02-19,2025,0,40,104,2352,Boston University Terriers,Loyola Maryland Greyhounds,68,66,55.0,8.0,6.0,12.0,59.0,9.0,9.0,11.0
401721913,2025-02-19,2025,0,40,2142,2426,Colgate Raiders,Navy Midshipmen,79,75,51.0,21.0,5.0,10.0,61.0,16.0,9.0,7.0
401722379,2025-02-19,2025,0,40,328,23,Utah State Aggies,San José State Spartans,105,57,66.0,21.0,14.0,6.0,57.0,9.0,8.0,14.0
401722534,2025-02-19,2025,0,40,2287,71,Illinois State Redbirds,Bradley Braves,82,71,54.0,27.0,7.0,4.0,61.0,11.0,12.0,9.0
401722535,2025-02-19,2025,0,40,282,339,Indiana State Sycamores,Evansville Purple Aces,74,79,51.0,26.0,5.0,11.0,63.0,14.0,9.0,8.0
401722536,2025-02-19,2025,0,40,2674,2623,Valparaiso Beacons,Missouri State Bears,66,64,47.0,31.0,3.0,5.0,61.0,14.0,15.0,11.0
401722537,2025-02-19,2025,0,40,93,79,Murray State Racers,Southern Illinois Salukis,62,60,55.0,25.0,10.0,7.0,52.0,17.0,9.0,13.0
401722538,2025-02-19,2025,0,40,2181,82,Drake Bulldogs,UIC Flames,74,57,54.0,22.0,13.0,7.0,42.0,16.0,6.0,15.0
401722539,2025-02-19,2025,0,40,2057,2460,Belmont Bruins,Northern Iowa Panthers,75,82,62.0,16.0,6.0,8.0,64.0,22.0,19.0,12.0
401724435,2025-02-19,2025,0,40,2184,2230,Duquesne Dukes,Fordham Rams,73,64,56.0,26.0,11.0,11.0,56.0,18.0,11.0,18.0
401724436,2025-02-19,2025,0,40,45,2603,George Washington Revolutionaries,Saint Joseph's Hawks,68,79,67.0,18.0,21.0,11.0,54.0,20.0,10.0,11.0
401724437,2025-02-19,2025,0,40,2325,257,La Salle Explorers,Richmond Spiders,58,63,56.0,12.0,9.0,9.0,56.0,8.0,10.0,11.0
401724438,2025-02-19,2025,0,40,2670,113,VCU Rams,Massachusetts Minutemen,80,51,61.0,14.0,12.0,8.0,62.0,18.0,17.0,8.0
401724883,2025-02-19,2025,0,40,153,152,North Carolina Tar Heels,NC State Wolfpack,97,73,61.0,24.0,14.0,11.0,59.0,16.0,7.0,10.0
401724884,2025-02-19,2025,0,40,87,2567,Notre Dame Fighting Irish,SMU Mustangs,73,97,55.0,25.0,6.0,12.0,58.0,27.0,13.0,13.0
401724885,2025-02-19,2025,0,40,52,2390,Florida State Seminoles,Miami Hurricanes,74,66,55.0,29.0,9.0,13.0,60.0,14.0,10.0,16.0
401725595,2025-02-19,2025,0,45,2429,218,Charlotte 49ers,Temple Owls,78,72,58.0,18.0,9.0,11.0,54.0,26.0,4.0,9.0
401725596,2025-02-19,2025,0,40,249,202,North Texas Mean Green,Tulsa Golden Hurricane,63,44,53.0,21.0,9.0,8.0,42.0,19.0,2.0,13.0
401725597,2025-02-19,2025,0,40,2655,151,Tulane Green Wave,East Carolina Pirates,86,81,56.0,29.0,13.0,14.0,72.0,17.0,17.0,8.0
401725598,2025-02-19,2025,0,40,2636,58,UTSA Roadrunners,South Florida Bulls,73,78,65.0,16.0,13.0,16.0,57.0,30.0,14.0,18.0
401725599,2025-02-19,2025,0,40,242,5,Rice Owls,UAB Blazers,89,90,61.0,28.0,14.0,6.0,72.0,22.0,20.0,3.0
401725748,2025-02-19,2025,0,40,197,2116,Oklahoma State Cowboys,UCF Knights,104,95,74.0,35.0,13.0,7.0,59.0,38.0,10.0,20.0
401725749,2025-02-19,2025,0,40,277,2132,West Virginia Mountaineers,Cincinnati Bearcats,62,59,55.0,14.0,12.0,10.0,61.0,7.0,10.0,6.0
401727920,2025-02-19,2025,0,40,2272,2127,High Point Panthers,Charleston Southern Buccaneers,83,60,59.0,12.0,6.0,8.0,54.0,14.0,9.0,17.0
401727921,2025-02-19,2025,0,40,2344,2241,Longwood Lancers,Gardner-Webb Runnin' Bulldogs,90,77,58.0,22.0,9.0,13.0,61.0,16.0,9.0,14.0
401727922,2025-02-19,2025,0,40,2506,2737,Presbyterian Blue Hose,Winthrop Eagles,77,81,65.0,14.0,7.0,6.0,56.0,20.0,12.0,17.0
401728307,2025-02-19,2025,0,40,68,167,Boise State Broncos,New Mexico Lobos,86,78,52.0,32.0,7.0,13.0,57.0,17.0,6.0,15.0
401700237,2025-02-20,2025,0,40,2393,2348,Middle Tennessee Blue Raiders,Louisiana Tech Bulldogs,74,85,53.0,27.0,7.0,11.0,58.0,29.0,10.0,7.0
401700238,2025-02-20,2025,0,40,98,2534,Western Kentucky Hilltoppers,Sam Houston Bearkats,62,78,65.0,14.0,9.0,7.0,58.0,16.0,8.0,9.0
401700239,2025-02-20,2025,0,40,55,166,Jacksonville State Gamecocks,New Mexico State Aggies,52,61,52.0,20.0,10.0,7.0,54.0,24.0,16.0,10.0
401700240,2025-02-20,2025,0,40,338,2638,Kennesaw State Owls,UTEP Miners,83,73,53.0,24.0,7.0,14.0,59.0,24.0,10.0,11.0
401700366,2025-02-20,2025,0,40,88,2197,Southern Indiana Screaming Eagles,Eastern Illinois Panthers,54,63,50.0,15.0,6.0,18.0,66.0,13.0,18.0,15.0
401700367,2025-02-20,2025,0,45,2031,2815,Little Rock Trojans,Lindenwood Lions,92,93,65.0,29.0,10.0,17.0,68.0,26.0,15.0,15.0
401700368,2025-02-20,2025,0,40,2413,2565,Morehead State Eagles,SIU Edwardsville Cougars,62,80,60.0,17.0,12.0,6.0,50.0,24.0,6.0,8.0
401700369,2025-02-20,2025,0,40,2546,2710,Southeast Missouri State Redhawks,Western Illinois Leathernecks,87,66,68.0,11.0,6.0,8.0,55.0,22.0,8.0,16.0
401700370,2025-02-20,2025,0,45,2635,2630,Tennessee Tech Golden Eagles,UT Martin Skyhawks,71,66,55.0,20.0,7.0,14.0,60.0,13.0,9.0,15.0
401706621,2025-02-20,2025,0,45,3101,3084,Utah Tech Trailblazers,Utah Valley Wolverines,77,79,64.0,16.0,10.0,10.0,63.0,16.0,7.0,10.0
401706622,2025-02-20,2025,0,40,2000,253,Abilene Christian Wildcats,Southern Utah Thunderbirds,75,59,66.0,24.0,17.0,11.0,51.0,23.0,17.0,27.0
401706744,2025-02-20,2025,0,40,2492,204,Pepperdine Waves,Oregon State Beavers,78,84,58.0,19.0,10.0,8.0,62.0,23.0,17.0,9.0
401706745,2025-02-20,2025,0,40,2539,279,San Francisco Dons,Pacific Tigers,71,58,58.0,20.0,7.0,11.0,57.0,21.0,12.0,14.0
401706746,2025-02-20,2025,0,40,2541,2351,Santa Clara Broncos,Loyola Marymount Lions,76,61,64.0,15.0,17.0,14.0,56.0,15.0,4.0,9.0
401709993,2025-02-20,2025,0,40,27,299,UC Riverside Highlanders,Long Beach State Beach,87,66,59.0,23.0,15.0,11.0,48.0,21.0,5.0,13.0
401711613,2025-02-20,2025,0,40,2511,2046,Queens University Royals,Austin Peay Governors,78,92,51.0,31.0,6.0,13.0,62.0,22.0,9.0,11.0
401711630,2025-02-20,2025,0,40,91,2198,Bellarmine Knights,Eastern Kentucky Colonels,80,74,50.0,24.0,5.0,11.0,66.0,17.0,12.0,6.0
401711647,2025-02-20,2025,0,40,56,526,Stetson Hatters,Florida Gulf Coast Eagles,80,83,59.0,22.0,6.0,3.0,56.0,30.0,14.0,7.0
401711663,2025-02-20,2025,0,40,2454,294,North Florida Ospreys,Jacksonville Dolphins,77,73,59.0,16.0,5.0,10.0,69.0,17.0,14.0,12.0
401711677,2025-02-20,2025,0,40,288,2453,Lipscomb Bisons,North Alabama Lions,75,63,56.0,10.0,7.0,8.0,52.0,17.0,6.0,9.0
401714279,2025-02-20,2025,0,40,2275,2405,Hofstra Pride,Monmouth Hawks,62,68,50.0,20.0,13.0,13.0,46.0,35.0,12.0,11.0
401714280,2025-02-20,2025,0,40,48,2182,Delaware Blue Hens,Drexel Dragons,74,78,63.0,8.0,8.0,10.0,49.0,15.0,4.0,17.0
401714281,2025-02-20,2025,0,40,2210,119,Elon Phoenix,Towson Tigers,69,63,53.0,19.0,7.0,14.0,62.0,10.0,10.0,12.0
401714282,2025-02-20,2025,0,40,2448,2097,North Carolina A&T Aggies,Campbell Fighting Camels,53,50,49.0,9.0,7.0,18.0,51.0,12.0,7.0,14.0
401714284,2025-02-20,2025,0,40,111,232,Northeastern Huskies,Charleston Cougars,62,73,61.0,8.0,8.0,12.0,62.0,9.0,8.0,12.0
401714339,2025-02-20,2025,0,40,2540,2239,UC Santa Barbara Gauchos,Cal State Fullerton Titans,86,56,62.0,13.0,10.0,7.0,57.0,12.0,12.0,13.0
401714340,2025-02-20,2025,0,40,302,2934,UC Davis Aggies,Cal State Bakersfield Roadrunners,66,71,55.0,22.0,7.0,9.0,49.0,28.0,13.0,15.0
401714341,2025-02-20,2025,0,40,300,2463,UC Irvine Anteaters,Cal State Northridge Matadors,72,84,54.0,24.0,11.0,12.0,64.0,21.0,16.0,11.0
401714342,2025-02-20,2025,0,40,13,28,Cal Poly Mustangs,UC San Diego Tritons,67,81,61.0,4.0,8.0,17.0,63.0,19.0,9.0,5.0
401714607,2025-02-20,2025,0,40,2653,309,Troy Trojans,Louisiana Ragin' Cajuns,69,72,65.0,16.0,19.0,16.0,53.0,23.0,6.0,13.0
401714608,2025-02-20,2025,0,40,2572,324,Southern Miss Golden Eagles,Coastal Carolina Chanticleers,78,87,59.0,42.0,9.0,8.0,56.0,34.0,8.0,14.0
401714609,2025-02-20,2025,0,45,2026,290,App State Mountaineers,Georgia Southern Eagles,79,74,64.0,31.0,13.0,11.0,71.0,11.0,15.0,11.0
401714610,2025-02-20,2025,0,40,256,2247,James Madison Dukes,Georgia State Panthers,83,63,61.0,21.0,12.0,6.0,50.0,32.0,12.0,11.0
401714611,2025-02-20,2025,0,40,295,276,Old Dominion Monarchs,Marshall Thundering Herd,77,81,59.0,31.0,11.0,7.0,53.0,17.0,6.0,17.0
401718488,2025-02-20,2025,0,40,2458,331,Northern Colorado Bears,Eastern Washington Eagles,95,76,48.0,28.0,5.0,13.0,61.0,17.0,7.0,8.0
401719668,2025-02-20,2025,0,40,304,2502,Idaho State Bengals,Portland State Vikings,82,74,55.0,23.0,7.0,10.0,61.0,15.0,7.0,11.0
401720555,2025-02-20,2025,0,40,2692,16,Weber State Wildcats,Sacramento State Hornets,77,80,59.0,11.0,7.0,7.0,53.0,15.0,9.0,11.0
401720656,2025-02-20,2025,0,40,2464,70,Northern Arizona Lumberjacks,Idaho Vandals,78,83,66.0,22.0,17.0,8.0,56.0,19.0,9.0,11.0
401720847,2025-02-20,2025,0,40,261,2803,Vermont Catamounts,Bryant Bulldogs,59,55,58.0,9.0,8.0,9.0,56.0,21.0,12.0,10.0
401720848,2025-02-20,2025,0,40,399,311,UAlbany Great Danes,Maine Black Bears,79,68,58.0,26.0,12.0,11.0,53.0,12.0,5.0,16.0
401720849,2025-02-20,2025,0,40,2066,160,Binghamton Bearcats,New Hampshire Wildcats,79,60,52.0,24.0,9.0,17.0,60.0,20.0,10.0,10.0
401720850,2025-02-20,2025,0,40,2349,2378,UMass Lowell River Hawks,UMBC Retrievers,98,79,58.0,18.0,7.0,11.0,62.0,11.0,11.0,11.0
401721104,2025-02-20,2025,0,40,2130,2115,Chicago State Cougars,Central Connecticut Blue Devils,75,81,67.0,14.0,15.0,14.0,49.0,24.0,5.0,14.0
401721147,2025-02-20,2025,0,40,2385,161,Mercyhurst Lakers,Fairleigh Dickinson Knights,65,60,55.0,18.0,8.0,11.0,50.0,21.0,11.0,16.0
401721167,2025-02-20,2025,0,45,2330,2598,Le Moyne Dolphins,Saint Francis Red Wolves,76,81,56.0,10.0,7.0,17.0,64.0,17.0,17.0,16.0
401721442,2025-02-20,2025,0,40,120,30,Maryland Terrapins,USC Trojans,88,71,63.0,21.0,9.0,9.0,63.0,8.0,2.0,10.0
401721443,2025-02-20,2025,0,40,194,77,Ohio State Buckeyes,Northwestern Wildcats,49,70,52.0,13.0,10.0,16.0,54.0,19.0,13.0,11.0
401721959,2025-02-20,2025,0,40,2698,2110,West Georgia Wolves,Central Arkansas Bears,71,82,52.0,17.0,6.0,15.0,54.0,24.0,9.0,12.0
401722021,2025-02-20,2025,0,40,2681,284,Wagner Seahawks,Stonehill Skyhawks,63,57,54.0,14.0,10.0,7.0,52.0,13.0,12.0,10.0
401725600,2025-02-20,2025,0,40,2226,2724,Florida Atlantic Owls,Wichita State Shockers,68,75,61.0,13.0,11.0,7.0,55.0,16.0,10.0,12.0
401727923,2025-02-20,2025,0,40,2515,2427,Radford Highlanders,UNC Asheville Bulldogs,77,53,54.0,24.0,12.0,9.0,46.0,22.0,6.0,10.0
401706269,2025-02-21,2025,0,40,2368,2099,Marist Red Foxes,Canisius Golden Griffins,89,81,55.0,25.0,15.0,11.0,47.0,21.0,2.0,9.0
401706270,2025-02-21,2025,0,40,2520,2217,Rider Broncs,Fairfield Stags,49,69,52.0,18.0,9.0,12.0,48.0,7.0,4.0,14.0
401706271,2025-02-21,2025,0,40,2771,2529,Merrimack Warriors,Sacred Heart Pioneers,59,60,60.0,14.0,6.0,9.0,58.0,14.0,13.0,15.0
401706272,2025-02-21,2025,0,40,116,2612,Mount St. Mary's Mountaineers,Saint Peter's Peacocks,69,58,59.0,17.0,15.0,8.0,57.0,26.0,16.0,8.0
401706273,2025-02-21,2025,0,40,2561,315,Siena Saints,Niagara Purple Eagles,94,60,55.0,27.0,7.0,8.0,52.0,16.0,8.0,14.0
401706380,2025-02-21,2025,0,40,2649,189,Toledo Rockets,Bowling Green Falcons,68,69,63.0,15.0,10.0,8.0,60.0,7.0,10.0,15.0
401706384,2025-02-21,2025,0,45,193,2309,Miami (OH) RedHawks,Kent State Golden Flashes,96,92,57.0,29.0,7.0,14.0,60.0,27.0,15.0,21.0
401714487,2025-02-21,2025,0,40,2523,2739,Robert Morris Colonials,Green Bay Phoenix,94,85,65.0,28.0,8.0,6.0,59.0,30.0,10.0,10.0
401714488,2025-02-21,2025,0,40,2754,270,Youngstown State Penguins,Milwaukee Panthers,74,84,51.0,20.0,3.0,12.0,58.0,25.0,13.0,13.0
401714489,2025-02-21,2025,0,40,2750,94,Wright State Raiders,Northern Kentucky Norse,76,80,60.0,13.0,13.0,14.0,56.0,23.0,8.0,8.0
401714490,2025-02-21,2025,0,40,2870,2473,Purdue Fort Wayne Mastodons,Oakland Golden Grizzlies,80,66,58.0,10.0,5.0,12.0,59.0,15.0,9.0,15.0
401714491,2025-02-21,2025,0,40,2174,325,Detroit Mercy Titans,Cleveland State Vikings,65,73,52.0,22.0,10.0,15.0,57.0,23.0,10.0,10.0
401719154,2025-02-21,2025,0,40,222,269,Villanova Wildcats,Marquette Golden Eagles,81,66,53.0,20.0,10.0,7.0,57.0,8.0,8.0,7.0
401720963,2025-02-21,2025,0,40,219,159,Pennsylvania Quakers,Dartmouth Big Green,88,75,70.0,17.0,10.0,10.0,65.0,23.0,7.0,9.0
401721444,2025-02-21,2025,0,40,130,127,Michigan Wolverines,Michigan State Spartans,62,75,50.0,18.0,7.0,15.0,61.0,15.0,14.0,11.0
401721745,2025-02-21,2025,0,40,163,108,Princeton Tigers,Harvard Crimson,76,71,51.0,5.0,7.0,13.0,48.0,18.0,6.0,11.0
401721746,2025-02-21,2025,0,40,43,172,Yale Bulldogs,Cornell Big Red,92,88,61.0,30.0,9.0,9.0,68.0,21.0,16.0,9.0
401721747,2025-02-21,2025,0,40,225,171,Brown Bears,Columbia Lions,86,61,70.0,13.0,12.0,8.0,60.0,25.0,13.0,12.0
401724439,2025-02-21,2025,0,40,2350,2168,Loyola Chicago Ramblers,Dayton Flyers,76,72,54.0,27.0,7.0,9.0,62.0,23.0,10.0,9.0
401727301,2025-02-21,2025,0,40,314,2363,Iona Gaels,Manhattan Jaspers,65,60,65.0,17.0,20.0,14.0,63.0,21.0,15.0,10.0
401700241,2025-02-22,2025,0,40,98,2348,Western Kentucky Hilltoppers,Louisiana Tech Bulldogs,64,63,57.0,7.0,8.0,13.0,43.0,25.0,5.0,14.0
401700242,2025-02-22,2025,0,40,2393,2534,Middle Tennessee Blue Raiders,Sam Houston Bearkats,74,70,58.0,17.0,16.0,11.0,52.0,13.0,9.0,14.0
401700243,2025-02-22,2025,0,40,2335,2229,Liberty Flames,Florida International Panthers,58,45,47.0,9.0,5.0,18.0,54.0,5.0,10.0,16.0
401700244,2025-02-22,2025,0,40,338,166,Kennesaw State Owls,New Mexico State Aggies,49,60,46.0,24.0,7.0,15.0,48.0,32.0,9.0,11.0
401700245,2025-02-22,2025,0,40,55,2638,Jacksonville State Gamecocks,UTEP Miners,73,65,60.0,22.0,14.0,12.0,56.0,29.0,12.0,11.0
401700371,2025-02-22,2025,0,40,2413,2197,Morehead State Eagles,Eastern Illinois Panthers,62,67,52.0,14.0,14.0,15.0,50.0,22.0,8.0,10.0
401700372,2025-02-22,2025,0,40,2546,2815,Southeast Missouri State Redhawks,Lindenwood Lions,74,58,55.0,20.0,1.0,11.0,63.0,21.0,9.0,10.0
401700373,2025-02-22,2025,0,40,2031,2710,Little Rock Trojans,Western Illinois Leathernecks,75,61,66.0,8.0,13.0,9.0,51.0,12.0,6.0,14.0
401700374,2025-02-22,2025,0,40,88,2565,Southern Indiana Screaming Eagles,SIU Edwardsville Cougars,82,68,60.0,23.0,10.0,10.0,60.0,27.0,12.0,10.0
401700375,2025-02-22,2025,0,40,2635,2634,Tennessee Tech Golden Eagles,Tennessee State Tigers,77,74,63.0,29.0,11.0,6.0,59.0,12.0,6.0,15.0
401706379,2025-02-22,2025,0,40,195,2006,Ohio Bobcats,Akron Zips,84,67,64.0,23.0,9.0,7.0,61.0,14.0,9.0,14.0
401706381,2025-02-22,2025,0,40,2050,2084,Ball State Cardinals,Buffalo Bulls,80,66,55.0,36.0,13.0,12.0,55.0,26.0,8.0,14.0
401706382,2025-02-22,2025,0,40,2711,2117,Western Michigan Broncos,Central Michigan Chippewas,57,86,59.0,14.0,10.0,11.0,61.0,24.0,12.0,9.0
401706383,2025-02-22,2025,0,40,2459,2199,Northern Illinois Huskies,Eastern Michigan Eagles,76,79,55.0,17.0,9.0,11.0,50.0,36.0,11.0,7.0
401706484,2025-02-22,2025,0,40,236,2643,Chattanooga Mocs,The Citadel Bulldogs,76,75,60.0,16.0,13.0,6.0,49.0,19.0,9.0,7.0
401706485,2025-02-22,2025,0,40,2747,2193,Wofford Terriers,East Tennessee State Buccaneers,68,73,53.0,18.0,9.0,9.0,42.0,38.0,9.0,12.0
401706486,2025-02-22,2025,0,40,231,2678,Furman Paladins,VMI Keydets,75,71,53.0,22.0,8.0,12.0,67.0,10.0,10.0,7.0
401706487,2025-02-22,2025,0,40,2535,2717,Samford Bulldogs,Western Carolina Catamounts,93,72,85.0,12.0,18.0,12.0,51.0,20.0,5.0,28.0
401706488,2025-02-22,2025,0,40,2382,2430,Mercer Bears,UNC Greensboro Spartans,61,78,60.0,25.0,14.0,8.0,67.0,12.0,11.0,5.0
401706560,2025-02-22,2025,0,40,155,2449,North Dakota Fighting Hawks,North Dakota State Bison,79,77,59.0,17.0,14.0,13.0,60.0,10.0,5.0,8.0
401706561,2025-02-22,2025,0,40,198,2900,Oral Roberts Golden Eagles,St. Thomas Tommies,71,66,58.0,22.0,6.0,6.0,55.0,17.0,5.0,8.0
401706562,2025-02-22,2025,0,40,2437,233,Omaha Mavericks,South Dakota Coyotes,93,85,65.0,33.0,14.0,10.0,64.0,28.0,9.0,9.0
401706623,2025-02-22,2025,0,40,2253,2856,Grand Canyon Lopes,California Baptist Lancers,66,64,57.0,19.0,10.0,17.0,53.0,10.0,5.0,16.0
401706624,2025-02-22,2025,0,40,3084,2547,Utah Valley Wolverines,Seattle U Redhawks,61,55,48.0,24.0,11.0,11.0,54.0,19.0,11.0,7.0
401706625,2025-02-22,2025,0,40,2000,3101,Abilene Christian Wildcats,Utah Tech Trailblazers,80,72,59.0,23.0,11.0,12.0,54.0,27.0,14.0,20.0
401706626,2025-02-22,2025,0,40,250,2627,UT Arlington Mavericks,Tarleton State Texans,67,57,53.0,23.0,12.0,15.0,57.0,20.0,12.0,16.0
401706747,2025-02-22,2025,0,40,279,2501,Pacific Tigers,Portland Pilots,73,81,55.0,16.0,7.0,12.0,58.0,18.0,3.0,3.0
401706748,2025-02-22,2025,0,40,301,204,San Diego Toreros,Oregon State Beavers,73,83,61.0,11.0,8.0,11.0,54.0,42.0,15.0,10.0
401706749,2025-02-22,2025,0,40,2250,2608,Gonzaga Bulldogs,Saint Mary's Gaels,67,74,56.0,12.0,7.0,7.0,61.0,15.0,16.0,11.0
401706750,2025-02-22,2025,0,40,265,2541,Washington State Cougars,Santa Clara Broncos,79,109,53.0,21.0,4.0,13.0,72.0,11.0,13.0,11.0
401706751,2025-02-22,2025,0,40,2351,2492,Loyola Marymount Lions,Pepperdine Waves,93,82,66.0,15.0,13.0,7.0,65.0,17.0,12.0,8.0
401707856,2025-02-22,2025,1,40,356,150,Illinois Fighting Illini,Duke Blue Devils,67,110,61.0,28.0,10.0,9.0,72.0,24.0,16.0,6.0
401708404,2025-02-22,2025,0,40,333,96,Alabama Crimson Tide,Kentucky Wildcats,96,83,61.0,25.0,8.0,15.0,68.0,22.0,12.0,13.0
401708405,2025-02-22,2025,0,40,8,142,Arkansas Razorbacks,Missouri Tigers,92,85,53.0,37.0,8.0,16.0,68.0,17.0,17.0,18.0
401708406,2025-02-22,2025,0,40,2,61,Auburn Tigers,Georgia Bulldogs,82,70,63.0,28.0,17.0,8.0,57.0,25.0,14.0,13.0
401708407,2025-02-22,2025,0,40,99,57,LSU Tigers,Florida Gators,65,79,63.0,12.0,12.0,7.0,70.0,14.0,19.0,5.0
401708408,2025-02-22,2025,0,40,2579,251,South Carolina Gamecocks,Texas Longhorns,84,69,51.0,45.0,7.0,8.0,57.0,27.0,11.0,12.0
401708409,2025-02-22,2025,0,40,245,2633,Texas A&M Aggies,Tennessee Volunteers,69,77,59.0,20.0,14.0,12.0,54.0,20.0,8.0,10.0
401708410,2025-02-22,2025,0,40,238,145,Vanderbilt Commodores,Ole Miss Rebels,77,72,52.0,29.0,11.0,13.0,60.0,15.0,10.0,11.0
401708411,2025-02-22,2025,0,40,201,344,Oklahoma Sooners,Mississippi State Bulldogs,93,87,55.0,34.0,8.0,11.0,73.0,22.0,20.0,13.0
401709994,2025-02-22,2025,0,40,299,2540,Long Beach State Beach,UC Santa Barbara Gauchos,56,58,55.0,19.0,13.0,12.0,55.0,19.0,12.0,10.0
401714286,2025-02-22,2025,0,40,2448,2619,North Carolina A&T Aggies,Stony Brook Seawolves,73,72,58.0,20.0,14.0,8.0,53.0,22.0,7.0,8.0
401714287,2025-02-22,2025,0,40,48,2275,Delaware Blue Hens,Hofstra Pride,65,78,53.0,13.0,8.0,15.0,57.0,6.0,6.0,13.0
401714288,2025-02-22,2025,0,40,2097,119,Campbell Fighting Camels,Towson Tigers,67,76,54.0,20.0,9.0,6.0,51.0,19.0,9.0,8.0
401714289,2025-02-22,2025,0,40,2210,2729,Elon Phoenix,William & Mary Tribe,70,79,50.0,27.0,13.0,17.0,63.0,11.0,9.0,9.0
401714290,2025-02-22,2025,0,40,2261,350,Hampton Pirates,UNC Wilmington Seahawks,83,70,53.0,16.0,7.0,10.0,59.0,16.0,14.0,13.0
401714291,2025-02-22,2025,0,40,2182,232,Drexel Dragons,Charleston Cougars,64,55,53.0,15.0,10.0,11.0,54.0,15.0,11.0,12.0
401714384,2025-02-22,2025,0,40,302,2463,UC Davis Aggies,Cal State Northridge Matadors,62,65,57.0,12.0,11.0,11.0,46.0,20.0,12.0,19.0
401714385,2025-02-22,2025,0,40,28,62,UC San Diego Tritons,Hawai'i Rainbow Warriors,83,44,57.0,17.0,8.0,6.0,56.0,13.0,10.0,12.0
401714386,2025-02-22,2025,0,40,2934,300,Cal State Bakersfield Roadrunners,UC Irvine Anteaters,64,73,59.0,12.0,7.0,11.0,57.0,23.0,14.0,16.0
401714387,2025-02-22,2025,0,45,13,27,Cal Poly Mustangs,UC Riverside Highlanders,112,100,72.0,32.0,10.0,14.0,73.0,31.0,13.0,12.0
401714612,2025-02-22,2025,0,40,2572,309,Southern Miss Golden Eagles,Louisiana Ragin' Cajuns,60,62,44.0,22.0,6.0,17.0,61.0,15.0,14.0,11.0
401714613,2025-02-22,2025,0,40,2032,2433,Arkansas State Red Wolves,UL Monroe Warhawks,95,70,69.0,9.0,8.0,8.0,61.0,14.0,9.0,13.0
401714614,2025-02-22,2025,0,45,326,6,Texas State Bobcats,South Alabama Jaguars,93,92,65.0,16.0,14.0,9.0,59.0,23.0,9.0,9.0
401714615,2025-02-22,2025,0,40,2653,324,Troy Trojans,Coastal Carolina Chanticleers,83,66,55.0,19.0,11.0,9.0,56.0,15.0,13.0,9.0
401714616,2025-02-22,2025,0,40,256,290,James Madison Dukes,Georgia Southern Eagles,78,73,59.0,33.0,15.0,7.0,61.0,14.0,16.0,15.0
401714617,2025-02-22,2025,0,40,295,2247,Old Dominion Monarchs,Georgia State Panthers,70,76,82.0,8.0,26.0,5.0,61.0,12.0,14.0,12.0
401714618,2025-02-22,2025,0,40,2026,276,App State Mountaineers,Marshall Thundering Herd,59,69,60.0,16.0,12.0,8.0,56.0,10.0,5.0,8.0
401715978,2025-02-22,2025,0,40,2277,2320,Houston Christian Huskies,Lamar Cardinals,58,66,51.0,20.0,6.0,8.0,53.0,10.0,8.0,10.0
401716078,2025-02-22,2025,0,40,2545,2837,SE Louisiana Lions,East Texas A&M Lions,83,65,56.0,26.0,11.0,9.0,50.0,13.0,4.0,15.0
401716131,2025-02-22,2025,0,40,2916,2617,Incarnate Word Cardinals,Stephen F. Austin Lumberjacks,63,61,49.0,19.0,10.0,15.0,57.0,12.0,10.0,10.0
401718489,2025-02-22,2025,0,40,2464,331,Northern Arizona Lumberjacks,Eastern Washington Eagles,87,67,55.0,13.0,6.0,9.0,56.0,7.0,6.0,10.0
401719155,2025-02-22,2025,0,40,305,2086,DePaul Blue Demons,Butler Bulldogs,72,84,68.0,11.0,9.0,4.0,60.0,17.0,5.0,4.0
401719391,2025-02-22,2025,0,40,2458,70,Northern Colorado Bears,Idaho Vandals,92,74,57.0,16.0,7.0,6.0,58.0,12.0,8.0,10.0
401719669,2025-02-22,2025,0,40,2692,2502,Weber State Wildcats,Portland State Vikings,60,58,56.0,17.0,10.0,12.0,55.0,14.0,10.0,10.0
401720725,2025-02-22,2025,0,40,2377,357,McNeese Cowboys,Texas A&M-Corpus Christi Islanders,73,57,59.0,17.0,20.0,12.0,50.0,15.0,10.0,11.0
401720742,2025-02-22,2025,0,40,2443,2466,LSU New Orleans Privateers,Northwestern State Demons,66,73,63.0,19.0,19.0,7.0,49.0,15.0,13.0,17.0
401720851,2025-02-22,2025,0,40,261,2349,Vermont Catamounts,UMass Lowell River Hawks,85,61,57.0,10.0,8.0,6.0,54.0,15.0,10.0,7.0
401720852,2025-02-22,2025,0,40,399,160,UAlbany Great Danes,New Hampshire Wildcats,60,71,53.0,26.0,11.0,14.0,58.0,11.0,8.0,15.0
401720853,2025-02-22,2025,0,40,2066,311,Binghamton Bearcats,Maine Black Bears,71,69,57.0,10.0,12.0,11.0,58.0,12.0,9.0,6.0
401720854,2025-02-22,2025,0,40,2378,2885,UMBC Retrievers,NJIT Highlanders,95,91,67.0,18.0,5.0,8.0,64.0,17.0,7.0,14.0
401720935,2025-02-22,2025,0,40,147,149,Montana State Bobcats,Montana Grizzlies,85,89,56.0,33.0,11.0,9.0,55.0,26.0,7.0,7.0
401720936,2025-02-22,2025,0,40,304,16,Idaho State Bengals,Sacramento State Hornets,83,66,56.0,19.0,7.0,8.0,51.0,19.0,7.0,15.0
401720964,2025-02-22,2025,0,40,163,159,Princeton Tigers,Dartmouth Big Green,61,76,70.0,5.0,8.0,8.0,59.0,12.0,6.0,14.0
401721105,2025-02-22,2025,0,40,2115,284,Central Connecticut Blue Devils,Stonehill Skyhawks,67,41,68.0,6.0,15.0,9.0,51.0,11.0,8.0,15.0
401721127,2025-02-22,2025,0,40,2130,2681,Chicago State Cougars,Wagner Seahawks,52,64,47.0,10.0,6.0,9.0,43.0,17.0,9.0,11.0
401721148,2025-02-22,2025,0,45,2598,161,Saint Francis Red Wolves,Fairleigh Dickinson Knights,85,80,68.0,11.0,13.0,12.0,72.0,19.0,10.0,6.0
401721168,2025-02-22,2025,0,40,2330,112358,Le Moyne Dolphins,Long Island University Sharks,61,76,38.0,24.0,6.0,20.0,61.0,19.0,13.0,7.0
401721217,2025-02-22,2025,0,40,2447,292,Nicholls Colonels,UT Rio Grande Valley Vaqueros,93,84,63.0,34.0,10.0,6.0,75.0,7.0,15.0,13.0
401721248,2025-02-22,2025,0,40,2010,2065,Alabama A&M Bulldogs,Bethune-Cookman Wildcats,64,68,68.0,14.0,14.0,14.0,52.0,23.0,12.0,23.0
401721299,2025-02-22,2025,0,40,2296,2016,Jackson State Tigers,Alcorn State Braves,71,63,51.0,13.0,4.0,10.0,70.0,10.0,14.0,4.0
401721445,2025-02-22,2025,0,40,2294,264,Iowa Hawkeyes,Washington Huskies,85,79,55.0,26.0,9.0,7.0,51.0,22.0,7.0,11.0
401721446,2025-02-22,2025,0,40,135,213,Minnesota Golden Gophers,Penn State Nittany Lions,60,69,59.0,20.0,14.0,10.0,46.0,25.0,7.0,14.0
401721447,2025-02-22,2025,0,45,275,2483,Wisconsin Badgers,Oregon Ducks,73,77,65.0,6.0,7.0,17.0,72.0,12.0,10.0,8.0
401721748,2025-02-22,2025,0,45,219,108,Pennsylvania Quakers,Harvard Crimson,78,79,63.0,15.0,9.0,9.0,60.0,20.0,7.0,8.0
401721749,2025-02-22,2025,0,40,225,172,Brown Bears,Cornell Big Red,81,85,69.0,15.0,12.0,8.0,71.0,20.0,21.0,11.0
401721750,2025-02-22,2025,0,40,43,171,Yale Bulldogs,Columbia Lions,90,64,71.0,13.0,13.0,8.0,58.0,16.0,6.0,14.0
401721914,2025-02-22,2025,0,40,322,2329,Lafayette Leopards,Lehigh Mountain Hawks,78,70,57.0,19.0,10.0,9.0,57.0,13.0,9.0,11.0
401721915,2025-02-22,2025,0,40,44,104,American University Eagles,Boston University Terriers,48,44,56.0,12.0,10.0,9.0,49.0,4.0,9.0,19.0
401722063,2025-02-22,2025,0,40,2011,50,Alabama State Hornets,Florida A&M Rattlers,60,59,64.0,23.0,17.0,6.0,49.0,18.0,8.0,15.0
401722115,2025-02-22,2025,0,40,2640,2400,Texas Southern Tigers,Mississippi Valley State Delta Devils,79,38,71.0,14.0,19.0,14.0,55.0,14.0,9.0,18.0
401722132,2025-02-22,2025,0,40,2504,2029,Prairie View A&M Panthers,Arkansas-Pine Bluff Golden Lions,64,75,60.0,11.0,6.0,9.0,53.0,15.0,8.0,14.0
401722147,2025-02-22,2025,0,40,2755,2582,Grambling Tigers,Southern Jaguars,64,71,48.0,22.0,8.0,10.0,61.0,16.0,14.0,6.0
401722209,2025-02-22,2025,0,45,2005,278,Air Force Falcons,Fresno State Bulldogs,72,69,63.0,11.0,7.0,10.0,56.0,16.0,7.0,12.0
401722253,2025-02-22,2025,0,40,2440,68,Nevada Wolf Pack,Boise State Broncos,69,70,54.0,12.0,4.0,8.0,54.0,17.0,9.0,12.0
401722360,2025-02-22,2025,0,40,328,21,Utah State Aggies,San Diego State Aztecs,79,71,51.0,32.0,11.0,7.0,52.0,22.0,6.0,8.0
401722380,2025-02-22,2025,0,40,2751,23,Wyoming Cowboys,San José State Spartans,73,82,55.0,17.0,8.0,15.0,58.0,32.0,10.0,8.0
401722540,2025-02-22,2025,0,40,82,339,UIC Flames,Evansville Purple Aces,82,77,64.0,28.0,12.0,8.0,60.0,15.0,3.0,10.0
401722541,2025-02-22,2025,0,40,2623,2287,Missouri State Bears,Illinois State Redbirds,68,70,52.0,22.0,12.0,14.0,52.0,12.0,6.0,12.0
401722542,2025-02-22,2025,0,40,2057,282,Belmont Bruins,Indiana State Sycamores,77,75,59.0,25.0,10.0,13.0,72.0,6.0,13.0,12.0
401722543,2025-02-22,2025,0,45,71,93,Bradley Braves,Murray State Racers,85,83,66.0,18.0,13.0,12.0,60.0,32.0,9.0,9.0
401722544,2025-02-22,2025,0,40,79,2674,Southern Illinois Salukis,Valparaiso Beacons,79,83,62.0,16.0,11.0,13.0,70.0,17.0,11.0,7.0
401723699,2025-02-22,2025,0,40,2154,2450,Coppin State Eagles,Norfolk State Spartans,63,79,47.0,26.0,7.0,13.0,53.0,33.0,10.0,10.0
401723720,2025-02-22,2025,0,45,2169,2569,Delaware State Hornets,South Carolina State Bulldogs,88,94,55.0,35.0,8.0,20.0,54.0,34.0,12.0,22.0
401723758,2025-02-22,2025,0,40,2415,47,Morgan State Bears,Howard Bison,81,87,62.0,37.0,21.0,10.0,58.0,31.0,14.0,11.0
401724440,2025-02-22,2025,0,40,2603,257,Saint Joseph's Hawks,Richmond Spiders,78,62,51.0,9.0,3.0,13.0,58.0,10.0,6.0,7.0
401724441,2025-02-22,2025,0,40,139,227,Saint Louis Billikens,Rhode Island Rams,81,66,69.0,7.0,11.0,11.0,50.0,19.0,0.0,14.0
401724442,2025-02-22,2025,0,40,2230,2166,Fordham Rams,Davidson Wildcats,69,80,64.0,12.0,11.0,13.0,58.0,24.0,8.0,11.0
401724443,2025-02-22,2025,0,40,179,2184,St. Bonaventure Bonnies,Duquesne Dukes,70,63,48.0,21.0,2.0,7.0,55.0,20.0,13.0,10.0
401724444,2025-02-22,2025,0,40,2670,2244,VCU Rams,George Mason Patriots,70,54,54.0,24.0,11.0,9.0,48.0,24.0,9.0,14.0
401724445,2025-02-22,2025,0,40,45,113,George Washington Revolutionaries,Massachusetts Minutemen,74,52,56.0,16.0,10.0,12.0,59.0,15.0,15.0,12.0
401724886,2025-02-22,2025,0,40,103,59,Boston College Eagles,Georgia Tech Yellow Jackets,69,54,57.0,18.0,7.0,6.0,56.0,18.0,12.0,13.0
401724887,2025-02-22,2025,0,40,2567,228,SMU Mustangs,Clemson Tigers,69,79,57.0,14.0,18.0,16.0,57.0,11.0,9.0,9.0
401724888,2025-02-22,2025,0,40,153,258,North Carolina Tar Heels,Virginia Cavaliers,81,66,56.0,22.0,11.0,10.0,53.0,13.0,3.0,9.0
401724889,2025-02-22,2025,0,40,2390,259,Miami Hurricanes,Virginia Tech Hokies,68,81,52.0,19.0,5.0,10.0,61.0,6.0,4.0,5.0
401724890,2025-02-22,2025,0,40,24,25,Stanford Cardinal,California Golden Bears,66,61,51.0,27.0,6.0,12.0,55.0,29.0,12.0,13.0
401724891,2025-02-22,2025,0,40,97,52,Louisville Cardinals,Florida State Seminoles,89,81,52.0,34.0,9.0,13.0,59.0,17.0,8.0,14.0
401724892,2025-02-22,2025,0,40,87,221,Notre Dame Fighting Irish,Pittsburgh Panthers,76,72,48.0,20.0,7.0,11.0,53.0,18.0,9.0,10.0
401724893,2025-02-22,2025,0,40,152,154,NC State Wolfpack,Wake Forest Demon Deacons,85,73,58.0,17.0,11.0,13.0,53.0,34.0,10.0,11.0
401725601,2025-02-22,2025,0,40,242,202,Rice Owls,Tulsa Golden Hurricane,71,50,58.0,21.0,13.0,6.0,54.0,9.0,5.0,7.0
401725750,2025-02-22,2025,0,40,12,252,Arizona Wildcats,BYU Cougars,95,96,59.0,25.0,15.0,14.0,65.0,14.0,11.0,9.0
401725751,2025-02-22,2025,0,40,248,66,Houston Cougars,Iowa State Cyclones,68,59,47.0,10.0,6.0,17.0,46.0,17.0,6.0,12.0
401725752,2025-02-22,2025,0,40,2305,197,Kansas Jayhawks,Oklahoma State Cowboys,96,64,73.0,8.0,18.0,18.0,60.0,19.0,11.0,17.0
401725753,2025-02-22,2025,0,40,2132,2628,Cincinnati Bearcats,TCU Horned Frogs,75,63,61.0,17.0,12.0,8.0,66.0,4.0,13.0,10.0
401725754,2025-02-22,2025,0,40,38,239,Colorado Buffaloes,Baylor Bears,76,74,47.0,25.0,5.0,13.0,69.0,17.0,15.0,7.0
401725755,2025-02-22,2025,0,40,2641,277,Texas Tech Red Raiders,West Virginia Mountaineers,73,51,56.0,15.0,9.0,9.0,58.0,11.0,8.0,9.0
401727924,2025-02-22,2025,0,40,2127,2908,Charleston Southern Buccaneers,South Carolina Upstate Spartans,69,79,58.0,22.0,14.0,17.0,59.0,18.0,8.0,9.0
401727925,2025-02-22,2025,0,40,2241,2272,Gardner-Webb Runnin' Bulldogs,High Point Panthers,67,90,51.0,28.0,10.0,12.0,61.0,28.0,9.0,4.0
401727926,2025-02-22,2025,0,40,2427,2344,UNC Asheville Bulldogs,Longwood Lancers,87,82,59.0,12.0,6.0,11.0,62.0,17.0,14.0,17.0
401727927,2025-02-22,2025,0,40,2515,2506,Radford Highlanders,Presbyterian Blue Hose,73,80,49.0,24.0,7.0,10.0,51.0,32.0,11.0,8.0
401728314,2025-02-22,2025,0,40,2439,36,UNLV Rebels,Colorado State Rams,53,61,50.0,17.0,5.0,11.0,52.0,14.0,6.0,11.0
401706274,2025-02-23,2025,0,45,314,2771,Iona Gaels,Merrimack Warriors,70,77,70.0,13.0,23.0,17.0,56.0,28.0,11.0,12.0
401706275,2025-02-23,2025,0,40,2612,2529,Saint Peter's Peacocks,Sacred Heart Pioneers,85,79,67.0,26.0,17.0,7.0,69.0,14.0,16.0,10.0
401706276,2025-02-23,2025,0,40,2368,315,Marist Red Foxes,Niagara Purple Eagles,64,61,60.0,18.0,11.0,10.0,54.0,14.0,4.0,12.0
401706277,2025-02-23,2025,0,40,116,2520,Mount St. Mary's Mountaineers,Rider Broncs,79,72,57.0,28.0,11.0,13.0,62.0,16.0,8.0,11.0
401706278,2025-02-23,2025,0,40,2363,2514,Manhattan Jaspers,Quinnipiac Bobcats,71,74,59.0,10.0,7.0,15.0,63.0,17.0,12.0,11.0
401706279,2025-02-23,2025,0,40,2561,2099,Siena Saints,Canisius Golden Griffins,88,93,63.0,22.0,11.0,18.0,54.0,29.0,8.0,19.0
401706559,2025-02-23,2025,0,40,2571,140,South Dakota State Jackrabbits,Kansas City Roos,70,65,55.0,18.0,10.0,10.0,58.0,4.0,6.0,8.0
401714492,2025-02-23,2025,0,40,2754,2739,Youngstown State Penguins,Green Bay Phoenix,81,77,55.0,31.0,11.0,16.0,59.0,21.0,10.0,13.0
401714493,2025-02-23,2025,0,40,2523,270,Robert Morris Colonials,Milwaukee Panthers,72,59,56.0,16.0,13.0,16.0,63.0,12.0,14.0,10.0
401714494,2025-02-23,2025,0,40,94,85,Northern Kentucky Norse,IU Indianapolis Jaguars,71,67,63.0,10.0,10.0,7.0,57.0,12.0,10.0,10.0
401714495,2025-02-23,2025,0,45,2473,325,Oakland Golden Grizzlies,Cleveland State Vikings,91,86,61.0,38.0,13.0,11.0,74.0,13.0,9.0,5.0
401719156,2025-02-23,2025,0,40,2599,41,St. John's Red Storm,UConn Huskies,89,75,64.0,27.0,15.0,12.0,59.0,29.0,18.0,18.0
401719157,2025-02-23,2025,0,40,2550,2752,Seton Hall Pirates,Xavier Musketeers,66,73,55.0,18.0,6.0,14.0,41.0,33.0,4.0,18.0
401719158,2025-02-23,2025,0,40,156,46,Creighton Bluejays,Georgetown Hoyas,80,69,67.0,21.0,13.0,9.0,65.0,14.0,8.0,7.0
401721448,2025-02-23,2025,0,40,84,2509,Indiana Hoosiers,Purdue Boilermakers,73,58,54.0,20.0,6.0,7.0,47.0,15.0,6.0,16.0
401721449,2025-02-23,2025,0,40,164,30,Rutgers Scarlet Knights,USC Trojans,95,85,54.0,28.0,10.0,13.0,66.0,14.0,18.0,16.0
401721450,2025-02-23,2025,0,40,26,194,UCLA Bruins,Ohio State Buckeyes,69,61,57.0,20.0,15.0,13.0,63.0,16.0,13.0,9.0
401721916,2025-02-23,2025,0,40,2352,2142,Loyola Maryland Greyhounds,Colgate Raiders,84,65,59.0,17.0,10.0,10.0,56.0,11.0,10.0,15.0
401721917,2025-02-23,2025,0,45,2426,107,Navy Midshipmen,Holy Cross Crusaders,83,77,69.0,21.0,11.0,10.0,62.0,21.0,13.0,21.0
401721918,2025-02-23,2025,0,40,2083,349,Bucknell Bison,Army Black Knights,84,53,58.0,12.0,11.0,14.0,54.0,12.0,6.0,13.0
401722545,2025-02-23,2025,0,45,2460,2181,Northern Iowa Panthers,Drake Bulldogs,58,64,52.0,22.0,7.0,10.0,58.0,19.0,16.0,13.0
401725602,2025-02-23,2025,0,40,5,218,UAB Blazers,Temple Owls,80,64,71.0,13.0,21.0,8.0,60.0,12.0,10.0,10.0
401725603,2025-02-23,2025,0,40,58,249,South Florida Bulls,North Texas Mean Green,57,64,58.0,23.0,14.0,8.0,51.0,15.0,9.0,14.0
401725604,2025-02-23,2025,0,45,151,2636,East Carolina Pirates,UTSA Roadrunners,96,89,57.0,34.0,9.0,12.0,66.0,16.0,10.0,14.0
401725605,2025-02-23,2025,0,40,2724,2655,Wichita State Shockers,Tulane Green Wave,78,67,56.0,19.0,9.0,11.0,60.0,18.0,10.0,7.0
401725606,2025-02-23,2025,0,40,235,2226,Memphis Tigers,Florida Atlantic Owls,84,65,70.0,15.0,16.0,10.0,61.0,18.0,12.0,12.0
401725756,2025-02-23,2025,0,40,2306,9,Kansas State Wildcats,Arizona State Sun Devils,54,66,66.0,8.0,17.0,14.0,54.0,10.0,5.0,12.0
401725757,2025-02-23,2025,0,40,2116,254,UCF Knights,Utah Utes,76,72,65.0,16.0,12.0,8.0,55.0,10.0,9.0,19.0
401711614,2025-02-24,2025,0,40,2046,288,Austin Peay Governors,Lipscomb Bisons,78,95,60.0,12.0,11.0,4.0,48.0,20.0,5.0,6.0
401711631,2025-02-24,2025,0,40,294,2198,Jacksonville Dolphins,Eastern Kentucky Colonels,59,55,51.0,20.0,8.0,14.0,60.0,11.0,13.0,14.0
401711648,2025-02-24,2025,0,40,526,2454,Florida Gulf Coast Eagles,North Florida Ospreys,86,82,65.0,19.0,9.0,13.0,68.0,17.0,7.0,10.0
401711700,2025-02-24,2025,0,40,2110,2453,Central Arkansas Bears,North Alabama Lions,70,93,56.0,14.0,10.0,13.0,65.0,8.0,11.0,7.0
401711721,2025-02-24,2025,0,40,2698,2511,West Georgia Wolves,Queens University Royals,57,72,57.0,21.0,10.0,9.0,57.0,24.0,11.0,10.0
401714283,2025-02-24,2025,0,40,2729,350,William & Mary Tribe,UNC Wilmington Seahawks,70,79,60.0,9.0,8.0,7.0,59.0,20.0,15.0,11.0
401714285,2025-02-24,2025,0,40,2405,111,Monmouth Hawks,Northeastern Huskies,78,73,57.0,21.0,12.0,11.0,60.0,12.0,5.0,6.0
401715979,2025-02-24,2025,0,40,2277,2617,Houston Christian Huskies,Stephen F. Austin Lumberjacks,72,56,55.0,15.0,9.0,14.0,61.0,16.0,11.0,10.0
401716079,2025-02-24,2025,0,40,2545,2466,SE Louisiana Lions,Northwestern State Demons,69,72,52.0,25.0,10.0,9.0,47.0,19.0,5.0,12.0
401716132,2025-02-24,2025,0,40,2916,2320,Incarnate Word Cardinals,Lamar Cardinals,73,61,47.0,20.0,10.0,15.0,56.0,17.0,15.0,13.0
401720726,2025-02-24,2025,0,40,2377,292,McNeese Cowboys,UT Rio Grande Valley Vaqueros,100,65,72.0,14.0,12.0,13.0,62.0,6.0,7.0,23.0
401720743,2025-02-24,2025,0,40,2443,2837,LSU New Orleans Privateers,East Texas A&M Lions,71,73,65.0,21.0,19.0,16.0,60.0,23.0,9.0,10.0
401720763,2025-02-24,2025,0,40,2447,357,Nicholls Colonels,Texas A&M-Corpus Christi Islanders,71,69,45.0,37.0,9.0,8.0,50.0,25.0,8.0,11.0
401721249,2025-02-24,2025,0,40,2010,50,Alabama A&M Bulldogs,Florida A&M Rattlers,77,66,52.0,30.0,12.0,16.0,46.0,24.0,6.0,19.0
401721451,2025-02-24,2025,0,40,158,130,Nebraska Cornhuskers,Michigan Wolverines,46,49,62.0,12.0,10.0,11.0,61.0,13.0,12.0,14.0
401721979,2025-02-24,2025,0,40,56,91,Stetson Hatters,Bellarmine Knights,69,67,49.0,18.0,7.0,14.0,55.0,10.0,6.0,12.0
401722049,2025-02-24,2025,0,40,2011,2065,Alabama State Hornets,Bethune-Cookman Wildcats,68,70,64.0,17.0,7.0,5.0,47.0,23.0,9.0,19.0
401722116,2025-02-24,2025,0,40,2504,2400,Prairie View A&M Panthers,Mississippi Valley State Delta Devils,64,56,56.0,9.0,4.0,10.0,43.0,20.0,6.0,19.0
401723700,2025-02-24,2025,0,40,2154,47,Coppin State Eagles,Howard Bison,72,61,57.0,18.0,5.0,13.0,56.0,22.0,11.0,20.0
401723721,2025-02-24,2025,0,45,2169,2428,Delaware State Hornets,North Carolina Central Eagles,86,84,60.0,35.0,19.0,17.0,61.0,27.0,16.0,20.0
401723740,2025-02-24,2025,0,40,2379,2569,Maryland Eastern Shore Hawks,South Carolina State Bulldogs,68,81,56.0,25.0,12.0,14.0,49.0,33.0,16.0,20.0
401723746,2025-02-24,2025,0,40,2450,2415,Norfolk State Spartans,Morgan State Bears,69,60,72.0,11.0,25.0,13.0,61.0,18.0,13.0,10.0
401724716,2025-02-24,2025,0,40,2640,2029,Texas Southern Tigers,Arkansas-Pine Bluff Golden Lions,81,56,61.0,17.0,14.0,14.0,56.0,20.0,11.0,15.0
401724894,2025-02-24,2025,0,40,52,153,Florida State Seminoles,North Carolina Tar Heels,85,96,50.0,28.0,4.0,7.0,58.0,31.0,13.0,8.0
401725758,2025-02-24,2025,0,40,2641,248,Texas Tech Red Raiders,Houston Cougars,61,69,57.0,26.0,17.0,10.0,49.0,23.0,7.0,9.0
401725759,2025-02-24,2025,0,40,38,2305,Colorado Buffaloes,Kansas Jayhawks,64,71,68.0,10.0,18.0,14.0,53.0,28.0,5.0,8.0
401760143,2025-02-24,2025,0,40,2261,2619,Hampton Pirates,Stony Brook Seawolves,81,49,66.0,7.0,13.0,7.0,43.0,13.0,3.0,18.0
401700376,2025-02-25,2025,0,45,2710,2815,Western Illinois Leathernecks,Lindenwood Lions,86,81,60.0,27.0,10.0,12.0,72.0,21.0,17.0,11.0
401706385,2025-02-25,2025,0,40,2050,2006,Ball State Cardinals,Akron Zips,82,87,61.0,21.0,7.0,8.0,67.0,13.0,10.0,8.0
401706386,2025-02-25,2025,0,40,2199,189,Eastern Michigan Eagles,Bowling Green Falcons,60,65,63.0,4.0,14.0,15.0,50.0,16.0,5.0,14.0
401706387,2025-02-25,2025,0,40,2117,2084,Central Michigan Chippewas,Buffalo Bulls,73,69,59.0,13.0,10.0,13.0,65.0,10.0,15.0,15.0
401706388,2025-02-25,2025,0,40,193,2459,Miami (OH) RedHawks,Northern Illinois Huskies,87,58,60.0,16.0,9.0,11.0,59.0,11.0,3.0,13.0
401706389,2025-02-25,2025,0,40,2711,195,Western Michigan Broncos,Ohio Bobcats,82,73,59.0,21.0,10.0,16.0,67.0,14.0,10.0,10.0
401706390,2025-02-25,2025,0,40,2309,2649,Kent State Golden Flashes,Toledo Rockets,105,65,73.0,15.0,19.0,8.0,57.0,20.0,11.0,14.0
401706752,2025-02-25,2025,0,40,2541,2250,Santa Clara Broncos,Gonzaga Bulldogs,76,95,55.0,28.0,6.0,17.0,64.0,20.0,5.0,13.0
401708412,2025-02-25,2025,0,40,142,2579,Missouri Tigers,South Carolina Gamecocks,101,71,63.0,12.0,7.0,7.0,55.0,25.0,12.0,15.0
401708413,2025-02-25,2025,0,40,333,344,Alabama Crimson Tide,Mississippi State Bulldogs,111,73,71.0,18.0,13.0,11.0,73.0,15.0,18.0,14.0
401708416,2025-02-25,2025,0,40,61,57,Georgia Bulldogs,Florida Gators,88,83,52.0,27.0,5.0,17.0,66.0,29.0,14.0,11.0
401708417,2025-02-25,2025,0,40,99,2633,LSU Tigers,Tennessee Volunteers,59,65,51.0,16.0,8.0,10.0,56.0,21.0,17.0,11.0
401714619,2025-02-25,2025,0,40,326,2653,Texas State Bobcats,Troy Trojans,69,74,49.0,33.0,11.0,13.0,58.0,34.0,18.0,13.0
401714620,2025-02-25,2025,0,40,290,2026,Georgia Southern Eagles,App State Mountaineers,61,59,51.0,14.0,8.0,11.0,60.0,16.0,16.0,11.0
401714621,2025-02-25,2025,0,40,2433,256,UL Monroe Warhawks,James Madison Dukes,79,85,67.0,26.0,22.0,10.0,64.0,24.0,13.0,6.0
401714622,2025-02-25,2025,0,40,276,295,Marshall Thundering Herd,Old Dominion Monarchs,83,66,52.0,23.0,8.0,12.0,50.0,24.0,9.0,15.0
401719159,2025-02-25,2025,0,40,269,2507,Marquette Golden Eagles,Providence Friars,82,52,61.0,16.0,12.0,10.0,56.0,11.0,10.0,18.0
401721452,2025-02-25,2025,0,40,356,2294,Illinois Fighting Illini,Iowa Hawkeyes,81,61,63.0,12.0,7.0,5.0,57.0,9.0,10.0,16.0
401721453,2025-02-25,2025,0,40,135,77,Minnesota Golden Gophers,Northwestern Wildcats,63,75,57.0,14.0,12.0,13.0,57.0,16.0,8.0,8.0
401721454,2025-02-25,2025,0,40,275,264,Wisconsin Badgers,Washington Huskies,88,62,64.0,16.0,13.0,5.0,58.0,8.0,7.0,10.0
401722210,2025-02-25,2025,0,40,2005,36,Air Force Falcons,Colorado State Rams,55,77,45.0,17.0,6.0,19.0,55.0,18.0,10.0,14.0
401722254,2025-02-25,2025,0,40,2440,2751,Nevada Wolf Pack,Wyoming Cowboys,84,61,49.0,31.0,3.0,6.0,58.0,14.0,9.0,8.0
401722361,2025-02-25,2025,0,40,21,167,San Diego State Aztecs,New Mexico Lobos,73,65,52.0,22.0,6.0,15.0,64.0,16.0,14.0,13.0
401722381,2025-02-25,2025,0,40,23,2439,San José State Spartans,UNLV Rebels,71,77,61.0,13.0,7.0,12.0,55.0,21.0,7.0,14.0
401722546,2025-02-25,2025,0,40,79,2287,Southern Illinois Salukis,Illinois State Redbirds,88,79,54.0,30.0,7.0,8.0,64.0,15.0,11.0,10.0
401722547,2025-02-25,2025,0,40,93,282,Murray State Racers,Indiana State Sycamores,85,75,54.0,41.0,14.0,8.0,58.0,19.0,5.0,8.0
401724446,2025-02-25,2025,0,40,2166,139,Davidson Wildcats,Saint Louis Billikens,56,57,58.0,6.0,7.0,7.0,55.0,5.0,9.0,11.0
401724447,2025-02-25,2025,0,40,257,2670,Richmond Spiders,VCU Rams,60,78,54.0,7.0,4.0,7.0,50.0,13.0,7.0,11.0
401724895,2025-02-25,2025,0,40,2390,150,Miami Hurricanes,Duke Blue Devils,60,97,64.0,5.0,13.0,20.0,57.0,20.0,7.0,10.0
401724896,2025-02-25,2025,0,40,221,59,Pittsburgh Panthers,Georgia Tech Yellow Jackets,67,73,57.0,21.0,10.0,7.0,49.0,28.0,11.0,15.0
401724897,2025-02-25,2025,0,40,259,97,Virginia Tech Hokies,Louisville Cardinals,66,71,58.0,6.0,10.0,22.0,62.0,11.0,7.0,12.0
401725760,2025-02-25,2025,0,40,197,66,Oklahoma State Cowboys,Iowa State Cyclones,74,68,59.0,22.0,10.0,12.0,58.0,20.0,11.0,18.0
401725761,2025-02-25,2025,0,40,277,2628,West Virginia Mountaineers,TCU Horned Frogs,73,55,52.0,11.0,5.0,13.0,51.0,16.0,7.0,14.0
401725762,2025-02-25,2025,0,40,2132,239,Cincinnati Bearcats,Baylor Bears,69,67,54.0,14.0,8.0,7.0,55.0,5.0,9.0,12.0
401727354,2025-02-25,2025,0,40,322,349,Lafayette Leopards,Army Black Knights,81,65,53.0,25.0,5.0,11.0,66.0,20.0,14.0,9.0
401706489,2025-02-26,2025,0,40,231,2643,Furman Paladins,The Citadel Bulldogs,85,42,59.0,20.0,8.0,9.0,52.0,17.0,6.0,15.0
401706490,2025-02-26,2025,0,40,2193,2382,East Tennessee State Buccaneers,Mercer Bears,59,58,60.0,13.0,10.0,12.0,57.0,5.0,5.0,15.0
401706491,2025-02-26,2025,0,40,2717,2747,Western Carolina Catamounts,Wofford Terriers,67,90,55.0,19.0,9.0,13.0,70.0,20.0,17.0,6.0
401706563,2025-02-26,2025,0,40,2449,233,North Dakota State Bison,South Dakota Coyotes,82,78,62.0,29.0,11.0,9.0,62.0,19.0,6.0,9.0
401706753,2025-02-26,2025,0,40,204,2539,Oregon State Beavers,San Francisco Dons,72,74,50.0,24.0,7.0,9.0,57.0,17.0,8.0,9.0
401708414,2025-02-26,2025,0,45,8,251,Arkansas Razorbacks,Texas Longhorns,86,81,58.0,31.0,6.0,12.0,71.0,13.0,10.0,10.0
401708415,2025-02-26,2025,0,40,2,145,Auburn Tigers,Ole Miss Rebels,106,76,57.0,33.0,10.0,8.0,51.0,31.0,4.0,10.0
401708418,2025-02-26,2025,0,40,245,238,Texas A&M Aggies,Vanderbilt Commodores,84,86,62.0,39.0,18.0,12.0,58.0,36.0,11.0,9.0
401708419,2025-02-26,2025,0,40,201,96,Oklahoma Sooners,Kentucky Wildcats,82,83,57.0,17.0,7.0,15.0,58.0,24.0,7.0,13.0
401711615,2025-02-26,2025,0,40,2698,2046,West Georgia Wolves,Austin Peay Governors,73,70,64.0,23.0,13.0,5.0,57.0,17.0,6.0,8.0
401711632,2025-02-26,2025,0,40,2454,2198,North Florida Ospreys,Eastern Kentucky Colonels,81,86,61.0,11.0,11.0,13.0,65.0,12.0,13.0,7.0
401711649,2025-02-26,2025,0,40,526,91,Florida Gulf Coast Eagles,Bellarmine Knights,80,61,65.0,7.0,16.0,11.0,53.0,9.0,3.0,9.0
401711664,2025-02-26,2025,0,40,294,56,Jacksonville Dolphins,Stetson Hatters,79,72,63.0,23.0,15.0,12.0,56.0,20.0,5.0,13.0
401711678,2025-02-26,2025,0,40,288,2110,Lipscomb Bisons,Central Arkansas Bears,78,60,58.0,15.0,8.0,10.0,53.0,14.0,5.0,12.0
401711701,2025-02-26,2025,0,40,2453,2511,North Alabama Lions,Queens University Royals,74,69,62.0,16.0,11.0,7.0,62.0,11.0,16.0,14.0
401714623,2025-02-26,2025,0,40,309,2032,Louisiana Ragin' Cajuns,Arkansas State Red Wolves,64,83,64.0,23.0,10.0,12.0,57.0,42.0,21.0,20.0
401714624,2025-02-26,2025,0,40,2572,6,Southern Miss Golden Eagles,South Alabama Jaguars,82,88,55.0,17.0,7.0,15.0,62.0,28.0,11.0,7.0
401714625,2025-02-26,2025,0,40,324,2247,Coastal Carolina Chanticleers,Georgia State Panthers,80,74,61.0,16.0,12.0,4.0,68.0,18.0,19.0,3.0
401719160,2025-02-26,2025,0,40,41,46,UConn Huskies,Georgetown Hoyas,93,79,59.0,20.0,13.0,10.0,56.0,14.0,6.0,9.0
401719161,2025-02-26,2025,0,40,2086,2599,Butler Bulldogs,St. John's Red Storm,70,76,61.0,18.0,16.0,13.0,59.0,19.0,12.0,9.0
401719162,2025-02-26,2025,0,40,2550,222,Seton Hall Pirates,Villanova Wildcats,54,59,55.0,17.0,11.0,8.0,42.0,22.0,4.0,14.0
401719163,2025-02-26,2025,0,40,156,305,Creighton Bluejays,DePaul Blue Demons,75,65,56.0,15.0,13.0,13.0,56.0,11.0,4.0,6.0
401721455,2025-02-26,2025,0,40,84,213,Indiana Hoosiers,Penn State Nittany Lions,83,78,51.0,25.0,8.0,14.0,51.0,22.0,4.0,12.0
401721456,2025-02-26,2025,0,40,120,127,Maryland Terrapins,Michigan State Spartans,55,58,48.0,26.0,4.0,11.0,65.0,12.0,13.0,12.0
401721457,2025-02-26,2025,0,40,30,194,USC Trojans,Ohio State Buckeyes,82,87,45.0,26.0,4.0,14.0,50.0,26.0,7.0,12.0
401721919,2025-02-26,2025,0,40,44,2426,American University Eagles,Navy Midshipmen,60,68,56.0,17.0,9.0,9.0,45.0,30.0,10.0,14.0
401721920,2025-02-26,2025,0,40,2329,104,Lehigh Mountain Hawks,Boston University Terriers,68,79,42.0,28.0,0.0,11.0,54.0,34.0,14.0,10.0
401721921,2025-02-26,2025,0,40,2142,107,Colgate Raiders,Holy Cross Crusaders,81,73,60.0,20.0,7.0,9.0,59.0,7.0,3.0,16.0
401721922,2025-02-26,2025,0,40,2352,2083,Loyola Maryland Greyhounds,Bucknell Bison,67,70,60.0,7.0,7.0,9.0,53.0,16.0,9.0,12.0
401722548,2025-02-26,2025,0,40,2623,2057,Missouri State Bears,Belmont Bruins,65,74,50.0,19.0,10.0,17.0,57.0,10.0,6.0,12.0
401722549,2025-02-26,2025,0,40,2674,71,Valparaiso Beacons,Bradley Braves,65,76,56.0,12.0,6.0,10.0,62.0,9.0,10.0,11.0
401722550,2025-02-26,2025,0,40,339,2181,Evansville Purple Aces,Drake Bulldogs,61,65,47.0,14.0,6.0,13.0,54.0,18.0,9.0,8.0
401722551,2025-02-26,2025,0,40,2460,82,Northern Iowa Panthers,UIC Flames,74,52,57.0,7.0,9.0,11.0,54.0,10.0,8.0,10.0
401723739,2025-02-26,2025,0,40,2379,2428,Maryland Eastern Shore Hawks,North Carolina Central Eagles,68,59,53.0,21.0,12.0,18.0,64.0,17.0,12.0,9.0
401724448,2025-02-26,2025,0,40,2603,179,Saint Joseph's Hawks,St. Bonaventure Bonnies,75,64,61.0,16.0,11.0,9.0,65.0,9.0,7.0,5.0
401724449,2025-02-26,2025,0,40,227,2168,Rhode Island Rams,Dayton Flyers,77,85,55.0,30.0,12.0,19.0,55.0,23.0,8.0,15.0
401724450,2025-02-26,2025,0,40,2325,2184,La Salle Explorers,Duquesne Dukes,62,67,53.0,28.0,11.0,11.0,46.0,19.0,4.0,14.0
401724451,2025-02-26,2025,0,40,2244,2230,George Mason Patriots,Fordham Rams,74,64,51.0,40.0,12.0,13.0,56.0,31.0,15.0,16.0
401724452,2025-02-26,2025,0,40,2350,45,Loyola Chicago Ramblers,George Washington Revolutionaries,77,57,57.0,11.0,11.0,15.0,54.0,17.0,8.0,14.0
401724898,2025-02-26,2025,0,40,228,87,Clemson Tigers,Notre Dame Fighting Irish,83,68,63.0,18.0,10.0,4.0,49.0,21.0,7.0,10.0
401724899,2025-02-26,2025,0,40,183,152,Syracuse Orange,NC State Wolfpack,74,60,48.0,24.0,5.0,10.0,64.0,10.0,11.0,8.0
401724900,2025-02-26,2025,0,40,24,103,Stanford Cardinal,Boston College Eagles,78,60,59.0,14.0,11.0,11.0,58.0,10.0,10.0,14.0
401724901,2025-02-26,2025,0,40,154,258,Wake Forest Demon Deacons,Virginia Cavaliers,75,83,54.0,20.0,6.0,10.0,52.0,20.0,3.0,8.0
401724902,2025-02-26,2025,0,40,25,2567,California Golden Bears,SMU Mustangs,77,81,64.0,32.0,17.0,12.0,54.0,20.0,9.0,18.0
401725607,2025-02-26,2025,0,40,2655,2429,Tulane Green Wave,Charlotte 49ers,78,64,48.0,17.0,3.0,12.0,57.0,19.0,11.0,11.0
401725608,2025-02-26,2025,0,40,218,58,Temple Owls,South Florida Bulls,73,71,50.0,35.0,15.0,12.0,55.0,19.0,11.0,8.0
401725609,2025-02-26,2025,0,40,235,242,Memphis Tigers,Rice Owls,84,72,65.0,23.0,16.0,8.0,58.0,24.0,10.0,12.0
401725763,2025-02-26,2025,0,40,9,252,Arizona State Sun Devils,BYU Cougars,81,91,57.0,26.0,4.0,9.0,62.0,15.0,6.0,11.0
401725764,2025-02-26,2025,0,40,12,254,Arizona Wildcats,Utah Utes,83,66,63.0,29.0,16.0,7.0,62.0,22.0,14.0,12.0
401725765,2025-02-26,2025,0,40,2116,2306,UCF Knights,Kansas State Wildcats,80,76,60.0,25.0,16.0,15.0,65.0,21.0,16.0,13.0
401727928,2025-02-26,2025,0,40,2241,2515,Gardner-Webb Runnin' Bulldogs,Radford Highlanders,56,63,58.0,14.0,14.0,13.0,52.0,14.0,6.0,11.0
401727929,2025-02-26,2025,0,40,2272,2908,High Point Panthers,South Carolina Upstate Spartans,88,66,65.0,16.0,12.0,17.0,66.0,18.0,12.0,17.0
401727931,2025-02-26,2025,0,40,2427,2506,UNC Asheville Bulldogs,Presbyterian Blue Hose,59,64,65.0,15.0,13.0,8.0,47.0,17.0,5.0,15.0
401728308,2025-02-26,2025,0,40,68,328,Boise State Broncos,Utah State Aggies,82,65,56.0,23.0,11.0,10.0,52.0,21.0,8.0,11.0
401700246,2025-02-27,2025,0,40,2335,55,Liberty Flames,Jacksonville State Gamecocks,59,55,49.0,17.0,6.0,10.0,57.0,9.0,10.0,11.0
401700247,2025-02-27,2025,0,40,2229,338,Florida International Panthers,Kennesaw State Owls,76,61,45.0,41.0,7.0,14.0,52.0,27.0,12.0,20.0
401700248,2025-02-27,2025,0,40,166,2393,New Mexico State Aggies,Middle Tennessee Blue Raiders,66,71,66.0,13.0,10.0,9.0,49.0,21.0,7.0,14.0
401700249,2025-02-27,2025,0,40,2638,98,UTEP Miners,Western Kentucky Hilltoppers,73,80,61.0,43.0,15.0,7.0,54.0,33.0,12.0,13.0
401700377,2025-02-27,2025,0,40,2197,2031,Eastern Illinois Panthers,Little Rock Trojans,71,60,51.0,29.0,15.0,16.0,52.0,23.0,14.0,19.0
401700378,2025-02-27,2025,0,40,2634,2413,Tennessee State Tigers,Morehead State Eagles,64,55,42.0,29.0,5.0,15.0,48.0,24.0,6.0,11.0
401700379,2025-02-27,2025,0,40,2565,2546,SIU Edwardsville Cougars,Southeast Missouri State Redhawks,68,83,58.0,21.0,13.0,14.0,64.0,7.0,6.0,7.0
401700380,2025-02-27,2025,0,40,2630,88,UT Martin Skyhawks,Southern Indiana Screaming Eagles,79,63,69.0,17.0,20.0,10.0,58.0,14.0,9.0,11.0
401700381,2025-02-27,2025,0,40,2635,2710,Tennessee Tech Golden Eagles,Western Illinois Leathernecks,69,82,67.0,12.0,11.0,9.0,60.0,11.0,9.0,14.0
401706492,2025-02-27,2025,0,40,2678,2535,VMI Keydets,Samford Bulldogs,83,95,50.0,32.0,11.0,20.0,65.0,36.0,16.0,7.0
401706493,2025-02-27,2025,0,40,2430,236,UNC Greensboro Spartans,Chattanooga Mocs,63,75,54.0,24.0,9.0,6.0,49.0,25.0,7.0,8.0
401706564,2025-02-27,2025,0,40,140,2172,Kansas City Roos,Denver Pioneers,64,56,52.0,28.0,14.0,12.0,50.0,14.0,9.0,17.0
401706565,2025-02-27,2025,0,40,2900,155,St. Thomas Tommies,North Dakota Fighting Hawks,86,71,61.0,14.0,8.0,8.0,68.0,14.0,11.0,4.0
401706566,2025-02-27,2025,0,40,198,2571,Oral Roberts Golden Eagles,South Dakota State Jackrabbits,69,77,57.0,17.0,2.0,6.0,60.0,24.0,12.0,9.0
401706627,2025-02-27,2025,0,40,2547,2856,Seattle U Redhawks,California Baptist Lancers,72,48,49.0,23.0,7.0,11.0,45.0,14.0,7.0,22.0
401706628,2025-02-27,2025,0,40,2253,250,Grand Canyon Lopes,UT Arlington Mavericks,85,71,71.0,8.0,12.0,9.0,61.0,17.0,12.0,17.0
401706629,2025-02-27,2025,0,40,3101,253,Utah Tech Trailblazers,Southern Utah Thunderbirds,75,82,56.0,25.0,7.0,15.0,59.0,30.0,9.0,13.0
401706630,2025-02-27,2025,0,40,2627,2000,Tarleton State Texans,Abilene Christian Wildcats,67,52,55.0,21.0,12.0,16.0,48.0,13.0,5.0,19.0
401706754,2025-02-27,2025,0,40,2351,2608,Loyola Marymount Lions,Saint Mary's Gaels,55,58,54.0,12.0,2.0,3.0,56.0,18.0,12.0,8.0
401706755,2025-02-27,2025,0,40,2501,2492,Portland Pilots,Pepperdine Waves,87,67,67.0,17.0,15.0,10.0,64.0,7.0,9.0,10.0
401706756,2025-02-27,2025,0,40,265,301,Washington State Cougars,San Diego Toreros,93,86,57.0,22.0,10.0,23.0,75.0,15.0,16.0,14.0
401709995,2025-02-27,2025,0,45,299,2934,Long Beach State Beach,Cal State Bakersfield Roadrunners,87,88,59.0,31.0,12.0,13.0,62.0,25.0,9.0,9.0
401714292,2025-02-27,2025,0,40,2619,2275,Stony Brook Seawolves,Hofstra Pride,59,56,55.0,10.0,10.0,10.0,63.0,4.0,13.0,7.0
401714293,2025-02-27,2025,0,40,232,48,Charleston Cougars,Delaware Blue Hens,94,84,57.0,30.0,6.0,9.0,63.0,15.0,6.0,12.0
401714294,2025-02-27,2025,0,40,119,2729,Towson Tigers,William & Mary Tribe,88,73,65.0,21.0,19.0,9.0,49.0,18.0,5.0,12.0
401714295,2025-02-27,2025,0,40,2182,2261,Drexel Dragons,Hampton Pirates,53,52,46.0,15.0,5.0,14.0,61.0,12.0,13.0,9.0
401714296,2025-02-27,2025,0,40,111,2448,Northeastern Huskies,North Carolina A&T Aggies,69,55,62.0,6.0,9.0,3.0,54.0,4.0,13.0,16.0
401714297,2025-02-27,2025,0,40,2405,2210,Monmouth Hawks,Elon Phoenix,79,76,49.0,31.0,5.0,6.0,59.0,16.0,14.0,13.0
401714298,2025-02-27,2025,0,40,2097,350,Campbell Fighting Camels,UNC Wilmington Seahawks,60,79,50.0,19.0,5.0,11.0,50.0,17.0,8.0,15.0
401714343,2025-02-27,2025,0,40,2239,300,Cal State Fullerton Titans,UC Irvine Anteaters,51,76,64.0,8.0,11.0,13.0,62.0,8.0,4.0,8.0
401714344,2025-02-27,2025,0,40,2540,13,UC Santa Barbara Gauchos,Cal Poly Mustangs,96,77,63.0,18.0,10.0,15.0,69.0,15.0,12.0,15.0
401714345,2025-02-27,2025,0,40,62,27,Hawai'i Rainbow Warriors,UC Riverside Highlanders,76,82,62.0,9.0,8.0,11.0,60.0,20.0,8.0,8.0
401714346,2025-02-27,2025,0,40,2463,28,Cal State Northridge Matadors,UC San Diego Tritons,71,77,55.0,17.0,7.0,16.0,62.0,20.0,10.0,9.0
401714496,2025-02-27,2025,0,40,2870,94,Purdue Fort Wayne Mastodons,Northern Kentucky Norse,74,79,66.0,13.0,9.0,10.0,67.0,13.0,12.0,14.0
401714497,2025-02-27,2025,0,40,2739,2174,Green Bay Phoenix,Detroit Mercy Titans,76,71,53.0,39.0,10.0,6.0,65.0,14.0,13.0,10.0
401714498,2025-02-27,2025,0,40,2750,325,Wright State Raiders,Cleveland State Vikings,82,76,49.0,19.0,7.0,12.0,57.0,4.0,11.0,16.0
401714499,2025-02-27,2025,0,40,270,2473,Milwaukee Panthers,Oakland Golden Grizzlies,71,66,58.0,33.0,16.0,10.0,53.0,18.0,9.0,20.0
401714500,2025-02-27,2025,0,40,85,2523,IU Indianapolis Jaguars,Robert Morris Colonials,68,82,60.0,14.0,7.0,2.0,54.0,14.0,11.0,10.0
401718490,2025-02-27,2025,0,40,331,2692,Eastern Washington Eagles,Weber State Wildcats,64,66,40.0,25.0,7.0,17.0,51.0,19.0,7.0,10.0
401719670,2025-02-27,2025,0,40,2502,147,Portland State Vikings,Montana State Bobcats,69,52,61.0,13.0,15.0,5.0,50.0,13.0,5.0,8.0
401720657,2025-02-27,2025,0,40,70,304,Idaho Vandals,Idaho State Bengals,65,69,64.0,8.0,16.0,13.0,65.0,14.0,14.0,7.0
401720855,2025-02-27,2025,0,40,2885,261,NJIT Highlanders,Vermont Catamounts,61,71,63.0,17.0,13.0,6.0,50.0,27.0,6.0,11.0
401720856,2025-02-27,2025,0,40,2378,399,UMBC Retrievers,UAlbany Great Danes,74,78,58.0,14.0,6.0,8.0,61.0,18.0,14.0,10.0
401720857,2025-02-27,2025,0,40,2349,2803,UMass Lowell River Hawks,Bryant Bulldogs,78,79,64.0,13.0,9.0,15.0,67.0,19.0,11.0,12.0
401720858,2025-02-27,2025,0,40,160,311,New Hampshire Wildcats,Maine Black Bears,66,73,65.0,12.0,15.0,12.0,58.0,12.0,8.0,11.0
401720937,2025-02-27,2025,0,40,16,149,Sacramento State Hornets,Montana Grizzlies,54,60,56.0,13.0,8.0,8.0,38.0,24.0,3.0,14.0
401721106,2025-02-27,2025,0,40,2115,2330,Central Connecticut Blue Devils,Le Moyne Dolphins,84,75,63.0,6.0,7.0,13.0,60.0,12.0,7.0,12.0
401721128,2025-02-27,2025,0,40,2385,2130,Mercyhurst Lakers,Chicago State Cougars,90,68,53.0,14.0,6.0,11.0,59.0,17.0,8.0,6.0
401721149,2025-02-27,2025,0,40,161,284,Fairleigh Dickinson Knights,Stonehill Skyhawks,82,69,63.0,20.0,8.0,8.0,59.0,24.0,13.0,15.0
401721458,2025-02-27,2025,0,40,130,164,Michigan Wolverines,Rutgers Scarlet Knights,84,82,54.0,32.0,9.0,14.0,67.0,18.0,9.0,8.0
401722032,2025-02-27,2025,0,40,112358,2681,Long Island University Sharks,Wagner Seahawks,60,47,44.0,21.0,8.0,16.0,49.0,20.0,9.0,10.0
401725610,2025-02-27,2025,0,40,2226,249,Florida Atlantic Owls,North Texas Mean Green,61,71,48.0,16.0,9.0,13.0,51.0,9.0,6.0,9.0
401725611,2025-02-27,2025,0,40,2724,5,Wichita State Shockers,UAB Blazers,72,80,58.0,24.0,16.0,17.0,61.0,25.0,11.0,9.0
401727930,2025-02-27,2025,0,40,2344,2737,Longwood Lancers,Winthrop Eagles,59,85,50.0,16.0,8.0,23.0,62.0,16.0,11.0,14.0
401706281,2025-02-28,2025,0,40,2217,116,Fairfield Stags,Mount St. Mary's Mountaineers,69,62,63.0,8.0,8.0,6.0,51.0,3.0,7.0,18.0
401706282,2025-02-28,2025,0,40,2771,2520,Merrimack Warriors,Rider Broncs,78,83,63.0,9.0,9.0,7.0,57.0,17.0,13.0,13.0
401706283,2025-02-28,2025,0,40,2529,2368,Sacred Heart Pioneers,Marist Red Foxes,67,54,62.0,17.0,12.0,9.0,55.0,8.0,9.0,15.0
401706284,2025-02-28,2025,0,40,2514,2612,Quinnipiac Bobcats,Saint Peter's Peacocks,69,64,63.0,20.0,11.0,13.0,56.0,20.0,6.0,15.0
401706392,2025-02-28,2025,0,40,2199,2117,Eastern Michigan Eagles,Central Michigan Chippewas,84,73,61.0,19.0,16.0,13.0,59.0,24.0,12.0,8.0
401706393,2025-02-28,2025,0,40,2006,2309,Akron Zips,Kent State Golden Flashes,77,72,65.0,19.0,17.0,12.0,62.0,16.0,15.0,13.0
401714626,2025-02-28,2025,0,40,2433,2032,UL Monroe Warhawks,Arkansas State Red Wolves,67,94,61.0,8.0,8.0,8.0,77.0,9.0,18.0,3.0
401714627,2025-02-28,2025,0,40,6,309,South Alabama Jaguars,Louisiana Ragin' Cajuns,65,42,48.0,24.0,13.0,9.0,47.0,8.0,9.0,13.0
401714628,2025-02-28,2025,0,40,2572,2653,Southern Miss Golden Eagles,Troy Trojans,58,70,58.0,19.0,12.0,16.0,63.0,27.0,14.0,10.0
401714629,2025-02-28,2025,0,40,276,2026,Marshall Thundering Herd,App State Mountaineers,75,57,71.0,8.0,18.0,7.0,50.0,21.0,13.0,15.0
401714630,2025-02-28,2025,0,40,290,2247,Georgia Southern Eagles,Georgia State Panthers,76,75,64.0,10.0,14.0,11.0,59.0,13.0,9.0,10.0
401714631,2025-02-28,2025,0,50,326,256,Texas State Bobcats,James Madison Dukes,102,93,64.0,32.0,12.0,8.0,72.0,26.0,17.0,8.0
401714632,2025-02-28,2025,0,40,324,295,Coastal Carolina Chanticleers,Old Dominion Monarchs,59,61,54.0,15.0,11.0,17.0,61.0,23.0,14.0,6.0
401720965,2025-02-28,2025,0,40,159,43,Dartmouth Big Green,Yale Bulldogs,67,72,69.0,10.0,10.0,6.0,65.0,17.0,10.0,7.0
401721459,2025-02-28,2025,0,40,77,2294,Northwestern Wildcats,Iowa Hawkeyes,68,57,52.0,23.0,9.0,7.0,58.0,10.0,9.0,7.0
401721460,2025-02-28,2025,0,40,2509,26,Purdue Boilermakers,UCLA Bruins,76,66,52.0,16.0,7.0,9.0,50.0,16.0,12.0,14.0
401721751,2025-02-28,2025,0,40,108,225,Harvard Crimson,Brown Bears,52,59,53.0,3.0,6.0,17.0,55.0,16.0,11.0,12.0
401721752,2025-02-28,2025,0,40,172,219,Cornell Big Red,Pennsylvania Quakers,90,62,67.0,14.0,7.0,6.0,61.0,20.0,16.0,19.0
401721753,2025-02-28,2025,0,40,171,163,Columbia Lions,Princeton Tigers,68,73,55.0,17.0,4.0,12.0,62.0,13.0,6.0,11.0
401722255,2025-02-28,2025,0,40,2439,2440,UNLV Rebels,Nevada Wolf Pack,68,55,56.0,21.0,14.0,8.0,59.0,14.0,7.0,1.0
401724453,2025-02-28,2025,0,40,2670,2166,VCU Rams,Davidson Wildcats,80,56,61.0,14.0,15.0,10.0,52.0,17.0,8.0,10.0
401727294,2025-02-28,2025,0,40,315,314,Niagara Purple Eagles,Iona Gaels,63,65,57.0,15.0,8.0,15.0,54.0,12.0,9.0,16.0
401727300,2025-02-28,2025,0,40,2099,2363,Canisius Golden Griffins,Manhattan Jaspers,72,77,58.0,9.0,3.0,7.0,56.0,19.0,9.0,10.0
401700250,2025-03-01,2025,0,40,2534,2348,Sam Houston Bearkats,Louisiana Tech Bulldogs,66,90,50.0,26.0,8.0,11.0,52.0,21.0,5.0,9.0
401700251,2025-03-01,2025,0,45,2638,2393,UTEP Miners,Middle Tennessee Blue Raiders,75,76,64.0,22.0,5.0,12.0,78.0,15.0,14.0,12.0
401700252,2025-03-01,2025,0,40,166,98,New Mexico State Aggies,Western Kentucky Hilltoppers,65,47,59.0,23.0,14.0,11.0,52.0,17.0,2.0,9.0
401700253,2025-03-01,2025,0,50,2229,55,Florida International Panthers,Jacksonville State Gamecocks,79,84,70.0,21.0,9.0,10.0,69.0,29.0,14.0,12.0
401700382,2025-03-01,2025,0,40,2197,2546,Eastern Illinois Panthers,Southeast Missouri State Redhawks,73,58,58.0,23.0,12.0,13.0,52.0,18.0,10.0,19.0
401700383,2025-03-01,2025,0,40,2635,2815,Tennessee Tech Golden Eagles,Lindenwood Lions,74,76,56.0,21.0,8.0,15.0,65.0,23.0,11.0,8.0
401700384,2025-03-01,2025,0,40,2565,2031,SIU Edwardsville Cougars,Little Rock Trojans,73,65,52.0,27.0,14.0,19.0,60.0,21.0,14.0,13.0
401700385,2025-03-01,2025,0,40,2630,2413,UT Martin Skyhawks,Morehead State Eagles,47,59,50.0,10.0,10.0,10.0,47.0,19.0,9.0,8.0
401700386,2025-03-01,2025,0,40,2634,88,Tennessee State Tigers,Southern Indiana Screaming Eagles,74,69,53.0,24.0,7.0,10.0,64.0,10.0,10.0,10.0
401706391,2025-03-01,2025,0,40,189,2050,Bowling Green Falcons,Ball State Cardinals,61,52,56.0,12.0,6.0,8.0,59.0,7.0,8.0,10.0
401706394,2025-03-01,2025,0,40,195,193,Ohio Bobcats,Miami (OH) RedHawks,75,66,59.0,14.0,6.0,10.0,61.0,10.0,12.0,17.0
401706395,2025-03-01,2025,0,40,2084,2649,Buffalo Bulls,Toledo Rockets,87,74,56.0,7.0,7.0,14.0,54.0,15.0,6.0,11.0
401706396,2025-03-01,2025,0,40,2459,2711,Northern Illinois Huskies,Western Michigan Broncos,70,74,53.0,11.0,4.0,14.0,62.0,18.0,13.0,8.0
401706494,2025-03-01,2025,0,40,2643,2193,The Citadel Bulldogs,East Tennessee State Buccaneers,66,81,57.0,16.0,12.0,10.0,53.0,14.0,8.0,8.0
401706495,2025-03-01,2025,0,40,2747,231,Wofford Terriers,Furman Paladins,75,78,59.0,21.0,17.0,13.0,51.0,28.0,4.0,9.0
401706496,2025-03-01,2025,0,40,2382,2717,Mercer Bears,Western Carolina Catamounts,81,69,65.0,24.0,12.0,8.0,64.0,15.0,8.0,8.0
401706497,2025-03-01,2025,0,40,2430,2535,UNC Greensboro Spartans,Samford Bulldogs,108,100,58.0,41.0,11.0,7.0,59.0,40.0,9.0,7.0
401706498,2025-03-01,2025,0,40,2678,236,VMI Keydets,Chattanooga Mocs,70,91,56.0,20.0,10.0,13.0,53.0,13.0,3.0,14.0
401706567,2025-03-01,2025,0,40,2900,140,St. Thomas Tommies,Kansas City Roos,65,59,59.0,15.0,10.0,8.0,51.0,16.0,9.0,17.0
401706568,2025-03-01,2025,0,40,2437,198,Omaha Mavericks,Oral Roberts Golden Eagles,80,57,69.0,10.0,15.0,6.0,56.0,11.0,8.0,11.0
401706569,2025-03-01,2025,0,40,233,155,South Dakota Coyotes,North Dakota Fighting Hawks,92,79,64.0,36.0,10.0,9.0,64.0,25.0,7.0,12.0
401706570,2025-03-01,2025,0,40,2172,2571,Denver Pioneers,South Dakota State Jackrabbits,78,62,62.0,13.0,7.0,10.0,51.0,23.0,10.0,17.0
401706631,2025-03-01,2025,0,40,3101,2856,Utah Tech Trailblazers,California Baptist Lancers,57,61,56.0,12.0,10.0,11.0,58.0,20.0,17.0,10.0
401706632,2025-03-01,2025,0,40,2547,2253,Seattle U Redhawks,Grand Canyon Lopes,60,63,59.0,32.0,12.0,8.0,49.0,25.0,11.0,16.0
401706633,2025-03-01,2025,0,40,3084,253,Utah Valley Wolverines,Southern Utah Thunderbirds,100,59,65.0,20.0,8.0,8.0,61.0,20.0,8.0,12.0
401706634,2025-03-01,2025,0,40,250,2000,UT Arlington Mavericks,Abilene Christian Wildcats,59,70,58.0,14.0,11.0,16.0,58.0,21.0,14.0,14.0
401706757,2025-03-01,2025,1,40,2539,2250,San Francisco Dons,Gonzaga Bulldogs,75,95,67.0,14.0,13.0,8.0,59.0,19.0,8.0,10.0
401706758,2025-03-01,2025,0,40,2492,265,Pepperdine Waves,Washington State Cougars,83,90,64.0,33.0,16.0,10.0,74.0,12.0,15.0,9.0
401706759,2025-03-01,2025,0,40,301,2501,San Diego Toreros,Portland Pilots,82,80,69.0,9.0,8.0,7.0,62.0,11.0,8.0,13.0
401706760,2025-03-01,2025,0,40,2608,204,Saint Mary's Gaels,Oregon State Beavers,74,64,57.0,23.0,20.0,7.0,46.0,21.0,6.0,6.0
401706761,2025-03-01,2025,0,40,279,2541,Pacific Tigers,Santa Clara Broncos,66,97,59.0,24.0,9.0,17.0,69.0,21.0,9.0,7.0
401708420,2025-03-01,2025,0,40,57,245,Florida Gators,Texas A&M Aggies,89,70,67.0,16.0,14.0,11.0,59.0,28.0,15.0,15.0
401708421,2025-03-01,2025,0,40,96,2,Kentucky Wildcats,Auburn Tigers,78,94,50.0,38.0,12.0,18.0,56.0,31.0,5.0,8.0
401708422,2025-03-01,2025,0,40,145,201,Ole Miss Rebels,Oklahoma Sooners,87,84,55.0,31.0,8.0,9.0,51.0,22.0,5.0,15.0
401708423,2025-03-01,2025,0,40,344,99,Mississippi State Bulldogs,LSU Tigers,81,69,51.0,22.0,8.0,11.0,64.0,14.0,13.0,9.0
401708424,2025-03-01,2025,0,40,2579,8,South Carolina Gamecocks,Arkansas Razorbacks,72,53,53.0,21.0,5.0,12.0,52.0,27.0,10.0,13.0
401708425,2025-03-01,2025,0,40,2633,333,Tennessee Volunteers,Alabama Crimson Tide,79,76,61.0,26.0,7.0,12.0,60.0,26.0,13.0,12.0
401708426,2025-03-01,2025,0,45,238,142,Vanderbilt Commodores,Missouri Tigers,97,93,68.0,24.0,18.0,14.0,57.0,35.0,12.0,13.0
401708427,2025-03-01,2025,0,40,251,61,Texas Longhorns,Georgia Bulldogs,67,83,52.0,20.0,6.0,13.0,56.0,24.0,11.0,10.0
401709996,2025-03-01,2025,0,40,300,299,UC Irvine Anteaters,Long Beach State Beach,70,60,49.0,24.0,13.0,11.0,51.0,11.0,9.0,12.0
401714299,2025-03-01,2025,0,40,2729,111,William & Mary Tribe,Northeastern Huskies,68,70,48.0,24.0,6.0,25.0,58.0,22.0,11.0,18.0
401714300,2025-03-01,2025,0,40,2182,2405,Drexel Dragons,Monmouth Hawks,71,61,53.0,23.0,13.0,10.0,58.0,11.0,11.0,10.0
401714301,2025-03-01,2025,0,40,350,48,UNC Wilmington Seahawks,Delaware Blue Hens,88,58,65.0,12.0,9.0,8.0,52.0,13.0,6.0,17.0
401714302,2025-03-01,2025,0,40,119,2261,Towson Tigers,Hampton Pirates,75,72,51.0,22.0,7.0,9.0,59.0,15.0,13.0,9.0
401714303,2025-03-01,2025,0,40,2275,2448,Hofstra Pride,North Carolina A&T Aggies,70,49,59.0,11.0,14.0,12.0,53.0,18.0,10.0,11.0
401714304,2025-03-01,2025,0,40,2619,2210,Stony Brook Seawolves,Elon Phoenix,71,66,60.0,17.0,10.0,6.0,53.0,11.0,7.0,12.0
401714305,2025-03-01,2025,0,40,232,2097,Charleston Cougars,Campbell Fighting Camels,87,65,63.0,10.0,7.0,12.0,62.0,8.0,6.0,12.0
401714388,2025-03-01,2025,0,40,13,2934,Cal Poly Mustangs,Cal State Bakersfield Roadrunners,98,72,57.0,21.0,10.0,21.0,70.0,18.0,20.0,20.0
401714389,2025-03-01,2025,0,40,2463,2540,Cal State Northridge Matadors,UC Santa Barbara Gauchos,103,77,60.0,31.0,11.0,9.0,51.0,28.0,4.0,12.0
401714390,2025-03-01,2025,0,40,28,2239,UC San Diego Tritons,Cal State Fullerton Titans,100,55,70.0,9.0,5.0,4.0,51.0,16.0,7.0,20.0
401714391,2025-03-01,2025,0,40,62,302,Hawai'i Rainbow Warriors,UC Davis Aggies,78,70,49.0,30.0,6.0,13.0,61.0,24.0,7.0,5.0
401714501,2025-03-01,2025,0,40,85,2750,IU Indianapolis Jaguars,Wright State Raiders,91,84,69.0,16.0,17.0,9.0,64.0,6.0,10.0,11.0
401714502,2025-03-01,2025,0,40,325,2870,Cleveland State Vikings,Purdue Fort Wayne Mastodons,68,57,57.0,20.0,11.0,11.0,44.0,16.0,3.0,16.0
401714503,2025-03-01,2025,0,40,270,2174,Milwaukee Panthers,Detroit Mercy Titans,89,67,63.0,23.0,10.0,8.0,52.0,15.0,9.0,22.0
401714504,2025-03-01,2025,0,45,2739,2473,Green Bay Phoenix,Oakland Golden Grizzlies,84,87,61.0,21.0,7.0,8.0,58.0,31.0,13.0,12.0
401714505,2025-03-01,2025,0,40,94,2754,Northern Kentucky Norse,Youngstown State Penguins,88,79,58.0,23.0,8.0,10.0,57.0,17.0,7.0,11.0
401715980,2025-03-01,2025,0,40,2466,2277,Northwestern State Demons,Houston Christian Huskies,61,56,46.0,19.0,11.0,15.0,56.0,12.0,12.0,10.0
401716068,2025-03-01,2025,0,40,357,2545,Texas A&M-Corpus Christi Islanders,SE Louisiana Lions,68,54,53.0,13.0,11.0,13.0,59.0,17.0,12.0,6.0
401716133,2025-03-01,2025,0,40,2837,2916,East Texas A&M Lions,Incarnate Word Cardinals,68,75,60.0,10.0,10.0,8.0,49.0,22.0,13.0,14.0
401718491,2025-03-01,2025,0,40,331,304,Eastern Washington Eagles,Idaho State Bengals,54,78,50.0,14.0,6.0,14.0,61.0,28.0,18.0,10.0
401719164,2025-03-01,2025,0,40,2752,156,Xavier Musketeers,Creighton Bluejays,83,61,60.0,8.0,4.0,6.0,58.0,7.0,8.0,12.0
401719167,2025-03-01,2025,0,40,222,2086,Villanova Wildcats,Butler Bulldogs,80,70,59.0,9.0,5.0,6.0,65.0,9.0,9.0,5.0
401719168,2025-03-01,2025,0,40,2507,41,Providence Friars,UConn Huskies,63,75,50.0,23.0,8.0,7.0,52.0,15.0,9.0,11.0
401719169,2025-03-01,2025,0,40,2599,2550,St. John's Red Storm,Seton Hall Pirates,71,61,53.0,33.0,14.0,16.0,48.0,21.0,3.0,13.0
401719170,2025-03-01,2025,0,40,46,269,Georgetown Hoyas,Marquette Golden Eagles,61,76,55.0,25.0,12.0,13.0,57.0,7.0,6.0,13.0
401719392,2025-03-01,2025,0,40,2464,2458,Northern Arizona Lumberjacks,Northern Colorado Bears,73,83,57.0,19.0,9.0,13.0,48.0,24.0,4.0,14.0
401719671,2025-03-01,2025,0,45,2502,149,Portland State Vikings,Montana Grizzlies,79,76,63.0,35.0,15.0,11.0,60.0,26.0,8.0,15.0
401720556,2025-03-01,2025,0,45,70,2692,Idaho Vandals,Weber State Wildcats,81,79,63.0,18.0,10.0,9.0,71.0,18.0,13.0,5.0
401720683,2025-03-01,2025,0,40,2320,2377,Lamar Cardinals,McNeese Cowboys,66,68,61.0,15.0,15.0,11.0,54.0,32.0,12.0,7.0
401720744,2025-03-01,2025,0,40,292,2443,UT Rio Grande Valley Vaqueros,LSU New Orleans Privateers,88,78,66.0,15.0,11.0,10.0,77.0,11.0,20.0,10.0
401720859,2025-03-01,2025,0,40,2378,261,UMBC Retrievers,Vermont Catamounts,69,79,53.0,19.0,5.0,5.0,60.0,17.0,12.0,7.0
401720860,2025-03-01,2025,0,40,2885,399,NJIT Highlanders,UAlbany Great Danes,59,86,47.0,24.0,7.0,15.0,61.0,13.0,12.0,12.0
401720861,2025-03-01,2025,0,40,2349,2066,UMass Lowell River Hawks,Binghamton Bearcats,79,53,54.0,5.0,3.0,10.0,50.0,9.0,6.0,18.0
401720862,2025-03-01,2025,0,40,311,2803,Maine Black Bears,Bryant Bulldogs,72,80,56.0,25.0,9.0,9.0,59.0,26.0,15.0,9.0
401720938,2025-03-01,2025,0,40,16,147,Sacramento State Hornets,Montana State Bobcats,60,87,54.0,10.0,9.0,14.0,55.0,8.0,5.0,10.0
401720966,2025-03-01,2025,0,40,159,225,Dartmouth Big Green,Brown Bears,78,58,58.0,26.0,9.0,11.0,72.0,14.0,16.0,10.0
401721107,2025-03-01,2025,0,40,2681,2115,Wagner Seahawks,Central Connecticut Blue Devils,48,55,53.0,5.0,11.0,12.0,45.0,22.0,5.0,4.0
401721129,2025-03-01,2025,0,45,2598,2130,Saint Francis Red Wolves,Chicago State Cougars,80,71,62.0,24.0,11.0,10.0,60.0,2.0,4.0,17.0
401721150,2025-03-01,2025,0,40,161,112358,Fairleigh Dickinson Knights,Long Island University Sharks,55,74,49.0,20.0,6.0,18.0,61.0,18.0,11.0,12.0
401721169,2025-03-01,2025,0,40,284,2330,Stonehill Skyhawks,Le Moyne Dolphins,85,79,47.0,31.0,9.0,11.0,58.0,18.0,13.0,12.0
401721250,2025-03-01,2025,0,40,2011,2010,Alabama State Hornets,Alabama A&M Bulldogs,94,52,59.0,17.0,8.0,10.0,52.0,25.0,10.0,15.0
401721300,2025-03-01,2025,0,40,2016,2504,Alcorn State Braves,Prairie View A&M Panthers,71,55,52.0,21.0,8.0,8.0,53.0,23.0,14.0,11.0
401721461,2025-03-01,2025,0,40,158,135,Nebraska Cornhuskers,Minnesota Golden Gophers,65,67,58.0,20.0,12.0,6.0,53.0,5.0,7.0,14.0
401721462,2025-03-01,2025,0,40,2483,30,Oregon Ducks,USC Trojans,82,61,67.0,10.0,14.0,12.0,61.0,18.0,16.0,16.0
401721463,2025-03-01,2025,0,40,213,120,Penn State Nittany Lions,Maryland Terrapins,64,68,57.0,16.0,8.0,16.0,65.0,13.0,9.0,8.0
401721464,2025-03-01,2025,0,40,264,84,Washington Huskies,Indiana Hoosiers,62,78,58.0,17.0,8.0,13.0,61.0,14.0,7.0,9.0
401721754,2025-03-01,2025,0,40,108,43,Harvard Crimson,Yale Bulldogs,74,69,58.0,11.0,8.0,10.0,67.0,11.0,14.0,8.0
401721756,2025-03-01,2025,0,40,171,219,Columbia Lions,Pennsylvania Quakers,87,92,74.0,18.0,14.0,7.0,58.0,19.0,2.0,9.0
401721923,2025-03-01,2025,0,40,107,2083,Holy Cross Crusaders,Bucknell Bison,81,94,52.0,32.0,7.0,10.0,60.0,19.0,9.0,10.0
401721924,2025-03-01,2025,0,40,104,322,Boston University Terriers,Lafayette Leopards,66,64,54.0,13.0,4.0,9.0,50.0,18.0,6.0,13.0
401721925,2025-03-01,2025,0,40,349,2329,Army Black Knights,Lehigh Mountain Hawks,67,89,61.0,27.0,9.0,12.0,57.0,23.0,12.0,18.0
401721926,2025-03-01,2025,0,40,2142,44,Colgate Raiders,American University Eagles,59,67,51.0,8.0,5.0,14.0,51.0,8.0,4.0,13.0
401721927,2025-03-01,2025,0,40,2426,2352,Navy Midshipmen,Loyola Maryland Greyhounds,81,68,58.0,26.0,10.0,10.0,56.0,9.0,10.0,19.0
401722050,2025-03-01,2025,0,40,2065,2582,Bethune-Cookman Wildcats,Southern Jaguars,70,69,55.0,25.0,12.0,17.0,56.0,16.0,7.0,15.0
401722064,2025-03-01,2025,0,40,50,2755,Florida A&M Rattlers,Grambling Tigers,73,68,40.0,32.0,3.0,11.0,52.0,24.0,7.0,7.0
401722078,2025-03-01,2025,0,40,2296,2640,Jackson State Tigers,Texas Southern Tigers,67,52,64.0,22.0,18.0,13.0,66.0,7.0,14.0,17.0
401722117,2025-03-01,2025,0,40,2400,2029,Mississippi Valley State Delta Devils,Arkansas-Pine Bluff Golden Lions,58,83,55.0,14.0,10.0,10.0,53.0,29.0,9.0,5.0
401722211,2025-03-01,2025,0,40,167,2005,New Mexico Lobos,Air Force Falcons,92,71,64.0,25.0,10.0,12.0,56.0,19.0,10.0,20.0
401722362,2025-03-01,2025,0,40,2751,21,Wyoming Cowboys,San Diego State Aztecs,69,72,56.0,16.0,16.0,17.0,48.0,30.0,7.0,7.0
401722405,2025-03-01,2025,0,40,36,328,Colorado State Rams,Utah State Aggies,93,66,55.0,16.0,7.0,9.0,54.0,16.0,9.0,9.0
401723694,2025-03-01,2025,0,40,2169,2154,Delaware State Hornets,Coppin State Eagles,83,79,60.0,19.0,9.0,15.0,56.0,10.0,6.0,19.0
401723741,2025-03-01,2025,0,40,2379,2415,Maryland Eastern Shore Hawks,Morgan State Bears,72,75,63.0,14.0,16.0,14.0,52.0,26.0,10.0,13.0
401723766,2025-03-01,2025,0,40,2569,2450,South Carolina State Bulldogs,Norfolk State Spartans,91,88,53.0,38.0,13.0,11.0,58.0,20.0,10.0,15.0
401724454,2025-03-01,2025,0,40,2230,2603,Fordham Rams,Saint Joseph's Hawks,76,90,71.0,17.0,21.0,9.0,56.0,20.0,7.0,8.0
401724455,2025-03-01,2025,0,50,2168,257,Dayton Flyers,Richmond Spiders,74,64,60.0,33.0,13.0,14.0,64.0,15.0,4.0,11.0
401724456,2025-03-01,2025,0,40,2184,2244,Duquesne Dukes,George Mason Patriots,85,68,51.0,24.0,9.0,15.0,42.0,21.0,4.0,20.0
401724457,2025-03-01,2025,0,40,45,2325,George Washington Revolutionaries,La Salle Explorers,71,60,49.0,30.0,7.0,8.0,58.0,5.0,8.0,11.0
401724458,2025-03-01,2025,0,40,139,2350,Saint Louis Billikens,Loyola Chicago Ramblers,98,67,48.0,28.0,5.0,9.0,54.0,20.0,7.0,9.0
401724459,2025-03-01,2025,0,40,113,227,Massachusetts Minutemen,Rhode Island Rams,91,88,61.0,18.0,9.0,9.0,62.0,11.0,8.0,9.0
401724903,2025-03-01,2025,0,40,59,152,Georgia Tech Yellow Jackets,NC State Wolfpack,87,62,70.0,17.0,14.0,6.0,53.0,21.0,9.0,14.0
401724904,2025-03-01,2025,0,40,24,2567,Stanford Cardinal,SMU Mustangs,73,68,55.0,2.0,7.0,12.0,51.0,22.0,11.0,12.0
401724905,2025-03-01,2025,0,40,150,52,Duke Blue Devils,Florida State Seminoles,100,65,73.0,34.0,21.0,4.0,57.0,17.0,9.0,14.0
401724906,2025-03-01,2025,0,40,25,103,California Golden Bears,Boston College Eagles,82,71,61.0,21.0,10.0,13.0,63.0,21.0,11.0,11.0
401724907,2025-03-01,2025,0,45,259,183,Virginia Tech Hokies,Syracuse Orange,101,95,61.0,23.0,4.0,10.0,61.0,29.0,10.0,14.0
401724908,2025-03-01,2025,0,40,154,87,Wake Forest Demon Deacons,Notre Dame Fighting Irish,74,71,59.0,19.0,8.0,9.0,50.0,26.0,8.0,15.0
401724909,2025-03-01,2025,0,40,153,2390,North Carolina Tar Heels,Miami Hurricanes,92,73,56.0,24.0,10.0,12.0,68.0,7.0,11.0,10.0
401724910,2025-03-01,2025,0,40,97,221,Louisville Cardinals,Pittsburgh Panthers,79,68,45.0,31.0,3.0,12.0,63.0,17.0,12.0,11.0
401724911,2025-03-01,2025,0,40,258,228,Virginia Cavaliers,Clemson Tigers,58,71,52.0,10.0,5.0,10.0,55.0,23.0,11.0,7.0
401725612,2025-03-01,2025,0,40,202,2655,Tulsa Golden Hurricane,Tulane Green Wave,77,79,58.0,12.0,7.0,12.0,60.0,18.0,10.0,11.0
401725766,2025-03-01,2025,0,40,66,12,Iowa State Cyclones,Arizona Wildcats,84,67,54.0,23.0,8.0,16.0,57.0,27.0,11.0,14.0
401725767,2025-03-01,2025,0,40,254,9,Utah Utes,Arizona State Sun Devils,99,73,62.0,27.0,11.0,6.0,61.0,17.0,7.0,9.0
401725768,2025-03-01,2025,0,40,2305,2641,Kansas Jayhawks,Texas Tech Red Raiders,73,78,60.0,16.0,11.0,10.0,62.0,8.0,6.0,8.0
401725769,2025-03-01,2025,0,40,2628,2116,TCU Horned Frogs,UCF Knights,89,78,69.0,28.0,17.0,10.0,72.0,20.0,16.0,11.0
401725770,2025-03-01,2025,0,40,248,2132,Houston Cougars,Cincinnati Bearcats,73,64,56.0,12.0,6.0,9.0,59.0,8.0,11.0,11.0
401725771,2025-03-01,2025,0,40,252,277,BYU Cougars,West Virginia Mountaineers,77,56,55.0,22.0,8.0,7.0,63.0,10.0,9.0,4.0
401725772,2025-03-01,2025,0,40,239,197,Baylor Bears,Oklahoma State Cowboys,71,61,59.0,34.0,16.0,15.0,49.0,29.0,7.0,18.0
401726452,2025-03-01,2025,0,40,2617,2447,Stephen F. Austin Lumberjacks,Nicholls Colonels,70,94,67.0,11.0,11.0,14.0,65.0,18.0,12.0,10.0
401727154,2025-03-01,2025,0,40,278,68,Fresno State Bulldogs,Boise State Broncos,61,66,59.0,16.0,14.0,8.0,56.0,20.0,17.0,11.0
401727932,2025-03-01,2025,0,40,2515,2127,Radford Highlanders,Charleston Southern Buccaneers,76,60,51.0,27.0,14.0,11.0,57.0,13.0,14.0,10.0
401727933,2025-03-01,2025,0,40,2506,2241,Presbyterian Blue Hose,Gardner-Webb Runnin' Bulldogs,68,57,57.0,12.0,6.0,8.0,54.0,18.0,13.0,14.0
401727934,2025-03-01,2025,0,40,2908,2344,South Carolina Upstate Spartans,Longwood Lancers,66,83,51.0,22.0,7.0,18.0,65.0,13.0,15.0,16.0
401727935,2025-03-01,2025,0,40,2737,2427,Winthrop Eagles,UNC Asheville Bulldogs,103,90,62.0,30.0,14.0,14.0,63.0,11.0,9.0,16.0
401731884,2025-03-01,2025,0,40,2428,47,North Carolina Central Eagles,Howard Bison,72,68,53.0,37.0,11.0,13.0,61.0,16.0,12.0,14.0
401700254,2025-03-02,2025,0,40,2335,338,Liberty Flames,Kennesaw State Owls,80,85,48.0,36.0,3.0,9.0,63.0,13.0,6.0,11.0
401706285,2025-03-02,2025,0,40,116,2561,Mount St. Mary's Mountaineers,Siena Saints,85,79,58.0,12.0,10.0,16.0,69.0,14.0,12.0,8.0
401706286,2025-03-02,2025,0,40,2529,2217,Sacred Heart Pioneers,Fairfield Stags,83,62,67.0,9.0,17.0,16.0,56.0,14.0,9.0,15.0
401706287,2025-03-02,2025,0,40,2771,2514,Merrimack Warriors,Quinnipiac Bobcats,73,63,62.0,16.0,7.0,7.0,51.0,15.0,10.0,21.0
401706288,2025-03-02,2025,0,40,2368,2612,Marist Red Foxes,Saint Peter's Peacocks,52,57,59.0,11.0,16.0,10.0,48.0,28.0,12.0,11.0
401706289,2025-03-02,2025,0,40,2099,314,Canisius Golden Griffins,Iona Gaels,52,82,52.0,13.0,8.0,12.0,61.0,7.0,12.0,11.0
401721465,2025-03-02,2025,0,40,130,356,Michigan Wolverines,Illinois Fighting Illini,73,93,61.0,19.0,12.0,11.0,73.0,15.0,19.0,9.0
401721466,2025-03-02,2025,0,40,127,275,Michigan State Spartans,Wisconsin Badgers,71,62,71.0,13.0,13.0,9.0,65.0,16.0,8.0,9.0
401721755,2025-03-02,2025,0,40,172,163,Cornell Big Red,Princeton Tigers,102,70,59.0,8.0,5.0,11.0,60.0,17.0,7.0,10.0
401722552,2025-03-02,2025,0,40,71,2460,Bradley Braves,Northern Iowa Panthers,73,56,54.0,14.0,7.0,9.0,56.0,9.0,10.0,11.0
401722553,2025-03-02,2025,0,45,2181,2623,Drake Bulldogs,Missouri State Bears,68,60,53.0,18.0,13.0,10.0,49.0,14.0,8.0,11.0
401722554,2025-03-02,2025,0,40,2057,93,Belmont Bruins,Murray State Racers,70,60,62.0,15.0,11.0,15.0,60.0,17.0,11.0,13.0
401722555,2025-03-02,2025,0,40,282,79,Indiana State Sycamores,Southern Illinois Salukis,95,77,59.0,21.0,6.0,13.0,60.0,33.0,7.0,5.0
401722556,2025-03-02,2025,0,40,82,2674,UIC Flames,Valparaiso Beacons,77,73,62.0,14.0,11.0,18.0,70.0,13.0,9.0,10.0
401722559,2025-03-02,2025,0,40,2287,339,Illinois State Redbirds,Evansville Purple Aces,62,53,60.0,16.0,8.0,11.0,44.0,14.0,0.0,19.0
401725613,2025-03-02,2025,0,40,58,2226,South Florida Bulls,Florida Atlantic Owls,63,69,65.0,20.0,13.0,7.0,53.0,20.0,10.0,19.0
401725614,2025-03-02,2025,0,40,151,2429,East Carolina Pirates,Charlotte 49ers,78,76,53.0,29.0,11.0,12.0,56.0,23.0,8.0,13.0
401725615,2025-03-02,2025,0,40,2636,242,UTSA Roadrunners,Rice Owls,84,56,61.0,15.0,7.0,7.0,61.0,22.0,18.0,13.0
401725616,2025-03-02,2025,0,40,5,235,UAB Blazers,Memphis Tigers,81,88,65.0,20.0,10.0,10.0,68.0,16.0,15.0,13.0
401725773,2025-03-02,2025,0,40,2306,38,Kansas State Wildcats,Colorado Buffaloes,65,56,61.0,19.0,9.0,8.0,56.0,14.0,6.0,15.0
401727299,2025-03-02,2025,0,40,315,2363,Niagara Purple Eagles,Manhattan Jaspers,70,85,49.0,15.0,8.0,13.0,53.0,23.0,8.0,4.0
401743777,2025-03-02,2025,1,40,56,2110,Stetson Hatters,Central Arkansas Bears,72,77,59.0,8.0,6.0,12.0,59.0,19.0,6.0,7.0
401743798,2025-03-02,2025,1,40,2046,2454,Austin Peay Governors,North Florida Ospreys,90,69,71.0,9.0,8.0,6.0,57.0,9.0,5.0,14.0
401715981,2025-03-03,2025,0,40,2837,2277,East Texas A&M Lions,Houston Christian Huskies,63,59,56.0,18.0,11.0,12.0,55.0,18.0,8.0,11.0
401716069,2025-03-03,2025,0,40,292,2545,UT Rio Grande Valley Vaqueros,SE Louisiana Lions,77,76,60.0,7.0,10.0,16.0,60.0,27.0,15.0,10.0
401716134,2025-03-03,2025,0,40,2466,2916,Northwestern State Demons,Incarnate Word Cardinals,73,57,51.0,14.0,12.0,15.0,45.0,29.0,15.0,19.0
401718492,2025-03-03,2025,0,40,149,331,Montana Grizzlies,Eastern Washington Eagles,83,72,49.0,33.0,8.0,10.0,54.0,11.0,5.0,11.0
401719393,2025-03-03,2025,0,40,2692,2458,Weber State Wildcats,Northern Colorado Bears,63,68,51.0,16.0,5.0,14.0,58.0,18.0,11.0,13.0
401719672,2025-03-03,2025,0,40,2502,16,Portland State Vikings,Sacramento State Hornets,59,56,49.0,22.0,12.0,19.0,61.0,13.0,13.0,14.0
401720658,2025-03-03,2025,0,40,147,70,Montana State Bobcats,Idaho Vandals,75,60,50.0,19.0,4.0,10.0,60.0,12.0,9.0,7.0
401720684,2025-03-03,2025,0,40,2320,2447,Lamar Cardinals,Nicholls Colonels,65,53,56.0,13.0,11.0,12.0,58.0,15.0,12.0,10.0
401720727,2025-03-03,2025,0,40,2617,2377,Stephen F. Austin Lumberjacks,McNeese Cowboys,64,95,68.0,12.0,11.0,10.0,65.0,20.0,10.0,7.0
401720745,2025-03-03,2025,0,40,357,2443,Texas A&M-Corpus Christi Islanders,LSU New Orleans Privateers,95,62,60.0,12.0,5.0,8.0,55.0,25.0,12.0,13.0
401720939,2025-03-03,2025,0,40,304,2464,Idaho State Bengals,Northern Arizona Lumberjacks,79,82,63.0,19.0,13.0,5.0,54.0,19.0,7.0,10.0
401721301,2025-03-03,2025,0,40,2016,2640,Alcorn State Braves,Texas Southern Tigers,59,75,59.0,21.0,14.0,8.0,56.0,13.0,13.0,15.0
401721467,2025-03-03,2025,0,40,77,26,Northwestern Wildcats,UCLA Bruins,69,73,53.0,14.0,4.0,8.0,58.0,16.0,13.0,12.0
401722051,2025-03-03,2025,0,40,2065,2755,Bethune-Cookman Wildcats,Grambling Tigers,78,71,47.0,32.0,9.0,15.0,58.0,25.0,15.0,12.0
401722065,2025-03-03,2025,0,40,50,2582,Florida A&M Rattlers,Southern Jaguars,70,73,43.0,31.0,5.0,13.0,60.0,20.0,8.0,5.0
401722079,2025-03-03,2025,0,40,2296,2504,Jackson State Tigers,Prairie View A&M Panthers,88,74,65.0,12.0,15.0,14.0,59.0,23.0,7.0,7.0
401723701,2025-03-03,2025,0,40,2154,2379,Coppin State Eagles,Maryland Eastern Shore Hawks,59,72,50.0,22.0,11.0,9.0,55.0,16.0,15.0,12.0
401723712,2025-03-03,2025,0,40,2415,2169,Morgan State Bears,Delaware State Hornets,87,81,58.0,30.0,10.0,12.0,72.0,26.0,23.0,16.0
401723765,2025-03-03,2025,0,45,2428,2450,North Carolina Central Eagles,Norfolk State Spartans,91,87,61.0,34.0,15.0,10.0,59.0,16.0,5.0,8.0
401724912,2025-03-03,2025,0,40,150,154,Duke Blue Devils,Wake Forest Demon Deacons,93,60,72.0,13.0,18.0,10.0,58.0,20.0,12.0,15.0
401725617,2025-03-03,2025,0,40,249,2724,North Texas Mean Green,Wichita State Shockers,68,66,47.0,14.0,8.0,14.0,52.0,19.0,8.0,7.0
401725774,2025-03-03,2025,0,40,248,2305,Houston Cougars,Kansas Jayhawks,65,59,68.0,14.0,17.0,6.0,42.0,19.0,5.0,20.0
401727818,2025-03-03,2025,0,40,2569,47,South Carolina State Bulldogs,Howard Bison,79,69,55.0,42.0,13.0,13.0,69.0,19.0,19.0,15.0
401743799,2025-03-03,2025,0,40,294,2198,Jacksonville Dolphins,Eastern Kentucky Colonels,78,67,53.0,26.0,13.0,8.0,58.0,19.0,12.0,7.0
401743800,2025-03-03,2025,0,40,526,2511,Florida Gulf Coast Eagles,Queens University Royals,65,71,59.0,12.0,12.0,13.0,50.0,29.0,9.0,8.0
401743801,2025-03-03,2025,0,40,288,2110,Lipscomb Bisons,Central Arkansas Bears,84,66,61.0,11.0,8.0,9.0,57.0,12.0,5.0,10.0
401743802,2025-03-03,2025,0,40,2453,2046,North Alabama Lions,Austin Peay Governors,90,64,60.0,25.0,11.0,8.0,55.0,18.0,9.0,15.0
401706397,2025-03-04,2025,0,40,2649,2006,Toledo Rockets,Akron Zips,87,96,63.0,25.0,13.0,11.0,56.0,22.0,12.0,18.0
401706398,2025-03-04,2025,0,40,2459,189,Northern Illinois Huskies,Bowling Green Falcons,58,71,57.0,17.0,4.0,7.0,49.0,26.0,5.0,12.0
401706399,2025-03-04,2025,0,40,2050,2117,Ball State Cardinals,Central Michigan Chippewas,67,69,55.0,12.0,4.0,10.0,55.0,12.0,6.0,11.0
401706400,2025-03-04,2025,0,40,195,2199,Ohio Bobcats,Eastern Michigan Eagles,79,83,55.0,29.0,8.0,11.0,58.0,19.0,8.0,13.0
401706401,2025-03-04,2025,0,40,2711,2309,Western Michigan Broncos,Kent State Golden Flashes,76,77,61.0,23.0,10.0,7.0,67.0,31.0,26.0,12.0
401706402,2025-03-04,2025,0,40,2084,193,Buffalo Bulls,Miami (OH) RedHawks,69,84,59.0,14.0,10.0,14.0,59.0,10.0,5.0,12.0
401708429,2025-03-04,2025,0,40,96,99,Kentucky Wildcats,LSU Tigers,95,64,71.0,11.0,8.0,8.0,58.0,10.0,3.0,16.0
401708431,2025-03-04,2025,0,45,344,251,Mississippi State Bulldogs,Texas Longhorns,82,87,68.0,28.0,12.0,12.0,64.0,23.0,11.0,16.0
401708432,2025-03-04,2025,0,40,2579,61,South Carolina Gamecocks,Georgia Bulldogs,64,73,51.0,21.0,5.0,5.0,54.0,20.0,8.0,8.0
401708433,2025-03-04,2025,0,40,245,2,Texas A&M Aggies,Auburn Tigers,83,72,65.0,25.0,24.0,11.0,50.0,15.0,9.0,13.0
401708434,2025-03-04,2025,0,40,238,8,Vanderbilt Commodores,Arkansas Razorbacks,77,90,60.0,27.0,8.0,14.0,65.0,22.0,12.0,15.0
401719172,2025-03-04,2025,0,40,46,222,Georgetown Hoyas,Villanova Wildcats,75,73,58.0,10.0,6.0,6.0,59.0,16.0,9.0,6.0
401719187,2025-03-04,2025,0,40,2550,156,Seton Hall Pirates,Creighton Bluejays,61,79,67.0,9.0,16.0,8.0,43.0,16.0,3.0,15.0
401720863,2025-03-04,2025,0,40,261,399,Vermont Catamounts,UAlbany Great Danes,79,71,48.0,15.0,5.0,12.0,61.0,15.0,14.0,8.0
401720864,2025-03-04,2025,0,40,2066,2885,Binghamton Bearcats,NJIT Highlanders,72,75,54.0,36.0,15.0,13.0,62.0,13.0,11.0,12.0
401720865,2025-03-04,2025,0,40,2803,160,Bryant Bulldogs,New Hampshire Wildcats,90,56,73.0,22.0,19.0,13.0,65.0,17.0,11.0,15.0
401720866,2025-03-04,2025,0,40,311,2349,Maine Black Bears,UMass Lowell River Hawks,71,70,55.0,19.0,2.0,6.0,50.0,8.0,6.0,19.0
401721468,2025-03-04,2025,0,50,194,158,Ohio State Buckeyes,Nebraska Cornhuskers,116,114,68.0,44.0,10.0,9.0,77.0,28.0,13.0,11.0
401721469,2025-03-04,2025,0,40,2483,84,Oregon Ducks,Indiana Hoosiers,73,64,61.0,21.0,15.0,9.0,65.0,7.0,13.0,10.0
401721470,2025-03-04,2025,0,40,2509,164,Purdue Boilermakers,Rutgers Scarlet Knights,100,71,66.0,9.0,15.0,9.0,57.0,21.0,11.0,9.0
401722212,2025-03-04,2025,0,40,2005,68,Air Force Falcons,Boise State Broncos,57,80,51.0,18.0,4.0,12.0,59.0,31.0,10.0,5.0
401722256,2025-03-04,2025,0,40,2440,167,Nevada Wolf Pack,New Mexico Lobos,67,71,56.0,20.0,5.0,11.0,57.0,22.0,7.0,10.0
401722363,2025-03-04,2025,0,40,2439,21,UNLV Rebels,San Diego State Aztecs,74,67,49.0,20.0,5.0,13.0,60.0,20.0,9.0,10.0
401722382,2025-03-04,2025,0,40,36,23,Colorado State Rams,San José State Spartans,83,56,60.0,5.0,6.0,11.0,52.0,9.0,6.0,17.0
401722439,2025-03-04,2025,0,40,278,2751,Fresno State Bulldogs,Wyoming Cowboys,62,58,51.0,28.0,17.0,12.0,61.0,10.0,14.0,7.0
401724460,2025-03-04,2025,0,40,2184,2670,Duquesne Dukes,VCU Rams,62,71,51.0,24.0,12.0,15.0,55.0,21.0,14.0,14.0
401724461,2025-03-04,2025,0,40,2168,139,Dayton Flyers,Saint Louis Billikens,75,67,61.0,14.0,13.0,11.0,62.0,3.0,6.0,9.0
401724913,2025-03-04,2025,0,40,259,153,Virginia Tech Hokies,North Carolina Tar Heels,59,91,58.0,15.0,10.0,12.0,56.0,12.0,7.0,13.0
401724914,2025-03-04,2025,0,40,59,2390,Georgia Tech Yellow Jackets,Miami Hurricanes,89,74,66.0,8.0,17.0,15.0,70.0,12.0,14.0,9.0
401724915,2025-03-04,2025,0,40,2567,183,SMU Mustangs,Syracuse Orange,77,75,56.0,27.0,10.0,6.0,54.0,19.0,10.0,14.0
401724916,2025-03-04,2025,0,40,258,52,Virginia Cavaliers,Florida State Seminoles,60,57,53.0,9.0,10.0,14.0,62.0,7.0,16.0,9.0
401725618,2025-03-04,2025,0,40,2636,235,UTSA Roadrunners,Memphis Tigers,70,75,62.0,18.0,7.0,10.0,54.0,27.0,13.0,22.0
401725619,2025-03-04,2025,0,40,202,218,Tulsa Golden Hurricane,Temple Owls,77,81,54.0,26.0,7.0,6.0,58.0,26.0,12.0,6.0
401725775,2025-03-04,2025,0,40,12,9,Arizona Wildcats,Arizona State Sun Devils,113,100,61.0,39.0,12.0,6.0,67.0,31.0,12.0,4.0
401725776,2025-03-04,2025,0,50,66,252,Iowa State Cyclones,BYU Cougars,85,88,64.0,31.0,6.0,11.0,59.0,31.0,17.0,29.0
401725777,2025-03-04,2025,0,40,254,277,Utah Utes,West Virginia Mountaineers,69,71,50.0,32.0,14.0,16.0,57.0,16.0,8.0,12.0
401725778,2025-03-04,2025,0,40,2628,239,TCU Horned Frogs,Baylor Bears,58,61,58.0,18.0,20.0,12.0,50.0,14.0,12.0,13.0
401743955,2025-03-04,2025,0,40,2473,2739,Oakland Golden Grizzlies,Green Bay Phoenix,96,72,69.0,18.0,11.0,5.0,69.0,17.0,16.0,9.0
401743957,2025-03-04,2025,0,40,94,2174,Northern Kentucky Norse,Detroit Mercy Titans,99,75,62.0,26.0,11.0,9.0,57.0,24.0,10.0,17.0
401743959,2025-03-04,2025,0,40,2750,85,Wright State Raiders,IU Indianapolis Jaguars,98,85,57.0,15.0,11.0,11.0,58.0,14.0,7.0,5.0
401744131,2025-03-04,2025,0,40,322,107,Lafayette Leopards,Holy Cross Crusaders,69,68,59.0,21.0,8.0,5.0,58.0,0.0,7.0,13.0
401744132,2025-03-04,2025,0,40,2352,2329,Loyola Maryland Greyhounds,Lehigh Mountain Hawks,77,73,51.0,26.0,4.0,8.0,53.0,21.0,10.0,12.0
401744207,2025-03-04,2025,1,40,2572,324,Southern Miss Golden Eagles,Coastal Carolina Chanticleers,66,63,62.0,19.0,13.0,4.0,54.0,28.0,14.0,10.0
401744209,2025-03-04,2025,1,45,309,2433,Louisiana Ragin' Cajuns,UL Monroe Warhawks,73,69,60.0,14.0,10.0,10.0,52.0,22.0,6.0,11.0
401708428,2025-03-05,2025,0,40,333,57,Alabama Crimson Tide,Florida Gators,94,99,72.0,25.0,10.0,6.0,72.0,29.0,16.0,10.0
401708430,2025-03-05,2025,0,40,145,2633,Ole Miss Rebels,Tennessee Volunteers,78,76,68.0,14.0,15.0,5.0,54.0,17.0,8.0,8.0
401708435,2025-03-05,2025,0,40,201,142,Oklahoma Sooners,Missouri Tigers,96,84,56.0,26.0,8.0,9.0,60.0,24.0,12.0,10.0
401719171,2025-03-05,2025,0,40,41,269,UConn Huskies,Marquette Golden Eagles,72,66,65.0,14.0,19.0,8.0,57.0,16.0,8.0,5.0
401719188,2025-03-05,2025,0,40,2507,305,Providence Friars,DePaul Blue Demons,77,80,56.0,19.0,10.0,12.0,56.0,12.0,7.0,11.0
401719189,2025-03-05,2025,0,40,2086,2752,Butler Bulldogs,Xavier Musketeers,78,91,51.0,22.0,3.0,12.0,65.0,18.0,7.0,5.0
401721471,2025-03-05,2025,0,40,130,120,Michigan Wolverines,Maryland Terrapins,65,71,62.0,7.0,9.0,16.0,63.0,19.0,11.0,8.0
401721472,2025-03-05,2025,0,40,135,275,Minnesota Golden Gophers,Wisconsin Badgers,67,74,63.0,15.0,13.0,6.0,55.0,24.0,13.0,11.0
401721473,2025-03-05,2025,0,40,30,264,USC Trojans,Washington Huskies,92,61,55.0,16.0,6.0,10.0,51.0,14.0,6.0,16.0
401724462,2025-03-05,2025,0,40,2350,2166,Loyola Chicago Ramblers,Davidson Wildcats,82,72,58.0,15.0,5.0,12.0,60.0,14.0,8.0,13.0
401724463,2025-03-05,2025,0,40,2230,45,Fordham Rams,George Washington Revolutionaries,58,81,62.0,5.0,11.0,15.0,55.0,25.0,15.0,14.0
401724464,2025-03-05,2025,0,40,2244,2325,George Mason Patriots,La Salle Explorers,69,62,53.0,15.0,6.0,12.0,55.0,18.0,11.0,14.0
401724465,2025-03-05,2025,0,40,179,113,St. Bonaventure Bonnies,Massachusetts Minutemen,73,72,64.0,19.0,12.0,12.0,67.0,16.0,16.0,16.0
401724466,2025-03-05,2025,0,40,2603,227,Saint Joseph's Hawks,Rhode Island Rams,91,74,56.0,34.0,12.0,10.0,60.0,12.0,9.0,14.0
401724917,2025-03-05,2025,0,40,103,228,Boston College Eagles,Clemson Tigers,69,78,60.0,18.0,7.0,7.0,58.0,16.0,13.0,13.0
401724918,2025-03-05,2025,0,40,152,221,NC State Wolfpack,Pittsburgh Panthers,71,63,54.0,21.0,8.0,11.0,51.0,20.0,8.0,14.0
401724919,2025-03-05,2025,0,40,97,25,Louisville Cardinals,California Golden Bears,85,68,51.0,26.0,6.0,14.0,71.0,22.0,20.0,10.0
401724920,2025-03-05,2025,0,40,87,24,Notre Dame Fighting Irish,Stanford Cardinal,56,54,48.0,25.0,8.0,10.0,57.0,11.0,10.0,10.0
401725779,2025-03-05,2025,0,40,2641,38,Texas Tech Red Raiders,Colorado Buffaloes,91,75,64.0,16.0,10.0,6.0,55.0,21.0,8.0,10.0
401725780,2025-03-05,2025,0,40,2132,2306,Cincinnati Bearcats,Kansas State Wildcats,49,54,57.0,11.0,10.0,10.0,54.0,10.0,8.0,12.0
401725781,2025-03-05,2025,0,40,2116,197,UCF Knights,Oklahoma State Cowboys,83,70,56.0,30.0,15.0,19.0,66.0,15.0,7.0,9.0
401743885,2025-03-05,2025,1,40,2241,2908,Gardner-Webb Runnin' Bulldogs,South Carolina Upstate Spartans,83,63,67.0,20.0,16.0,16.0,62.0,19.0,12.0,15.0
401744098,2025-03-05,2025,0,40,2115,2330,Central Connecticut Blue Devils,Le Moyne Dolphins,86,67,57.0,16.0,9.0,11.0,53.0,21.0,10.0,13.0
401744100,2025-03-05,2025,0,40,161,284,Fairleigh Dickinson Knights,Stonehill Skyhawks,71,56,53.0,13.0,5.0,10.0,58.0,10.0,12.0,15.0
401744101,2025-03-05,2025,0,40,2598,2681,Saint Francis Red Wolves,Wagner Seahawks,58,55,51.0,6.0,6.0,16.0,57.0,17.0,15.0,12.0
401744102,2025-03-05,2025,0,40,112358,2130,Long Island University Sharks,Chicago State Cougars,68,57,66.0,5.0,19.0,10.0,53.0,14.0,6.0,7.0
401744110,2025-03-05,2025,1,40,2635,2630,Tennessee Tech Golden Eagles,UT Martin Skyhawks,67,70,54.0,11.0,8.0,12.0,62.0,16.0,18.0,11.0
401744114,2025-03-05,2025,1,40,2815,2413,Lindenwood Lions,Morehead State Eagles,73,65,62.0,28.0,13.0,6.0,65.0,14.0,13.0,12.0
401744194,2025-03-05,2025,1,40,140,198,Kansas City Roos,Oral Roberts Golden Eagles,73,56,61.0,10.0,13.0,10.0,47.0,16.0,6.0,12.0
401744212,2025-03-05,2025,1,40,290,2572,Georgia Southern Eagles,Southern Miss Golden Eagles,78,64,61.0,13.0,15.0,16.0,63.0,12.0,15.0,15.0
401744213,2025-03-05,2025,1,40,295,309,Old Dominion Monarchs,Louisiana Ragin' Cajuns,67,49,56.0,12.0,16.0,13.0,54.0,13.0,9.0,8.0
401700255,2025-03-06,2025,0,40,98,2229,Western Kentucky Hilltoppers,Florida International Panthers,76,67,57.0,19.0,6.0,7.0,55.0,19.0,13.0,16.0
401700256,2025-03-06,2025,0,40,2393,2335,Middle Tennessee Blue Raiders,Liberty Flames,81,86,64.0,26.0,15.0,12.0,55.0,20.0,3.0,11.0
401700257,2025-03-06,2025,0,40,2348,166,Louisiana Tech Bulldogs,New Mexico State Aggies,55,67,48.0,23.0,9.0,7.0,53.0,31.0,12.0,3.0
401700258,2025-03-06,2025,0,40,2534,2638,Sam Houston Bearkats,UTEP Miners,89,87,53.0,28.0,7.0,14.0,64.0,23.0,10.0,14.0
401706290,2025-03-06,2025,0,40,2561,2217,Siena Saints,Fairfield Stags,68,64,57.0,23.0,13.0,14.0,52.0,11.0,2.0,10.0
401706291,2025-03-06,2025,0,40,2520,2099,Rider Broncs,Canisius Golden Griffins,78,50,64.0,12.0,10.0,8.0,51.0,10.0,6.0,16.0
401706292,2025-03-06,2025,0,40,2368,2771,Marist Red Foxes,Merrimack Warriors,53,75,51.0,5.0,12.0,20.0,56.0,11.0,5.0,6.0
401706293,2025-03-06,2025,0,40,2363,2529,Manhattan Jaspers,Sacred Heart Pioneers,90,74,66.0,15.0,16.0,11.0,72.0,9.0,14.0,5.0
401706294,2025-03-06,2025,0,40,2514,116,Quinnipiac Bobcats,Mount St. Mary's Mountaineers,79,70,59.0,22.0,5.0,8.0,65.0,7.0,6.0,14.0
401706635,2025-03-06,2025,0,40,2856,2627,California Baptist Lancers,Tarleton State Texans,68,48,48.0,16.0,5.0,12.0,51.0,14.0,13.0,17.0
401706636,2025-03-06,2025,0,40,2253,3101,Grand Canyon Lopes,Utah Tech Trailblazers,90,68,53.0,33.0,10.0,11.0,61.0,17.0,11.0,13.0
401706637,2025-03-06,2025,0,40,253,2547,Southern Utah Thunderbirds,Seattle U Redhawks,39,62,53.0,14.0,7.0,14.0,71.0,20.0,23.0,10.0
401706638,2025-03-06,2025,0,40,2000,3084,Abilene Christian Wildcats,Utah Valley Wolverines,60,73,71.0,13.0,15.0,11.0,54.0,32.0,14.0,19.0
401709997,2025-03-06,2025,0,40,28,299,UC San Diego Tritons,Long Beach State Beach,70,63,56.0,21.0,9.0,6.0,49.0,22.0,13.0,20.0
401714347,2025-03-06,2025,0,40,13,2239,Cal Poly Mustangs,Cal State Fullerton Titans,100,61,72.0,12.0,10.0,10.0,53.0,22.0,8.0,24.0
401714348,2025-03-06,2025,0,40,2934,62,Cal State Bakersfield Roadrunners,Hawai'i Rainbow Warriors,76,64,66.0,15.0,14.0,5.0,56.0,12.0,11.0,13.0
401714349,2025-03-06,2025,0,40,302,300,UC Davis Aggies,UC Irvine Anteaters,59,88,54.0,20.0,9.0,12.0,51.0,23.0,6.0,12.0
401714350,2025-03-06,2025,0,40,27,2463,UC Riverside Highlanders,Cal State Northridge Matadors,94,79,62.0,29.0,14.0,11.0,66.0,37.0,20.0,9.0
401721251,2025-03-06,2025,0,40,2755,2010,Grambling Tigers,Alabama A&M Bulldogs,67,51,47.0,13.0,4.0,11.0,52.0,16.0,10.0,14.0
401721302,2025-03-06,2025,0,40,2400,2016,Mississippi Valley State Delta Devils,Alcorn State Braves,64,72,46.0,18.0,2.0,12.0,55.0,17.0,9.0,10.0
401721474,2025-03-06,2025,0,40,2294,127,Iowa Hawkeyes,Michigan State Spartans,84,91,63.0,18.0,10.0,10.0,61.0,30.0,10.0,8.0
401722080,2025-03-06,2025,0,40,2029,2296,Arkansas-Pine Bluff Golden Lions,Jackson State Tigers,69,76,49.0,22.0,7.0,15.0,60.0,21.0,13.0,11.0
401722148,2025-03-06,2025,0,40,2582,2011,Southern Jaguars,Alabama State Hornets,65,66,55.0,27.0,12.0,9.0,54.0,14.0,6.0,14.0
401723702,2025-03-06,2025,0,45,2154,2415,Coppin State Eagles,Morgan State Bears,82,75,64.0,22.0,6.0,11.0,56.0,24.0,13.0,23.0
401723722,2025-03-06,2025,0,40,2169,2379,Delaware State Hornets,Maryland Eastern Shore Hawks,75,68,46.0,29.0,9.0,12.0,48.0,23.0,10.0,16.0
401723767,2025-03-06,2025,0,40,47,2450,Howard Bison,Norfolk State Spartans,69,81,58.0,14.0,13.0,18.0,60.0,25.0,14.0,12.0
401725620,2025-03-06,2025,0,40,5,2226,UAB Blazers,Florida Atlantic Owls,89,80,70.0,23.0,14.0,3.0,55.0,17.0,9.0,15.0
401725621,2025-03-06,2025,0,40,151,2655,East Carolina Pirates,Tulane Green Wave,73,64,61.0,7.0,9.0,11.0,53.0,12.0,7.0,14.0
401725622,2025-03-06,2025,0,40,249,2429,North Texas Mean Green,Charlotte 49ers,75,64,43.0,25.0,4.0,9.0,55.0,15.0,13.0,12.0
401725623,2025-03-06,2025,0,40,242,2724,Rice Owls,Wichita State Shockers,59,63,56.0,21.0,11.0,10.0,63.0,22.0,18.0,8.0
401727130,2025-03-06,2025,0,40,2569,2428,South Carolina State Bulldogs,North Carolina Central Eagles,87,71,68.0,14.0,13.0,12.0,55.0,18.0,9.0,18.0
401727306,2025-03-06,2025,0,45,2612,315,Saint Peter's Peacocks,Niagara Purple Eagles,68,78,76.0,13.0,14.0,8.0,54.0,31.0,9.0,12.0
401743803,2025-03-06,2025,0,45,288,2511,Lipscomb Bisons,Queens University Royals,81,75,47.0,29.0,7.0,13.0,72.0,12.0,17.0,8.0
401743804,2025-03-06,2025,0,40,2453,294,North Alabama Lions,Jacksonville Dolphins,78,63,51.0,29.0,9.0,6.0,58.0,16.0,10.0,11.0
401743960,2025-03-06,2025,0,40,2754,2870,Youngstown State Penguins,Purdue Fort Wayne Mastodons,72,67,58.0,31.0,13.0,17.0,62.0,20.0,8.0,13.0
401743961,2025-03-06,2025,0,40,325,94,Cleveland State Vikings,Northern Kentucky Norse,68,63,53.0,22.0,13.0,13.0,64.0,12.0,20.0,15.0
401743962,2025-03-06,2025,0,40,2523,2750,Robert Morris Colonials,Wright State Raiders,83,62,57.0,28.0,13.0,9.0,56.0,3.0,4.0,16.0
401743964,2025-03-06,2025,0,40,270,2473,Milwaukee Panthers,Oakland Golden Grizzlies,64,72,54.0,12.0,4.0,12.0,54.0,9.0,5.0,13.0
401744041,2025-03-06,2025,1,40,79,282,Southern Illinois Salukis,Indiana State Sycamores,86,85,67.0,8.0,9.0,10.0,60.0,24.0,6.0,8.0
401744043,2025-03-06,2025,1,40,2287,2623,Illinois State Redbirds,Missouri State Bears,70,54,51.0,13.0,7.0,12.0,58.0,12.0,12.0,12.0
401744044,2025-03-06,2025,1,40,93,339,Murray State Racers,Evansville Purple Aces,74,53,55.0,13.0,10.0,12.0,49.0,22.0,8.0,12.0
401744045,2025-03-06,2025,1,40,82,2674,UIC Flames,Valparaiso Beacons,50,67,57.0,18.0,9.0,9.0,64.0,6.0,10.0,8.0
401744117,2025-03-06,2025,1,40,2031,2630,Little Rock Trojans,UT Martin Skyhawks,82,77,58.0,18.0,18.0,11.0,55.0,17.0,15.0,12.0
401744119,2025-03-06,2025,1,40,2634,2815,Tennessee State Tigers,Lindenwood Lions,69,55,57.0,16.0,12.0,15.0,60.0,13.0,13.0,15.0
401744133,2025-03-06,2025,0,40,2142,349,Colgate Raiders,Army Black Knights,84,55,61.0,11.0,6.0,9.0,66.0,8.0,8.0,9.0
401744134,2025-03-06,2025,0,40,104,2426,Boston University Terriers,Navy Midshipmen,78,86,54.0,19.0,14.0,17.0,54.0,30.0,12.0,8.0
401744135,2025-03-06,2025,0,40,44,322,American University Eagles,Lafayette Leopards,71,69,54.0,16.0,6.0,11.0,53.0,5.0,4.0,14.0
401744136,2025-03-06,2025,0,45,2083,2352,Bucknell Bison,Loyola Maryland Greyhounds,76,72,55.0,23.0,5.0,9.0,62.0,18.0,12.0,12.0
401744196,2025-03-06,2025,1,40,2437,140,Omaha Mavericks,Kansas City Roos,70,61,54.0,22.0,9.0,9.0,61.0,17.0,14.0,9.0
401744198,2025-03-06,2025,1,40,2900,2172,St. Thomas Tommies,Denver Pioneers,80,62,45.0,33.0,6.0,11.0,46.0,24.0,6.0,14.0
401744220,2025-03-06,2025,1,40,2247,290,Georgia State Panthers,Georgia Southern Eagles,80,71,49.0,31.0,8.0,15.0,62.0,20.0,9.0,8.0
401744223,2025-03-06,2025,1,40,326,295,Texas State Bobcats,Old Dominion Monarchs,61,64,62.0,17.0,15.0,13.0,60.0,18.0,12.0,13.0
401744257,2025-03-06,2025,1,40,279,301,Pacific Tigers,San Diego Toreros,77,81,50.0,30.0,10.0,19.0,56.0,30.0,12.0,17.0
401706403,2025-03-07,2025,0,40,193,2050,Miami (OH) RedHawks,Ball State Cardinals,79,66,70.0,9.0,10.0,9.0,67.0,17.0,16.0,14.0
401706404,2025-03-07,2025,0,40,2006,2084,Akron Zips,Buffalo Bulls,88,70,70.0,19.0,16.0,6.0,61.0,19.0,12.0,12.0
401706405,2025-03-07,2025,0,40,2309,2199,Kent State Golden Flashes,Eastern Michigan Eagles,76,70,55.0,22.0,13.0,13.0,47.0,18.0,7.0,16.0
401706406,2025-03-07,2025,0,50,2117,2459,Central Michigan Chippewas,Northern Illinois Huskies,81,83,56.0,45.0,14.0,16.0,66.0,25.0,15.0,21.0
401706407,2025-03-07,2025,0,40,2649,195,Toledo Rockets,Ohio Bobcats,96,82,62.0,20.0,6.0,7.0,59.0,18.0,7.0,8.0
401706408,2025-03-07,2025,0,40,189,2711,Bowling Green Falcons,Western Michigan Broncos,63,64,50.0,15.0,7.0,13.0,56.0,14.0,9.0,8.0
401721475,2025-03-07,2025,0,40,356,2509,Illinois Fighting Illini,Purdue Boilermakers,88,80,57.0,25.0,5.0,8.0,63.0,13.0,4.0,8.0
401724467,2025-03-07,2025,0,40,2670,2168,VCU Rams,Dayton Flyers,76,79,61.0,31.0,19.0,7.0,60.0,16.0,11.0,8.0
401725624,2025-03-07,2025,0,40,235,58,Memphis Tigers,South Florida Bulls,84,68,59.0,20.0,11.0,14.0,56.0,23.0,8.0,11.0
401728309,2025-03-07,2025,0,40,68,36,Boise State Broncos,Colorado State Rams,73,83,55.0,23.0,12.0,9.0,47.0,22.0,3.0,10.0
401728316,2025-03-07,2025,0,40,167,2439,New Mexico Lobos,UNLV Rebels,81,67,58.0,27.0,10.0,8.0,56.0,16.0,7.0,16.0
401743886,2025-03-07,2025,1,40,2272,2241,High Point Panthers,Gardner-Webb Runnin' Bulldogs,85,64,60.0,27.0,16.0,10.0,52.0,20.0,9.0,14.0
401743887,2025-03-07,2025,1,45,2515,2506,Radford Highlanders,Presbyterian Blue Hose,74,69,56.0,26.0,10.0,9.0,67.0,12.0,10.0,4.0
401743888,2025-03-07,2025,1,40,2427,2127,UNC Asheville Bulldogs,Charleston Southern Buccaneers,80,60,61.0,12.0,8.0,8.0,56.0,13.0,11.0,16.0
401743889,2025-03-07,2025,1,40,2737,2344,Winthrop Eagles,Longwood Lancers,88,79,51.0,32.0,4.0,15.0,61.0,42.0,16.0,11.0
401744049,2025-03-07,2025,1,40,2181,79,Drake Bulldogs,Southern Illinois Salukis,70,53,57.0,22.0,14.0,6.0,45.0,16.0,10.0,15.0
401744050,2025-03-07,2025,1,40,2057,2287,Belmont Bruins,Illinois State Redbirds,76,63,63.0,19.0,7.0,10.0,67.0,10.0,10.0,11.0
401744051,2025-03-07,2025,1,40,71,93,Bradley Braves,Murray State Racers,70,62,48.0,26.0,7.0,8.0,56.0,25.0,13.0,9.0
401744052,2025-03-07,2025,1,40,2460,2674,Northern Iowa Panthers,Valparaiso Beacons,63,64,48.0,21.0,7.0,11.0,57.0,8.0,6.0,6.0
401744182,2025-03-07,2025,1,40,2382,2717,Mercer Bears,Western Carolina Catamounts,67,66,58.0,25.0,8.0,5.0,60.0,17.0,6.0,7.0
401744185,2025-03-07,2025,1,40,2678,2643,VMI Keydets,The Citadel Bulldogs,73,62,49.0,14.0,3.0,15.0,59.0,28.0,16.0,14.0
401744199,2025-03-07,2025,1,40,2449,233,North Dakota State Bison,South Dakota Coyotes,84,85,59.0,23.0,11.0,15.0,69.0,29.0,14.0,7.0
401744200,2025-03-07,2025,1,40,2571,155,South Dakota State Jackrabbits,North Dakota Fighting Hawks,69,85,67.0,33.0,16.0,6.0,59.0,24.0,6.0,10.0
401744225,2025-03-07,2025,1,40,276,2247,Marshall Thundering Herd,Georgia State Panthers,79,76,73.0,24.0,21.0,8.0,56.0,27.0,9.0,10.0
401744227,2025-03-07,2025,1,40,2026,295,App State Mountaineers,Old Dominion Monarchs,56,61,52.0,17.0,11.0,8.0,55.0,11.0,13.0,9.0
401744258,2025-03-07,2025,1,40,2501,2492,Portland Pilots,Pepperdine Waves,73,86,60.0,10.0,7.0,11.0,64.0,16.0,14.0,10.0
401744259,2025-03-07,2025,1,40,2351,301,Loyola Marymount Lions,San Diego Toreros,100,74,57.0,18.0,7.0,13.0,61.0,20.0,12.0,17.0
401744278,2025-03-07,2025,1,40,2546,2031,Southeast Missouri State Redhawks,Little Rock Trojans,78,59,50.0,29.0,8.0,15.0,52.0,23.0,10.0,18.0
401744279,2025-03-07,2025,1,40,2565,2634,SIU Edwardsville Cougars,Tennessee State Tigers,71,69,58.0,14.0,14.0,10.0,52.0,21.0,11.0,9.0
401746238,2025-03-07,2025,1,40,48,2619,Delaware Blue Hens,Stony Brook Seawolves,80,76,52.0,17.0,6.0,7.0,53.0,22.0,11.0,11.0
401746239,2025-03-07,2025,1,40,2275,2448,Hofstra Pride,North Carolina A&T Aggies,77,55,63.0,17.0,11.0,5.0,51.0,23.0,10.0,12.0
401700259,2025-03-08,2025,0,40,55,338,Jacksonville State Gamecocks,Kennesaw State Owls,70,74,64.0,17.0,11.0,7.0,57.0,18.0,10.0,10.0
401700260,2025-03-08,2025,0,40,2393,2229,Middle Tennessee Blue Raiders,Florida International Panthers,78,56,64.0,9.0,12.0,15.0,59.0,18.0,8.0,10.0
401700261,2025-03-08,2025,0,40,98,2335,Western Kentucky Hilltoppers,Liberty Flames,61,90,68.0,14.0,12.0,6.0,61.0,16.0,7.0,8.0
401700262,2025-03-08,2025,0,40,2534,166,Sam Houston Bearkats,New Mexico State Aggies,76,69,56.0,13.0,7.0,5.0,60.0,17.0,15.0,8.0
401700263,2025-03-08,2025,0,40,2348,2638,Louisiana Tech Bulldogs,UTEP Miners,76,58,54.0,21.0,11.0,16.0,60.0,24.0,12.0,12.0
401706295,2025-03-08,2025,0,40,314,2529,Iona Gaels,Sacred Heart Pioneers,90,88,63.0,26.0,17.0,15.0,61.0,16.0,13.0,16.0
401706296,2025-03-08,2025,0,40,2363,2561,Manhattan Jaspers,Siena Saints,78,66,59.0,19.0,8.0,13.0,65.0,25.0,12.0,10.0
401706297,2025-03-08,2025,0,40,116,2368,Mount St. Mary's Mountaineers,Marist Red Foxes,62,52,52.0,10.0,7.0,12.0,61.0,6.0,11.0,8.0
401706298,2025-03-08,2025,0,40,2612,2099,Saint Peter's Peacocks,Canisius Golden Griffins,70,62,52.0,26.0,9.0,12.0,61.0,8.0,8.0,12.0
401706299,2025-03-08,2025,0,40,2217,2514,Fairfield Stags,Quinnipiac Bobcats,83,74,66.0,22.0,6.0,8.0,61.0,21.0,10.0,16.0
401706300,2025-03-08,2025,0,40,2520,315,Rider Broncs,Niagara Purple Eagles,77,76,58.0,16.0,7.0,7.0,52.0,14.0,4.0,11.0
401706639,2025-03-08,2025,0,40,2856,250,California Baptist Lancers,UT Arlington Mavericks,70,68,60.0,17.0,14.0,11.0,69.0,13.0,19.0,8.0
401706640,2025-03-08,2025,0,45,2000,2253,Abilene Christian Wildcats,Grand Canyon Lopes,82,81,64.0,20.0,14.0,24.0,65.0,26.0,12.0,19.0
401706641,2025-03-08,2025,0,40,3101,2547,Utah Tech Trailblazers,Seattle U Redhawks,65,70,42.0,23.0,4.0,19.0,52.0,36.0,10.0,8.0
401706642,2025-03-08,2025,0,40,2627,3084,Tarleton State Texans,Utah Valley Wolverines,66,71,53.0,23.0,8.0,15.0,47.0,40.0,12.0,15.0
401708436,2025-03-08,2025,0,40,8,344,Arkansas Razorbacks,Mississippi State Bulldogs,93,92,56.0,27.0,11.0,10.0,73.0,21.0,12.0,2.0
401708437,2025-03-08,2025,0,45,2,333,Auburn Tigers,Alabama Crimson Tide,91,93,73.0,17.0,9.0,9.0,67.0,24.0,10.0,15.0
401708438,2025-03-08,2025,0,40,57,145,Florida Gators,Ole Miss Rebels,90,71,63.0,21.0,15.0,14.0,66.0,25.0,15.0,9.0
401708439,2025-03-08,2025,0,40,61,238,Georgia Bulldogs,Vanderbilt Commodores,79,68,49.0,37.0,10.0,13.0,57.0,21.0,13.0,14.0
401708440,2025-03-08,2025,0,40,99,245,LSU Tigers,Texas A&M Aggies,52,66,50.0,20.0,7.0,12.0,52.0,25.0,14.0,12.0
401708441,2025-03-08,2025,0,40,142,96,Missouri Tigers,Kentucky Wildcats,83,91,66.0,21.0,14.0,10.0,56.0,33.0,10.0,10.0
401708442,2025-03-08,2025,0,40,251,201,Texas Longhorns,Oklahoma Sooners,72,76,59.0,23.0,13.0,11.0,58.0,28.0,7.0,5.0
401709998,2025-03-08,2025,0,40,299,13,Long Beach State Beach,Cal Poly Mustangs,69,83,57.0,16.0,9.0,16.0,62.0,10.0,9.0,12.0
401714392,2025-03-08,2025,0,40,2540,300,UC Santa Barbara Gauchos,UC Irvine Anteaters,88,97,61.0,11.0,7.0,14.0,60.0,24.0,7.0,10.0
401714393,2025-03-08,2025,0,40,302,28,UC Davis Aggies,UC San Diego Tritons,57,68,55.0,15.0,14.0,13.0,51.0,19.0,9.0,11.0
401714394,2025-03-08,2025,0,40,2463,62,Cal State Northridge Matadors,Hawai'i Rainbow Warriors,82,73,62.0,17.0,8.0,10.0,57.0,22.0,10.0,14.0
401714395,2025-03-08,2025,0,40,2239,27,Cal State Fullerton Titans,UC Riverside Highlanders,59,64,60.0,10.0,8.0,9.0,56.0,20.0,7.0,7.0
401719190,2025-03-08,2025,0,40,305,46,DePaul Blue Demons,Georgetown Hoyas,83,77,53.0,21.0,4.0,6.0,69.0,16.0,12.0,6.0
401719191,2025-03-08,2025,0,40,41,2550,UConn Huskies,Seton Hall Pirates,81,50,54.0,18.0,14.0,18.0,51.0,17.0,9.0,13.0
401719192,2025-03-08,2025,0,40,2752,2507,Xavier Musketeers,Providence Friars,76,68,58.0,21.0,11.0,11.0,54.0,11.0,8.0,17.0
401719193,2025-03-08,2025,0,45,269,2599,Marquette Golden Eagles,St. John's Red Storm,84,86,71.0,22.0,17.0,14.0,74.0,21.0,19.0,12.0
401719194,2025-03-08,2025,0,40,156,2086,Creighton Bluejays,Butler Bulldogs,87,74,65.0,5.0,13.0,10.0,68.0,6.0,8.0,1.0
401720967,2025-03-08,2025,0,40,108,159,Harvard Crimson,Dartmouth Big Green,66,58,62.0,13.0,7.0,8.0,48.0,16.0,5.0,19.0
401721252,2025-03-08,2025,0,40,2582,2010,Southern Jaguars,Alabama A&M Bulldogs,71,57,47.0,27.0,8.0,12.0,51.0,14.0,8.0,15.0
401721303,2025-03-08,2025,0,40,2029,2016,Arkansas-Pine Bluff Golden Lions,Alcorn State Braves,63,65,56.0,8.0,11.0,14.0,52.0,12.0,11.0,15.0
401721476,2025-03-08,2025,0,40,84,194,Indiana Hoosiers,Ohio State Buckeyes,66,60,54.0,31.0,14.0,9.0,55.0,15.0,8.0,10.0
401721477,2025-03-08,2025,0,40,120,77,Maryland Terrapins,Northwestern Wildcats,74,61,52.0,28.0,16.0,18.0,55.0,20.0,6.0,13.0
401721478,2025-03-08,2025,0,40,26,30,UCLA Bruins,USC Trojans,90,63,60.0,9.0,6.0,12.0,49.0,18.0,9.0,20.0
401721479,2025-03-08,2025,0,40,275,213,Wisconsin Badgers,Penn State Nittany Lions,75,86,69.0,17.0,12.0,9.0,55.0,19.0,4.0,13.0
401721757,2025-03-08,2025,0,40,225,43,Brown Bears,Yale Bulldogs,61,70,59.0,16.0,15.0,14.0,53.0,22.0,9.0,9.0
401721758,2025-03-08,2025,0,40,163,219,Princeton Tigers,Pennsylvania Quakers,95,71,59.0,10.0,4.0,9.0,55.0,13.0,4.0,11.0
401721759,2025-03-08,2025,0,40,172,171,Cornell Big Red,Columbia Lions,100,81,67.0,16.0,4.0,8.0,64.0,22.0,6.0,12.0
401722052,2025-03-08,2025,0,40,2065,50,Bethune-Cookman Wildcats,Florida A&M Rattlers,76,75,59.0,27.0,11.0,8.0,61.0,15.0,8.0,8.0
401722081,2025-03-08,2025,0,40,2400,2296,Mississippi Valley State Delta Devils,Jackson State Tigers,62,66,56.0,7.0,6.0,15.0,52.0,25.0,9.0,14.0
401722133,2025-03-08,2025,0,40,2504,2640,Prairie View A&M Panthers,Texas Southern Tigers,68,80,69.0,6.0,13.0,11.0,60.0,11.0,11.0,15.0
401722213,2025-03-08,2025,0,40,328,2005,Utah State Aggies,Air Force Falcons,87,47,56.0,11.0,10.0,8.0,41.0,14.0,8.0,19.0
401722257,2025-03-08,2025,0,40,21,2440,San Diego State Aztecs,Nevada Wolf Pack,80,61,55.0,18.0,6.0,8.0,47.0,25.0,5.0,12.0
401722383,2025-03-08,2025,0,40,23,278,San José State Spartans,Fresno State Bulldogs,92,68,62.0,19.0,12.0,13.0,64.0,21.0,10.0,10.0
401724468,2025-03-08,2025,0,40,113,2350,Massachusetts Minutemen,Loyola Chicago Ramblers,51,74,64.0,17.0,16.0,9.0,60.0,9.0,11.0,12.0
401724469,2025-03-08,2025,0,40,2325,2603,La Salle Explorers,Saint Joseph's Hawks,81,74,58.0,25.0,12.0,13.0,54.0,26.0,10.0,12.0
401724470,2025-03-08,2025,0,40,2166,179,Davidson Wildcats,St. Bonaventure Bonnies,61,64,53.0,10.0,2.0,12.0,56.0,15.0,8.0,8.0
401724471,2025-03-08,2025,0,45,139,2184,Saint Louis Billikens,Duquesne Dukes,90,88,59.0,12.0,8.0,18.0,72.0,7.0,11.0,11.0
401724472,2025-03-08,2025,0,40,227,2230,Rhode Island Rams,Fordham Rams,86,67,64.0,19.0,10.0,15.0,63.0,25.0,11.0,14.0
401724473,2025-03-08,2025,0,40,257,2244,Richmond Spiders,George Mason Patriots,60,64,51.0,13.0,7.0,11.0,50.0,22.0,12.0,12.0
401724921,2025-03-08,2025,0,40,221,103,Pittsburgh Panthers,Boston College Eagles,93,67,60.0,27.0,14.0,8.0,53.0,26.0,12.0,12.0
401724922,2025-03-08,2025,0,40,153,150,North Carolina Tar Heels,Duke Blue Devils,69,82,64.0,11.0,8.0,6.0,55.0,13.0,7.0,14.0
401724923,2025-03-08,2025,0,40,183,258,Syracuse Orange,Virginia Cavaliers,84,70,52.0,19.0,10.0,15.0,52.0,18.0,6.0,12.0
401724924,2025-03-08,2025,0,40,154,59,Wake Forest Demon Deacons,Georgia Tech Yellow Jackets,69,43,63.0,14.0,13.0,9.0,54.0,14.0,12.0,16.0
401724925,2025-03-08,2025,0,40,2390,152,Miami Hurricanes,NC State Wolfpack,72,70,61.0,14.0,7.0,11.0,57.0,23.0,9.0,9.0
401724926,2025-03-08,2025,0,40,97,24,Louisville Cardinals,Stanford Cardinal,68,48,61.0,10.0,13.0,10.0,56.0,13.0,12.0,12.0
401724927,2025-03-08,2025,0,60,87,25,Notre Dame Fighting Irish,California Golden Bears,112,110,78.0,31.0,9.0,12.0,81.0,38.0,10.0,10.0
401724928,2025-03-08,2025,0,40,52,2567,Florida State Seminoles,SMU Mustangs,76,69,54.0,23.0,8.0,14.0,55.0,20.0,8.0,14.0
401724929,2025-03-08,2025,0,40,228,259,Clemson Tigers,Virginia Tech Hokies,65,47,61.0,13.0,15.0,10.0,46.0,4.0,9.0,23.0
401725782,2025-03-08,2025,0,40,2305,12,Kansas Jayhawks,Arizona Wildcats,83,76,67.0,14.0,13.0,5.0,55.0,21.0,7.0,8.0
401725783,2025-03-08,2025,0,40,252,254,BYU Cougars,Utah Utes,85,74,61.0,26.0,9.0,10.0,72.0,19.0,25.0,17.0
401725784,2025-03-08,2025,0,40,2306,66,Kansas State Wildcats,Iowa State Cyclones,57,73,53.0,22.0,10.0,17.0,51.0,22.0,3.0,11.0
401725785,2025-03-08,2025,0,40,9,2641,Arizona State Sun Devils,Texas Tech Red Raiders,57,85,51.0,23.0,5.0,6.0,62.0,20.0,9.0,2.0
401725786,2025-03-08,2025,0,40,38,2628,Colorado Buffaloes,TCU Horned Frogs,76,56,57.0,20.0,10.0,14.0,57.0,24.0,8.0,9.0
401725787,2025-03-08,2025,0,40,239,248,Baylor Bears,Houston Cougars,61,65,59.0,16.0,17.0,9.0,50.0,18.0,10.0,9.0
401725788,2025-03-08,2025,0,40,277,2116,West Virginia Mountaineers,UCF Knights,72,65,66.0,10.0,16.0,16.0,59.0,17.0,13.0,17.0
401725789,2025-03-08,2025,0,40,197,2132,Oklahoma State Cowboys,Cincinnati Bearcats,78,67,62.0,17.0,11.0,12.0,69.0,7.0,12.0,13.0
401728540,2025-03-08,2025,0,40,2755,2011,Grambling Tigers,Alabama State Hornets,47,59,49.0,12.0,6.0,14.0,63.0,11.0,14.0,8.0
401729827,2025-03-08,2025,0,40,2633,2579,Tennessee Volunteers,South Carolina Gamecocks,75,65,55.0,21.0,8.0,8.0,57.0,22.0,11.0,9.0
401743890,2025-03-08,2025,1,40,2272,2515,High Point Panthers,Radford Highlanders,76,73,52.0,19.0,13.0,11.0,49.0,14.0,7.0,9.0
401743891,2025-03-08,2025,1,40,2427,2737,UNC Asheville Bulldogs,Winthrop Eagles,67,86,52.0,29.0,10.0,14.0,62.0,29.0,15.0,11.0
401744056,2025-03-08,2025,1,40,2181,2057,Drake Bulldogs,Belmont Bruins,57,50,44.0,25.0,7.0,11.0,50.0,6.0,11.0,16.0
401744058,2025-03-08,2025,1,40,71,2674,Bradley Braves,Valparaiso Beacons,70,65,50.0,28.0,6.0,6.0,61.0,13.0,11.0,8.0
401744105,2025-03-08,2025,0,40,112358,2598,Long Island University Sharks,Saint Francis Red Wolves,68,71,55.0,22.0,14.0,12.0,47.0,23.0,5.0,11.0
401744106,2025-03-08,2025,0,45,2115,161,Central Connecticut Blue Devils,Fairleigh Dickinson Knights,76,72,56.0,13.0,6.0,17.0,66.0,18.0,14.0,14.0
401744124,2025-03-08,2025,1,40,2546,2565,Southeast Missouri State Redhawks,SIU Edwardsville Cougars,48,69,60.0,13.0,7.0,8.0,54.0,28.0,13.0,13.0
401744187,2025-03-08,2025,1,40,236,2382,Chattanooga Mocs,Mercer Bears,76,61,57.0,16.0,8.0,14.0,58.0,12.0,11.0,17.0
401744188,2025-03-08,2025,1,40,2535,231,Samford Bulldogs,Furman Paladins,78,95,62.0,15.0,11.0,14.0,49.0,29.0,8.0,16.0
401744189,2025-03-08,2025,1,40,2430,2678,UNC Greensboro Spartans,VMI Keydets,57,64,52.0,26.0,11.0,11.0,55.0,20.0,10.0,7.0
401744190,2025-03-08,2025,1,40,2193,2747,East Tennessee State Buccaneers,Wofford Terriers,60,72,49.0,22.0,6.0,6.0,47.0,30.0,11.0,11.0
401744201,2025-03-08,2025,1,40,2437,233,Omaha Mavericks,South Dakota Coyotes,100,75,63.0,24.0,7.0,11.0,66.0,29.0,11.0,10.0
401744203,2025-03-08,2025,1,40,2900,155,St. Thomas Tommies,North Dakota Fighting Hawks,85,69,62.0,12.0,8.0,9.0,57.0,10.0,14.0,24.0
401744228,2025-03-08,2025,1,40,2032,276,Arkansas State Red Wolves,Marshall Thundering Herd,77,74,66.0,29.0,16.0,4.0,63.0,28.0,16.0,9.0
401744229,2025-03-08,2025,1,40,2653,295,Troy Trojans,Old Dominion Monarchs,75,59,59.0,28.0,13.0,7.0,65.0,18.0,19.0,11.0
401744260,2025-03-08,2025,1,40,204,2492,Oregon State Beavers,Pepperdine Waves,73,77,54.0,25.0,8.0,9.0,50.0,23.0,6.0,7.0
401744261,2025-03-08,2025,1,40,265,2351,Washington State Cougars,Loyola Marymount Lions,94,77,63.0,28.0,12.0,11.0,59.0,28.0,8.0,13.0
401745788,2025-03-08,2025,1,40,2692,16,Weber State Wildcats,Sacramento State Hornets,83,70,53.0,15.0,3.0,5.0,51.0,19.0,5.0,9.0
401745789,2025-03-08,2025,1,40,2464,331,Northern Arizona Lumberjacks,Eastern Washington Eagles,66,53,54.0,11.0,9.0,14.0,53.0,10.0,8.0,12.0
401745881,2025-03-08,2025,0,40,2803,2378,Bryant Bulldogs,UMBC Retrievers,85,74,69.0,19.0,16.0,11.0,66.0,14.0,8.0,9.0
401745882,2025-03-08,2025,0,40,261,160,Vermont Catamounts,New Hampshire Wildcats,64,57,48.0,11.0,7.0,13.0,55.0,11.0,6.0,9.0
401745883,2025-03-08,2025,0,40,311,2349,Maine Black Bears,UMass Lowell River Hawks,72,64,55.0,14.0,8.0,8.0,52.0,11.0,8.0,14.0
401745884,2025-03-08,2025,0,40,399,2066,UAlbany Great Danes,Binghamton Bearcats,69,66,69.0,9.0,16.0,8.0,57.0,13.0,5.0,6.0
401746240,2025-03-08,2025,1,40,2182,2210,Drexel Dragons,Elon Phoenix,91,74,59.0,24.0,17.0,7.0,52.0,21.0,10.0,9.0
401746241,2025-03-08,2025,1,40,2097,48,Campbell Fighting Camels,Delaware Blue Hens,62,79,60.0,11.0,10.0,10.0,67.0,8.0,14.0,8.0
401746242,2025-03-08,2025,1,40,111,2261,Northeastern Huskies,Hampton Pirates,65,70,55.0,21.0,15.0,15.0,55.0,21.0,14.0,13.0
401746243,2025-03-08,2025,1,40,2405,2275,Monmouth Hawks,Hofstra Pride,65,60,52.0,24.0,7.0,7.0,61.0,9.0,16.0,13.0
401721480,2025-03-09,2025,0,40,127,130,Michigan State Spartans,Michigan Wolverines,79,62,56.0,24.0,12.0,15.0,52.0,29.0,9.0,15.0
401721481,2025-03-09,2025,0,40,158,2294,Nebraska Cornhuskers,Iowa Hawkeyes,68,83,63.0,23.0,11.0,6.0,63.0,17.0,8.0,4.0
401721482,2025-03-09,2025,0,45,164,135,Rutgers Scarlet Knights,Minnesota Golden Gophers,75,67,66.0,23.0,11.0,10.0,64.0,23.0,15.0,15.0
401721483,2025-03-09,2025,0,45,264,2483,Washington Huskies,Oregon Ducks,73,80,61.0,24.0,8.0,7.0,55.0,30.0,11.0,13.0
401725625,2025-03-09,2025,0,40,2226,151,Florida Atlantic Owls,East Carolina Pirates,81,53,63.0,16.0,15.0,11.0,58.0,22.0,12.0,10.0
401725626,2025-03-09,2025,0,40,2429,2636,Charlotte 49ers,UTSA Roadrunners,80,83,52.0,24.0,11.0,15.0,57.0,21.0,12.0,9.0
401725627,2025-03-09,2025,0,40,2724,202,Wichita State Shockers,Tulsa Golden Hurricane,63,73,65.0,14.0,15.0,11.0,59.0,13.0,6.0,7.0
401725628,2025-03-09,2025,0,40,2655,5,Tulane Green Wave,UAB Blazers,85,68,63.0,6.0,8.0,7.0,58.0,12.0,11.0,12.0
401725629,2025-03-09,2025,0,40,218,249,Temple Owls,North Texas Mean Green,66,61,42.0,29.0,7.0,12.0,52.0,23.0,7.0,4.0
401743805,2025-03-09,2025,0,40,288,2453,Lipscomb Bisons,North Alabama Lions,76,65,47.0,30.0,6.0,9.0,67.0,24.0,18.0,7.0
401743892,2025-03-09,2025,1,40,2272,2737,High Point Panthers,Winthrop Eagles,81,69,73.0,7.0,13.0,7.0,66.0,11.0,11.0,12.0
401744061,2025-03-09,2025,1,40,2181,71,Drake Bulldogs,Bradley Braves,63,48,46.0,23.0,11.0,9.0,41.0,13.0,3.0,10.0
401744139,2025-03-09,2025,0,40,2083,2426,Bucknell Bison,Navy Midshipmen,77,83,54.0,29.0,11.0,12.0,50.0,42.0,9.0,8.0
401744141,2025-03-09,2025,0,40,44,2142,American University Eagles,Colgate Raiders,72,62,54.0,13.0,7.0,11.0,57.0,7.0,9.0,13.0
401744191,2025-03-09,2025,1,45,236,231,Chattanooga Mocs,Furman Paladins,77,80,64.0,12.0,11.0,10.0,57.0,21.0,12.0,14.0
401744192,2025-03-09,2025,1,40,2747,2678,Wofford Terriers,VMI Keydets,85,65,62.0,21.0,14.0,2.0,44.0,23.0,7.0,13.0
401744205,2025-03-09,2025,1,40,2437,2900,Omaha Mavericks,St. Thomas Tommies,85,75,57.0,27.0,8.0,12.0,62.0,24.0,7.0,8.0
401744232,2025-03-09,2025,1,40,6,2032,South Alabama Jaguars,Arkansas State Red Wolves,71,74,59.0,26.0,16.0,11.0,57.0,24.0,13.0,11.0
401744235,2025-03-09,2025,1,40,256,2653,James Madison Dukes,Troy Trojans,60,79,62.0,19.0,14.0,8.0,53.0,23.0,11.0,13.0
401744262,2025-03-09,2025,1,40,2541,2492,Santa Clara Broncos,Pepperdine Waves,76,78,64.0,16.0,15.0,13.0,61.0,11.0,7.0,9.0
401744263,2025-03-09,2025,1,40,2539,265,San Francisco Dons,Washington State Cougars,86,75,71.0,20.0,21.0,15.0,58.0,20.0,5.0,13.0
401745790,2025-03-09,2025,1,40,2458,2692,Northern Colorado Bears,Weber State Wildcats,76,52,53.0,15.0,7.0,16.0,49.0,27.0,6.0,12.0
401745791,2025-03-09,2025,1,40,149,2464,Montana Grizzlies,Northern Arizona Lumberjacks,74,65,44.0,34.0,3.0,14.0,62.0,18.0,7.0,10.0
401745820,2025-03-09,2025,1,40,357,2277,Texas A&M-Corpus Christi Islanders,Houston Christian Huskies,62,48,51.0,16.0,11.0,14.0,48.0,12.0,2.0,11.0
401745821,2025-03-09,2025,1,45,2545,2916,SE Louisiana Lions,Incarnate Word Cardinals,67,71,66.0,16.0,14.0,10.0,64.0,17.0,15.0,9.0
401746244,2025-03-09,2025,1,40,119,2182,Towson Tigers,Drexel Dragons,82,76,67.0,13.0,17.0,5.0,58.0,10.0,8.0,8.0
401746245,2025-03-09,2025,1,40,2729,48,William & Mary Tribe,Delaware Blue Hens,78,100,69.0,24.0,13.0,10.0,60.0,21.0,4.0,14.0
401746246,2025-03-09,2025,1,40,350,2261,UNC Wilmington Seahawks,Hampton Pirates,79,65,47.0,34.0,8.0,11.0,67.0,17.0,15.0,5.0
401746247,2025-03-09,2025,1,45,232,2405,Charleston Cougars,Monmouth Hawks,79,78,55.0,32.0,9.0,10.0,70.0,12.0,11.0,6.0
401743966,2025-03-10,2025,1,45,2523,2473,Robert Morris Colonials,Oakland Golden Grizzlies,79,76,64.0,18.0,15.0,14.0,54.0,27.0,10.0,13.0
401743969,2025-03-10,2025,1,40,325,2754,Cleveland State Vikings,Youngstown State Penguins,54,56,46.0,12.0,8.0,15.0,50.0,23.0,13.0,12.0
401744193,2025-03-10,2025,1,40,231,2747,Furman Paladins,Wofford Terriers,85,92,56.0,20.0,6.0,8.0,48.0,33.0,7.0,10.0
401744237,2025-03-10,2025,1,40,2653,2032,Troy Trojans,Arkansas State Red Wolves,94,81,60.0,39.0,12.0,8.0,63.0,24.0,13.0,12.0
401744264,2025-03-10,2025,1,40,2608,2492,Saint Mary's Gaels,Pepperdine Waves,74,59,58.0,24.0,15.0,8.0,56.0,15.0,7.0,7.0
401744265,2025-03-10,2025,1,40,2250,2539,Gonzaga Bulldogs,San Francisco Dons,85,76,63.0,32.0,9.0,7.0,62.0,14.0,6.0,14.0
401745792,2025-03-10,2025,1,40,304,147,Idaho State Bengals,Montana State Bobcats,60,80,66.0,14.0,16.0,11.0,52.0,6.0,2.0,13.0
401745793,2025-03-10,2025,1,40,2502,70,Portland State Vikings,Idaho Vandals,70,80,72.0,10.0,11.0,9.0,51.0,29.0,8.0,14.0
401745822,2025-03-10,2025,1,40,2466,357,Northwestern State Demons,Texas A&M-Corpus Christi Islanders,66,63,52.0,20.0,11.0,10.0,50.0,20.0,10.0,12.0
401745823,2025-03-10,2025,1,45,2447,2916,Nicholls Colonels,Incarnate Word Cardinals,74,70,57.0,34.0,16.0,18.0,67.0,15.0,14.0,12.0
401746248,2025-03-10,2025,1,40,119,48,Towson Tigers,Delaware Blue Hens,72,82,62.0,23.0,15.0,11.0,49.0,27.0,4.0,11.0
401746249,2025-03-10,2025,1,40,350,232,UNC Wilmington Seahawks,Charleston Cougars,68,67,60.0,14.0,11.0,9.0,55.0,20.0,13.0,13.0
401743763,2025-03-11,2025,1,40,87,221,Notre Dame Fighting Irish,Pittsburgh Panthers,55,54,53.0,10.0,10.0,17.0,58.0,9.0,10.0,11.0
401743764,2025-03-11,2025,1,50,259,25,Virginia Tech Hokies,California Golden Bears,73,82,58.0,31.0,9.0,18.0,69.0,40.0,18.0,11.0
401743765,2025-03-11,2025,1,40,52,183,Florida State Seminoles,Syracuse Orange,62,66,52.0,27.0,8.0,10.0,59.0,22.0,13.0,11.0
401743840,2025-03-11,2025,1,40,254,2116,Utah Utes,UCF Knights,72,87,68.0,23.0,18.0,11.0,53.0,26.0,8.0,14.0
401743842,2025-03-11,2025,1,40,197,2132,Oklahoma State Cowboys,Cincinnati Bearcats,68,87,56.0,19.0,13.0,24.0,69.0,20.0,16.0,16.0
401743843,2025-03-11,2025,1,40,2628,38,TCU Horned Frogs,Colorado Buffaloes,67,69,66.0,20.0,22.0,14.0,51.0,24.0,10.0,15.0
401743844,2025-03-11,2025,1,40,2306,9,Kansas State Wildcats,Arizona State Sun Devils,71,66,54.0,12.0,7.0,13.0,60.0,19.0,12.0,10.0
401743975,2025-03-11,2025,1,40,2523,2754,Robert Morris Colonials,Youngstown State Penguins,89,78,62.0,28.0,15.0,8.0,63.0,17.0,10.0,6.0
401743992,2025-03-11,2025,1,40,2520,2561,Rider Broncs,Siena Saints,78,76,65.0,14.0,16.0,6.0,59.0,18.0,9.0,6.0
401743993,2025-03-11,2025,1,40,2529,2217,Sacred Heart Pioneers,Fairfield Stags,71,58,64.0,7.0,9.0,14.0,68.0,7.0,11.0,14.0
401744108,2025-03-11,2025,0,40,2115,2598,Central Connecticut Blue Devils,Saint Francis Red Wolves,43,46,56.0,8.0,9.0,16.0,60.0,7.0,9.0,10.0
401744240,2025-03-11,2025,1,40,2755,2010,Grambling Tigers,Alabama A&M Bulldogs,73,56,57.0,11.0,7.0,9.0,51.0,13.0,7.0,14.0
401744241,2025-03-11,2025,1,40,50,2504,Florida A&M Rattlers,Prairie View A&M Panthers,75,66,55.0,20.0,8.0,13.0,54.0,23.0,9.0,12.0
401744249,2025-03-11,2025,1,40,253,3101,Southern Utah Thunderbirds,Utah Tech Trailblazers,65,72,50.0,26.0,8.0,16.0,58.0,18.0,6.0,11.0
401744266,2025-03-11,2025,1,40,2608,2250,Saint Mary's Gaels,Gonzaga Bulldogs,51,58,52.0,15.0,14.0,18.0,63.0,7.0,10.0,4.0
401744545,2025-03-11,2025,1,40,2638,2534,UTEP Miners,Sam Houston Bearkats,79,65,60.0,17.0,11.0,9.0,50.0,31.0,10.0,13.0
401744546,2025-03-11,2025,1,40,98,2229,Western Kentucky Hilltoppers,Florida International Panthers,61,64,64.0,20.0,15.0,11.0,57.0,32.0,13.0,8.0
401745794,2025-03-11,2025,1,40,2458,147,Northern Colorado Bears,Montana State Bobcats,72,45,54.0,18.0,10.0,11.0,55.0,18.0,7.0,7.0
401745795,2025-03-11,2025,1,40,149,70,Montana Grizzlies,Idaho Vandals,78,55,61.0,10.0,6.0,6.0,55.0,20.0,9.0,11.0
401745824,2025-03-11,2025,0,40,2377,2466,McNeese Cowboys,Northwestern State Demons,83,64,50.0,21.0,5.0,8.0,56.0,11.0,9.0,12.0
401745825,2025-03-11,2025,1,40,2320,2447,Lamar Cardinals,Nicholls Colonels,58,55,52.0,25.0,13.0,15.0,57.0,14.0,10.0,15.0
401745885,2025-03-11,2025,0,40,2803,399,Bryant Bulldogs,UAlbany Great Danes,91,78,65.0,22.0,12.0,13.0,63.0,25.0,12.0,13.0
401745886,2025-03-11,2025,0,40,261,311,Vermont Catamounts,Maine Black Bears,42,57,54.0,14.0,11.0,17.0,57.0,20.0,7.0,3.0
401746250,2025-03-11,2025,1,40,350,48,UNC Wilmington Seahawks,Delaware Blue Hens,76,72,56.0,29.0,11.0,6.0,59.0,17.0,7.0,6.0
401743766,2025-03-12,2025,1,40,59,258,Georgia Tech Yellow Jackets,Virginia Cavaliers,66,60,51.0,23.0,11.0,13.0,58.0,11.0,5.0,8.0
401743767,2025-03-12,2025,1,40,153,87,North Carolina Tar Heels,Notre Dame Fighting Irish,76,56,58.0,12.0,8.0,8.0,62.0,17.0,10.0,6.0
401743768,2025-03-12,2025,1,40,24,25,Stanford Cardinal,California Golden Bears,78,73,55.0,13.0,7.0,8.0,53.0,15.0,13.0,16.0
401743769,2025-03-12,2025,1,40,2567,183,SMU Mustangs,Syracuse Orange,73,53,47.0,22.0,8.0,15.0,53.0,16.0,10.0,15.0
401743806,2025-03-12,2025,1,40,2166,257,Davidson Wildcats,Richmond Spiders,69,65,48.0,22.0,3.0,9.0,53.0,11.0,5.0,11.0
401743807,2025-03-12,2025,1,40,227,2230,Rhode Island Rams,Fordham Rams,71,88,60.0,34.0,16.0,8.0,60.0,28.0,12.0,10.0
401743808,2025-03-12,2025,1,40,113,2325,Massachusetts Minutemen,La Salle Explorers,71,78,67.0,24.0,16.0,7.0,50.0,37.0,8.0,11.0
401743841,2025-03-12,2025,1,45,2305,2116,Kansas Jayhawks,UCF Knights,98,94,76.0,23.0,17.0,16.0,68.0,24.0,10.0,14.0
401743845,2025-03-12,2025,1,40,66,2132,Iowa State Cyclones,Cincinnati Bearcats,76,56,54.0,10.0,11.0,17.0,58.0,11.0,10.0,11.0
401743846,2025-03-12,2025,1,40,277,38,West Virginia Mountaineers,Colorado Buffaloes,60,67,51.0,18.0,10.0,15.0,49.0,22.0,9.0,11.0
401743847,2025-03-12,2025,1,40,239,2306,Baylor Bears,Kansas State Wildcats,70,56,61.0,10.0,10.0,6.0,57.0,13.0,9.0,7.0
401743855,2025-03-12,2025,1,40,2507,2086,Providence Friars,Butler Bulldogs,69,75,77.0,4.0,25.0,13.0,62.0,10.0,7.0,6.0
401743856,2025-03-12,2025,1,40,46,305,Georgetown Hoyas,DePaul Blue Demons,67,71,58.0,20.0,7.0,8.0,49.0,16.0,2.0,15.0
401743857,2025-03-12,2025,1,40,222,2550,Villanova Wildcats,Seton Hall Pirates,67,55,44.0,30.0,11.0,16.0,53.0,9.0,9.0,15.0
401743893,2025-03-12,2025,1,40,135,77,Minnesota Golden Gophers,Northwestern Wildcats,64,72,53.0,21.0,10.0,12.0,56.0,22.0,12.0,11.0
401743894,2025-03-12,2025,1,40,194,2294,Ohio State Buckeyes,Iowa Hawkeyes,70,77,59.0,20.0,13.0,10.0,53.0,10.0,6.0,12.0
401743895,2025-03-12,2025,1,50,164,30,Rutgers Scarlet Knights,USC Trojans,89,97,77.0,22.0,15.0,12.0,60.0,31.0,10.0,21.0
401743943,2025-03-12,2025,1,40,2540,2934,UC Santa Barbara Gauchos,Cal State Bakersfield Roadrunners,71,66,52.0,29.0,9.0,9.0,61.0,12.0,14.0,13.0
401743944,2025-03-12,2025,1,40,302,13,UC Davis Aggies,Cal Poly Mustangs,76,86,54.0,17.0,5.0,16.0,63.0,9.0,8.0,11.0
401744003,2025-03-12,2025,1,40,2514,2520,Quinnipiac Bobcats,Rider Broncs,78,64,59.0,25.0,17.0,7.0,59.0,11.0,13.0,9.0
401744004,2025-03-12,2025,1,45,2771,2529,Merrimack Warriors,Sacred Heart Pioneers,66,62,62.0,9.0,8.0,14.0,63.0,23.0,19.0,20.0
401744021,2025-03-12,2025,1,40,2450,2379,Norfolk State Spartans,Maryland Eastern Shore Hawks,77,70,52.0,21.0,5.0,9.0,59.0,18.0,10.0,8.0
401744022,2025-03-12,2025,1,40,2569,2154,South Carolina State Bulldogs,Coppin State Eagles,68,63,62.0,16.0,14.0,15.0,57.0,11.0,11.0,19.0
401744071,2025-03-12,2025,1,40,23,2751,San José State Spartans,Wyoming Cowboys,66,61,46.0,21.0,6.0,16.0,59.0,15.0,13.0,14.0
401744073,2025-03-12,2025,1,40,2440,278,Nevada Wolf Pack,Fresno State Bulldogs,86,71,67.0,21.0,17.0,10.0,53.0,29.0,12.0,11.0
401744078,2025-03-12,2025,1,40,2439,2005,UNLV Rebels,Air Force Falcons,68,59,51.0,26.0,7.0,10.0,57.0,9.0,4.0,8.0
401744147,2025-03-12,2025,0,40,44,2426,American University Eagles,Navy Midshipmen,74,52,52.0,13.0,4.0,9.0,57.0,10.0,11.0,12.0
401744152,2025-03-12,2025,1,40,8,2579,Arkansas Razorbacks,South Carolina Gamecocks,72,68,56.0,16.0,8.0,11.0,59.0,18.0,12.0,11.0
401744154,2025-03-12,2025,1,40,238,251,Vanderbilt Commodores,Texas Longhorns,72,79,58.0,30.0,9.0,9.0,54.0,34.0,8.0,8.0
401744157,2025-03-12,2025,1,40,344,99,Mississippi State Bulldogs,LSU Tigers,91,62,67.0,10.0,11.0,14.0,56.0,26.0,10.0,15.0
401744159,2025-03-12,2025,1,40,61,201,Georgia Bulldogs,Oklahoma Sooners,75,81,63.0,16.0,15.0,12.0,54.0,25.0,8.0,12.0
401744242,2025-03-12,2025,1,45,2582,2755,Southern Jaguars,Grambling Tigers,62,65,69.0,15.0,22.0,21.0,59.0,26.0,13.0,14.0
401744244,2025-03-12,2025,1,40,2296,50,Jackson State Tigers,Florida A&M Rattlers,91,76,49.0,29.0,5.0,9.0,61.0,24.0,7.0,4.0
401744250,2025-03-12,2025,1,40,3084,3101,Utah Valley Wolverines,Utah Tech Trailblazers,74,57,52.0,28.0,7.0,13.0,61.0,18.0,10.0,9.0
401744251,2025-03-12,2025,1,40,2253,250,Grand Canyon Lopes,UT Arlington Mavericks,98,75,65.0,32.0,14.0,8.0,55.0,25.0,12.0,16.0
401744547,2025-03-12,2025,1,40,2335,2638,Liberty Flames,UTEP Miners,81,60,55.0,7.0,8.0,11.0,58.0,13.0,15.0,12.0
401744548,2025-03-12,2025,1,40,55,2229,Jacksonville State Gamecocks,Florida International Panthers,65,56,53.0,20.0,10.0,13.0,53.0,18.0,11.0,12.0
401745776,2025-03-12,2025,1,40,242,2429,Rice Owls,Charlotte 49ers,61,64,55.0,22.0,11.0,10.0,44.0,34.0,6.0,10.0
401745796,2025-03-12,2025,1,40,2458,149,Northern Colorado Bears,Montana Grizzlies,83,91,51.0,20.0,5.0,8.0,46.0,28.0,5.0,10.0
401745826,2025-03-12,2025,0,40,2377,2320,McNeese Cowboys,Lamar Cardinals,63,54,48.0,27.0,5.0,8.0,65.0,17.0,21.0,11.0
401743770,2025-03-13,2025,1,40,150,59,Duke Blue Devils,Georgia Tech Yellow Jackets,78,70,62.0,19.0,11.0,8.0,61.0,8.0,9.0,11.0
401743771,2025-03-13,2025,1,40,154,153,Wake Forest Demon Deacons,North Carolina Tar Heels,59,68,62.0,20.0,10.0,10.0,56.0,27.0,11.0,12.0
401743772,2025-03-13,2025,1,40,97,24,Louisville Cardinals,Stanford Cardinal,75,73,55.0,18.0,10.0,11.0,56.0,12.0,7.0,10.0
401743773,2025-03-13,2025,1,40,228,2567,Clemson Tigers,SMU Mustangs,57,54,47.0,23.0,9.0,16.0,55.0,13.0,9.0,13.0
401743809,2025-03-13,2025,1,40,179,2184,St. Bonaventure Bonnies,Duquesne Dukes,64,59,61.0,11.0,9.0,7.0,52.0,12.0,11.0,18.0
401743810,2025-03-13,2025,1,40,139,2166,Saint Louis Billikens,Davidson Wildcats,83,75,51.0,20.0,5.0,14.0,66.0,6.0,9.0,10.0
401743811,2025-03-13,2025,1,40,45,2230,George Washington Revolutionaries,Fordham Rams,88,81,56.0,28.0,9.0,6.0,58.0,22.0,13.0,7.0
401743812,2025-03-13,2025,1,40,2603,2325,Saint Joseph's Hawks,La Salle Explorers,75,70,64.0,26.0,19.0,10.0,62.0,11.0,11.0,8.0
401743848,2025-03-13,2025,1,40,252,66,BYU Cougars,Iowa State Cyclones,96,92,58.0,21.0,10.0,10.0,66.0,7.0,9.0,9.0
401743849,2025-03-13,2025,1,40,248,38,Houston Cougars,Colorado Buffaloes,77,68,49.0,31.0,9.0,12.0,57.0,20.0,10.0,13.0
401743850,2025-03-13,2025,1,40,2641,239,Texas Tech Red Raiders,Baylor Bears,76,74,64.0,16.0,17.0,7.0,60.0,19.0,13.0,4.0
401743851,2025-03-13,2025,1,40,12,2305,Arizona Wildcats,Kansas Jayhawks,88,77,58.0,21.0,8.0,10.0,64.0,13.0,13.0,13.0
401743878,2025-03-13,2025,1,40,2599,2086,St. John's Red Storm,Butler Bulldogs,78,57,72.0,4.0,14.0,9.0,55.0,16.0,9.0,15.0
401743879,2025-03-13,2025,1,40,2752,269,Xavier Musketeers,Marquette Golden Eagles,87,89,57.0,19.0,5.0,10.0,66.0,13.0,4.0,4.0
401743880,2025-03-13,2025,1,50,156,305,Creighton Bluejays,DePaul Blue Demons,85,81,72.0,18.0,15.0,13.0,70.0,10.0,12.0,15.0
401743881,2025-03-13,2025,1,40,41,222,UConn Huskies,Villanova Wildcats,73,56,45.0,15.0,3.0,10.0,47.0,25.0,7.0,7.0
401743896,2025-03-13,2025,1,40,2483,84,Oregon Ducks,Indiana Hoosiers,72,59,53.0,15.0,5.0,14.0,69.0,10.0,13.0,11.0
401743897,2025-03-13,2025,1,40,275,77,Wisconsin Badgers,Northwestern Wildcats,70,63,53.0,23.0,9.0,10.0,54.0,22.0,12.0,14.0
401743918,2025-03-13,2025,1,40,356,2294,Illinois Fighting Illini,Iowa Hawkeyes,106,94,65.0,30.0,14.0,10.0,71.0,10.0,7.0,5.0
401743919,2025-03-13,2025,1,40,2509,30,Purdue Boilermakers,USC Trojans,76,71,55.0,23.0,15.0,10.0,62.0,14.0,16.0,10.0
401743945,2025-03-13,2025,1,40,2463,2540,Cal State Northridge Matadors,UC Santa Barbara Gauchos,72,78,55.0,20.0,12.0,21.0,61.0,22.0,8.0,12.0
401743946,2025-03-13,2025,1,40,27,13,UC Riverside Highlanders,Cal Poly Mustangs,83,96,64.0,20.0,8.0,11.0,61.0,24.0,12.0,13.0
401744011,2025-03-13,2025,1,40,314,2363,Iona Gaels,Manhattan Jaspers,77,65,60.0,14.0,10.0,9.0,64.0,19.0,18.0,13.0
401744013,2025-03-13,2025,1,40,2368,116,Marist Red Foxes,Mount St. Mary's Mountaineers,58,62,67.0,14.0,17.0,8.0,54.0,23.0,13.0,14.0
401744024,2025-03-13,2025,1,40,47,2415,Howard Bison,Morgan State Bears,90,91,66.0,33.0,14.0,15.0,72.0,22.0,14.0,13.0
401744026,2025-03-13,2025,1,40,2169,2428,Delaware State Hornets,North Carolina Central Eagles,77,79,56.0,26.0,14.0,11.0,50.0,25.0,10.0,17.0
401744082,2025-03-13,2025,1,40,167,23,New Mexico Lobos,San José State Spartans,63,52,64.0,20.0,17.0,10.0,56.0,8.0,8.0,18.0
401744083,2025-03-13,2025,1,40,21,68,San Diego State Aztecs,Boise State Broncos,52,62,47.0,15.0,4.0,12.0,56.0,17.0,13.0,10.0
401744084,2025-03-13,2025,1,40,36,2440,Colorado State Rams,Nevada Wolf Pack,67,59,51.0,20.0,6.0,9.0,55.0,17.0,6.0,5.0
401744086,2025-03-13,2025,1,40,328,2439,Utah State Aggies,UNLV Rebels,70,58,54.0,17.0,14.0,13.0,55.0,37.0,19.0,8.0
401744161,2025-03-13,2025,1,40,145,8,Ole Miss Rebels,Arkansas Razorbacks,83,80,64.0,20.0,8.0,11.0,56.0,32.0,12.0,15.0
401744162,2025-03-13,2025,1,50,245,251,Texas A&M Aggies,Texas Longhorns,89,94,72.0,40.0,20.0,13.0,72.0,31.0,9.0,6.0
401744163,2025-03-13,2025,1,40,142,344,Missouri Tigers,Mississippi State Bulldogs,85,73,55.0,28.0,9.0,14.0,66.0,27.0,14.0,8.0
401744164,2025-03-13,2025,1,40,96,201,Kentucky Wildcats,Oklahoma Sooners,85,84,60.0,22.0,8.0,12.0,62.0,18.0,4.0,8.0
401744243,2025-03-13,2025,1,40,2640,2011,Texas Southern Tigers,Alabama State Hornets,79,84,57.0,19.0,9.0,18.0,65.0,28.0,14.0,12.0
401744245,2025-03-13,2025,1,40,2065,2016,Bethune-Cookman Wildcats,Alcorn State Braves,69,60,57.0,16.0,6.0,9.0,62.0,11.0,10.0,12.0
401744252,2025-03-13,2025,1,40,2000,2547,Abilene Christian Wildcats,Seattle U Redhawks,63,69,66.0,17.0,18.0,17.0,47.0,34.0,6.0,17.0
401744253,2025-03-13,2025,1,40,2856,2627,California Baptist Lancers,Tarleton State Texans,55,51,58.0,14.0,15.0,13.0,44.0,16.0,3.0,11.0
401744549,2025-03-13,2025,1,40,338,166,Kennesaw State Owls,New Mexico State Aggies,80,77,51.0,29.0,10.0,11.0,64.0,27.0,16.0,8.0
401744550,2025-03-13,2025,1,50,2393,2348,Middle Tennessee Blue Raiders,Louisiana Tech Bulldogs,77,75,65.0,29.0,15.0,14.0,68.0,26.0,13.0,12.0
401745777,2025-03-13,2025,1,40,2724,58,Wichita State Shockers,South Florida Bulls,73,68,60.0,21.0,10.0,11.0,66.0,21.0,14.0,8.0
401745778,2025-03-13,2025,1,40,2226,2429,Florida Atlantic Owls,Charlotte 49ers,64,59,47.0,30.0,7.0,7.0,56.0,20.0,11.0,10.0
401745779,2025-03-13,2025,1,40,218,202,Temple Owls,Tulsa Golden Hurricane,71,75,55.0,34.0,10.0,8.0,55.0,25.0,5.0,9.0
401745780,2025-03-13,2025,1,40,151,2636,East Carolina Pirates,UTSA Roadrunners,70,65,63.0,21.0,14.0,8.0,63.0,18.0,13.0,8.0
401745813,2025-03-13,2025,1,40,2006,189,Akron Zips,Bowling Green Falcons,96,67,69.0,15.0,10.0,9.0,60.0,17.0,13.0,22.0
401745814,2025-03-13,2025,1,45,2649,195,Toledo Rockets,Ohio Bobcats,90,85,65.0,35.0,14.0,10.0,69.0,21.0,11.0,11.0
401745815,2025-03-13,2025,1,40,193,2199,Miami (OH) RedHawks,Eastern Michigan Eagles,81,75,58.0,29.0,14.0,14.0,67.0,11.0,10.0,9.0
401745816,2025-03-13,2025,1,40,2309,2711,Kent State Golden Flashes,Western Michigan Broncos,73,66,61.0,12.0,10.0,13.0,62.0,12.0,10.0,12.0
401743774,2025-03-14,2025,1,40,150,153,Duke Blue Devils,North Carolina Tar Heels,74,71,55.0,22.0,10.0,13.0,55.0,24.0,10.0,12.0
401743775,2025-03-14,2025,1,40,97,228,Louisville Cardinals,Clemson Tigers,76,73,55.0,27.0,9.0,15.0,69.0,17.0,14.0,9.0
401743813,2025-03-14,2025,1,40,2670,179,VCU Rams,St. Bonaventure Bonnies,76,59,68.0,10.0,16.0,7.0,55.0,20.0,13.0,13.0
401743814,2025-03-14,2025,1,40,2350,139,Loyola Chicago Ramblers,Saint Louis Billikens,72,64,57.0,21.0,10.0,9.0,51.0,18.0,6.0,10.0
401743815,2025-03-14,2025,1,40,2244,45,George Mason Patriots,George Washington Revolutionaries,80,65,53.0,17.0,11.0,14.0,50.0,20.0,9.0,15.0
401743816,2025-03-14,2025,1,45,2168,2603,Dayton Flyers,Saint Joseph's Hawks,68,73,71.0,11.0,9.0,9.0,63.0,28.0,11.0,8.0
401743852,2025-03-14,2025,1,40,248,252,Houston Cougars,BYU Cougars,74,54,55.0,23.0,12.0,9.0,60.0,10.0,14.0,13.0
401743853,2025-03-14,2025,1,40,2641,12,Texas Tech Red Raiders,Arizona Wildcats,80,86,61.0,30.0,14.0,7.0,61.0,21.0,13.0,9.0
401743882,2025-03-14,2025,1,40,2599,269,St. John's Red Storm,Marquette Golden Eagles,79,63,67.0,25.0,11.0,11.0,59.0,18.0,7.0,17.0
401743883,2025-03-14,2025,1,40,156,41,Creighton Bluejays,UConn Huskies,71,62,50.0,18.0,7.0,4.0,61.0,4.0,12.0,6.0
401743916,2025-03-14,2025,1,40,127,2483,Michigan State Spartans,Oregon Ducks,74,64,54.0,29.0,10.0,12.0,53.0,14.0,6.0,15.0
401743917,2025-03-14,2025,1,40,26,275,UCLA Bruins,Wisconsin Badgers,70,86,68.0,26.0,20.0,5.0,58.0,13.0,9.0,11.0
401743938,2025-03-14,2025,1,40,120,356,Maryland Terrapins,Illinois Fighting Illini,88,65,71.0,24.0,14.0,3.0,63.0,18.0,16.0,17.0
401743939,2025-03-14,2025,1,40,130,2509,Michigan Wolverines,Purdue Boilermakers,86,68,58.0,22.0,9.0,6.0,65.0,22.0,14.0,5.0
401743947,2025-03-14,2025,1,40,28,2540,UC San Diego Tritons,UC Santa Barbara Gauchos,69,51,50.0,25.0,7.0,3.0,60.0,17.0,18.0,10.0
401743948,2025-03-14,2025,1,40,300,13,UC Irvine Anteaters,Cal Poly Mustangs,96,78,61.0,22.0,12.0,13.0,63.0,10.0,7.0,11.0
401744014,2025-03-14,2025,1,40,2514,314,Quinnipiac Bobcats,Iona Gaels,73,81,59.0,17.0,12.0,9.0,59.0,22.0,14.0,10.0
401744015,2025-03-14,2025,1,40,2771,116,Merrimack Warriors,Mount St. Mary's Mountaineers,55,57,53.0,13.0,2.0,2.0,45.0,19.0,7.0,12.0
401744029,2025-03-14,2025,1,40,2450,2415,Norfolk State Spartans,Morgan State Bears,58,55,57.0,13.0,11.0,15.0,57.0,15.0,10.0,12.0
401744031,2025-03-14,2025,1,40,2569,2428,South Carolina State Bulldogs,North Carolina Central Eagles,88,67,55.0,21.0,8.0,16.0,48.0,25.0,5.0,15.0
401744088,2025-03-14,2025,1,40,167,68,New Mexico Lobos,Boise State Broncos,69,72,63.0,18.0,14.0,6.0,52.0,23.0,11.0,12.0
401744090,2025-03-14,2025,1,40,36,328,Colorado State Rams,Utah State Aggies,83,72,42.0,37.0,7.0,14.0,63.0,30.0,20.0,10.0
401744166,2025-03-14,2025,1,40,2,145,Auburn Tigers,Ole Miss Rebels,62,57,51.0,15.0,10.0,15.0,53.0,17.0,7.0,10.0
401744168,2025-03-14,2025,1,40,2633,251,Tennessee Volunteers,Texas Longhorns,83,72,54.0,35.0,15.0,8.0,54.0,21.0,12.0,11.0
401744170,2025-03-14,2025,1,40,57,142,Florida Gators,Missouri Tigers,95,81,55.0,23.0,9.0,16.0,68.0,28.0,18.0,9.0
401744171,2025-03-14,2025,1,40,333,96,Alabama Crimson Tide,Kentucky Wildcats,99,70,71.0,21.0,7.0,10.0,56.0,35.0,7.0,16.0
401744246,2025-03-14,2025,1,40,2011,2755,Alabama State Hornets,Grambling Tigers,64,62,64.0,14.0,15.0,8.0,55.0,18.0,8.0,9.0
401744247,2025-03-14,2025,1,40,2296,2065,Jackson State Tigers,Bethune-Cookman Wildcats,71,50,48.0,23.0,5.0,14.0,79.0,10.0,20.0,6.0
401744254,2025-03-14,2025,1,40,2253,2856,Grand Canyon Lopes,California Baptist Lancers,75,66,54.0,23.0,10.0,12.0,58.0,16.0,11.0,13.0
401744255,2025-03-14,2025,1,40,3084,2547,Utah Valley Wolverines,Seattle U Redhawks,68,55,47.0,20.0,10.0,17.0,55.0,17.0,9.0,10.0
401744551,2025-03-14,2025,1,40,2335,338,Liberty Flames,Kennesaw State Owls,81,79,55.0,20.0,7.0,7.0,54.0,23.0,8.0,8.0
401744552,2025-03-14,2025,1,40,55,2393,Jacksonville State Gamecocks,Middle Tennessee Blue Raiders,70,68,53.0,20.0,13.0,11.0,53.0,17.0,8.0,9.0
401745781,2025-03-14,2025,1,40,235,2724,Memphis Tigers,Wichita State Shockers,83,80,64.0,30.0,14.0,15.0,55.0,31.0,8.0,17.0
401745782,2025-03-14,2025,1,40,2655,2226,Tulane Green Wave,Florida Atlantic Owls,83,76,54.0,32.0,10.0,5.0,69.0,24.0,19.0,4.0
401745783,2025-03-14,2025,1,40,249,202,North Texas Mean Green,Tulsa Golden Hurricane,77,59,53.0,24.0,12.0,8.0,44.0,26.0,8.0,16.0
401745784,2025-03-14,2025,1,40,5,151,UAB Blazers,East Carolina Pirates,94,77,67.0,22.0,13.0,6.0,66.0,11.0,7.0,9.0
401745817,2025-03-14,2025,1,40,2006,2649,Akron Zips,Toledo Rockets,100,90,57.0,33.0,9.0,6.0,59.0,32.0,10.0,7.0
401745818,2025-03-14,2025,1,40,193,2309,Miami (OH) RedHawks,Kent State Golden Flashes,72,64,56.0,19.0,7.0,10.0,64.0,21.0,11.0,9.0
401743776,2025-03-15,2025,1,40,150,97,Duke Blue Devils,Louisville Cardinals,73,62,50.0,24.0,8.0,10.0,64.0,10.0,16.0,11.0
401743817,2025-03-15,2025,1,40,2670,2350,VCU Rams,Loyola Chicago Ramblers,62,55,51.0,21.0,9.0,10.0,68.0,16.0,22.0,10.0
401743838,2025-03-15,2025,1,40,2244,2603,George Mason Patriots,Saint Joseph's Hawks,74,64,51.0,15.0,7.0,16.0,66.0,16.0,20.0,14.0
401743854,2025-03-15,2025,1,40,248,12,Houston Cougars,Arizona Wildcats,72,64,61.0,12.0,9.0,8.0,57.0,12.0,8.0,12.0
401743884,2025-03-15,2025,0,40,2599,156,St. John's Red Storm,Creighton Bluejays,82,66,65.0,11.0,11.0,9.0,60.0,16.0,11.0,15.0
401743940,2025-03-15,2025,1,40,127,275,Michigan State Spartans,Wisconsin Badgers,74,77,59.0,24.0,8.0,7.0,54.0,28.0,5.0,7.0
401743941,2025-03-15,2025,1,40,120,130,Maryland Terrapins,Michigan Wolverines,80,81,61.0,23.0,4.0,6.0,66.0,13.0,18.0,19.0
401743949,2025-03-15,2025,1,40,28,300,UC San Diego Tritons,UC Irvine Anteaters,75,61,55.0,13.0,7.0,14.0,57.0,13.0,9.0,12.0
401743986,2025-03-15,2025,1,40,43,163,Yale Bulldogs,Princeton Tigers,59,57,49.0,18.0,8.0,9.0,57.0,3.0,6.0,9.0
401743987,2025-03-15,2025,1,40,172,159,Cornell Big Red,Dartmouth Big Green,87,71,60.0,18.0,6.0,9.0,66.0,17.0,10.0,9.0
401744016,2025-03-15,2025,1,40,314,116,Iona Gaels,Mount St. Mary's Mountaineers,49,63,58.0,13.0,17.0,16.0,52.0,11.0,11.0,19.0
401744034,2025-03-15,2025,1,40,2450,2569,Norfolk State Spartans,South Carolina State Bulldogs,66,65,48.0,34.0,13.0,17.0,62.0,12.0,14.0,15.0
401744093,2025-03-15,2025,1,40,36,68,Colorado State Rams,Boise State Broncos,69,56,51.0,19.0,7.0,8.0,49.0,14.0,9.0,13.0
401744172,2025-03-15,2025,1,40,2,2633,Auburn Tigers,Tennessee Volunteers,65,70,55.0,22.0,9.0,6.0,47.0,27.0,10.0,11.0
401744173,2025-03-15,2025,1,40,57,333,Florida Gators,Alabama Crimson Tide,104,82,72.0,28.0,13.0,7.0,67.0,23.0,11.0,10.0
401744248,2025-03-15,2025,1,40,2296,2011,Jackson State Tigers,Alabama State Hornets,56,60,54.0,15.0,11.0,14.0,65.0,11.0,13.0,6.0
401744256,2025-03-15,2025,1,40,3084,2253,Utah Valley Wolverines,Grand Canyon Lopes,82,89,58.0,28.0,13.0,11.0,54.0,33.0,8.0,8.0
401744553,2025-03-15,2025,1,40,2335,55,Liberty Flames,Jacksonville State Gamecocks,79,67,50.0,9.0,1.0,9.0,55.0,25.0,10.0,5.0
401745785,2025-03-15,2025,1,40,235,2655,Memphis Tigers,Tulane Green Wave,78,77,65.0,38.0,22.0,13.0,60.0,21.0,9.0,12.0
401745786,2025-03-15,2025,1,40,249,5,North Texas Mean Green,UAB Blazers,56,66,62.0,16.0,19.0,11.0,56.0,19.0,14.0,8.0
401745819,2025-03-15,2025,1,40,2006,193,Akron Zips,Miami (OH) RedHawks,76,74,59.0,16.0,13.0,9.0,57.0,5.0,7.0,10.0
401745889,2025-03-15,2025,0,40,2803,311,Bryant Bulldogs,Maine Black Bears,79,59,63.0,12.0,13.0,19.0,57.0,20.0,6.0,12.0
401743839,2025-03-16,2025,1,40,2670,2244,VCU Rams,George Mason Patriots,68,63,47.0,27.0,11.0,16.0,56.0,19.0,14.0,11.0
401743942,2025-03-16,2025,1,40,130,275,Michigan Wolverines,Wisconsin Badgers,59,53,59.0,13.0,6.0,8.0,68.0,18.0,15.0,6.0
401743988,2025-03-16,2025,1,40,43,172,Yale Bulldogs,Cornell Big Red,90,84,62.0,21.0,7.0,3.0,52.0,16.0,4.0,11.0
401744175,2025-03-16,2025,1,40,57,2633,Florida Gators,Tennessee Volunteers,86,77,61.0,28.0,15.0,8.0,49.0,32.0,5.0,9.0
401745787,2025-03-16,2025,1,40,235,5,Memphis Tigers,UAB Blazers,84,72,68.0,23.0,18.0,12.0,69.0,23.0,21.0,15.0
401745907,2025-03-18,2025,1,40,2011,2598,Alabama State Hornets,Saint Francis Red Wolves,70,68,70.0,4.0,12.0,6.0,48.0,14.0,3.0,15.0
401745911,2025-03-18,2025,1,40,21,153,San Diego State Aztecs,North Carolina Tar Heels,68,95,58.0,23.0,9.0,11.0,57.0,24.0,10.0,11.0
401751910,2025-03-18,2025,0,40,197,2724,Oklahoma State Cowboys,Wichita State Shockers,89,79,70.0,26.0,17.0,8.0,71.0,20.0,15.0,11.0
401751911,2025-03-18,2025,0,40,2032,139,Arkansas State Red Wolves,Saint Louis Billikens,103,78,74.0,13.0,11.0,8.0,58.0,21.0,6.0,13.0
401751912,2025-03-18,2025,0,55,2393,236,Middle Tennessee Blue Raiders,Chattanooga Mocs,103,109,78.0,27.0,13.0,16.0,76.0,28.0,8.0,11.0
401751913,2025-03-18,2025,0,40,59,55,Georgia Tech Yellow Jackets,Jacksonville State Gamecocks,64,81,62.0,9.0,9.0,11.0,60.0,8.0,9.0,14.0
401751914,2025-03-18,2025,0,40,2541,27,Santa Clara Broncos,UC Riverside Highlanders,101,62,61.0,14.0,7.0,7.0,63.0,3.0,10.0,14.0
401751915,2025-03-18,2025,0,40,179,2309,St. Bonaventure Bonnies,Kent State Golden Flashes,56,75,61.0,13.0,7.0,9.0,57.0,15.0,10.0,16.0
401751936,2025-03-18,2025,0,40,24,2463,Stanford Cardinal,Cal State Northridge Matadors,87,70,60.0,23.0,10.0,8.0,61.0,18.0,10.0,11.0
401745909,2025-03-19,2025,1,40,251,2752,Texas Longhorns,Xavier Musketeers,80,86,55.0,24.0,9.0,10.0,58.0,16.0,4.0,7.0
401745913,2025-03-19,2025,1,40,44,116,American University Eagles,Mount St. Mary's Mountaineers,72,83,57.0,8.0,8.0,13.0,52.0,17.0,7.0,12.0
401751937,2025-03-19,2025,0,40,23,2350,San José State Spartans,Loyola Chicago Ramblers,70,73,57.0,24.0,10.0,8.0,57.0,12.0,9.0,15.0
401751938,2025-03-19,2025,0,40,2567,2460,SMU Mustangs,Northern Iowa Panthers,73,63,63.0,17.0,11.0,12.0,55.0,18.0,2.0,12.0
401751939,2025-03-19,2025,0,40,249,231,North Texas Mean Green,Furman Paladins,75,64,52.0,13.0,8.0,7.0,54.0,4.0,10.0,11.0
401751940,2025-03-19,2025,1,40,2168,2226,Dayton Flyers,Florida Atlantic Owls,86,79,56.0,20.0,8.0,10.0,55.0,21.0,9.0,13.0
401751941,2025-03-19,2025,0,40,71,2453,Bradley Braves,North Alabama Lions,71,62,58.0,28.0,10.0,7.0,58.0,22.0,13.0,15.0
401751942,2025-03-19,2025,0,40,2244,2535,George Mason Patriots,Samford Bulldogs,86,69,52.0,36.0,11.0,10.0,54.0,18.0,13.0,18.0
401751943,2025-03-19,2025,0,40,300,2458,UC Irvine Anteaters,Northern Colorado Bears,82,72,59.0,18.0,9.0,10.0,67.0,15.0,18.0,14.0
401751944,2025-03-19,2025,0,40,2603,5,Saint Joseph's Hawks,UAB Blazers,65,69,72.0,11.0,13.0,8.0,68.0,19.0,18.0,14.0
401751945,2025-03-19,2025,0,40,2539,3084,San Francisco Dons,Utah Valley Wolverines,79,70,65.0,15.0,11.0,12.0,58.0,27.0,10.0,13.0
401745957,2025-03-20,2025,1,40,2,2011,Auburn Tigers,Alabama State Hornets,83,63,60.0,32.0,14.0,12.0,62.0,19.0,8.0,10.0
401745959,2025-03-20,2025,1,40,97,156,Louisville Cardinals,Creighton Bluejays,75,89,70.0,8.0,9.0,6.0,56.0,21.0,6.0,10.0
401745963,2025-03-20,2025,1,40,130,28,Michigan Wolverines,UC San Diego Tritons,68,65,57.0,20.0,14.0,14.0,62.0,13.0,10.0,8.0
401745966,2025-03-20,2025,1,40,245,43,Texas A&M Aggies,Yale Bulldogs,80,71,60.0,21.0,10.0,11.0,58.0,14.0,6.0,13.0
401745968,2025-03-20,2025,1,40,252,2670,BYU Cougars,VCU Rams,80,71,54.0,28.0,14.0,12.0,63.0,6.0,12.0,11.0
401745970,2025-03-20,2025,1,40,275,149,Wisconsin Badgers,Montana Grizzlies,85,66,56.0,20.0,8.0,11.0,63.0,12.0,9.0,8.0
401745972,2025-03-20,2025,1,40,248,2565,Houston Cougars,SIU Edwardsville Cougars,78,40,66.0,19.0,19.0,7.0,49.0,17.0,7.0,13.0
401745974,2025-03-20,2025,1,40,2250,61,Gonzaga Bulldogs,Georgia Bulldogs,89,68,60.0,15.0,11.0,12.0,60.0,29.0,13.0,13.0
401745978,2025-03-20,2025,1,40,228,2377,Clemson Tigers,McNeese Cowboys,67,69,57.0,19.0,13.0,13.0,62.0,22.0,18.0,11.0
401745980,2025-03-20,2025,1,40,2509,2272,Purdue Boilermakers,High Point Panthers,75,63,61.0,22.0,19.0,7.0,53.0,11.0,7.0,9.0
401745983,2025-03-20,2025,1,40,26,328,UCLA Bruins,Utah State Aggies,72,47,54.0,10.0,9.0,9.0,60.0,10.0,16.0,11.0
401745984,2025-03-20,2025,1,40,2633,2747,Tennessee Volunteers,Wofford Terriers,77,62,54.0,22.0,9.0,6.0,55.0,9.0,11.0,11.0
401745985,2025-03-20,2025,1,40,142,2181,Missouri Tigers,Drake Bulldogs,57,67,45.0,26.0,8.0,17.0,46.0,24.0,9.0,15.0
401745986,2025-03-20,2025,1,40,2641,350,Texas Tech Red Raiders,UNC Wilmington Seahawks,82,72,69.0,23.0,14.0,7.0,63.0,15.0,11.0,13.0
401745987,2025-03-20,2025,1,40,2305,8,Kansas Jayhawks,Arkansas Razorbacks,72,79,58.0,16.0,11.0,16.0,65.0,20.0,12.0,10.0
401745989,2025-03-20,2025,1,40,2599,2437,St. John's Red Storm,Omaha Mavericks,83,53,64.0,15.0,15.0,8.0,70.0,19.0,24.0,7.0
401745995,2025-03-21,2025,1,40,145,153,Ole Miss Rebels,North Carolina Tar Heels,71,64,54.0,23.0,9.0,14.0,63.0,16.0,9.0,9.0
401745997,2025-03-21,2025,1,40,66,288,Iowa State Cyclones,Lipscomb Bisons,82,55,60.0,8.0,7.0,12.0,51.0,12.0,5.0,17.0
401745999,2025-03-21,2025,1,40,269,167,Marquette Golden Eagles,New Mexico Lobos,66,75,59.0,12.0,10.0,12.0,55.0,21.0,9.0,13.0
401746001,2025-03-21,2025,1,40,127,2803,Michigan State Spartans,Bryant Bulldogs,87,62,70.0,21.0,21.0,11.0,70.0,9.0,9.0,7.0
401746003,2025-03-21,2025,1,40,150,116,Duke Blue Devils,Mount St. Mary's Mountaineers,93,49,70.0,12.0,7.0,2.0,63.0,8.0,8.0,11.0
401746005,2025-03-21,2025,1,40,344,239,Mississippi State Bulldogs,Baylor Bears,72,75,52.0,13.0,7.0,14.0,62.0,19.0,16.0,10.0
401746007,2025-03-21,2025,1,40,2483,2335,Oregon Ducks,Liberty Flames,81,52,57.0,11.0,9.0,14.0,61.0,8.0,9.0,12.0
401746009,2025-03-21,2025,1,40,12,2006,Arizona Wildcats,Akron Zips,93,65,69.0,10.0,15.0,16.0,63.0,20.0,4.0,7.0
401746012,2025-03-21,2025,1,40,2608,238,Saint Mary's Gaels,Vanderbilt Commodores,59,56,55.0,12.0,10.0,9.0,55.0,7.0,5.0,4.0
401746014,2025-03-21,2025,1,40,333,2523,Alabama Crimson Tide,Robert Morris Colonials,90,81,58.0,24.0,5.0,12.0,78.0,13.0,16.0,9.0
401746015,2025-03-21,2025,1,40,356,2752,Illinois Fighting Illini,Xavier Musketeers,86,73,58.0,18.0,10.0,14.0,62.0,19.0,5.0,5.0
401746016,2025-03-21,2025,1,40,96,2653,Kentucky Wildcats,Troy Trojans,76,57,59.0,16.0,7.0,10.0,63.0,9.0,11.0,11.0
401746017,2025-03-21,2025,1,40,57,2450,Florida Gators,Norfolk State Spartans,95,69,60.0,33.0,21.0,12.0,61.0,14.0,14.0,12.0
401746018,2025-03-21,2025,1,40,41,201,UConn Huskies,Oklahoma Sooners,67,59,56.0,18.0,13.0,13.0,53.0,27.0,12.0,12.0
401746019,2025-03-21,2025,1,40,235,36,Memphis Tigers,Colorado State Rams,70,78,59.0,20.0,16.0,16.0,57.0,25.0,13.0,10.0
401746021,2025-03-21,2025,1,40,120,2253,Maryland Terrapins,Grand Canyon Lopes,81,49,61.0,24.0,13.0,8.0,56.0,19.0,13.0,13.0
401746030,2025-03-22,2025,1,40,2509,2377,Purdue Boilermakers,McNeese Cowboys,76,62,51.0,23.0,12.0,19.0,56.0,13.0,7.0,11.0
401746032,2025-03-22,2025,1,40,2599,8,St. John's Red Storm,Arkansas Razorbacks,66,75,75.0,31.0,28.0,6.0,63.0,27.0,16.0,9.0
401746034,2025-03-22,2025,1,40,275,252,Wisconsin Badgers,BYU Cougars,89,91,63.0,29.0,11.0,5.0,65.0,16.0,13.0,11.0
401746036,2025-03-22,2025,1,40,245,130,Texas A&M Aggies,Michigan Wolverines,79,91,71.0,26.0,15.0,8.0,65.0,36.0,16.0,9.0
401746038,2025-03-22,2025,1,40,248,2250,Houston Cougars,Gonzaga Bulldogs,81,76,62.0,20.0,13.0,7.0,52.0,15.0,5.0,11.0
401746040,2025-03-22,2025,1,40,2641,2181,Texas Tech Red Raiders,Drake Bulldogs,77,64,52.0,22.0,5.0,5.0,54.0,14.0,6.0,5.0
401746042,2025-03-22,2025,1,40,2,156,Auburn Tigers,Creighton Bluejays,82,70,64.0,21.0,11.0,7.0,53.0,13.0,4.0,11.0
401746044,2025-03-22,2025,1,40,2633,26,Tennessee Volunteers,UCLA Bruins,67,58,49.0,16.0,12.0,18.0,53.0,14.0,10.0,11.0
401751946,2025-03-22,2025,0,40,236,2168,Chattanooga Mocs,Dayton Flyers,87,72,49.0,25.0,4.0,9.0,59.0,14.0,9.0,10.0
401751947,2025-03-22,2025,0,40,2244,71,George Mason Patriots,Bradley Braves,67,75,49.0,24.0,6.0,12.0,53.0,13.0,8.0,16.0
401746045,2025-03-23,2025,1,40,12,2483,Arizona Wildcats,Oregon Ducks,87,83,66.0,24.0,13.0,9.0,68.0,22.0,11.0,9.0
401746046,2025-03-23,2025,1,40,120,36,Maryland Terrapins,Colorado State Rams,72,71,62.0,12.0,8.0,6.0,62.0,10.0,13.0,8.0
401746047,2025-03-23,2025,1,40,66,145,Iowa State Cyclones,Ole Miss Rebels,78,91,56.0,24.0,13.0,15.0,55.0,21.0,6.0,8.0
401746048,2025-03-23,2025,1,40,96,356,Kentucky Wildcats,Illinois Fighting Illini,84,75,68.0,20.0,9.0,5.0,62.0,19.0,12.0,14.0
401746049,2025-03-23,2025,1,40,150,239,Duke Blue Devils,Baylor Bears,89,66,45.0,23.0,3.0,6.0,68.0,10.0,18.0,5.0
401746050,2025-03-23,2025,1,40,57,41,Florida Gators,UConn Huskies,77,75,50.0,34.0,12.0,12.0,64.0,22.0,14.0,6.0
401746052,2025-03-23,2025,1,40,333,2608,Alabama Crimson Tide,Saint Mary's Gaels,80,66,56.0,20.0,8.0,11.0,70.0,21.0,15.0,6.0
401746054,2025-03-23,2025,1,40,127,167,Michigan State Spartans,New Mexico Lobos,71,63,54.0,28.0,11.0,9.0,56.0,10.0,6.0,10.0
401751948,2025-03-23,2025,0,40,2539,2350,San Francisco Dons,Loyola Chicago Ramblers,76,77,64.0,24.0,14.0,6.0,60.0,24.0,8.0,4.0
401751949,2025-03-23,2025,0,40,2541,5,Santa Clara Broncos,UAB Blazers,84,88,68.0,14.0,12.0,11.0,67.0,26.0,8.0,4.0
401751950,2025-03-23,2025,0,40,24,2309,Stanford Cardinal,Kent State Golden Flashes,75,77,60.0,17.0,9.0,9.0,68.0,20.0,15.0,8.0
401751951,2025-03-23,2025,0,40,300,55,UC Irvine Anteaters,Jacksonville State Gamecocks,66,61,58.0,13.0,10.0,12.0,58.0,22.0,14.0,11.0
401751952,2025-03-23,2025,0,40,2567,197,SMU Mustangs,Oklahoma State Cowboys,83,85,61.0,29.0,13.0,10.0,59.0,22.0,10.0,14.0
401751953,2025-03-23,2025,0,40,249,2032,North Texas Mean Green,Arkansas State Red Wolves,65,63,57.0,13.0,10.0,8.0,65.0,9.0,13.0,5.0
401756974,2025-03-23,2025,1,40,2916,2363,Incarnate Word Cardinals,Manhattan Jaspers,92,85,66.0,18.0,13.0,7.0,60.0,32.0,11.0,6.0
401756976,2025-03-23,2025,1,40,349,2210,Army Black Knights,Elon Phoenix,83,78,70.0,24.0,17.0,5.0,54.0,20.0,9.0,14.0
401756979,2025-03-23,2025,1,40,2464,2511,Northern Arizona Lumberjacks,Queens University Royals,78,85,75.0,2.0,17.0,7.0,59.0,11.0,12.0,13.0
401756997,2025-03-23,2025,1,40,2506,2287,Presbyterian Blue Hose,Illinois State Redbirds,70,78,57.0,16.0,7.0,9.0,50.0,14.0,4.0,14.0
401756981,2025-03-24,2025,1,40,526,349,Florida Gulf Coast Eagles,Army Black Knights,68,65,59.0,15.0,9.0,9.0,61.0,16.0,7.0,7.0
401756984,2025-03-24,2025,1,40,325,2511,Cleveland State Vikings,Queens University Royals,88,73,61.0,9.0,9.0,13.0,45.0,34.0,6.0,15.0
401756994,2025-03-24,2025,1,40,294,2916,Jacksonville Dolphins,Incarnate Word Cardinals,71,87,56.0,22.0,15.0,18.0,57.0,28.0,11.0,11.0
401751954,2025-03-25,2025,0,40,71,236,Bradley Braves,Chattanooga Mocs,65,67,48.0,11.0,4.0,12.0,64.0,6.0,11.0,5.0
401751955,2025-03-25,2025,0,40,197,249,Oklahoma State Cowboys,North Texas Mean Green,59,61,55.0,16.0,8.0,19.0,53.0,21.0,8.0,17.0
401757001,2025-03-25,2025,1,40,2916,2287,Incarnate Word Cardinals,Illinois State Redbirds,73,78,58.0,28.0,11.0,8.0,55.0,33.0,11.0,10.0
401757003,2025-03-25,2025,1,40,325,526,Cleveland State Vikings,Florida Gulf Coast Eagles,72,65,61.0,23.0,14.0,8.0,57.0,14.0,13.0,13.0
401751976,2025-03-26,2025,0,40,2350,2309,Loyola Chicago Ramblers,Kent State Golden Flashes,72,62,59.0,16.0,8.0,7.0,54.0,22.0,9.0,11.0
401751977,2025-03-26,2025,0,45,300,5,UC Irvine Anteaters,UAB Blazers,81,77,70.0,21.0,9.0,11.0,74.0,14.0,10.0,11.0
401757007,2025-03-26,2025,1,40,325,2287,Cleveland State Vikings,Illinois State Redbirds,68,79,60.0,19.0,12.0,7.0,47.0,23.0,6.0,9.0
401746061,2025-03-27,2025,1,40,150,12,Duke Blue Devils,Arizona Wildcats,100,93,55.0,27.0,7.0,9.0,66.0,23.0,12.0,6.0
401746062,2025-03-27,2025,1,40,333,252,Alabama Crimson Tide,BYU Cougars,113,88,66.0,21.0,10.0,13.0,72.0,20.0,13.0,11.0
401746063,2025-03-27,2025,1,45,2641,8,Texas Tech Red Raiders,Arkansas Razorbacks,85,83,83.0,11.0,22.0,8.0,65.0,22.0,11.0,10.0
401746065,2025-03-27,2025,1,40,57,120,Florida Gators,Maryland Terrapins,87,71,60.0,21.0,15.0,17.0,54.0,26.0,7.0,11.0
401746069,2025-03-28,2025,1,40,2,130,Auburn Tigers,Michigan Wolverines,78,65,71.0,18.0,19.0,15.0,59.0,24.0,10.0,15.0
401746070,2025-03-28,2025,1,40,127,145,Michigan State Spartans,Ole Miss Rebels,73,70,48.0,22.0,5.0,10.0,64.0,10.0,12.0,8.0
401746071,2025-03-28,2025,1,40,248,2509,Houston Cougars,Purdue Boilermakers,62,60,61.0,11.0,16.0,7.0,52.0,12.0,7.0,7.0
401746072,2025-03-28,2025,1,40,2633,96,Tennessee Volunteers,Kentucky Wildcats,78,65,57.0,20.0,14.0,8.0,51.0,13.0,7.0,12.0
401746076,2025-03-29,2025,1,40,150,333,Duke Blue Devils,Alabama Crimson Tide,85,65,56.0,22.0,7.0,13.0,65.0,14.0,10.0,11.0
401746077,2025-03-29,2025,1,40,57,2641,Florida Gators,Texas Tech Red Raiders,84,79,57.0,27.0,11.0,12.0,72.0,13.0,14.0,7.0
401746078,2025-03-30,2025,1,40,2,127,Auburn Tigers,Michigan State Spartans,70,64,61.0,20.0,11.0,6.0,64.0,16.0,13.0,9.0
401746079,2025-03-30,2025,1,40,248,2633,Houston Cougars,Tennessee Volunteers,69,50,66.0,4.0,14.0,5.0,52.0,20.0,12.0,9.0
401758614,2025-03-31,2025,1,40,2086,254,Butler Bulldogs,Utah Utes,86,84,63.0,20.0,8.0,9.0,65.0,20.0,8.0,8.0
401758616,2025-03-31,2025,1,40,68,45,Boise State Broncos,George Washington Revolutionaries,89,59,72.0,9.0,10.0,9.0,48.0,23.0,4.0,22.0
401758621,2025-03-31,2025,1,40,9,158,Arizona State Sun Devils,Nebraska Cornhuskers,78,86,56.0,26.0,7.0,16.0,61.0,22.0,8.0,14.0
401758622,2025-03-31,2025,1,40,265,46,Washington State Cougars,Georgetown Hoyas,82,85,58.0,25.0,8.0,12.0,76.0,15.0,18.0,10.0
401751978,2025-04-01,2025,1,40,300,249,UC Irvine Anteaters,North Texas Mean Green,69,67,49.0,17.0,10.0,17.0,70.0,16.0,15.0,5.0
401751979,2025-04-01,2025,1,40,2350,236,Loyola Chicago Ramblers,Chattanooga Mocs,73,80,50.0,17.0,5.0,11.0,61.0,10.0,10.0,8.0
401758617,2025-04-01,2025,1,40,2132,305,Cincinnati Bearcats,DePaul Blue Demons,83,61,67.0,12.0,11.0,12.0,50.0,21.0,5.0,19.0
401758618,2025-04-01,2025,1,40,2116,204,UCF Knights,Oregon State Beavers,76,75,67.0,14.0,12.0,7.0,59.0,19.0,12.0,13.0
401758619,2025-04-01,2025,1,40,38,222,Colorado Buffaloes,Villanova Wildcats,64,85,63.0,13.0,15.0,13.0,62.0,14.0,9.0,8.0
401758620,2025-04-01,2025,1,40,30,2655,USC Trojans,Tulane Green Wave,89,60,55.0,17.0,4.0,14.0,56.0,22.0,7.0,14.0
401758624,2025-04-02,2025,1,40,68,2086,Boise State Broncos,Butler Bulldogs,100,93,58.0,25.0,7.0,7.0,59.0,16.0,5.0,10.0
401758631,2025-04-02,2025,1,40,46,158,Georgetown Hoyas,Nebraska Cornhuskers,69,81,59.0,16.0,9.0,11.0,59.0,18.0,10.0,10.0
401751980,2025-04-03,2025,1,45,300,236,UC Irvine Anteaters,Chattanooga Mocs,84,85,62.0,34.0,6.0,11.0,76.0,21.0,9.0,7.0
401758629,2025-04-03,2025,1,40,2132,2116,Cincinnati Bearcats,UCF Knights,80,88,70.0,14.0,13.0,11.0,66.0,19.0,9.0,8.0
401758630,2025-04-03,2025,1,40,30,222,USC Trojans,Villanova Wildcats,59,60,59.0,7.0,9.0,9.0,58.0,11.0,11.0,9.0
401746080,2025-04-05,2025,1,40,150,248,Duke Blue Devils,Houston Cougars,67,70,53.0,23.0,10.0,7.0,61.0,18.0,18.0,9.0
401746081,2025-04-05,2025,1,40,2,57,Auburn Tigers,Florida Gators,73,79,57.0,23.0,9.0,14.0,53.0,30.0,12.0,16.0
401758632,2025-04-05,2025,1,40,158,68,Nebraska Cornhuskers,Boise State Broncos,79,69,56.0,18.0,11.0,11.0,63.0,11.0,11.0,9.0
401758633,2025-04-05,2025,1,45,222,2116,Villanova Wildcats,UCF Knights,98,104,72.0,37.0,17.0,7.0,63.0,40.0,12.0,7.0
401758636,2025-04-06,2025,1,40,2116,158,UCF Knights,Nebraska Cornhuskers,66,77,68.0,6.0,13.0,12.0,61.0,17.0,9.0,9.0
401746082,2025-04-07,2025,1,40,248,57,Houston Cougars,Florida Gators,63,65,69.0,14.0,15.0,9.0,53.0,21.0,8.0,13.0
