game_id,date,season,neutral,minutes,home_id,away_id,home_name,away_name,home_score,away_score,h_fga,h_fta,h_oreb,h_tov,a_fga,a_fta,a_oreb,a_tov
401808890,2025-11-03,2026,0,40,2628,2443,TCU Horned Frogs,LSU New Orleans Privateers,74,78,67.0,26.0,12.0,10.0,57.0,19.0,12.0,19.0
401808948,2025-11-03,2026,0,40,145,2545,Ole Miss Rebels,SE Louisiana Lions,88,58,54.0,30.0,12.0,10.0,53.0,25.0,11.0,13.0
401809073,2025-11-03,2026,0,40,2083,48,Bucknell Bison,Delaware Blue Hens,78,70,62.0,14.0,12.0,13.0,64.0,18.0,12.0,12.0
401809413,2025-11-03,2026,0,40,2390,294,Miami Hurricanes,Jacksonville Dolphins,86,69,49.0,37.0,8.0,15.0,58.0,14.0,5.0,14.0
401811101,2025-11-03,2026,0,45,233,3101,South Dakota Coyotes,Utah Tech Trailblazers,79,81,66.0,35.0,14.0,14.0,73.0,13.0,12.0,15.0
401811965,2025-11-03,2026,0,40,2057,2005,Belmont Bruins,Air Force Falcons,79,63,55.0,25.0,8.0,8.0,47.0,9.0,8.0,23.0
401812260,2025-11-03,2026,0,40,333,155,Alabama Crimson Tide,North Dakota Fighting Hawks,91,62,58.0,27.0,11.0,15.0,62.0,17.0,7.0,10.0
401812282,2025-11-03,2026,0,40,66,161,Iowa State Cyclones,Fairleigh Dickinson Knights,88,50,67.0,9.0,9.0,9.0,52.0,17.0,8.0,18.0
401812350,2025-11-03,2026,0,40,87,112358,Notre Dame Fighting Irish,Long Island University Sharks,89,67,55.0,30.0,17.0,19.0,55.0,31.0,14.0,15.0
401812379,2025-11-03,2026,0,40,201,2598,Oklahoma Sooners,Saint Francis Red Wolves,102,66,70.0,18.0,14.0,11.0,66.0,10.0,12.0,14.0
401812625,2025-11-03,2026,0,40,258,2520,Virginia Cavaliers,Rider Broncs,87,53,64.0,34.0,22.0,6.0,49.0,29.0,13.0,14.0
401812642,2025-11-03,2026,0,40,2115,126751,Central Connecticut Blue Devils,Vermont State Johnson Badgers,117,55,80.0,11.0,18.0,10.0,63.0,9.0,5.0,13.0
401812659,2025-11-03,2026,0,40,2507,107,Providence Friars,Holy Cross Crusaders,89,79,62.0,27.0,8.0,10.0,65.0,21.0,9.0,13.0
401812785,2025-11-03,2026,0,40,41,2441,UConn Huskies,New Haven Chargers,79,55,56.0,20.0,10.0,12.0,52.0,14.0,4.0,11.0
401812916,2025-11-03,2026,0,40,228,160,Clemson Tigers,New Hampshire Wildcats,88,38,51.0,41.0,7.0,6.0,60.0,9.0,8.0,13.0
401813272,2025-11-03,2026,0,40,46,2415,Georgetown Hoyas,Morgan State Bears,87,70,65.0,39.0,14.0,7.0,58.0,24.0,11.0,16.0
401813319,2025-11-03,2026,0,40,2752,2368,Xavier Musketeers,Marist Red Foxes,66,62,53.0,32.0,12.0,11.0,44.0,25.0,6.0,18.0
401813345,2025-11-03,2026,0,40,2168,2099,Dayton Flyers,Canisius Golden Griffins,88,48,51.0,41.0,11.0,4.0,50.0,11.0,11.0,19.0
401813373,2025-11-03,2026,0,40,2184,315,Duquesne Dukes,Niagara Purple Eagles,83,63,55.0,13.0,7.0,17.0,48.0,27.0,6.0,16.0
401813756,2025-11-03,2026,0,40,26,331,UCLA Bruins,Eastern Washington Eagles,80,74,70.0,10.0,12.0,8.0,54.0,14.0,6.0,16.0
401817141,2025-11-03,2026,0,40,45,311,George Washington Revolutionaries,Maine Black Bears,67,47,59.0,17.0,16.0,16.0,51.0,12.0,5.0,15.0
401817153,2025-11-03,2026,0,40,2350,325,Loyola Chicago Ramblers,Cleveland State Vikings,91,88,66.0,25.0,12.0,7.0,64.0,23.0,18.0,14.0
401817163,2025-11-03,2026,0,40,227,56,Rhode Island Rams,Stetson Hatters,93,62,63.0,24.0,15.0,14.0,55.0,22.0,11.0,20.0
401817182,2025-11-03,2026,0,40,139,2546,Saint Louis Billikens,Southeast Missouri State Redhawks,92,67,67.0,21.0,14.0,15.0,62.0,26.0,7.0,9.0
401817194,2025-11-03,2026,1,40,179,71,St. Bonaventure Bonnies,Bradley Braves,69,63,60.0,17.0,15.0,13.0,56.0,13.0,5.0,9.0
401817211,2025-11-03,2026,0,45,2226,103,Florida Atlantic Owls,Boston College Eagles,83,78,67.0,25.0,9.0,12.0,67.0,24.0,14.0,14.0
401817218,2025-11-03,2026,0,40,25,2934,California Golden Bears,Cal State Bakersfield Roadrunners,87,60,59.0,25.0,12.0,14.0,53.0,30.0,11.0,17.0
401817239,2025-11-03,2026,0,40,97,2569,Louisville Cardinals,South Carolina State Bulldogs,104,45,62.0,33.0,12.0,17.0,57.0,22.0,12.0,25.0
401817252,2025-11-03,2026,0,40,152,2428,NC State Wolfpack,North Carolina Central Eagles,114,66,64.0,30.0,14.0,9.0,48.0,28.0,7.0,18.0
401817262,2025-11-03,2026,0,40,153,2110,North Carolina Tar Heels,Central Arkansas Bears,94,54,65.0,22.0,12.0,12.0,64.0,9.0,10.0,17.0
401817441,2025-11-03,2026,0,40,221,2754,Pittsburgh Panthers,Youngstown State Penguins,74,59,53.0,27.0,17.0,18.0,56.0,9.0,8.0,12.0
401817452,2025-11-03,2026,0,40,2567,2627,SMU Mustangs,Tarleton State Texans,96,76,50.0,42.0,8.0,11.0,51.0,35.0,10.0,15.0
401817476,2025-11-03,2026,0,40,183,2066,Syracuse Orange,Binghamton Bearcats,85,47,66.0,16.0,11.0,5.0,45.0,22.0,7.0,22.0
401817517,2025-11-03,2026,0,40,259,2127,Virginia Tech Hokies,Charleston Southern Buccaneers,98,67,76.0,27.0,18.0,7.0,71.0,15.0,15.0,15.0
401817527,2025-11-03,2026,0,40,154,44,Wake Forest Demon Deacons,American University Eagles,88,74,65.0,24.0,12.0,11.0,58.0,18.0,9.0,18.0
401819823,2025-11-03,2026,0,40,239,292,Baylor Bears,UT Rio Grande Valley Vaqueros,96,81,65.0,32.0,12.0,11.0,61.0,11.0,2.0,12.0
401819834,2025-11-03,2026,1,40,252,222,BYU Cougars,Villanova Wildcats,71,66,66.0,21.0,12.0,4.0,67.0,15.0,17.0,11.0
401819842,2025-11-03,2026,0,40,2132,2717,Cincinnati Bearcats,Western Carolina Catamounts,94,63,59.0,30.0,7.0,15.0,64.0,14.0,14.0,22.0
401819860,2025-11-03,2026,0,40,38,147,Colorado Buffaloes,Montana State Bobcats,84,78,52.0,39.0,11.0,9.0,56.0,17.0,6.0,11.0
401819882,2025-11-03,2026,0,40,2305,2739,Kansas Jayhawks,Green Bay Phoenix,94,51,58.0,24.0,9.0,3.0,56.0,18.0,7.0,8.0
401819905,2025-11-03,2026,0,40,254,23,Utah Utes,San José State Spartans,84,75,62.0,19.0,13.0,11.0,65.0,18.0,13.0,11.0
401820149,2025-11-03,2026,0,40,2506,2426,Presbyterian Blue Hose,Navy Midshipmen,55,76,49.0,22.0,10.0,15.0,55.0,24.0,10.0,8.0
401820182,2025-11-03,2026,1,40,2352,119,Loyola Maryland Greyhounds,Towson Tigers,56,67,50.0,25.0,6.0,11.0,57.0,18.0,12.0,10.0
401820209,2025-11-03,2026,0,40,77,2385,Northwestern Wildcats,Mercyhurst Lakers,70,47,52.0,38.0,15.0,12.0,60.0,13.0,9.0,11.0
401820296,2025-11-03,2026,0,45,59,2379,Georgia Tech Yellow Jackets,Maryland Eastern Shore Hawks,56,52,60.0,18.0,12.0,13.0,56.0,11.0,10.0,19.0
401820484,2025-11-03,2026,0,40,357,386,Texas A&M-Corpus Christi Islanders,Trinity (TX) Tigers,83,56,73.0,14.0,20.0,11.0,54.0,20.0,11.0,19.0
401820577,2025-11-03,2026,0,40,2599,2514,St. John's Red Storm,Quinnipiac Bobcats,108,74,69.0,34.0,16.0,14.0,67.0,19.0,14.0,22.0
401820595,2025-11-03,2026,0,40,2006,256,Akron Zips,James Madison Dukes,85,71,63.0,29.0,15.0,8.0,61.0,13.0,12.0,19.0
401820613,2025-11-03,2026,0,40,2561,2803,Siena Saints,Bryant Bulldogs,82,66,67.0,20.0,18.0,7.0,56.0,12.0,14.0,20.0
401820796,2025-11-03,2026,0,40,2429,282,Charlotte 49ers,Indiana State Sycamores,92,76,65.0,30.0,18.0,8.0,57.0,21.0,8.0,10.0
401822308,2025-11-03,2026,0,40,270,2261,Milwaukee Panthers,Hampton Pirates,90,86,70.0,42.0,21.0,9.0,63.0,34.0,16.0,18.0
401822317,2025-11-03,2026,0,40,2050,309,Ball State Cardinals,Louisiana Ragin' Cajuns,75,64,46.0,28.0,8.0,11.0,59.0,9.0,9.0,12.0
401822339,2025-11-03,2026,0,40,305,2130,DePaul Blue Demons,Chicago State Cougars,92,62,60.0,35.0,16.0,13.0,56.0,23.0,11.0,16.0
401822666,2025-11-03,2026,0,40,2603,322,Saint Joseph's Hawks,Lafayette Leopards,85,76,66.0,22.0,14.0,7.0,64.0,23.0,12.0,9.0
401822728,2025-11-03,2026,0,40,2239,110450,Cal State Fullerton Titans,Caltech CALTECH,136,82,87.0,28.0,17.0,11.0,69.0,25.0,8.0,23.0
401822734,2025-11-03,2026,0,40,2670,2681,VCU Rams,Wagner Seahawks,103,74,68.0,31.0,16.0,10.0,63.0,24.0,14.0,15.0
401822757,2025-11-03,2026,1,40,120,2154,Maryland Terrapins,Coppin State Eagles,83,61,55.0,25.0,11.0,12.0,49.0,16.0,8.0,20.0
401823008,2025-11-03,2026,0,45,2309,2653,Kent State Golden Flashes,Troy Trojans,97,103,79.0,33.0,22.0,14.0,63.0,33.0,6.0,12.0
401823020,2025-11-03,2026,0,40,269,399,Marquette Golden Eagles,UAlbany Great Danes,80,53,58.0,39.0,15.0,14.0,67.0,14.0,19.0,23.0
401823187,2025-11-03,2026,0,40,213,2217,Penn State Nittany Lions,Fairfield Stags,76,68,57.0,25.0,7.0,7.0,70.0,9.0,12.0,7.0
401823213,2025-11-03,2026,0,40,61,91,Georgia Bulldogs,Bellarmine Knights,104,59,70.0,21.0,9.0,6.0,57.0,6.0,6.0,22.0
401823224,2025-11-03,2026,0,40,526,128550,Florida Gulf Coast Eagles,New College Mighty Banyans,96,60,86.0,24.0,25.0,5.0,53.0,19.0,4.0,18.0
401823255,2025-11-03,2026,0,40,2463,130201,Cal State Northridge Matadors,Nobel Knights,99,58,78.0,31.0,26.0,15.0,56.0,31.0,12.0,20.0
401823330,2025-11-03,2026,0,40,2534,2326,Sam Houston Bearkats,LeTourneau Yellow Jackets,95,59,76.0,25.0,21.0,11.0,63.0,24.0,12.0,13.0
401823358,2025-11-03,2026,0,40,98,2635,Western Kentucky Hilltoppers,Tennessee Tech Golden Eagles,82,70,62.0,35.0,13.0,11.0,61.0,12.0,10.0,19.0
401823367,2025-11-03,2026,0,40,82,2174,UIC Flames,Detroit Mercy Titans,91,71,56.0,36.0,11.0,16.0,77.0,20.0,21.0,15.0
401823374,2025-11-03,2026,0,40,194,85,Ohio State Buckeyes,IU Indianapolis Jaguars,118,102,54.0,53.0,11.0,17.0,76.0,20.0,12.0,13.0
401823381,2025-11-03,2026,0,40,94,108799,Northern Kentucky Norse,Cincinnati Clermont Cougars,126,69,76.0,36.0,22.0,18.0,73.0,14.0,11.0,22.0
401823391,2025-11-03,2026,0,40,2253,2870,Grand Canyon Lopes,Purdue Fort Wayne Mastodons,90,71,57.0,20.0,7.0,15.0,64.0,10.0,6.0,13.0
401823407,2025-11-03,2026,0,40,2750,2233,Wright State Raiders,Franklin Grizzlies,86,37,71.0,21.0,20.0,13.0,45.0,14.0,4.0,25.0
401823415,2025-11-03,2026,0,40,189,326,Bowling Green Falcons,Texas State Bobcats,83,48,58.0,16.0,7.0,12.0,54.0,7.0,5.0,18.0
401823425,2025-11-03,2026,0,40,2084,2572,Buffalo Bulls,Southern Miss Golden Eagles,85,79,53.0,36.0,13.0,8.0,50.0,20.0,7.0,14.0
401823449,2025-11-03,2026,1,40,2737,2511,Winthrop Eagles,Queens University Royals,81,74,62.0,31.0,16.0,10.0,63.0,16.0,14.0,17.0
401823454,2025-11-03,2026,0,40,2117,2026,Central Michigan Chippewas,App State Mountaineers,82,66,58.0,17.0,13.0,12.0,59.0,29.0,17.0,9.0
401823460,2025-11-03,2026,0,40,2459,2433,Northern Illinois Huskies,UL Monroe Warhawks,102,82,65.0,26.0,19.0,18.0,56.0,22.0,6.0,13.0
401823468,2025-11-03,2026,0,40,2649,6,Toledo Rockets,South Alabama Jaguars,74,76,55.0,9.0,6.0,11.0,58.0,13.0,11.0,10.0
401823474,2025-11-03,2026,0,45,2,2065,Auburn Tigers,Bethune-Cookman Wildcats,95,90,68.0,38.0,17.0,11.0,70.0,9.0,8.0,13.0
401823483,2025-11-03,2026,0,40,2633,2382,Tennessee Volunteers,Mercer Bears,76,61,61.0,15.0,16.0,19.0,67.0,21.0,13.0,5.0
401823508,2025-11-03,2026,0,40,265,70,Washington State Cougars,Idaho Vandals,81,83,57.0,34.0,6.0,5.0,58.0,19.0,7.0,11.0
401823513,2025-11-03,2026,0,40,2678,3169,VMI Keydets,Johnson & Wales-Charlotte JOHNSON & WALES-CHARLOTTE,122,58,82.0,18.0,16.0,3.0,62.0,6.0,8.0,19.0
401823521,2025-11-03,2026,0,40,2000,241,Abilene Christian Wildcats,McMurry War Hawks,92,55,69.0,26.0,20.0,13.0,63.0,15.0,12.0,16.0
401823530,2025-11-03,2026,0,40,2856,2908,California Baptist Lancers,South Carolina Upstate Spartans,87,75,64.0,21.0,13.0,7.0,54.0,29.0,8.0,14.0
401823588,2025-11-03,2026,0,40,350,2418,UNC Wilmington Seahawks,Mount Olive Trojans,106,77,71.0,39.0,19.0,14.0,71.0,19.0,10.0,12.0
401823756,2025-11-03,2026,0,40,2751,425,Wyoming Cowboys,Northern State Wolves,99,75,69.0,28.0,18.0,11.0,67.0,11.0,10.0,12.0
401823807,2025-11-03,2026,0,40,36,2916,Colorado State Rams,Incarnate Word Cardinals,98,64,48.0,30.0,8.0,10.0,59.0,21.0,7.0,5.0
401823813,2025-11-03,2026,0,40,68,2269,Boise State Broncos,Hawaiʻi Pacific Sea Warriors,78,79,67.0,13.0,15.0,12.0,61.0,11.0,4.0,10.0
401823864,2025-11-03,2026,0,40,250,126794,UT Arlington Mavericks,UNT Dallas Trailblazers,91,40,68.0,30.0,21.0,13.0,57.0,27.0,12.0,20.0
401824031,2025-11-03,2026,0,40,2250,2640,Gonzaga Bulldogs,Texas Southern Tigers,98,43,69.0,21.0,19.0,13.0,59.0,17.0,12.0,17.0
401824037,2025-11-03,2026,0,40,2351,124946,Loyola Marymount Lions,Lincoln (CA) Oaklanders,137,54,74.0,27.0,11.0,9.0,61.0,15.0,4.0,21.0
401824054,2025-11-03,2026,0,40,204,2449,Oregon State Beavers,North Dakota State Bison,67,65,45.0,26.0,5.0,12.0,66.0,11.0,11.0,7.0
401824068,2025-11-03,2026,0,40,2492,109670,Pepperdine Waves,Life Pacific Warriors,88,80,62.0,22.0,19.0,14.0,58.0,21.0,10.0,12.0
401824087,2025-11-03,2026,0,40,2501,2930,Portland Pilots,Willamette Bearcats,120,83,66.0,53.0,13.0,14.0,75.0,21.0,10.0,18.0
401824125,2025-11-03,2026,0,40,2547,2172,Seattle U Redhawks,Denver Pioneers,84,73,59.0,33.0,10.0,12.0,56.0,28.0,10.0,18.0
401824356,2025-11-03,2026,0,45,111,104,Northeastern Huskies,Boston University Terriers,75,76,60.0,26.0,11.0,13.0,60.0,20.0,11.0,16.0
401824809,2025-11-03,2026,0,40,248,2329,Houston Cougars,Lehigh Mountain Hawks,75,57,61.0,20.0,15.0,13.0,51.0,23.0,9.0,15.0
401824823,2025-11-03,2026,0,40,2116,2275,UCF Knights,Hofstra Pride,82,78,56.0,36.0,16.0,16.0,62.0,24.0,13.0,12.0
401824867,2025-11-03,2026,1,40,2272,231,High Point Panthers,Furman Paladins,97,71,69.0,15.0,9.0,6.0,57.0,19.0,15.0,22.0
401824943,2025-11-03,2026,0,40,284,2645,Stonehill Skyhawks,Thomas College Terriers,100,48,64.0,30.0,14.0,12.0,59.0,22.0,9.0,15.0
401824946,2025-11-03,2026,0,40,238,288,Vanderbilt Commodores,Lipscomb Bisons,105,61,68.0,17.0,8.0,6.0,56.0,22.0,9.0,18.0
401825381,2025-11-03,2026,0,40,158,2698,Nebraska Cornhuskers,West Georgia Wolves,86,53,64.0,25.0,15.0,9.0,65.0,13.0,12.0,12.0
401825586,2025-11-03,2026,1,40,2181,2464,Drake Bulldogs,Northern Arizona Lumberjacks,77,71,60.0,22.0,12.0,10.0,73.0,12.0,15.0,6.0
401826041,2025-11-03,2026,0,40,27,3167,UC Riverside Highlanders,La Sierra Golden Eagles,90,49,76.0,13.0,18.0,5.0,56.0,5.0,10.0,20.0
401826068,2025-11-03,2026,0,40,2515,2710,Radford Highlanders,Western Illinois Leathernecks,80,75,51.0,31.0,13.0,7.0,59.0,20.0,15.0,11.0
401826083,2025-11-03,2026,0,40,130,2473,Michigan Wolverines,Oakland Golden Grizzlies,121,78,70.0,13.0,6.0,8.0,64.0,15.0,5.0,11.0
401826085,2025-11-03,2026,0,40,302,2381,UC Davis Aggies,Menlo Oaks,96,69,68.0,27.0,17.0,12.0,54.0,30.0,10.0,24.0
401826697,2025-11-03,2026,0,40,2244,2747,George Mason Patriots,Wofford Terriers,70,46,55.0,16.0,8.0,12.0,50.0,16.0,10.0,16.0
401826724,2025-11-03,2026,0,40,2539,2662,San Francisco Dons,UC Santa Cruz Banana Slugs,98,53,69.0,14.0,14.0,19.0,56.0,14.0,4.0,19.0
401826760,2025-11-03,2026,0,40,2349,111913,UMass Lowell River Hawks,Rivier Raiders,107,55,65.0,28.0,14.0,12.0,68.0,10.0,10.0,15.0
401826766,2025-11-03,2026,0,40,261,7933,Vermont Catamounts,Western New England Golden Bears,75,68,46.0,30.0,10.0,13.0,54.0,20.0,7.0,9.0
401826784,2025-11-03,2026,0,40,8,2582,Arkansas Razorbacks,Southern Jaguars,109,77,73.0,29.0,14.0,9.0,69.0,24.0,12.0,12.0
401826792,2025-11-03,2026,0,40,349,2951,Army Black Knights,SUNY Maritime Privateers,73,49,74.0,8.0,18.0,11.0,49.0,28.0,11.0,19.0
401826812,2025-11-03,2026,0,40,58,50,South Florida Bulls,Florida A&M Rattlers,102,67,62.0,40.0,17.0,15.0,59.0,26.0,11.0,21.0
401826842,2025-11-03,2026,0,40,2655,2535,Tulane Green Wave,Samford Bulldogs,85,72,53.0,13.0,2.0,8.0,61.0,17.0,15.0,11.0
401826850,2025-11-03,2026,0,40,5,2400,UAB Blazers,Mississippi Valley State Delta Devils,106,55,74.0,37.0,15.0,8.0,55.0,19.0,5.0,26.0
401826855,2025-11-03,2026,0,40,2330,3156,Le Moyne Dolphins,SUNY Cobleskill Fighting Tigers,94,50,73.0,13.0,12.0,11.0,57.0,9.0,10.0,24.0
401826859,2025-11-03,2026,1,40,93,2437,Murray State Racers,Omaha Mavericks,85,77,59.0,33.0,10.0,14.0,64.0,18.0,10.0,17.0
401826885,2025-11-03,2026,1,40,12,57,Arizona Wildcats,Florida Gators,93,87,61.0,38.0,12.0,14.0,70.0,30.0,17.0,15.0
401826891,2025-11-03,2026,0,40,2550,2612,Seton Hall Pirates,Saint Peter's Peacocks,77,50,45.0,36.0,11.0,8.0,51.0,22.0,15.0,15.0
401826906,2025-11-03,2026,0,40,28,2318,UC San Diego Tritons,La Verne Leopards,105,73,64.0,38.0,18.0,12.0,62.0,9.0,6.0,14.0
401826911,2025-11-03,2026,0,40,275,2097,Wisconsin Badgers,Campbell Fighting Camels,96,64,67.0,19.0,13.0,9.0,52.0,17.0,9.0,19.0
401826917,2025-11-03,2026,0,40,2458,2144,Northern Colorado Bears,Colorado College Tigers,91,57,64.0,20.0,15.0,10.0,61.0,6.0,5.0,13.0
401826930,2025-11-03,2026,0,40,2692,110418,Weber State Wildcats,West Coast Baptist Eagles,130,38,98.0,9.0,21.0,10.0,70.0,15.0,4.0,16.0
401826967,2025-11-03,2026,0,40,135,2241,Minnesota Golden Gophers,Gardner-Webb Runnin' Bulldogs,87,60,55.0,30.0,12.0,14.0,57.0,27.0,11.0,14.0
401826991,2025-11-03,2026,0,40,2344,124942,Longwood Lancers,Mary Baldwin Fighting Squirrels,92,55,58.0,40.0,19.0,20.0,57.0,9.0,8.0,23.0
401827039,2025-11-03,2026,0,40,2504,128256,Prairie View A&M Panthers,College of Biblical Studies Ambassadors,95,48,63.0,30.0,12.0,20.0,53.0,13.0,4.0,26.0
401827087,2025-11-03,2026,0,40,2755,2281,Grambling Tigers,Huston Tillotson Rams,91,47,67.0,32.0,15.0,15.0,55.0,19.0,9.0,25.0
401827127,2025-11-03,2026,0,40,264,2029,Washington Huskies,Arkansas-Pine Bluff Golden Lions,94,50,61.0,33.0,17.0,14.0,67.0,12.0,16.0,16.0
401827170,2025-11-03,2026,0,40,356,2296,Illinois Fighting Illini,Jackson State Tigers,113,55,73.0,24.0,21.0,12.0,62.0,14.0,4.0,11.0
401827171,2025-11-03,2026,0,40,2010,494,Alabama A&M Bulldogs,Blue Mountain Christian Toppers,80,60,62.0,15.0,13.0,14.0,61.0,25.0,12.0,10.0
401827219,2025-11-03,2026,0,40,127,2142,Michigan State Spartans,Colgate Raiders,80,69,60.0,37.0,19.0,10.0,57.0,6.0,3.0,13.0
401827261,2025-11-03,2026,0,40,113,276,Massachusetts Minutemen,Marshall Thundering Herd,72,78,55.0,36.0,10.0,20.0,56.0,19.0,10.0,26.0
401827274,2025-11-03,2026,0,40,2619,3149,Stony Brook Seawolves,Farmingdale State Rams,66,59,67.0,21.0,14.0,9.0,70.0,8.0,13.0,12.0
401827439,2025-11-03,2026,0,40,30,13,USC Trojans,Cal Poly Mustangs,94,64,63.0,40.0,13.0,14.0,72.0,12.0,17.0,22.0
401827448,2025-11-03,2026,0,40,232,2839,Charleston Cougars,Tusculum Pioneers,79,58,77.0,26.0,18.0,5.0,68.0,11.0,14.0,18.0
401827503,2025-11-03,2026,0,40,2729,111179,William & Mary Tribe,Georgian Court Lions,110,63,66.0,28.0,13.0,14.0,73.0,19.0,16.0,15.0
401827511,2025-11-03,2026,0,40,2182,2725,Drexel Dragons,Widener Pride,93,59,78.0,17.0,20.0,17.0,69.0,7.0,8.0,18.0
401827734,2025-11-03,2026,0,40,2199,2247,Eastern Michigan Eagles,Georgia State Panthers,71,49,73.0,11.0,22.0,13.0,58.0,12.0,13.0,17.0
401827910,2025-11-03,2026,0,40,328,224,Utah State Aggies,Westminster (UT) Griffins,110,54,69.0,9.0,11.0,12.0,57.0,18.0,8.0,17.0
401828274,2025-11-03,2026,0,40,249,2424,North Texas Mean Green,New Mexico Highlands Cowboys,88,54,53.0,36.0,8.0,14.0,49.0,20.0,10.0,27.0
401828281,2025-11-03,2026,0,40,202,589,Tulsa Golden Hurricane,Oklahoma Christian OKLAHOMA CHRISTIAN,100,57,63.0,37.0,23.0,12.0,68.0,7.0,10.0,8.0
401828287,2025-11-03,2026,0,40,149,3218,Montana Grizzlies,Northwest Indian RedHawks,106,41,68.0,29.0,17.0,9.0,53.0,11.0,2.0,17.0
401828306,2025-11-03,2026,0,40,55,3083,Jacksonville State Gamecocks,Oakwood Ambassadors,117,63,79.0,34.0,21.0,10.0,66.0,24.0,8.0,14.0
401828330,2025-11-03,2026,0,40,2277,2568,Houston Christian Huskies,Southern Arkansas Muleriders,74,70,59.0,24.0,11.0,16.0,67.0,18.0,12.0,14.0
401828335,2025-11-03,2026,0,40,338,2488,Kennesaw State Owls,Paine Lions,105,29,69.0,20.0,13.0,12.0,74.0,6.0,11.0,13.0
401828469,2025-11-03,2026,0,40,2335,3077,Liberty Flames,Kentucky Christian Knights,98,57,62.0,11.0,7.0,10.0,60.0,9.0,3.0,9.0
401828472,2025-11-03,2026,0,40,2638,3081,UTEP Miners,UT Permian Basin Falcons,98,56,61.0,36.0,10.0,7.0,47.0,25.0,11.0,20.0
401828511,2025-11-03,2026,0,40,2320,130174,Lamar Cardinals,Texas A&M-San Antonio Jaguars,93,53,63.0,23.0,15.0,14.0,53.0,18.0,9.0,20.0
401828575,2025-11-03,2026,0,40,2413,111166,Morehead State Eagles,Midway Eagles,89,84,56.0,25.0,7.0,8.0,64.0,2.0,6.0,8.0
401828642,2025-11-03,2026,0,40,2166,111949,Davidson Wildcats,DeSales Bulldogs,97,63,59.0,33.0,10.0,7.0,51.0,18.0,5.0,18.0
401828718,2025-11-03,2026,0,40,2450,50024,Norfolk State Spartans,Washington Adventist Shock,98,76,62.0,38.0,12.0,12.0,55.0,31.0,8.0,16.0
401828916,2025-11-03,2026,0,40,79,2816,Southern Illinois Salukis,McKendree Bearcats,83,42,63.0,24.0,15.0,12.0,54.0,17.0,9.0,19.0
401828922,2025-11-03,2026,0,40,278,2235,Fresno State Bulldogs,Fresno Pacific Sunbirds,88,51,56.0,28.0,12.0,15.0,60.0,18.0,11.0,14.0
401829042,2025-11-03,2026,0,40,2229,107730,Florida International Panthers,Florida National Conquistadors,101,49,75.0,26.0,20.0,8.0,57.0,8.0,11.0,25.0
401829048,2025-11-03,2026,0,40,195,2032,Ohio Bobcats,Arkansas State Red Wolves,85,89,63.0,22.0,7.0,10.0,56.0,28.0,13.0,18.0
401829052,2025-11-03,2026,0,40,2711,324,Western Michigan Broncos,Coastal Carolina Chanticleers,76,71,50.0,35.0,5.0,15.0,61.0,20.0,9.0,13.0
401829384,2025-11-03,2026,0,40,2634,2225,Tennessee State Tigers,Fisk Bulldogs,101,50,76.0,20.0,19.0,21.0,66.0,14.0,7.0,22.0
401829423,2025-11-03,2026,0,40,47,142,Howard Bison,Missouri Tigers,67,88,62.0,16.0,10.0,13.0,61.0,21.0,16.0,16.0
401829426,2025-11-03,2026,0,40,245,2466,Texas A&M Aggies,Northwestern State Demons,98,68,71.0,23.0,17.0,12.0,58.0,21.0,10.0,16.0
401829429,2025-11-03,2026,0,40,236,2841,Chattanooga Mocs,Union Commonwealth (KY) Bulldogs,92,39,78.0,9.0,14.0,7.0,60.0,13.0,7.0,17.0
401829437,2025-11-03,2026,0,40,2643,2215,The Citadel Bulldogs,Erskine Flying Fleet,105,61,79.0,14.0,22.0,7.0,53.0,13.0,5.0,18.0
401829442,2025-11-03,2026,0,40,2377,3134,McNeese Cowboys,Champion Christian Tigers,127,65,87.0,33.0,24.0,7.0,66.0,6.0,9.0,23.0
401829447,2025-11-03,2026,0,40,2617,2398,Stephen F. Austin Lumberjacks,Millsaps Majors,103,76,81.0,25.0,21.0,7.0,61.0,26.0,9.0,15.0
401829451,2025-11-03,2026,0,40,140,2865,Kansas City Roos,Evangel Crusaders,80,74,59.0,23.0,12.0,13.0,63.0,15.0,10.0,12.0
401829471,2025-11-03,2026,1,40,2771,2571,Merrimack Warriors,South Dakota State Jackrabbits,66,75,56.0,27.0,9.0,11.0,57.0,26.0,14.0,14.0
401829477,2025-11-03,2026,0,40,2608,2900,Saint Mary's Gaels,St. Thomas Tommies,84,58,57.0,19.0,11.0,11.0,53.0,10.0,4.0,10.0
401829496,2025-11-03,2026,0,40,193,295,Miami (OH) RedHawks,Old Dominion Monarchs,87,72,58.0,27.0,8.0,12.0,53.0,16.0,5.0,19.0
401830113,2025-11-03,2026,0,40,300,3246,UC Irvine Anteaters,Bethesda Flames,125,49,77.0,36.0,21.0,11.0,71.0,14.0,10.0,16.0
401830627,2025-11-03,2026,0,40,2046,2081,Austin Peay Governors,Bryan Lions,128,47,76.0,26.0,14.0,10.0,55.0,12.0,14.0,36.0
401830655,2025-11-03,2026,0,40,2837,3166,East Texas A&M Lions,Arlington Baptist Patriots,119,60,73.0,21.0,12.0,12.0,55.0,25.0,9.0,26.0
401813286,2025-11-04,2026,0,40,197,198,Oklahoma State Cowboys,Oral Roberts Golden Eagles,95,71,72.0,30.0,15.0,15.0,69.0,22.0,11.0,16.0
401813397,2025-11-04,2026,0,40,277,116,West Virginia Mountaineers,Mount St. Mary's Mountaineers,70,54,48.0,35.0,6.0,9.0,46.0,19.0,8.0,20.0
401817228,2025-11-04,2026,1,40,150,251,Duke Blue Devils,Texas Longhorns,75,60,52.0,30.0,11.0,10.0,59.0,23.0,18.0,16.0
401817464,2025-11-04,2026,0,40,24,2502,Stanford Cardinal,Portland State Vikings,89,79,57.0,36.0,10.0,17.0,59.0,16.0,8.0,21.0
401819813,2025-11-04,2026,0,40,9,253,Arizona State Sun Devils,Southern Utah Thunderbirds,81,64,59.0,20.0,11.0,14.0,70.0,8.0,16.0,16.0
401819888,2025-11-04,2026,0,40,2306,2430,Kansas State Wildcats,UNC Greensboro Spartans,93,64,67.0,20.0,11.0,16.0,61.0,20.0,10.0,18.0
401819898,2025-11-04,2026,0,40,2641,2815,Texas Tech Red Raiders,Lindenwood Lions,98,60,82.0,23.0,23.0,7.0,61.0,26.0,11.0,14.0
401820395,2025-11-04,2026,0,40,2439,2630,UNLV Rebels,UT Martin Skyhawks,81,86,50.0,37.0,10.0,22.0,55.0,48.0,11.0,14.0
401820806,2025-11-04,2026,0,40,151,290,East Carolina Pirates,Georgia Southern Eagles,92,89,66.0,41.0,18.0,13.0,66.0,30.0,14.0,14.0
401822165,2025-11-04,2026,0,40,2230,2885,Fordham Rams,NJIT Highlanders,61,72,67.0,18.0,19.0,8.0,59.0,8.0,9.0,11.0
401822329,2025-11-04,2026,0,40,2674,2197,Valparaiso Beacons,Eastern Illinois Panthers,66,63,55.0,35.0,16.0,14.0,46.0,31.0,10.0,20.0
401823304,2025-11-04,2026,0,40,21,299,San Diego State Aztecs,Long Beach State Beach,77,45,60.0,19.0,12.0,15.0,59.0,5.0,12.0,21.0
401823321,2025-11-04,2026,0,40,2623,2403,Missouri State Bears,Missouri Southern State Lions,88,70,79.0,21.0,21.0,8.0,73.0,12.0,15.0,12.0
401823398,2025-11-04,2026,0,40,2294,2523,Iowa Hawkeyes,Robert Morris Colonials,101,69,47.0,44.0,10.0,11.0,48.0,22.0,13.0,23.0
401823553,2025-11-04,2026,0,40,304,123350,Idaho State Bengals,Park University Gilbert Buccaneers,81,71,63.0,30.0,21.0,7.0,55.0,5.0,4.0,12.0
401823724,2025-11-04,2026,0,40,2529,2383,Sacred Heart Pioneers,Merchant Marine Mariners,103,46,76.0,7.0,21.0,11.0,50.0,9.0,7.0,21.0
401823857,2025-11-04,2026,0,40,2363,2990,Manhattan Jaspers,St. Joseph's Brooklyn Bears,125,59,75.0,31.0,21.0,7.0,64.0,13.0,10.0,14.0
401824110,2025-11-04,2026,0,40,301,2475,San Diego Toreros,Occidental Tigers,88,59,70.0,5.0,13.0,16.0,66.0,8.0,11.0,15.0
401824118,2025-11-04,2026,0,40,2541,6183,Santa Clara Broncos,Cal Poly Humboldt Lumberjacks,83,53,74.0,7.0,14.0,9.0,62.0,10.0,10.0,17.0
401824860,2025-11-04,2026,0,40,2405,2857,Monmouth Hawks,Caldwell Cougars,96,68,73.0,23.0,18.0,14.0,63.0,12.0,6.0,18.0
401824884,2025-11-04,2026,0,40,2193,124947,East Tennessee State Buccaneers,Converse Valkyries,102,50,80.0,13.0,19.0,8.0,67.0,2.0,13.0,22.0
401824895,2025-11-04,2026,0,40,2483,62,Oregon Ducks,Hawai'i Rainbow Warriors,60,59,58.0,26.0,17.0,21.0,65.0,19.0,15.0,18.0
401825185,2025-11-04,2026,0,40,2031,2027,Little Rock Trojans,Arkansas Baptist Buffaloes,92,63,69.0,20.0,15.0,15.0,59.0,11.0,6.0,20.0
401826052,2025-11-04,2026,0,40,2378,112706,UMBC Retrievers,Penn State York Nittany Lions,74,53,63.0,13.0,10.0,11.0,60.0,17.0,10.0,13.0
401826705,2025-11-04,2026,0,40,52,2016,Florida State Seminoles,Alcorn State Braves,108,76,70.0,25.0,14.0,8.0,51.0,27.0,9.0,21.0
401826746,2025-11-04,2026,0,40,96,2447,Kentucky Wildcats,Nicholls Colonels,77,51,62.0,22.0,15.0,13.0,53.0,22.0,5.0,11.0
401826803,2025-11-04,2026,0,40,242,128256,Rice Owls,College of Biblical Studies Ambassadors,109,38,67.0,27.0,17.0,12.0,52.0,10.0,8.0,25.0
401826879,2025-11-04,2026,0,40,2724,2427,Wichita State Shockers,UNC Asheville Bulldogs,75,58,68.0,15.0,21.0,14.0,56.0,13.0,11.0,16.0
401826895,2025-11-04,2026,0,40,2440,2348,Nevada Wolf Pack,Louisiana Tech Bulldogs,77,50,56.0,28.0,17.0,10.0,50.0,17.0,8.0,13.0
401826926,2025-11-04,2026,0,40,16,2957,Sacramento State Hornets,Dominican (CA) Penguins,103,79,65.0,29.0,11.0,13.0,76.0,19.0,14.0,10.0
401826946,2025-11-04,2026,0,40,3084,110418,Utah Valley Wolverines,West Coast Baptist Eagles,116,35,84.0,11.0,20.0,8.0,62.0,15.0,8.0,16.0
401827525,2025-11-04,2026,0,40,2579,2448,South Carolina Gamecocks,North Carolina A&T Aggies,91,72,63.0,21.0,10.0,13.0,60.0,22.0,7.0,12.0
401828553,2025-11-04,2026,0,40,2509,339,Purdue Boilermakers,Evansville Purple Aces,82,51,59.0,16.0,12.0,7.0,70.0,4.0,20.0,10.0
401829341,2025-11-04,2026,0,40,2565,3107,SIU Edwardsville Cougars,East West Phantoms,119,50,73.0,32.0,18.0,15.0,55.0,11.0,7.0,29.0
401830409,2025-11-04,2026,0,40,2540,22,UC Santa Barbara Gauchos,San Francisco State Gators,98,67,68.0,43.0,24.0,12.0,62.0,12.0,4.0,12.0
401830629,2025-11-04,2026,0,40,166,2001,New Mexico State Aggies,Adams State Grizzlies,83,72,69.0,36.0,12.0,15.0,61.0,30.0,8.0,22.0
401811102,2025-11-05,2026,0,40,156,233,Creighton Bluejays,South Dakota Coyotes,92,76,74.0,11.0,19.0,13.0,74.0,14.0,21.0,13.0
401812626,2025-11-05,2026,0,40,164,2520,Rutgers Scarlet Knights,Rider Broncs,81,53,64.0,33.0,20.0,7.0,65.0,18.0,21.0,14.0
401817172,2025-11-05,2026,0,40,257,2896,Richmond Spiders,Southern Virginia Knights,84,56,70.0,22.0,14.0,6.0,48.0,29.0,5.0,17.0
401820604,2025-11-05,2026,0,40,2066,178,Binghamton Bearcats,RIT Tigers,66,56,51.0,25.0,7.0,10.0,56.0,11.0,6.0,11.0
401820822,2025-11-05,2026,0,40,2086,88,Butler Bulldogs,Southern Indiana Screaming Eagles,88,58,65.0,29.0,17.0,13.0,65.0,17.0,10.0,12.0
401822176,2025-11-05,2026,0,40,2325,2154,La Salle Explorers,Coppin State Eagles,87,59,53.0,35.0,11.0,14.0,57.0,18.0,7.0,16.0
401822993,2025-11-05,2026,0,40,2393,2397,Middle Tennessee Blue Raiders,Milligan Buffaloes,100,51,73.0,15.0,11.0,7.0,66.0,17.0,14.0,17.0
401823021,2025-11-05,2026,0,40,269,2582,Marquette Golden Eagles,Southern Jaguars,100,82,70.0,20.0,10.0,10.0,64.0,29.0,11.0,13.0
401823036,2025-11-05,2026,0,40,61,2379,Georgia Bulldogs,Maryland Eastern Shore Hawks,94,29,76.0,29.0,25.0,10.0,55.0,13.0,19.0,31.0
401823351,2025-11-05,2026,0,40,344,2453,Mississippi State Bulldogs,North Alabama Lions,86,62,71.0,24.0,19.0,7.0,65.0,12.0,11.0,13.0
401823450,2025-11-05,2026,0,40,2511,2355,Queens University Royals,Lynchburg Hornets,87,76,52.0,42.0,9.0,14.0,69.0,26.0,17.0,16.0
401823484,2025-11-05,2026,0,40,2382,548,Mercer Bears,LaGrange Panthers,101,62,79.0,32.0,21.0,11.0,77.0,5.0,20.0,24.0
401823499,2025-11-05,2026,0,40,2351,331,Loyola Marymount Lions,Eastern Washington Eagles,70,62,56.0,21.0,9.0,13.0,52.0,25.0,6.0,13.0
401824022,2025-11-05,2026,0,40,3101,3246,Utah Tech Trailblazers,Bethesda Flames,110,65,77.0,31.0,18.0,10.0,67.0,21.0,10.0,16.0
401824061,2025-11-05,2026,0,40,279,109670,Pacific Tigers,Life Pacific Warriors,83,56,59.0,19.0,11.0,7.0,52.0,20.0,10.0,13.0
401825576,2025-11-05,2026,0,40,147,3218,Montana State Bobcats,Northwest Indian RedHawks,114,44,68.0,7.0,13.0,11.0,51.0,4.0,5.0,20.0
401826086,2025-11-05,2026,0,40,302,2449,UC Davis Aggies,North Dakota State Bison,80,68,53.0,17.0,11.0,18.0,71.0,14.0,20.0,12.0
401826731,2025-11-05,2026,0,40,2026,108942,App State Mountaineers,Carolina University Bruins,92,46,66.0,26.0,18.0,10.0,57.0,9.0,13.0,20.0
401826767,2025-11-05,2026,0,40,261,177,Vermont Catamounts,Plattsburgh Cardinals,113,62,75.0,17.0,16.0,8.0,58.0,18.0,3.0,11.0
401826837,2025-11-05,2026,0,40,218,2169,Temple Owls,Delaware State Hornets,83,65,57.0,22.0,9.0,6.0,54.0,13.0,8.0,16.0
401826937,2025-11-05,2026,0,40,2506,495,Presbyterian Blue Hose,Bluefield Ramblin' Rams,105,76,62.0,36.0,16.0,17.0,60.0,32.0,7.0,9.0
401826995,2025-11-05,2026,0,40,99,2627,LSU Tigers,Tarleton State Texans,96,60,46.0,29.0,7.0,16.0,62.0,18.0,12.0,9.0
401827040,2025-11-05,2026,0,40,2504,2163,Prairie View A&M Panthers,Dallas Crusaders,94,53,62.0,30.0,11.0,8.0,50.0,13.0,7.0,24.0
401827058,2025-11-05,2026,0,40,278,2908,Fresno State Bulldogs,South Carolina Upstate Spartans,66,67,62.0,22.0,14.0,12.0,50.0,17.0,9.0,22.0
401827172,2025-11-05,2026,0,40,84,2010,Indiana Hoosiers,Alabama A&M Bulldogs,98,51,58.0,16.0,6.0,11.0,53.0,19.0,3.0,11.0
401827212,2025-11-05,2026,0,40,326,130174,Texas State Bobcats,Texas A&M-San Antonio Jaguars,114,55,60.0,35.0,8.0,13.0,56.0,26.0,9.0,19.0
401827517,2025-11-05,2026,0,40,2210,2058,Elon Phoenix,Belmont Abbey Crusaders,99,51,72.0,21.0,17.0,6.0,52.0,13.0,9.0,19.0
401828288,2025-11-05,2026,0,40,149,111254,Montana Grizzlies,Ottawa (AZ) Spirit,73,39,50.0,35.0,11.0,17.0,61.0,13.0,7.0,11.0
401828719,2025-11-05,2026,0,40,2450,111926,Norfolk State Spartans,Regent Royals,119,55,81.0,22.0,19.0,7.0,57.0,8.0,9.0,28.0
401829411,2025-11-05,2026,0,40,322,2175,Lafayette Leopards,Dickinson Red Devils,79,44,67.0,22.0,14.0,13.0,58.0,8.0,11.0,27.0
401829495,2025-11-05,2026,0,40,256,2688,James Madison Dukes,Washington and Lee Generals,70,56,59.0,20.0,14.0,11.0,61.0,3.0,8.0,11.0
401830318,2025-11-05,2026,0,40,167,2837,New Mexico Lobos,East Texas A&M Lions,76,54,63.0,23.0,12.0,15.0,62.0,11.0,11.0,21.0
401830341,2025-11-05,2026,0,40,2400,126826,Mississippi Valley State Delta Devils,Mississippi U for Women Owls,97,61,70.0,21.0,12.0,15.0,57.0,16.0,7.0,21.0
401830411,2025-11-05,2026,0,40,13,2486,Cal Poly Mustangs,Pacific Lutheran Lutes,101,79,69.0,35.0,14.0,9.0,74.0,14.0,13.0,15.0
401831374,2025-11-05,2026,0,40,2636,128256,UTSA Roadrunners,College of Biblical Studies Ambassadors,97,30,77.0,16.0,16.0,10.0,56.0,18.0,7.0,22.0
401809414,2025-11-06,2026,0,40,2390,2065,Miami Hurricanes,Bethune-Cookman Wildcats,101,61,66.0,22.0,10.0,6.0,66.0,19.0,15.0,12.0
401812250,2025-11-06,2026,0,40,2628,2598,TCU Horned Frogs,Saint Francis Red Wolves,104,63,65.0,28.0,15.0,15.0,63.0,6.0,5.0,16.0
401812333,2025-11-06,2026,0,40,2752,2330,Xavier Musketeers,Le Moyne Dolphins,74,69,59.0,16.0,10.0,11.0,51.0,12.0,5.0,18.0
401812351,2025-11-06,2026,0,40,85,112358,IU Indianapolis Jaguars,Long Island University Sharks,90,94,78.0,18.0,14.0,14.0,66.0,22.0,13.0,23.0
401812643,2025-11-06,2026,0,40,2514,2115,Quinnipiac Bobcats,Central Connecticut Blue Devils,71,49,71.0,7.0,10.0,5.0,65.0,14.0,12.0,9.0
401813253,2025-11-06,2026,0,40,195,2287,Ohio Bobcats,Illinois State Redbirds,72,68,55.0,27.0,5.0,8.0,62.0,11.0,9.0,11.0
401813273,2025-11-06,2026,0,40,2415,3164,Morgan State Bears,Central Penn Knights,101,77,63.0,34.0,13.0,17.0,57.0,20.0,8.0,21.0
401813346,2025-11-06,2026,0,40,2099,2018,Canisius Golden Griffins,Allegheny Gators,84,43,66.0,16.0,15.0,13.0,50.0,17.0,8.0,19.0
401817154,2025-11-06,2026,0,40,2350,2385,Loyola Chicago Ramblers,Mercyhurst Lakers,65,73,53.0,23.0,10.0,14.0,54.0,21.0,9.0,12.0
401817183,2025-11-06,2026,0,40,139,2130,Saint Louis Billikens,Chicago State Cougars,108,86,62.0,33.0,7.0,15.0,66.0,35.0,12.0,15.0
401817212,2025-11-06,2026,0,40,103,2643,Boston College Eagles,The Citadel Bulldogs,76,47,62.0,28.0,14.0,4.0,53.0,20.0,8.0,12.0
401817219,2025-11-06,2026,0,40,25,2750,California Golden Bears,Wright State Raiders,77,67,55.0,31.0,10.0,10.0,64.0,18.0,11.0,8.0
401817240,2025-11-06,2026,0,40,97,2296,Louisville Cardinals,Jackson State Tigers,106,70,67.0,35.0,15.0,10.0,63.0,16.0,7.0,12.0
401817453,2025-11-06,2026,0,40,2567,357,SMU Mustangs,Texas A&M-Corpus Christi Islanders,69,58,59.0,28.0,13.0,9.0,66.0,18.0,16.0,11.0
401819871,2025-11-06,2026,0,40,66,2755,Iowa State Cyclones,Grambling Tigers,102,62,66.0,29.0,16.0,12.0,49.0,23.0,5.0,19.0
401819915,2025-11-06,2026,0,40,277,2097,West Virginia Mountaineers,Campbell Fighting Camels,73,65,57.0,27.0,12.0,11.0,54.0,32.0,14.0,12.0
401820183,2025-11-06,2026,0,40,2352,3183,Loyola Maryland Greyhounds,Penn State Abington Nittany Lions,96,60,71.0,22.0,17.0,8.0,62.0,21.0,6.0,6.0
401820541,2025-11-06,2026,0,40,2460,2463,Northern Iowa Panthers,Cal State Northridge Matadors,86,57,63.0,10.0,6.0,10.0,52.0,23.0,11.0,20.0
401820837,2025-11-06,2026,0,40,2127,2648,Charleston Southern Buccaneers,Toccoa Falls Eagles,106,71,75.0,24.0,16.0,10.0,75.0,24.0,15.0,12.0
401822370,2025-11-06,2026,0,40,2815,112686,Lindenwood Lions,Health Sciences & Pharmacy Eutectics,116,51,76.0,13.0,13.0,10.0,59.0,17.0,9.0,22.0
401823340,2025-11-06,2026,0,40,294,3155,Jacksonville Dolphins,Trinity (FL) Tigers,132,45,82.0,37.0,23.0,10.0,58.0,17.0,3.0,21.0
401823399,2025-11-06,2026,0,45,2181,2523,Drake Bulldogs,Robert Morris Colonials,79,81,65.0,32.0,14.0,8.0,68.0,8.0,14.0,17.0
401823416,2025-11-06,2026,0,40,189,2062,Bowling Green Falcons,Bethany (WV) Bison,120,65,73.0,49.0,14.0,14.0,64.0,13.0,6.0,33.0
401823441,2025-11-06,2026,0,40,57,2454,Florida Gators,North Florida Ospreys,104,64,81.0,28.0,29.0,14.0,61.0,22.0,7.0,16.0
401823475,2025-11-06,2026,0,40,2,2771,Auburn Tigers,Merrimack Warriors,95,57,62.0,37.0,21.0,8.0,56.0,24.0,10.0,11.0
401823522,2025-11-06,2026,0,40,2000,2437,Abilene Christian Wildcats,Omaha Mavericks,73,71,57.0,21.0,12.0,14.0,45.0,31.0,7.0,16.0
401823550,2025-11-06,2026,0,40,2934,2850,Cal State Bakersfield Roadrunners,Whittier Poets,83,61,77.0,23.0,18.0,11.0,64.0,24.0,8.0,16.0
401824088,2025-11-06,2026,0,40,2501,2029,Portland Pilots,Arkansas-Pine Bluff Golden Lions,83,74,59.0,32.0,8.0,19.0,57.0,27.0,9.0,19.0
401826042,2025-11-06,2026,0,40,155,27,North Dakota Fighting Hawks,UC Riverside Highlanders,70,74,59.0,24.0,10.0,10.0,43.0,27.0,4.0,19.0
401826738,2025-11-06,2026,0,40,264,2172,Washington Huskies,Denver Pioneers,84,70,65.0,15.0,11.0,9.0,61.0,12.0,9.0,13.0
401826757,2025-11-06,2026,0,40,160,40,New Hampshire Wildcats,Curry Colonels,113,31,90.0,12.0,25.0,10.0,64.0,16.0,12.0,21.0
401827003,2025-11-06,2026,0,40,245,2640,Texas A&M Aggies,Texas Southern Tigers,104,70,61.0,37.0,7.0,8.0,49.0,25.0,9.0,23.0
401827256,2025-11-06,2026,0,40,2572,2650,Southern Miss Golden Eagles,Tougaloo Bulldogs,93,57,67.0,29.0,16.0,14.0,57.0,25.0,7.0,15.0
401827484,2025-11-06,2026,0,40,325,424,Cleveland State Vikings,Capital Crusaders,71,70,56.0,16.0,10.0,16.0,62.0,10.0,10.0,14.0
401827521,2025-11-06,2026,0,40,2261,108806,Hampton Pirates,Mid Atlantic Christian Mustangs,103,43,66.0,18.0,11.0,9.0,72.0,12.0,12.0,9.0
401828275,2025-11-06,2026,0,40,249,2466,North Texas Mean Green,Northwestern State Demons,80,53,50.0,22.0,12.0,11.0,40.0,27.0,10.0,16.0
401828543,2025-11-06,2026,0,40,2198,111166,Eastern Kentucky Colonels,Midway Eagles,122,60,80.0,36.0,22.0,10.0,50.0,26.0,7.0,28.0
401828913,2025-11-06,2026,0,40,282,73,Indiana State Sycamores,Illinois Tech Scarlet Hawks,104,73,67.0,34.0,19.0,16.0,58.0,16.0,4.0,17.0
401829053,2025-11-06,2026,0,40,2711,2886,Western Michigan Broncos,Northwood Timberwolves,81,85,57.0,33.0,12.0,22.0,68.0,25.0,13.0,15.0
401829414,2025-11-06,2026,0,40,2329,110414,Lehigh Mountain Hawks,Valley Forge Patriots,91,52,67.0,18.0,14.0,14.0,69.0,13.0,14.0,17.0
401829472,2025-11-06,2026,0,40,2571,512,South Dakota State Jackrabbits,Dakota State Trojans,68,62,51.0,16.0,10.0,15.0,54.0,11.0,9.0,16.0
401829497,2025-11-06,2026,0,40,295,3153,Old Dominion Monarchs,Randolph Wildcats,93,53,68.0,24.0,15.0,10.0,64.0,19.0,10.0,12.0
401829685,2025-11-06,2026,0,40,6,2016,South Alabama Jaguars,Alcorn State Braves,76,70,53.0,27.0,8.0,15.0,55.0,11.0,7.0,18.0
401830236,2025-11-06,2026,0,40,47,2177,Howard Bison,District of Columbia Firebirds,103,71,57.0,34.0,11.0,11.0,48.0,33.0,5.0,14.0
401808949,2025-11-07,2026,0,40,309,2545,Louisiana Ragin' Cajuns,SE Louisiana Lions,58,52,44.0,12.0,4.0,12.0,45.0,31.0,12.0,11.0
401809074,2025-11-07,2026,0,40,116,2083,Mount St. Mary's Mountaineers,Bucknell Bison,62,73,51.0,25.0,11.0,15.0,58.0,23.0,9.0,4.0
401812573,2025-11-07,2026,0,40,219,2827,Pennsylvania Quakers,Rowan Profs,119,72,71.0,49.0,22.0,14.0,68.0,21.0,10.0,18.0
401812599,2025-11-07,2026,0,40,108,109,Harvard Crimson,MIT Engineers,79,50,56.0,27.0,10.0,7.0,54.0,20.0,8.0,12.0
401812786,2025-11-07,2026,0,40,41,2349,UConn Huskies,UMass Lowell River Hawks,110,47,69.0,22.0,15.0,10.0,47.0,32.0,8.0,21.0
401812917,2025-11-07,2026,0,40,228,2241,Clemson Tigers,Gardner-Webb Runnin' Bulldogs,97,59,77.0,20.0,19.0,3.0,47.0,26.0,6.0,16.0
401813445,2025-11-07,2026,0,40,2184,2529,Duquesne Dukes,Sacred Heart Pioneers,92,80,66.0,39.0,17.0,7.0,56.0,46.0,15.0,11.0
401813757,2025-11-07,2026,0,40,26,2492,UCLA Bruins,Pepperdine Waves,74,63,52.0,26.0,13.0,10.0,61.0,13.0,15.0,12.0
401817132,2025-11-07,2026,0,40,87,2174,Notre Dame Fighting Irish,Detroit Mercy Titans,102,70,69.0,22.0,11.0,7.0,67.0,10.0,8.0,13.0
401817164,2025-11-07,2026,1,40,227,202,Rhode Island Rams,Tulsa Golden Hurricane,65,82,48.0,19.0,9.0,16.0,54.0,24.0,13.0,14.0
401817253,2025-11-07,2026,0,40,152,5,NC State Wolfpack,UAB Blazers,94,70,61.0,22.0,11.0,14.0,71.0,14.0,17.0,14.0
401817263,2025-11-07,2026,0,40,153,2305,North Carolina Tar Heels,Kansas Jayhawks,87,74,66.0,17.0,16.0,11.0,58.0,15.0,7.0,14.0
401817442,2025-11-07,2026,0,40,221,2344,Pittsburgh Panthers,Longwood Lancers,78,60,50.0,35.0,11.0,14.0,69.0,14.0,12.0,7.0
401817487,2025-11-07,2026,0,40,258,2428,Virginia Cavaliers,North Carolina Central Eagles,81,62,61.0,19.0,20.0,12.0,60.0,22.0,16.0,9.0
401817528,2025-11-07,2026,0,40,154,2413,Wake Forest Demon Deacons,Morehead State Eagles,81,65,70.0,30.0,23.0,19.0,63.0,17.0,11.0,19.0
401818298,2025-11-07,2026,0,40,2426,43,Navy Midshipmen,Yale Bulldogs,68,97,50.0,28.0,6.0,19.0,66.0,23.0,12.0,10.0
401818367,2025-11-07,2026,0,40,2441,171,New Haven Chargers,Columbia Lions,53,71,57.0,16.0,9.0,12.0,49.0,14.0,8.0,16.0
401818547,2025-11-07,2026,0,40,225,2561,Brown Bears,Siena Saints,46,62,58.0,10.0,12.0,16.0,57.0,22.0,15.0,14.0
401819843,2025-11-07,2026,0,40,2132,2247,Cincinnati Bearcats,Georgia State Panthers,74,64,62.0,26.0,14.0,16.0,57.0,18.0,8.0,17.0
401819899,2025-11-07,2026,0,40,2641,2534,Texas Tech Red Raiders,Sam Houston Bearkats,98,77,58.0,43.0,19.0,11.0,65.0,20.0,18.0,14.0
401820614,2025-11-07,2026,0,40,59,2803,Georgia Tech Yellow Jackets,Bryant Bulldogs,74,45,63.0,10.0,7.0,13.0,60.0,16.0,9.0,16.0
401820797,2025-11-07,2026,0,40,2429,2635,Charlotte 49ers,Tennessee Tech Golden Eagles,70,65,47.0,20.0,10.0,19.0,47.0,25.0,10.0,17.0
401822166,2025-11-07,2026,0,40,2230,289,Fordham Rams,Mount St Mary Knights,106,37,79.0,15.0,25.0,16.0,47.0,17.0,4.0,23.0
401822318,2025-11-07,2026,0,40,2050,2365,Ball State Cardinals,Mansfield Mountaineers,84,54,63.0,27.0,10.0,13.0,53.0,22.0,6.0,21.0
401822330,2025-11-07,2026,0,40,96,2674,Kentucky Wildcats,Valparaiso Beacons,107,59,68.0,26.0,11.0,6.0,67.0,20.0,12.0,10.0
401822366,2025-11-07,2026,0,40,2197,2447,Eastern Illinois Panthers,Nicholls Colonels,65,57,52.0,29.0,12.0,16.0,61.0,27.0,15.0,11.0
401822724,2025-11-07,2026,0,40,120,46,Maryland Terrapins,Georgetown Hoyas,60,70,52.0,37.0,12.0,13.0,53.0,31.0,11.0,11.0
401822735,2025-11-07,2026,1,40,328,2670,Utah State Aggies,VCU Rams,80,77,58.0,26.0,14.0,18.0,60.0,28.0,14.0,19.0
401823002,2025-11-07,2026,0,40,2253,2754,Grand Canyon Lopes,Youngstown State Penguins,81,90,66.0,22.0,16.0,13.0,56.0,30.0,8.0,9.0
401823009,2025-11-07,2026,0,40,2309,172,Kent State Golden Flashes,Cornell Big Red,110,102,65.0,33.0,11.0,11.0,63.0,22.0,13.0,17.0
401823225,2025-11-07,2026,0,40,356,526,Illinois Fighting Illini,Florida Gulf Coast Eagles,113,70,65.0,34.0,11.0,7.0,79.0,12.0,13.0,1.0
401823352,2025-11-07,2026,0,40,2453,6371,North Alabama Lions,Lane College Dragons,90,84,62.0,36.0,15.0,9.0,55.0,17.0,4.0,11.0
401823392,2025-11-07,2026,0,40,194,2870,Ohio State Buckeyes,Purdue Fort Wayne Mastodons,94,68,51.0,13.0,4.0,19.0,59.0,17.0,7.0,13.0
401823426,2025-11-07,2026,0,40,2084,2739,Buffalo Bulls,Green Bay Phoenix,83,76,47.0,41.0,9.0,7.0,47.0,21.0,4.0,11.0
401823461,2025-11-07,2026,0,40,275,2459,Wisconsin Badgers,Northern Illinois Huskies,97,72,61.0,37.0,15.0,9.0,47.0,31.0,4.0,17.0
401823509,2025-11-07,2026,0,40,70,2720,Idaho Vandals,Whitman Blues,94,49,60.0,18.0,12.0,16.0,61.0,17.0,7.0,12.0
401823514,2025-11-07,2026,0,40,88,2678,Southern Indiana Screaming Eagles,VMI Keydets,74,78,74.0,17.0,15.0,11.0,71.0,22.0,13.0,10.0
401823531,2025-11-07,2026,0,40,300,2856,UC Irvine Anteaters,California Baptist Lancers,61,69,62.0,23.0,11.0,10.0,66.0,15.0,19.0,17.0
401823554,2025-11-07,2026,0,40,301,304,San Diego Toreros,Idaho State Bengals,68,71,59.0,14.0,12.0,10.0,57.0,19.0,13.0,10.0
401823647,2025-11-07,2026,0,40,2294,2710,Iowa Hawkeyes,Western Illinois Leathernecks,77,58,50.0,20.0,4.0,7.0,47.0,18.0,6.0,14.0
401824023,2025-11-07,2026,0,40,12,3101,Arizona Wildcats,Utah Tech Trailblazers,93,67,63.0,20.0,13.0,12.0,55.0,27.0,11.0,14.0
401824055,2025-11-07,2026,0,40,204,82,Oregon State Beavers,UIC Flames,76,73,51.0,25.0,15.0,21.0,55.0,21.0,10.0,14.0
401824119,2025-11-07,2026,0,40,2541,2377,Santa Clara Broncos,McNeese Cowboys,79,67,66.0,25.0,25.0,15.0,51.0,23.0,9.0,14.0
401824134,2025-11-07,2026,0,40,2166,265,Davidson Wildcats,Washington State Cougars,85,69,49.0,21.0,4.0,15.0,55.0,23.0,12.0,16.0
401824302,2025-11-07,2026,0,40,314,2275,Iona Gaels,Hofstra Pride,81,73,60.0,27.0,11.0,15.0,63.0,18.0,14.0,15.0
401824357,2025-11-07,2026,0,40,77,104,Northwestern Wildcats,Boston University Terriers,76,52,60.0,13.0,11.0,5.0,58.0,7.0,15.0,14.0
401824868,2025-11-07,2026,0,40,231,2653,Furman Paladins,Troy Trojans,61,64,56.0,12.0,10.0,17.0,56.0,13.0,8.0,14.0
401824945,2025-11-07,2026,0,40,305,284,DePaul Blue Demons,Stonehill Skyhawks,72,64,62.0,35.0,8.0,7.0,57.0,15.0,6.0,16.0
401825204,2025-11-07,2026,0,40,56,123362,Stetson Hatters,Fort Lauderdale Eagles,106,77,67.0,35.0,22.0,13.0,71.0,19.0,13.0,9.0
401825382,2025-11-07,2026,0,40,2698,2938,West Georgia Wolves,Huntingdon Hawks,120,83,73.0,20.0,12.0,12.0,82.0,15.0,15.0,8.0
401825587,2025-11-07,2026,0,40,2464,130183,Northern Arizona Lumberjacks,Justice Lions,87,55,67.0,28.0,16.0,10.0,59.0,16.0,9.0,17.0
401826069,2025-11-07,2026,0,40,2515,455,Radford Highlanders,West Virginia Wesleyan Bobcats,99,61,71.0,12.0,21.0,18.0,62.0,9.0,10.0,18.0
401826698,2025-11-07,2026,0,40,2244,2737,George Mason Patriots,Winthrop Eagles,96,90,59.0,43.0,16.0,14.0,67.0,29.0,11.0,6.0
401826706,2025-11-07,2026,0,40,52,2011,Florida State Seminoles,Alabama State Hornets,101,64,74.0,14.0,17.0,15.0,65.0,19.0,13.0,17.0
401826804,2025-11-07,2026,0,40,2483,242,Oregon Ducks,Rice Owls,67,63,52.0,38.0,16.0,12.0,62.0,11.0,14.0,14.0
401826860,2025-11-07,2026,0,40,93,2400,Murray State Racers,Mississippi Valley State Delta Devils,108,60,79.0,25.0,19.0,5.0,60.0,21.0,15.0,23.0
401826869,2025-11-07,2026,0,40,2509,2473,Purdue Boilermakers,Oakland Golden Grizzlies,87,77,68.0,15.0,11.0,5.0,68.0,12.0,12.0,9.0
401826892,2025-11-07,2026,0,40,2550,2681,Seton Hall Pirates,Wagner Seahawks,68,61,61.0,24.0,20.0,11.0,49.0,12.0,9.0,20.0
401826918,2025-11-07,2026,0,40,2458,2862,Northern Colorado Bears,Colorado Christian Cougars,101,65,65.0,16.0,17.0,11.0,51.0,16.0,7.0,16.0
401826922,2025-11-07,2026,0,40,2502,3218,Portland State Vikings,Northwest Indian RedHawks,122,74,81.0,21.0,20.0,14.0,52.0,34.0,6.0,20.0
401826927,2025-11-07,2026,0,40,16,3078,Sacramento State Hornets,Jessup Warriors,86,76,60.0,27.0,10.0,15.0,72.0,13.0,13.0,10.0
401827273,2025-11-07,2026,0,40,2142,111,Colgate Raiders,Northeastern Huskies,65,68,59.0,16.0,10.0,11.0,59.0,25.0,11.0,7.0
401827449,2025-11-07,2026,0,40,2335,232,Liberty Flames,Charleston Cougars,90,75,59.0,17.0,10.0,5.0,55.0,17.0,12.0,12.0
401828301,2025-11-07,2026,0,40,48,2732,Delaware Blue Hens,Wilmington (DE) Wildcats,62,71,59.0,18.0,10.0,16.0,66.0,23.0,11.0,7.0
401828473,2025-11-07,2026,0,40,2638,2703,UTEP Miners,Western New Mexico Mustangs,107,70,72.0,31.0,22.0,13.0,55.0,33.0,12.0,22.0
401828492,2025-11-07,2026,0,40,145,2433,Ole Miss Rebels,UL Monroe Warhawks,86,65,66.0,13.0,11.0,13.0,59.0,17.0,8.0,15.0
401828495,2025-11-07,2026,0,40,2916,2299,Incarnate Word Cardinals,Jarvis Christian Bulldogs,104,60,75.0,11.0,19.0,15.0,59.0,22.0,12.0,17.0
401828911,2025-11-07,2026,0,40,339,502,Evansville Purple Aces,Calumet St. Joseph Crimson Wave,92,50,71.0,8.0,19.0,11.0,53.0,12.0,7.0,15.0
401828917,2025-11-07,2026,0,40,79,140,Southern Illinois Salukis,Kansas City Roos,101,78,61.0,26.0,9.0,12.0,69.0,23.0,16.0,12.0
401829277,2025-11-07,2026,0,40,2535,2569,Samford Bulldogs,South Carolina State Bulldogs,82,72,53.0,37.0,9.0,10.0,57.0,18.0,6.0,13.0
401829342,2025-11-07,2026,0,40,2636,2565,UTSA Roadrunners,SIU Edwardsville Cougars,60,77,71.0,21.0,17.0,9.0,58.0,26.0,12.0,14.0
401829345,2025-11-07,2026,0,40,142,2546,Missouri Tigers,Southeast Missouri State Redhawks,89,84,54.0,31.0,9.0,19.0,63.0,21.0,13.0,16.0
401829430,2025-11-07,2026,0,40,2608,236,Saint Mary's Gaels,Chattanooga Mocs,87,66,45.0,29.0,6.0,14.0,52.0,19.0,6.0,13.0
401829448,2025-11-07,2026,0,40,2617,2032,Stephen F. Austin Lumberjacks,Arkansas State Red Wolves,90,65,70.0,19.0,19.0,14.0,54.0,33.0,10.0,14.0
401829486,2025-11-07,2026,0,40,324,3229,Coastal Carolina Chanticleers,Virginia Lynchburg Dragons,121,44,86.0,18.0,21.0,14.0,81.0,10.0,8.0,11.0
401831071,2025-11-07,2026,0,40,193,2652,Miami (OH) RedHawks,Trinity Christian Trolls,129,49,63.0,29.0,11.0,14.0,74.0,11.0,17.0,18.0
401811966,2025-11-08,2026,0,40,2057,2634,Belmont Bruins,Tennessee State Tigers,87,79,57.0,33.0,8.0,17.0,77.0,20.0,19.0,13.0
401812261,2025-11-08,2026,0,40,2599,333,St. John's Red Storm,Alabama Crimson Tide,96,103,63.0,40.0,10.0,12.0,81.0,22.0,14.0,7.0
401812283,2025-11-08,2026,0,40,2612,161,Saint Peter's Peacocks,Fairleigh Dickinson Knights,93,83,62.0,27.0,11.0,11.0,57.0,20.0,11.0,18.0
401812660,2025-11-08,2026,0,40,252,107,BYU Cougars,Holy Cross Crusaders,98,53,63.0,16.0,4.0,6.0,60.0,11.0,9.0,15.0
401813347,2025-11-08,2026,0,40,179,2099,St. Bonaventure Bonnies,Canisius Golden Griffins,89,70,68.0,18.0,20.0,8.0,51.0,17.0,7.0,11.0
401813374,2025-11-08,2026,0,40,2066,315,Binghamton Bearcats,Niagara Purple Eagles,59,67,56.0,20.0,11.0,9.0,59.0,17.0,11.0,8.0
401813435,2025-11-08,2026,0,40,2168,2378,Dayton Flyers,UMBC Retrievers,77,71,51.0,24.0,6.0,9.0,58.0,10.0,11.0,15.0
401817142,2025-11-08,2026,1,40,45,58,George Washington Revolutionaries,South Florida Bulls,99,95,55.0,41.0,11.0,21.0,72.0,37.0,16.0,12.0
401817173,2025-11-08,2026,0,40,257,151,Richmond Spiders,East Carolina Pirates,87,72,50.0,36.0,4.0,11.0,54.0,31.0,8.0,13.0
401817229,2025-11-08,2026,0,40,150,2717,Duke Blue Devils,Western Carolina Catamounts,95,54,64.0,33.0,13.0,10.0,72.0,11.0,15.0,14.0
401817465,2025-11-08,2026,0,40,24,149,Stanford Cardinal,Montana Grizzlies,91,68,79.0,15.0,16.0,5.0,51.0,17.0,5.0,20.0
401817477,2025-11-08,2026,0,40,183,2169,Syracuse Orange,Delaware State Hornets,83,43,55.0,21.0,7.0,14.0,65.0,17.0,17.0,15.0
401817518,2025-11-08,2026,1,45,259,2507,Virginia Tech Hokies,Providence Friars,107,101,79.0,22.0,12.0,11.0,76.0,25.0,12.0,14.0
401819861,2025-11-08,2026,0,45,38,331,Colorado Buffaloes,Eastern Washington Eagles,102,97,63.0,39.0,11.0,9.0,62.0,19.0,5.0,11.0
401819889,2025-11-08,2026,0,40,2306,91,Kansas State Wildcats,Bellarmine Knights,98,71,53.0,23.0,11.0,18.0,61.0,17.0,11.0,13.0
401819906,2025-11-08,2026,0,45,254,2692,Utah Utes,Weber State Wildcats,92,89,77.0,32.0,19.0,13.0,73.0,28.0,17.0,15.0
401820210,2025-11-08,2026,0,40,2385,126910,Mercyhurst Lakers,Penn State New Kensington Lions,94,43,63.0,15.0,8.0,13.0,51.0,18.0,5.0,20.0
401820396,2025-11-08,2026,0,40,2439,236,UNLV Rebels,Chattanooga Mocs,101,69,59.0,37.0,16.0,8.0,53.0,15.0,5.0,12.0
401820485,2025-11-08,2026,0,40,2627,357,Tarleton State Texans,Texas A&M-Corpus Christi Islanders,85,77,47.0,37.0,9.0,13.0,58.0,29.0,15.0,13.0
401820550,2025-11-08,2026,0,40,2005,2046,Air Force Falcons,Austin Peay Governors,54,74,52.0,24.0,15.0,22.0,52.0,29.0,10.0,17.0
401820596,2025-11-08,2026,0,40,2006,163,Akron Zips,Princeton Tigers,104,69,71.0,21.0,11.0,7.0,65.0,20.0,12.0,15.0
401820622,2025-11-08,2026,0,40,2619,311,Stony Brook Seawolves,Maine Black Bears,71,60,62.0,23.0,10.0,8.0,51.0,25.0,5.0,11.0
401820823,2025-11-08,2026,0,40,2086,85,Butler Bulldogs,IU Indianapolis Jaguars,112,80,76.0,43.0,23.0,17.0,80.0,15.0,14.0,17.0
401822177,2025-11-08,2026,0,40,2325,2405,La Salle Explorers,Monmouth Hawks,73,60,62.0,28.0,20.0,12.0,52.0,17.0,11.0,16.0
401822309,2025-11-08,2026,0,40,2747,270,Wofford Terriers,Milwaukee Panthers,86,76,63.0,30.0,14.0,13.0,63.0,19.0,7.0,7.0
401822667,2025-11-08,2026,0,40,2603,2182,Saint Joseph's Hawks,Drexel Dragons,76,65,58.0,30.0,11.0,10.0,69.0,14.0,16.0,12.0
401822729,2025-11-08,2026,0,40,2751,2239,Wyoming Cowboys,Cal State Fullerton Titans,92,82,65.0,37.0,11.0,11.0,55.0,43.0,7.0,17.0
401822994,2025-11-08,2026,0,40,2393,2693,Middle Tennessee Blue Raiders,Webster Gorloks,109,56,87.0,12.0,21.0,9.0,52.0,18.0,6.0,26.0
401823037,2025-11-08,2026,0,40,2379,2129,Maryland Eastern Shore Hawks,Cheyney (PA) Wolves,104,59,52.0,20.0,5.0,18.0,53.0,19.0,10.0,21.0
401823188,2025-11-08,2026,0,40,2885,2217,NJIT Highlanders,Fairfield Stags,53,74,60.0,12.0,7.0,16.0,66.0,24.0,18.0,16.0
401823305,2025-11-08,2026,0,40,278,299,Fresno State Bulldogs,Long Beach State Beach,82,62,52.0,28.0,10.0,16.0,53.0,23.0,8.0,16.0
401823322,2025-11-08,2026,0,40,2623,2823,Missouri State Bears,Northwestern (OK) Rangers,106,57,68.0,24.0,14.0,12.0,59.0,19.0,6.0,13.0
401823382,2025-11-08,2026,0,40,2633,94,Tennessee Volunteers,Northern Kentucky Norse,95,56,65.0,19.0,16.0,12.0,58.0,13.0,10.0,15.0
401823451,2025-11-08,2026,0,40,222,2511,Villanova Wildcats,Queens University Royals,94,74,71.0,25.0,22.0,8.0,47.0,16.0,3.0,16.0
401823455,2025-11-08,2026,0,40,71,2117,Bradley Braves,Central Michigan Chippewas,85,54,56.0,25.0,10.0,10.0,55.0,15.0,8.0,15.0
401823469,2025-11-08,2026,0,40,2649,276,Toledo Rockets,Marshall Thundering Herd,73,85,64.0,19.0,15.0,14.0,63.0,12.0,13.0,15.0
401823539,2025-11-08,2026,0,40,253,292,Southern Utah Thunderbirds,UT Rio Grande Valley Vaqueros,72,95,65.0,19.0,12.0,11.0,76.0,5.0,17.0,12.0
401823814,2025-11-08,2026,0,40,68,3084,Boise State Broncos,Utah Valley Wolverines,101,77,59.0,34.0,11.0,9.0,55.0,24.0,6.0,16.0
401823865,2025-11-08,2026,0,40,167,250,New Mexico Lobos,UT Arlington Mavericks,74,56,57.0,27.0,9.0,12.0,51.0,24.0,14.0,23.0
401824032,2025-11-08,2026,0,40,2250,201,Gonzaga Bulldogs,Oklahoma Sooners,83,68,79.0,11.0,18.0,7.0,58.0,18.0,8.0,16.0
401824038,2025-11-08,2026,0,40,2351,2029,Loyola Marymount Lions,Arkansas-Pine Bluff Golden Lions,94,72,62.0,28.0,11.0,6.0,65.0,11.0,12.0,13.0
401824062,2025-11-08,2026,0,40,2440,279,Nevada Wolf Pack,Pacific Tigers,78,77,58.0,39.0,18.0,9.0,59.0,15.0,7.0,8.0
401824126,2025-11-08,2026,0,40,2547,13,Seattle U Redhawks,Cal Poly Mustangs,71,73,63.0,14.0,12.0,17.0,58.0,22.0,14.0,23.0
401824810,2025-11-08,2026,0,40,248,119,Houston Cougars,Towson Tigers,65,48,62.0,7.0,12.0,12.0,49.0,14.0,9.0,18.0
401824824,2025-11-08,2026,0,40,2116,238,UCF Knights,Vanderbilt Commodores,93,105,58.0,28.0,8.0,12.0,68.0,17.0,9.0,6.0
401824854,2025-11-08,2026,0,40,2110,3134,Central Arkansas Bears,Champion Christian Tigers,110,63,80.0,12.0,14.0,12.0,71.0,4.0,4.0,16.0
401824885,2025-11-08,2026,0,40,2506,2193,Presbyterian Blue Hose,East Tennessee State Buccaneers,68,64,48.0,26.0,11.0,16.0,55.0,21.0,13.0,12.0
401826725,2025-11-08,2026,0,40,235,2539,Memphis Tigers,San Francisco Dons,76,70,66.0,26.0,17.0,14.0,55.0,25.0,9.0,15.0
401826771,2025-11-08,2026,1,40,232,2226,Charleston Cougars,Florida Atlantic Owls,77,94,60.0,24.0,13.0,9.0,68.0,22.0,18.0,7.0
401826785,2025-11-08,2026,0,40,127,8,Michigan State Spartans,Arkansas Razorbacks,69,66,61.0,26.0,19.0,14.0,56.0,23.0,13.0,14.0
401826793,2025-11-08,2026,0,40,2900,349,St. Thomas Tommies,Army Black Knights,83,76,60.0,25.0,10.0,7.0,62.0,14.0,11.0,11.0
401826843,2025-11-08,2026,0,40,2655,326,Tulane Green Wave,Texas State Bobcats,79,71,47.0,30.0,5.0,11.0,60.0,13.0,11.0,11.0
401826880,2025-11-08,2026,0,40,2724,2504,Wichita State Shockers,Prairie View A&M Panthers,105,62,61.0,41.0,14.0,10.0,59.0,28.0,12.0,17.0
401826907,2025-11-08,2026,0,40,28,2277,UC San Diego Tritons,Houston Christian Huskies,78,60,58.0,13.0,8.0,12.0,55.0,14.0,7.0,16.0
401826977,2025-11-08,2026,0,40,2272,2047,High Point Panthers,Averett Cougars,127,52,64.0,40.0,10.0,12.0,50.0,23.0,9.0,30.0
401827059,2025-11-08,2026,0,40,2908,2896,South Carolina Upstate Spartans,Southern Virginia Knights,105,46,77.0,25.0,15.0,5.0,58.0,15.0,10.0,22.0
401827233,2025-11-08,2026,0,40,135,2016,Minnesota Golden Gophers,Alcorn State Braves,95,50,60.0,37.0,19.0,12.0,56.0,15.0,10.0,16.0
401827237,2025-11-08,2026,0,40,158,2229,Nebraska Cornhuskers,Florida International Panthers,96,66,67.0,8.0,9.0,15.0,71.0,6.0,17.0,20.0
401827277,2025-11-08,2026,0,40,2441,213,New Haven Chargers,Penn State Nittany Lions,43,87,45.0,8.0,6.0,19.0,61.0,16.0,12.0,6.0
401827504,2025-11-08,2026,0,40,2450,2729,Norfolk State Spartans,William & Mary Tribe,78,81,58.0,31.0,14.0,19.0,53.0,34.0,10.0,17.0
401827518,2025-11-08,2026,0,45,2430,2210,UNC Greensboro Spartans,Elon Phoenix,90,92,63.0,27.0,12.0,11.0,75.0,30.0,19.0,4.0
401827757,2025-11-08,2026,0,40,113,399,Massachusetts Minutemen,UAlbany Great Danes,83,62,60.0,30.0,14.0,13.0,53.0,23.0,8.0,19.0
401828336,2025-11-08,2026,0,40,50,338,Florida A&M Rattlers,Kennesaw State Owls,72,92,67.0,33.0,13.0,12.0,57.0,28.0,5.0,14.0
401828526,2025-11-08,2026,0,40,198,2301,Oral Roberts Golden Eagles,John Brown Golden Eagles,84,50,68.0,20.0,20.0,15.0,58.0,17.0,13.0,23.0
401829324,2025-11-08,2026,0,40,2540,23,UC Santa Barbara Gauchos,San José State Spartans,85,74,52.0,19.0,10.0,11.0,50.0,21.0,11.0,14.0
401829412,2025-11-08,2026,0,40,251,322,Texas Longhorns,Lafayette Leopards,97,60,63.0,29.0,16.0,9.0,55.0,17.0,10.0,15.0
401829488,2025-11-08,2026,0,40,290,2427,Georgia Southern Eagles,UNC Asheville Bulldogs,93,90,65.0,39.0,12.0,9.0,60.0,24.0,9.0,18.0
401831377,2025-11-08,2026,0,40,6,2590,South Alabama Jaguars,Spring Hill Badgers,99,50,72.0,25.0,18.0,5.0,62.0,3.0,8.0,18.0
401811103,2025-11-09,2026,0,40,233,127162,South Dakota Coyotes,Ozark Christian Ambassadors,121,65,80.0,19.0,22.0,9.0,47.0,19.0,4.0,21.0
401812574,2025-11-09,2026,0,40,44,219,American University Eagles,Pennsylvania Quakers,84,78,63.0,23.0,10.0,13.0,52.0,32.0,8.0,18.0
401812600,2025-11-09,2026,0,40,108,160,Harvard Crimson,New Hampshire Wildcats,86,75,56.0,18.0,5.0,9.0,58.0,10.0,5.0,14.0
401813254,2025-11-09,2026,0,40,2287,172,Illinois State Redbirds,Cornell Big Red,76,65,55.0,33.0,12.0,14.0,60.0,24.0,10.0,11.0
401813287,2025-11-09,2026,0,40,197,245,Oklahoma State Cowboys,Texas A&M Aggies,87,63,66.0,22.0,12.0,9.0,62.0,17.0,14.0,16.0
401813320,2025-11-09,2026,0,40,159,2368,Dartmouth Big Green,Marist Red Foxes,56,75,49.0,28.0,9.0,20.0,66.0,5.0,9.0,13.0
401818548,2025-11-09,2026,0,50,225,261,Brown Bears,Vermont Catamounts,84,89,67.0,24.0,10.0,13.0,72.0,22.0,11.0,10.0
401819814,2025-11-09,2026,0,40,9,3101,Arizona State Sun Devils,Utah Tech Trailblazers,81,66,66.0,16.0,11.0,8.0,55.0,22.0,10.0,16.0
401819824,2025-11-09,2026,0,40,239,264,Baylor Bears,Washington Huskies,78,69,56.0,29.0,7.0,9.0,68.0,15.0,16.0,12.0
401819916,2025-11-09,2026,0,40,277,2329,West Virginia Mountaineers,Lehigh Mountain Hawks,69,47,49.0,25.0,9.0,13.0,46.0,11.0,3.0,16.0
401820542,2025-11-09,2026,0,40,2460,2571,Northern Iowa Panthers,South Dakota State Jackrabbits,65,58,49.0,20.0,5.0,11.0,51.0,14.0,12.0,17.0
401822758,2025-11-09,2026,0,40,256,2154,James Madison Dukes,Coppin State Eagles,84,70,59.0,20.0,10.0,12.0,47.0,36.0,12.0,18.0
401823022,2025-11-09,2026,1,40,269,84,Marquette Golden Eagles,Indiana Hoosiers,77,100,59.0,33.0,14.0,15.0,66.0,24.0,10.0,8.0
401823256,2025-11-09,2026,0,40,155,2463,North Dakota Fighting Hawks,Cal State Northridge Matadors,85,93,65.0,23.0,9.0,8.0,60.0,31.0,14.0,16.0
401823393,2025-11-09,2026,0,40,2870,2936,Purdue Fort Wayne Mastodons,Dominican (IL) Dominican,137,56,77.0,22.0,7.0,6.0,58.0,13.0,7.0,27.0
401823417,2025-11-09,2026,0,40,189,2330,Bowling Green Falcons,Le Moyne Dolphins,83,60,66.0,17.0,10.0,6.0,52.0,12.0,11.0,24.0
401823485,2025-11-09,2026,0,40,2382,288,Mercer Bears,Lipscomb Bisons,92,77,65.0,13.0,11.0,8.0,67.0,7.0,12.0,11.0
401823515,2025-11-09,2026,0,40,142,2678,Missouri Tigers,VMI Keydets,106,68,65.0,35.0,17.0,11.0,57.0,20.0,8.0,17.0
401823555,2025-11-09,2026,0,40,21,304,San Diego State Aztecs,Idaho State Bengals,73,57,49.0,12.0,5.0,12.0,45.0,14.0,9.0,19.0
401823808,2025-11-09,2026,0,40,36,2437,Colorado State Rams,Omaha Mavericks,97,74,53.0,33.0,14.0,11.0,59.0,15.0,8.0,7.0
401823858,2025-11-09,2026,0,40,30,2363,USC Trojans,Manhattan Jaspers,114,83,81.0,32.0,24.0,12.0,61.0,36.0,10.0,12.0
401824089,2025-11-09,2026,0,40,2501,302,Portland Pilots,UC Davis Aggies,67,63,54.0,22.0,12.0,17.0,61.0,16.0,15.0,16.0
401824896,2025-11-09,2026,0,40,62,2837,Hawai'i Rainbow Warriors,East Texas A&M Lions,100,74,51.0,54.0,10.0,14.0,53.0,32.0,8.0,14.0
401825577,2025-11-09,2026,0,40,147,2172,Montana State Bobcats,Denver Pioneers,73,75,61.0,7.0,9.0,8.0,55.0,10.0,9.0,14.0
401826732,2025-11-09,2026,0,40,2026,2428,App State Mountaineers,North Carolina Central Eagles,76,54,54.0,29.0,11.0,8.0,50.0,20.0,7.0,11.0
401826772,2025-11-09,2026,0,40,2335,2226,Liberty Flames,Florida Atlantic Owls,88,68,58.0,13.0,5.0,9.0,55.0,24.0,12.0,13.0
401826896,2025-11-09,2026,0,40,2348,2358,Louisiana Tech Bulldogs,Lyon Scots,93,35,65.0,20.0,15.0,13.0,56.0,6.0,8.0,21.0
401827088,2025-11-09,2026,0,40,47,2755,Howard Bison,Grambling Tigers,70,73,48.0,16.0,10.0,19.0,49.0,19.0,10.0,17.0
401827257,2025-11-09,2026,0,45,2579,2572,South Carolina Gamecocks,Southern Miss Golden Eagles,83,79,64.0,21.0,12.0,15.0,67.0,21.0,13.0,9.0
401828276,2025-11-09,2026,1,40,2350,249,Loyola Chicago Ramblers,North Texas Mean Green,62,64,55.0,31.0,16.0,13.0,53.0,27.0,13.0,12.0
401828296,2025-11-09,2026,0,40,2097,2711,Campbell Fighting Camels,Western Michigan Broncos,91,82,54.0,41.0,8.0,15.0,64.0,26.0,11.0,15.0
401828576,2025-11-09,2026,0,40,61,2413,Georgia Bulldogs,Morehead State Eagles,120,81,75.0,26.0,16.0,9.0,74.0,20.0,20.0,16.0
401828912,2025-11-09,2026,0,40,339,2474,Evansville Purple Aces,Oakland City Mighty Oaks,76,47,53.0,28.0,7.0,12.0,60.0,17.0,10.0,13.0
401829390,2025-11-09,2026,0,40,2630,3077,UT Martin Skyhawks,Kentucky Christian Knights,97,42,69.0,19.0,17.0,15.0,53.0,13.0,7.0,25.0
401808892,2025-11-10,2026,0,40,99,2443,LSU Tigers,LSU New Orleans Privateers,93,58,71.0,28.0,18.0,7.0,67.0,17.0,12.0,9.0
401808950,2025-11-10,2026,0,40,59,2545,Georgia Tech Yellow Jackets,SE Louisiana Lions,70,60,51.0,26.0,9.0,20.0,60.0,15.0,9.0,20.0
401809415,2025-11-10,2026,0,40,2390,56,Miami Hurricanes,Stetson Hatters,102,61,66.0,26.0,11.0,12.0,57.0,26.0,8.0,17.0
401812251,2025-11-10,2026,0,40,2628,2320,TCU Horned Frogs,Lamar Cardinals,78,65,53.0,24.0,13.0,13.0,60.0,12.0,10.0,9.0
401812661,2025-11-10,2026,0,40,254,107,Utah Utes,Holy Cross Crusaders,87,69,60.0,19.0,7.0,6.0,57.0,21.0,5.0,8.0
401812787,2025-11-10,2026,0,40,41,171,UConn Huskies,Columbia Lions,89,62,53.0,29.0,7.0,6.0,56.0,20.0,11.0,13.0
401813375,2025-11-10,2026,0,40,315,2169,Niagara Purple Eagles,Delaware State Hornets,68,57,47.0,14.0,3.0,9.0,54.0,12.0,8.0,8.0
401813758,2025-11-10,2026,0,40,26,2698,UCLA Bruins,West Georgia Wolves,83,62,55.0,26.0,13.0,11.0,51.0,11.0,8.0,17.0
401817184,2025-11-10,2026,0,40,139,2815,Saint Louis Billikens,Lindenwood Lions,109,66,57.0,31.0,11.0,20.0,55.0,26.0,10.0,24.0
401817220,2025-11-10,2026,0,40,25,2239,California Golden Bears,Cal State Fullerton Titans,93,65,68.0,30.0,12.0,8.0,69.0,11.0,12.0,14.0
401817443,2025-11-10,2026,0,40,221,2199,Pittsburgh Panthers,Eastern Michigan Eagles,78,66,60.0,23.0,9.0,8.0,59.0,21.0,10.0,10.0
401819872,2025-11-10,2026,1,40,66,344,Iowa State Cyclones,Mississippi State Bulldogs,96,80,70.0,25.0,15.0,9.0,58.0,14.0,15.0,26.0
401820623,2025-11-10,2026,0,40,164,311,Rutgers Scarlet Knights,Maine Black Bears,72,60,50.0,29.0,14.0,14.0,46.0,13.0,6.0,18.0
401820838,2025-11-10,2026,0,40,2643,2127,The Citadel Bulldogs,Charleston Southern Buccaneers,86,96,57.0,30.0,6.0,8.0,66.0,21.0,14.0,9.0
401822310,2025-11-10,2026,0,40,270,2031,Milwaukee Panthers,Little Rock Trojans,92,72,56.0,23.0,9.0,11.0,56.0,15.0,8.0,15.0
401823003,2025-11-10,2026,0,40,2754,130195,Youngstown State Penguins,Penn State Shenango Nittany Lions,115,53,,,,,,,,
401823010,2025-11-10,2026,0,40,2309,350,Kent State Golden Flashes,UNC Wilmington Seahawks,86,77,53.0,24.0,7.0,11.0,77.0,18.0,17.0,7.0
401823189,2025-11-10,2026,0,40,2550,2217,Seton Hall Pirates,Fairfield Stags,82,59,66.0,28.0,16.0,7.0,50.0,23.0,11.0,17.0
401823359,2025-11-10,2026,0,40,2198,98,Eastern Kentucky Colonels,Western Kentucky Hilltoppers,79,87,61.0,20.0,8.0,14.0,70.0,28.0,12.0,3.0
401823400,2025-11-10,2026,0,40,2523,2242,Robert Morris Colonials,Geneva Golden Tornadoes,93,47,74.0,11.0,19.0,10.0,45.0,11.0,7.0,26.0
401823462,2025-11-10,2026,0,40,2253,2459,Grand Canyon Lopes,Northern Illinois Huskies,88,59,61.0,19.0,14.0,15.0,49.0,21.0,7.0,21.0
401823559,2025-11-10,2026,0,40,2752,2541,Xavier Musketeers,Santa Clara Broncos,68,87,56.0,34.0,13.0,13.0,64.0,17.0,12.0,11.0
401823866,2025-11-10,2026,0,40,250,3166,UT Arlington Mavericks,Arlington Baptist Patriots,117,61,84.0,19.0,21.0,12.0,60.0,17.0,2.0,19.0
401824135,2025-11-10,2026,0,40,265,2900,Washington State Cougars,St. Thomas Tommies,81,71,54.0,16.0,8.0,15.0,53.0,16.0,1.0,9.0
401824869,2025-11-10,2026,0,40,231,3242,Furman Paladins,Columbia International Rams,89,59,70.0,23.0,21.0,9.0,52.0,15.0,4.0,14.0
401826761,2025-11-10,2026,0,40,2349,2441,UMass Lowell River Hawks,New Haven Chargers,67,73,57.0,27.0,13.0,12.0,56.0,15.0,9.0,14.0
401826829,2025-11-10,2026,0,40,2635,3229,Tennessee Tech Golden Eagles,Virginia Lynchburg Dragons,118,58,79.0,27.0,20.0,15.0,71.0,17.0,12.0,17.0
401826913,2025-11-10,2026,0,40,77,325,Northwestern Wildcats,Cleveland State Vikings,110,63,68.0,22.0,11.0,7.0,60.0,13.0,10.0,17.0
401826938,2025-11-10,2026,0,40,2247,2506,Georgia State Panthers,Presbyterian Blue Hose,61,63,54.0,18.0,13.0,10.0,46.0,19.0,9.0,14.0
401826968,2025-11-10,2026,0,40,2241,2822,Gardner-Webb Runnin' Bulldogs,North Greenville Trailblazers,81,92,64.0,24.0,8.0,8.0,57.0,19.0,9.0,18.0
401827011,2025-11-10,2026,0,40,2582,3120,Southern Jaguars,Ecclesia Royals,115,51,76.0,26.0,14.0,12.0,49.0,11.0,3.0,35.0
401827526,2025-11-10,2026,0,40,2448,2569,North Carolina A&T Aggies,South Carolina State Bulldogs,85,62,62.0,33.0,15.0,19.0,55.0,28.0,12.0,24.0
401828307,2025-11-10,2026,0,40,55,2890,Jacksonville State Gamecocks,Reinhardt Eagles,114,39,75.0,24.0,22.0,8.0,50.0,18.0,9.0,22.0
401828476,2025-11-10,2026,0,40,2739,2891,Green Bay Phoenix,Ripon Red Hawks,83,63,55.0,33.0,8.0,9.0,61.0,14.0,10.0,13.0
401828905,2025-11-10,2026,0,40,2181,2564,Drake Bulldogs,Simpson (IA) Storm,89,51,60.0,30.0,10.0,10.0,65.0,6.0,8.0,16.0
401828914,2025-11-10,2026,0,40,2565,282,SIU Edwardsville Cougars,Indiana State Sycamores,55,64,64.0,13.0,14.0,15.0,60.0,17.0,14.0,17.0
401829443,2025-11-10,2026,0,40,2377,128256,McNeese Cowboys,College of Biblical Studies Ambassadors,132,50,70.0,22.0,15.0,12.0,59.0,14.0,12.0,23.0
401830114,2025-11-10,2026,0,40,300,124946,UC Irvine Anteaters,Lincoln (CA) Oaklanders,130,63,88.0,10.0,18.0,13.0,64.0,15.0,10.0,20.0
401830124,2025-11-10,2026,0,40,2433,2892,UL Monroe Warhawks,Rust Bearcats,88,55,63.0,18.0,8.0,13.0,67.0,8.0,10.0,15.0
401830743,2025-11-10,2026,0,40,2275,2404,Hofstra Pride,Molloy Lions,95,61,73.0,15.0,14.0,11.0,70.0,9.0,8.0,13.0
401809075,2025-11-11,2026,0,40,163,2083,Princeton Tigers,Bucknell Bison,73,63,53.0,29.0,10.0,12.0,51.0,21.0,6.0,13.0
401811097,2025-11-11,2026,0,40,356,2641,Illinois Fighting Illini,Texas Tech Red Raiders,81,77,59.0,23.0,11.0,13.0,64.0,4.0,7.0,13.0
401812353,2025-11-11,2026,0,40,2005,112358,Air Force Falcons,Long Island University Sharks,72,76,58.0,25.0,14.0,13.0,56.0,35.0,18.0,15.0
401812380,2025-11-11,2026,0,40,2598,116,Saint Francis Red Wolves,Mount St. Mary's Mountaineers,66,74,65.0,18.0,16.0,11.0,52.0,18.0,7.0,16.0
401812575,2025-11-11,2026,0,40,2507,219,Providence Friars,Pennsylvania Quakers,106,81,67.0,23.0,14.0,15.0,70.0,24.0,12.0,10.0
401812601,2025-11-11,2026,0,40,108,111,Harvard Crimson,Northeastern Huskies,60,77,46.0,24.0,9.0,18.0,60.0,23.0,12.0,8.0
401812644,2025-11-11,2026,0,40,103,2115,Boston College Eagles,Central Connecticut Blue Devils,59,60,67.0,9.0,15.0,10.0,60.0,10.0,12.0,12.0
401812918,2025-11-11,2026,0,40,228,2413,Clemson Tigers,Morehead State Eagles,83,56,62.0,18.0,15.0,5.0,62.0,11.0,19.0,11.0
401813274,2025-11-11,2026,0,40,2415,2378,Morgan State Bears,UMBC Retrievers,79,81,70.0,13.0,14.0,9.0,49.0,24.0,6.0,18.0
401813436,2025-11-11,2026,0,40,2132,2168,Cincinnati Bearcats,Dayton Flyers,74,62,45.0,37.0,6.0,24.0,62.0,27.0,6.0,13.0
401813446,2025-11-11,2026,0,45,2184,2511,Duquesne Dukes,Queens University Royals,87,81,66.0,30.0,9.0,16.0,70.0,27.0,14.0,16.0
401817165,2025-11-11,2026,0,40,227,284,Rhode Island Rams,Stonehill Skyhawks,80,57,60.0,22.0,10.0,11.0,52.0,21.0,12.0,21.0
401817174,2025-11-11,2026,0,40,257,2729,Richmond Spiders,William & Mary Tribe,90,86,64.0,46.0,22.0,15.0,63.0,31.0,9.0,7.0
401817230,2025-11-11,2026,0,40,349,150,Army Black Knights,Duke Blue Devils,59,114,68.0,7.0,10.0,17.0,65.0,29.0,13.0,10.0
401817241,2025-11-11,2026,0,40,97,96,Louisville Cardinals,Kentucky Wildcats,96,88,69.0,31.0,13.0,6.0,68.0,16.0,13.0,14.0
401817264,2025-11-11,2026,0,40,153,2515,North Carolina Tar Heels,Radford Highlanders,89,74,65.0,49.0,18.0,11.0,70.0,31.0,14.0,11.0
401817433,2025-11-11,2026,0,40,87,2197,Notre Dame Fighting Irish,Eastern Illinois Panthers,78,58,60.0,15.0,17.0,10.0,54.0,12.0,9.0,11.0
401817454,2025-11-11,2026,0,40,2567,93,SMU Mustangs,Murray State Racers,102,91,74.0,30.0,17.0,11.0,62.0,24.0,8.0,15.0
401817488,2025-11-11,2026,0,40,258,2261,Virginia Cavaliers,Hampton Pirates,91,53,60.0,17.0,15.0,13.0,63.0,11.0,11.0,11.0
401817529,2025-11-11,2026,1,45,130,154,Michigan Wolverines,Wake Forest Demon Deacons,85,84,62.0,37.0,13.0,17.0,84.0,21.0,18.0,13.0
401818299,2025-11-11,2026,0,40,2514,43,Quinnipiac Bobcats,Yale Bulldogs,60,97,61.0,11.0,12.0,17.0,64.0,14.0,12.0,13.0
401819835,2025-11-11,2026,0,40,252,48,BYU Cougars,Delaware Blue Hens,85,68,66.0,15.0,19.0,7.0,58.0,9.0,7.0,5.0
401819883,2025-11-11,2026,0,40,2305,357,Kansas Jayhawks,Texas A&M-Corpus Christi Islanders,77,46,50.0,22.0,7.0,18.0,59.0,13.0,6.0,12.0
401820150,2025-11-11,2026,0,40,213,2426,Penn State Nittany Lions,Navy Midshipmen,80,71,61.0,18.0,11.0,9.0,54.0,14.0,7.0,16.0
401820184,2025-11-11,2026,0,40,2352,2885,Loyola Maryland Greyhounds,NJIT Highlanders,64,66,58.0,20.0,14.0,14.0,56.0,26.0,13.0,13.0
401820397,2025-11-11,2026,0,40,2439,149,UNLV Rebels,Montana Grizzlies,93,102,69.0,27.0,11.0,10.0,65.0,27.0,10.0,13.0
401820798,2025-11-11,2026,0,40,2429,2166,Charlotte 49ers,Davidson Wildcats,55,62,54.0,20.0,16.0,10.0,47.0,12.0,5.0,11.0
401820824,2025-11-11,2026,0,40,2086,2130,Butler Bulldogs,Chicago State Cougars,98,66,57.0,30.0,11.0,14.0,56.0,13.0,6.0,16.0
401820831,2025-11-11,2026,0,40,2250,156,Gonzaga Bulldogs,Creighton Bluejays,90,63,70.0,13.0,11.0,7.0,49.0,31.0,9.0,17.0
401822167,2025-11-11,2026,0,40,2230,2681,Fordham Rams,Wagner Seahawks,63,61,53.0,21.0,9.0,6.0,59.0,6.0,13.0,9.0
401822178,2025-11-11,2026,0,40,218,2325,Temple Owls,La Salle Explorers,90,63,68.0,14.0,16.0,8.0,54.0,24.0,9.0,10.0
401822319,2025-11-11,2026,0,40,275,2050,Wisconsin Badgers,Ball State Cardinals,86,55,64.0,8.0,15.0,15.0,53.0,21.0,8.0,14.0
401823038,2025-11-11,2026,0,40,158,2379,Nebraska Cornhuskers,Maryland Eastern Shore Hawks,69,50,61.0,18.0,11.0,7.0,58.0,9.0,10.0,16.0
401823226,2025-11-11,2026,0,40,526,290,Florida Gulf Coast Eagles,Georgia Southern Eagles,94,95,83.0,11.0,27.0,13.0,58.0,18.0,6.0,11.0
401823257,2025-11-11,2026,0,40,2449,2463,North Dakota State Bison,Cal State Northridge Matadors,90,68,76.0,26.0,18.0,10.0,66.0,16.0,13.0,20.0
401823323,2025-11-11,2026,0,40,2623,2032,Missouri State Bears,Arkansas State Red Wolves,85,86,56.0,37.0,7.0,12.0,65.0,29.0,14.0,16.0
401823341,2025-11-11,2026,0,40,2272,294,High Point Panthers,Jacksonville Dolphins,85,64,62.0,30.0,10.0,3.0,60.0,16.0,13.0,14.0
401823368,2025-11-11,2026,0,40,2174,128438,Detroit Mercy Titans,Cleary University Cougars,92,54,64.0,41.0,16.0,9.0,61.0,24.0,14.0,16.0
401823375,2025-11-11,2026,0,40,85,130262,IU Indianapolis Jaguars,IU Columbus Crimson Pride,121,77,92.0,16.0,18.0,19.0,56.0,28.0,5.0,36.0
401823408,2025-11-11,2026,0,40,2750,2649,Wright State Raiders,Toledo Rockets,71,81,47.0,15.0,6.0,19.0,55.0,19.0,13.0,15.0
401823427,2025-11-11,2026,0,40,305,2084,DePaul Blue Demons,Buffalo Bulls,53,66,51.0,20.0,13.0,20.0,52.0,27.0,9.0,12.0
401823433,2025-11-11,2026,0,45,2453,2466,North Alabama Lions,Northwestern State Demons,87,83,58.0,37.0,14.0,13.0,56.0,29.0,6.0,11.0
401823476,2025-11-11,2026,0,40,2,2747,Auburn Tigers,Wofford Terriers,93,62,71.0,18.0,20.0,11.0,62.0,10.0,8.0,13.0
401823523,2025-11-11,2026,0,40,2000,2903,Abilene Christian Wildcats,Southwestern Adventist Knights,104,63,68.0,12.0,12.0,11.0,50.0,18.0,5.0,19.0
401823540,2025-11-11,2026,0,40,253,3246,Southern Utah Thunderbirds,Bethesda Flames,118,60,74.0,33.0,18.0,18.0,75.0,21.0,8.0,13.0
401823551,2025-11-11,2026,0,40,2934,2710,Cal State Bakersfield Roadrunners,Western Illinois Leathernecks,74,58,59.0,20.0,14.0,13.0,56.0,18.0,15.0,17.0
401823563,2025-11-11,2026,0,40,222,2529,Villanova Wildcats,Sacred Heart Pioneers,94,60,62.0,6.0,12.0,13.0,56.0,3.0,9.0,17.0
401823757,2025-11-11,2026,0,40,2751,2046,Wyoming Cowboys,Austin Peay Governors,79,65,63.0,23.0,13.0,16.0,59.0,24.0,10.0,16.0
401823815,2025-11-11,2026,0,40,68,292,Boise State Broncos,UT Rio Grande Valley Vaqueros,85,65,57.0,29.0,15.0,20.0,53.0,22.0,4.0,16.0
401824039,2025-11-11,2026,0,40,2638,2351,UTEP Miners,Loyola Marymount Lions,58,71,57.0,12.0,9.0,8.0,52.0,5.0,9.0,19.0
401824069,2025-11-11,2026,0,40,2492,124946,Pepperdine Waves,Lincoln (CA) Oaklanders,113,76,81.0,12.0,26.0,11.0,65.0,11.0,9.0,10.0
401824303,2025-11-11,2026,0,40,140,314,Kansas City Roos,Iona Gaels,91,105,74.0,21.0,15.0,18.0,72.0,14.0,11.0,18.0
401824825,2025-11-11,2026,0,40,2116,50,UCF Knights,Florida A&M Rattlers,97,60,66.0,16.0,15.0,16.0,55.0,22.0,7.0,16.0
401824935,2025-11-11,2026,0,40,8,2110,Arkansas Razorbacks,Central Arkansas Bears,93,56,63.0,22.0,8.0,8.0,67.0,21.0,10.0,8.0
401824947,2025-11-11,2026,0,40,2427,288,UNC Asheville Bulldogs,Lipscomb Bisons,69,64,48.0,24.0,9.0,15.0,63.0,15.0,16.0,10.0
401825588,2025-11-11,2026,0,40,12,2464,Arizona Wildcats,Northern Arizona Lumberjacks,84,49,60.0,21.0,13.0,14.0,62.0,7.0,11.0,17.0
401826043,2025-11-11,2026,0,40,167,27,New Mexico Lobos,UC Riverside Highlanders,82,68,63.0,17.0,9.0,5.0,51.0,13.0,5.0,14.0
401826699,2025-11-11,2026,0,40,2244,2107,George Mason Patriots,Catawba Indians,86,62,41.0,33.0,8.0,21.0,58.0,8.0,8.0,15.0
401826707,2025-11-11,2026,0,40,57,52,Florida Gators,Florida State Seminoles,78,76,64.0,32.0,17.0,18.0,68.0,25.0,8.0,10.0
401826733,2025-11-11,2026,0,40,194,2026,Ohio State Buckeyes,App State Mountaineers,75,53,54.0,32.0,13.0,4.0,56.0,8.0,7.0,9.0
401826777,2025-11-11,2026,0,40,201,2029,Oklahoma Sooners,Arkansas-Pine Bluff Golden Lions,95,69,67.0,24.0,19.0,9.0,63.0,15.0,14.0,15.0
401826797,2025-11-11,2026,0,40,145,235,Ole Miss Rebels,Memphis Tigers,83,77,52.0,33.0,7.0,7.0,60.0,20.0,9.0,7.0
401826805,2025-11-11,2026,0,40,242,2617,Rice Owls,Stephen F. Austin Lumberjacks,69,81,57.0,34.0,15.0,8.0,55.0,23.0,7.0,10.0
401826844,2025-11-11,2026,0,40,309,2655,Louisiana Ragin' Cajuns,Tulane Green Wave,62,66,58.0,21.0,12.0,8.0,46.0,27.0,5.0,10.0
401826851,2025-11-11,2026,0,40,5,2011,UAB Blazers,Alabama State Hornets,74,77,70.0,18.0,15.0,12.0,65.0,20.0,12.0,11.0
401826928,2025-11-11,2026,0,40,16,2540,Sacramento State Hornets,UC Santa Barbara Gauchos,87,92,59.0,23.0,8.0,12.0,63.0,25.0,10.0,8.0
401826996,2025-11-11,2026,0,40,2627,2771,Tarleton State Texans,Merrimack Warriors,76,62,57.0,25.0,13.0,17.0,58.0,24.0,16.0,21.0
401827066,2025-11-11,2026,0,40,324,2737,Coastal Carolina Chanticleers,Winthrop Eagles,72,66,53.0,21.0,9.0,17.0,59.0,23.0,6.0,8.0
401827109,2025-11-11,2026,0,40,2065,3189,Bethune-Cookman Wildcats,Coastal Georgia Mariner,101,60,62.0,29.0,12.0,15.0,64.0,15.0,15.0,23.0
401827209,2025-11-11,2026,0,40,2653,3173,Troy Trojans,Pensacola Christian PENSACOLA CHRISTIAN,121,56,79.0,23.0,15.0,8.0,53.0,12.0,5.0,29.0
401827216,2025-11-11,2026,0,40,120,2016,Maryland Terrapins,Alcorn State Braves,84,64,56.0,27.0,14.0,17.0,54.0,11.0,8.0,21.0
401827495,2025-11-11,2026,0,40,2619,3196,Stony Brook Seawolves,St. Joseph's Long Island Golden Eagles,107,43,71.0,14.0,12.0,12.0,56.0,15.0,12.0,26.0
401827497,2025-11-11,2026,0,40,119,111914,Towson Tigers,Wilson WILSON,101,62,75.0,13.0,15.0,11.0,63.0,11.0,4.0,14.0
401827512,2025-11-11,2026,0,40,2142,2182,Colgate Raiders,Drexel Dragons,90,83,46.0,27.0,3.0,13.0,67.0,15.0,15.0,11.0
401828267,2025-11-11,2026,0,40,399,126848,UAlbany Great Danes,SUNY Delhi Broncos,115,52,70.0,8.0,8.0,13.0,68.0,16.0,12.0,16.0
401828496,2025-11-11,2026,0,40,2916,3238,Incarnate Word Cardinals,Southwestern Christian U Eagles,109,70,77.0,20.0,20.0,8.0,65.0,15.0,6.0,12.0
401828720,2025-11-11,2026,0,40,295,2450,Old Dominion Monarchs,Norfolk State Spartans,60,57,51.0,19.0,9.0,9.0,56.0,13.0,15.0,12.0
401828920,2025-11-11,2026,0,40,82,2595,UIC Flames,St. Francis (IL) Fighting Saints,98,55,63.0,11.0,11.0,14.0,49.0,9.0,7.0,24.0
401829049,2025-11-11,2026,0,40,2608,195,Saint Mary's Gaels,Ohio Bobcats,90,60,62.0,22.0,13.0,9.0,64.0,7.0,11.0,14.0
401829385,2025-11-11,2026,0,40,2634,3083,Tennessee State Tigers,Oakwood Ambassadors,114,76,72.0,27.0,14.0,13.0,69.0,15.0,9.0,15.0
401829455,2025-11-11,2026,0,40,155,561,North Dakota Fighting Hawks,Mayville State Comets,128,58,80.0,19.0,20.0,11.0,56.0,14.0,6.0,24.0
401830630,2025-11-11,2026,0,40,166,2424,New Mexico State Aggies,New Mexico Highlands Cowboys,74,58,51.0,22.0,11.0,13.0,45.0,21.0,11.0,21.0
401811104,2025-11-12,2026,0,40,233,88,South Dakota Coyotes,Southern Indiana Screaming Eagles,89,74,57.0,46.0,13.0,18.0,62.0,33.0,9.0,15.0
401812284,2025-11-12,2026,0,40,251,161,Texas Longhorns,Fairleigh Dickinson Knights,93,58,65.0,34.0,16.0,9.0,67.0,13.0,10.0,9.0
401813288,2025-11-12,2026,0,40,197,2504,Oklahoma State Cowboys,Prairie View A&M Panthers,94,67,73.0,27.0,19.0,14.0,64.0,14.0,5.0,12.0
401813321,2025-11-12,2026,0,40,2368,185,Marist Red Foxes,Vassar Brewers,93,61,66.0,10.0,12.0,9.0,64.0,10.0,9.0,8.0
401813348,2025-11-12,2026,0,40,2099,2385,Canisius Golden Griffins,Mercyhurst Lakers,58,55,41.0,26.0,5.0,13.0,53.0,8.0,6.0,11.0
401817143,2025-11-12,2026,0,40,45,44,George Washington Revolutionaries,American University Eagles,107,67,59.0,33.0,13.0,13.0,62.0,8.0,5.0,16.0
401817195,2025-11-12,2026,0,40,179,2561,St. Bonaventure Bonnies,Siena Saints,75,66,59.0,15.0,13.0,12.0,53.0,24.0,15.0,14.0
401817254,2025-11-12,2026,0,40,152,2430,NC State Wolfpack,UNC Greensboro Spartans,110,64,68.0,23.0,9.0,4.0,47.0,41.0,8.0,16.0
401817466,2025-11-12,2026,0,40,24,147,Stanford Cardinal,Montana State Bobcats,77,68,62.0,21.0,9.0,12.0,58.0,13.0,6.0,16.0
401817519,2025-11-12,2026,0,40,259,2603,Virginia Tech Hokies,Saint Joseph's Hawks,94,59,73.0,12.0,12.0,7.0,67.0,5.0,14.0,19.0
401818549,2025-11-12,2026,0,40,104,225,Boston University Terriers,Brown Bears,90,77,51.0,19.0,9.0,13.0,53.0,23.0,9.0,9.0
401820597,2025-11-12,2026,0,40,2006,130195,Akron Zips,Penn State Shenango Nittany Lions,109,51,94.0,4.0,23.0,11.0,70.0,2.0,9.0,20.0
401820605,2025-11-12,2026,0,40,46,2066,Georgetown Hoyas,Binghamton Bearcats,83,70,67.0,21.0,15.0,4.0,49.0,25.0,6.0,13.0
401820615,2025-11-12,2026,0,40,2803,159,Bryant Bulldogs,Dartmouth Big Green,82,75,61.0,22.0,5.0,7.0,65.0,16.0,9.0,12.0
401822311,2025-11-12,2026,0,40,84,270,Indiana Hoosiers,Milwaukee Panthers,101,70,60.0,27.0,11.0,7.0,62.0,18.0,13.0,15.0
401822331,2025-11-12,2026,0,40,2674,2447,Valparaiso Beacons,Nicholls Colonels,68,63,53.0,23.0,11.0,9.0,51.0,13.0,8.0,15.0
401822736,2025-11-12,2026,0,40,2670,2612,VCU Rams,Saint Peter's Peacocks,78,61,49.0,35.0,13.0,17.0,61.0,19.0,17.0,14.0
401822759,2025-11-12,2026,0,40,58,2154,South Florida Bulls,Coppin State Eagles,100,50,67.0,27.0,20.0,9.0,52.0,22.0,12.0,18.0
401822995,2025-11-12,2026,0,40,339,2393,Evansville Purple Aces,Middle Tennessee Blue Raiders,72,77,54.0,24.0,6.0,12.0,61.0,17.0,9.0,11.0
401823023,2025-11-12,2026,0,40,269,2031,Marquette Golden Eagles,Little Rock Trojans,89,49,65.0,18.0,16.0,9.0,52.0,13.0,11.0,20.0
401823214,2025-11-12,2026,0,40,91,2262,Bellarmine Knights,Hanover Panthers,94,55,61.0,20.0,8.0,7.0,61.0,7.0,10.0,14.0
401823306,2025-11-12,2026,0,40,279,299,Pacific Tigers,Long Beach State Beach,69,66,52.0,30.0,13.0,16.0,56.0,21.0,11.0,13.0
401823394,2025-11-12,2026,0,40,2711,2870,Western Michigan Broncos,Purdue Fort Wayne Mastodons,83,71,73.0,15.0,18.0,15.0,72.0,16.0,14.0,9.0
401823442,2025-11-12,2026,0,40,2633,2454,Tennessee Volunteers,North Florida Ospreys,99,66,71.0,24.0,20.0,14.0,65.0,12.0,12.0,17.0
401823500,2025-11-12,2026,0,40,2547,331,Seattle U Redhawks,Eastern Washington Eagles,94,67,57.0,13.0,5.0,16.0,58.0,17.0,8.0,15.0
401823510,2025-11-12,2026,0,40,301,70,San Diego Toreros,Idaho Vandals,78,74,56.0,11.0,8.0,13.0,59.0,25.0,19.0,16.0
401823516,2025-11-12,2026,0,40,2678,3229,VMI Keydets,Virginia Lynchburg Dragons,106,54,83.0,20.0,12.0,7.0,79.0,14.0,11.0,14.0
401823809,2025-11-12,2026,0,40,36,13,Colorado State Rams,Cal Poly Mustangs,93,79,60.0,20.0,6.0,11.0,63.0,18.0,9.0,13.0
401824056,2025-11-12,2026,0,40,204,249,Oregon State Beavers,North Texas Mean Green,66,64,46.0,28.0,6.0,9.0,54.0,16.0,12.0,14.0
401824811,2025-11-12,2026,0,40,248,2473,Houston Cougars,Oakland Golden Grizzlies,78,45,71.0,8.0,18.0,6.0,51.0,15.0,10.0,13.0
401824848,2025-11-12,2026,0,40,62,2400,Hawai'i Rainbow Warriors,Mississippi Valley State Delta Devils,88,56,56.0,29.0,14.0,11.0,59.0,15.0,9.0,9.0
401824886,2025-11-12,2026,0,40,2193,94,East Tennessee State Buccaneers,Northern Kentucky Norse,75,63,44.0,27.0,3.0,18.0,63.0,14.0,15.0,18.0
401826726,2025-11-12,2026,0,40,2539,2502,San Francisco Dons,Portland State Vikings,80,70,59.0,25.0,15.0,11.0,66.0,13.0,15.0,13.0
401826758,2025-11-12,2026,0,40,160,2211,New Hampshire Wildcats,Emmanuel (MA) Lions,97,69,60.0,34.0,11.0,7.0,52.0,24.0,3.0,12.0
401826908,2025-11-12,2026,0,40,278,28,Fresno State Bulldogs,UC San Diego Tritons,73,78,59.0,21.0,13.0,14.0,60.0,13.0,12.0,18.0
401826931,2025-11-12,2026,0,40,328,2692,Utah State Aggies,Weber State Wildcats,83,73,64.0,29.0,12.0,6.0,57.0,28.0,13.0,13.0
401826939,2025-11-12,2026,0,40,2579,2506,South Carolina Gamecocks,Presbyterian Blue Hose,81,61,57.0,32.0,13.0,6.0,59.0,20.0,14.0,10.0
401826947,2025-11-12,2026,0,40,3084,224,Utah Valley Wolverines,Westminster (UT) Griffins,91,60,54.0,23.0,11.0,17.0,55.0,24.0,18.0,21.0
401826992,2025-11-12,2026,0,40,2344,256,Longwood Lancers,James Madison Dukes,82,72,56.0,42.0,14.0,7.0,58.0,19.0,7.0,11.0
401827004,2025-11-12,2026,0,45,2640,2535,Texas Southern Tigers,Samford Bulldogs,90,93,65.0,21.0,6.0,6.0,57.0,44.0,8.0,10.0
401827060,2025-11-12,2026,0,40,2908,3243,South Carolina Upstate Spartans,Bob Jones Bruins,114,53,68.0,25.0,14.0,13.0,62.0,11.0,7.0,19.0
401827213,2025-11-12,2026,0,40,326,2636,Texas State Bobcats,UTSA Roadrunners,80,69,67.0,26.0,18.0,9.0,59.0,22.0,10.0,11.0
401827234,2025-11-12,2026,0,40,142,135,Missouri Tigers,Minnesota Golden Gophers,83,60,49.0,20.0,3.0,9.0,54.0,17.0,14.0,11.0
401827262,2025-11-12,2026,0,40,276,2210,Marshall Thundering Herd,Elon Phoenix,96,89,61.0,22.0,9.0,14.0,70.0,22.0,14.0,10.0
401827265,2025-11-12,2026,0,40,2483,2571,Oregon Ducks,South Dakota State Jackrabbits,83,69,62.0,16.0,8.0,10.0,59.0,14.0,7.0,11.0
401828282,2025-11-12,2026,0,40,198,202,Oral Roberts Golden Eagles,Tulsa Golden Hurricane,87,88,60.0,20.0,6.0,10.0,55.0,36.0,12.0,12.0
401828337,2025-11-12,2026,0,40,338,2932,Kennesaw State Owls,Point Skyhawks,111,60,79.0,36.0,25.0,9.0,58.0,25.0,7.0,19.0
401828544,2025-11-12,2026,0,40,238,2198,Vanderbilt Commodores,Eastern Kentucky Colonels,92,62,69.0,16.0,14.0,10.0,60.0,19.0,10.0,14.0
401828734,2025-11-12,2026,0,40,2428,2073,North Carolina Central Eagles,Bluefield State Big Blue,77,61,60.0,19.0,15.0,9.0,47.0,13.0,10.0,23.0
401828753,2025-11-12,2026,0,40,71,2630,Bradley Braves,UT Martin Skyhawks,67,78,51.0,37.0,10.0,14.0,50.0,17.0,7.0,23.0
401828918,2025-11-12,2026,0,45,2440,79,Nevada Wolf Pack,Southern Illinois Salukis,86,81,78.0,33.0,18.0,4.0,66.0,29.0,10.0,8.0
401829346,2025-11-12,2026,0,40,2546,2693,Southeast Missouri State Redhawks,Webster Gorloks,87,41,64.0,22.0,8.0,7.0,59.0,8.0,11.0,20.0
401829461,2025-11-12,2026,0,40,2449,375,North Dakota State Bison,St. Scholastica Saints,111,38,68.0,12.0,6.0,8.0,52.0,15.0,7.0,25.0
401830348,2025-11-12,2026,1,40,3101,2363,Utah Tech Trailblazers,Manhattan Jaspers,75,79,68.0,15.0,18.0,8.0,54.0,20.0,11.0,12.0
401812262,2025-11-13,2026,0,40,333,2509,Alabama Crimson Tide,Purdue Boilermakers,80,87,66.0,10.0,7.0,6.0,66.0,23.0,19.0,10.0
401817155,2025-11-13,2026,0,40,2724,2350,Wichita State Shockers,Loyola Chicago Ramblers,95,74,68.0,19.0,14.0,2.0,57.0,18.0,11.0,11.0
401817221,2025-11-13,2026,0,40,2306,25,Kansas State Wildcats,California Golden Bears,99,96,59.0,21.0,6.0,17.0,62.0,14.0,9.0,17.0
401817444,2025-11-13,2026,0,40,277,221,West Virginia Mountaineers,Pittsburgh Panthers,71,49,56.0,21.0,8.0,6.0,53.0,6.0,6.0,12.0
401818368,2025-11-13,2026,0,40,171,2349,Columbia Lions,UMass Lowell River Hawks,86,72,63.0,26.0,23.0,17.0,59.0,14.0,10.0,14.0
401820807,2025-11-13,2026,0,40,151,2207,East Carolina Pirates,Elizabeth City State Vikings,71,70,56.0,24.0,16.0,20.0,65.0,13.0,10.0,12.0
401820839,2025-11-13,2026,0,40,2010,2127,Alabama A&M Bulldogs,Charleston Southern Buccaneers,68,64,67.0,12.0,16.0,14.0,55.0,19.0,14.0,18.0
401823401,2025-11-13,2026,0,40,2523,126821,Robert Morris Colonials,Pittsburgh-Greensburg GREENSBURG,81,57,70.0,16.0,22.0,16.0,54.0,18.0,6.0,14.0
401823463,2025-11-13,2026,0,40,2459,5345,Northern Illinois Huskies,Benedictine (IL) Eagles,117,62,63.0,39.0,10.0,8.0,64.0,9.0,8.0,17.0
401824861,2025-11-13,2026,0,40,2550,2405,Seton Hall Pirates,Monmouth Hawks,70,58,62.0,27.0,16.0,8.0,43.0,27.0,9.0,20.0
401826750,2025-11-13,2026,0,40,2717,2679,Western Carolina Catamounts,Voorhees Tigers,95,44,67.0,19.0,17.0,11.0,41.0,23.0,6.0,24.0
401826830,2025-11-13,2026,0,40,2635,2061,Tennessee Tech Golden Eagles,Berea Mountaineers,86,64,63.0,21.0,14.0,15.0,61.0,11.0,11.0,19.0
401826856,2025-11-13,2026,0,40,113,2330,Massachusetts Minutemen,Le Moyne Dolphins,94,80,66.0,20.0,13.0,14.0,61.0,28.0,8.0,10.0
401826862,2025-11-13,2026,0,40,163,212,Princeton Tigers,John Jay Bloodhounds,100,59,72.0,17.0,18.0,9.0,63.0,11.0,9.0,12.0
401827089,2025-11-13,2026,0,40,2755,2572,Grambling Tigers,Southern Miss Golden Eagles,75,70,50.0,16.0,5.0,17.0,63.0,29.0,18.0,11.0
401827220,2025-11-13,2026,0,40,127,23,Michigan State Spartans,San José State Spartans,79,60,58.0,25.0,13.0,9.0,56.0,18.0,7.0,9.0
401827527,2025-11-13,2026,0,40,2448,50024,North Carolina A&T Aggies,Washington Adventist Shock,89,83,56.0,54.0,15.0,13.0,63.0,22.0,10.0,18.0
401828297,2025-11-13,2026,0,40,2097,108806,Campbell Fighting Camels,Mid Atlantic Christian Mustangs,108,55,65.0,39.0,20.0,15.0,67.0,6.0,8.0,16.0
401828331,2025-11-13,2026,0,40,2277,2433,Houston Christian Huskies,UL Monroe Warhawks,72,61,64.0,10.0,10.0,10.0,57.0,7.0,4.0,15.0
401828477,2025-11-13,2026,0,40,2900,2739,St. Thomas Tommies,Green Bay Phoenix,80,61,60.0,10.0,3.0,9.0,56.0,14.0,8.0,15.0
401829043,2025-11-13,2026,0,40,99,2229,LSU Tigers,Florida International Panthers,98,81,60.0,34.0,12.0,14.0,71.0,21.0,14.0,10.0
401829413,2025-11-13,2026,0,40,322,172,Lafayette Leopards,Cornell Big Red,78,97,63.0,26.0,9.0,9.0,67.0,17.0,11.0,11.0
401829493,2025-11-13,2026,0,40,2247,2232,Georgia State Panthers,Fort Valley State Wildcats,90,56,69.0,23.0,15.0,13.0,59.0,31.0,9.0,14.0
401829686,2025-11-13,2026,0,40,47,2016,Howard Bison,Alcorn State Braves,72,64,49.0,19.0,10.0,17.0,58.0,12.0,6.0,11.0
401830421,2025-11-13,2026,0,40,2427,2081,UNC Asheville Bulldogs,Bryan Lions,92,54,65.0,23.0,16.0,9.0,46.0,12.0,7.0,23.0
401831227,2025-11-13,2026,1,40,6,2117,South Alabama Jaguars,Central Michigan Chippewas,66,64,55.0,23.0,12.0,8.0,64.0,10.0,19.0,11.0
401808893,2025-11-14,2026,0,40,2655,2443,Tulane Green Wave,LSU New Orleans Privateers,63,85,52.0,34.0,8.0,5.0,48.0,28.0,9.0,14.0
401809076,2025-11-14,2026,0,40,2083,2275,Bucknell Bison,Hofstra Pride,77,83,59.0,21.0,11.0,17.0,57.0,32.0,10.0,12.0
401812252,2025-11-14,2026,0,40,2628,130,TCU Horned Frogs,Michigan Wolverines,63,67,62.0,15.0,10.0,11.0,53.0,20.0,15.0,22.0
401813255,2025-11-14,2026,1,40,30,2287,USC Trojans,Illinois State Redbirds,87,67,57.0,35.0,10.0,4.0,70.0,13.0,17.0,11.0
401813759,2025-11-14,2026,1,40,26,12,UCLA Bruins,Arizona Wildcats,65,69,58.0,8.0,9.0,16.0,55.0,15.0,11.0,15.0
401817166,2025-11-14,2026,0,40,227,399,Rhode Island Rams,UAlbany Great Danes,80,61,59.0,28.0,15.0,9.0,61.0,14.0,18.0,16.0
401817231,2025-11-14,2026,0,40,150,282,Duke Blue Devils,Indiana State Sycamores,100,62,71.0,21.0,16.0,12.0,61.0,15.0,10.0,18.0
401817265,2025-11-14,2026,0,40,153,2428,North Carolina Tar Heels,North Carolina Central Eagles,97,53,55.0,35.0,12.0,10.0,66.0,20.0,14.0,9.0
401818550,2025-11-14,2026,0,40,225,2261,Brown Bears,Hampton Pirates,63,72,46.0,15.0,9.0,19.0,59.0,28.0,20.0,12.0
401819815,2025-11-14,2026,0,40,9,2250,Arizona State Sun Devils,Gonzaga Bulldogs,65,77,58.0,23.0,10.0,10.0,51.0,35.0,11.0,14.0
401819825,2025-11-14,2026,0,40,239,2627,Baylor Bears,Tarleton State Texans,94,81,57.0,20.0,9.0,15.0,64.0,14.0,18.0,21.0
401819862,2025-11-14,2026,0,40,38,2507,Colorado Buffaloes,Providence Friars,97,88,66.0,27.0,12.0,11.0,65.0,31.0,9.0,10.0
401819900,2025-11-14,2026,0,40,2641,270,Texas Tech Red Raiders,Milwaukee Panthers,80,63,63.0,14.0,15.0,9.0,55.0,15.0,9.0,13.0
401820151,2025-11-14,2026,0,40,2426,2689,Navy Midshipmen,Washington Maryland Shoremen,97,64,57.0,28.0,14.0,14.0,59.0,9.0,6.0,15.0
401820543,2025-11-14,2026,0,40,2460,231,Northern Iowa Panthers,Furman Paladins,70,54,54.0,17.0,7.0,7.0,56.0,11.0,8.0,13.0
401820832,2025-11-14,2026,0,40,156,2379,Creighton Bluejays,Maryland Eastern Shore Hawks,84,45,67.0,11.0,17.0,9.0,50.0,6.0,6.0,18.0
401820840,2025-11-14,2026,1,40,2127,2815,Charleston Southern Buccaneers,Lindenwood Lions,77,83,65.0,16.0,10.0,16.0,64.0,31.0,12.0,11.0
401822168,2025-11-14,2026,0,40,314,2230,Iona Gaels,Fordham Rams,76,71,59.0,18.0,6.0,7.0,75.0,8.0,19.0,11.0
401822350,2025-11-14,2026,0,45,2217,284,Fairfield Stags,Stonehill Skyhawks,73,71,67.0,24.0,8.0,6.0,68.0,11.0,5.0,10.0
401822356,2025-11-14,2026,0,40,96,2197,Kentucky Wildcats,Eastern Illinois Panthers,99,53,64.0,16.0,16.0,13.0,52.0,19.0,5.0,11.0
401822760,2025-11-14,2026,1,40,2154,2117,Coppin State Eagles,Central Michigan Chippewas,59,82,62.0,18.0,13.0,13.0,67.0,15.0,14.0,11.0
401823376,2025-11-14,2026,0,40,2199,85,Eastern Michigan Eagles,IU Indianapolis Jaguars,83,90,73.0,21.0,18.0,13.0,64.0,13.0,9.0,18.0
401823524,2025-11-14,2026,0,40,2617,2000,Stephen F. Austin Lumberjacks,Abilene Christian Wildcats,76,66,53.0,26.0,6.0,8.0,57.0,19.0,10.0,11.0
401823532,2025-11-14,2026,0,40,2856,2710,California Baptist Lancers,Western Illinois Leathernecks,69,59,67.0,20.0,21.0,6.0,50.0,21.0,4.0,8.0
401823552,2025-11-14,2026,0,40,145,2934,Ole Miss Rebels,Cal State Bakersfield Roadrunners,82,60,66.0,25.0,20.0,4.0,49.0,25.0,11.0,13.0
401823560,2025-11-14,2026,0,40,2294,2752,Iowa Hawkeyes,Xavier Musketeers,81,62,51.0,27.0,8.0,14.0,59.0,14.0,7.0,12.0
401824040,2025-11-14,2026,0,40,2351,2653,Loyola Marymount Lions,Troy Trojans,74,63,59.0,11.0,6.0,11.0,49.0,20.0,9.0,20.0
401824136,2025-11-14,2026,0,40,265,264,Washington State Cougars,Washington Huskies,69,81,62.0,10.0,12.0,7.0,56.0,23.0,11.0,7.0
401824826,2025-11-14,2026,0,40,245,2116,Texas A&M Aggies,UCF Knights,74,86,57.0,30.0,10.0,14.0,56.0,17.0,6.0,16.0
401824897,2025-11-14,2026,0,40,62,2363,Hawai'i Rainbow Warriors,Manhattan Jaspers,86,56,66.0,26.0,15.0,10.0,56.0,20.0,6.0,12.0
401825383,2025-11-14,2026,0,40,2698,2643,West Georgia Wolves,The Citadel Bulldogs,100,92,65.0,27.0,12.0,9.0,70.0,21.0,11.0,8.0
401825571,2025-11-14,2026,0,40,305,77,DePaul Blue Demons,Northwestern Wildcats,79,81,59.0,27.0,16.0,13.0,50.0,24.0,6.0,11.0
401826087,2025-11-14,2026,0,40,302,16,UC Davis Aggies,Sacramento State Hornets,77,73,56.0,27.0,9.0,13.0,59.0,21.0,11.0,14.0
401826713,2025-11-14,2026,0,40,61,59,Georgia Bulldogs,Georgia Tech Yellow Jackets,92,87,67.0,44.0,18.0,14.0,73.0,28.0,18.0,15.0
401826786,2025-11-14,2026,0,40,8,2535,Arkansas Razorbacks,Samford Bulldogs,79,75,62.0,22.0,9.0,9.0,68.0,10.0,9.0,8.0
401826806,2025-11-14,2026,0,40,242,2837,Rice Owls,East Texas A&M Lions,71,64,51.0,15.0,11.0,18.0,53.0,13.0,6.0,14.0
401826852,2025-11-14,2026,0,40,5,2272,UAB Blazers,High Point Panthers,91,74,59.0,35.0,9.0,11.0,60.0,31.0,11.0,15.0
401827153,2025-11-14,2026,0,40,2011,3229,Alabama State Hornets,Virginia Lynchburg Dragons,124,68,86.0,33.0,24.0,14.0,61.0,23.0,4.0,27.0
401827180,2025-11-14,2026,0,40,356,2142,Illinois Fighting Illini,Colgate Raiders,84,65,69.0,24.0,19.0,7.0,62.0,9.0,6.0,5.0
401827433,2025-11-14,2026,0,40,164,2329,Rutgers Scarlet Knights,Lehigh Mountain Hawks,84,72,61.0,27.0,14.0,10.0,61.0,16.0,7.0,9.0
401827450,2025-11-14,2026,0,40,232,2569,Charleston Cougars,South Carolina State Bulldogs,88,61,61.0,31.0,16.0,7.0,60.0,27.0,17.0,12.0
401827498,2025-11-14,2026,0,40,119,2450,Towson Tigers,Norfolk State Spartans,51,41,59.0,18.0,16.0,8.0,65.0,11.0,17.0,6.0
401828277,2025-11-14,2026,0,40,2608,249,Saint Mary's Gaels,North Texas Mean Green,80,49,61.0,21.0,20.0,15.0,63.0,14.0,10.0,8.0
401828289,2025-11-14,2026,0,40,149,13,Montana Grizzlies,Cal Poly Mustangs,90,82,64.0,29.0,9.0,12.0,69.0,21.0,12.0,14.0
401828308,2025-11-14,2026,0,40,55,324,Jacksonville State Gamecocks,Coastal Carolina Chanticleers,74,67,57.0,23.0,9.0,8.0,63.0,16.0,12.0,9.0
401828906,2025-11-14,2026,0,40,2181,2565,Drake Bulldogs,SIU Edwardsville Cougars,59,61,60.0,8.0,11.0,8.0,60.0,9.0,12.0,9.0
401829444,2025-11-14,2026,0,40,2377,309,McNeese Cowboys,Louisiana Ragin' Cajuns,88,62,45.0,39.0,8.0,11.0,54.0,23.0,15.0,17.0
401829445,2025-11-14,2026,0,40,2466,3120,Northwestern State Demons,Ecclesia Royals,95,75,69.0,24.0,16.0,9.0,59.0,13.0,7.0,15.0
401829489,2025-11-14,2026,0,40,290,2304,Georgia Southern Eagles,Johnson C. Smith Golden Bulls,98,79,68.0,22.0,9.0,11.0,73.0,9.0,14.0,18.0
401830342,2025-11-14,2026,1,50,2400,3101,Mississippi Valley State Delta Devils,Utah Tech Trailblazers,75,81,66.0,11.0,8.0,12.0,63.0,28.0,14.0,11.0
401808951,2025-11-15,2026,0,40,344,2545,Mississippi State Bulldogs,SE Louisiana Lions,75,68,55.0,23.0,9.0,16.0,66.0,18.0,10.0,10.0
401811967,2025-11-15,2026,0,40,198,2057,Oral Roberts Golden Eagles,Belmont Bruins,60,83,59.0,26.0,10.0,13.0,60.0,17.0,11.0,19.0
401812285,2025-11-15,2026,0,40,2885,161,NJIT Highlanders,Fairleigh Dickinson Knights,93,81,46.0,38.0,6.0,18.0,73.0,23.0,16.0,10.0
401812354,2025-11-15,2026,0,40,112358,256,Long Island University Sharks,James Madison Dukes,88,79,61.0,15.0,5.0,13.0,66.0,14.0,12.0,15.0
401812602,2025-11-15,2026,0,40,349,108,Army Black Knights,Harvard Crimson,52,75,53.0,12.0,11.0,16.0,48.0,22.0,7.0,12.0
401812627,2025-11-15,2026,0,40,2520,2196,Rider Broncs,Eastern Eagles,86,54,58.0,30.0,14.0,15.0,66.0,21.0,20.0,15.0
401812788,2025-11-15,2026,1,40,41,252,UConn Huskies,BYU Cougars,86,84,53.0,27.0,7.0,16.0,59.0,23.0,10.0,14.0
401812919,2025-11-15,2026,0,40,46,228,Georgetown Hoyas,Clemson Tigers,79,74,53.0,32.0,6.0,8.0,61.0,20.0,11.0,10.0
401813275,2025-11-15,2026,0,40,2385,2415,Mercyhurst Lakers,Morgan State Bears,86,72,57.0,28.0,13.0,11.0,51.0,38.0,18.0,16.0
401813437,2025-11-15,2026,0,40,2168,2065,Dayton Flyers,Bethune-Cookman Wildcats,91,82,50.0,32.0,11.0,13.0,68.0,15.0,15.0,10.0
401813447,2025-11-15,2026,0,40,222,2184,Villanova Wildcats,Duquesne Dukes,87,77,62.0,33.0,21.0,13.0,55.0,20.0,12.0,17.0
401817144,2025-11-15,2026,0,40,45,295,George Washington Revolutionaries,Old Dominion Monarchs,96,73,63.0,39.0,13.0,6.0,62.0,22.0,16.0,16.0
401817185,2025-11-15,2026,0,40,139,2253,Saint Louis Billikens,Grand Canyon Lopes,78,64,59.0,17.0,10.0,18.0,67.0,22.0,15.0,12.0
401817196,2025-11-15,2026,0,40,179,2754,St. Bonaventure Bonnies,Youngstown State Penguins,84,80,55.0,20.0,10.0,15.0,59.0,18.0,10.0,13.0
401817213,2025-11-15,2026,0,40,218,103,Temple Owls,Boston College Eagles,71,76,67.0,27.0,16.0,5.0,66.0,16.0,13.0,8.0
401817242,2025-11-15,2026,0,40,97,195,Louisville Cardinals,Ohio Bobcats,106,81,68.0,30.0,17.0,11.0,59.0,26.0,12.0,17.0
401817455,2025-11-15,2026,0,40,2567,2086,SMU Mustangs,Butler Bulldogs,87,85,64.0,15.0,13.0,16.0,63.0,23.0,16.0,17.0
401817478,2025-11-15,2026,1,40,183,2182,Syracuse Orange,Drexel Dragons,80,50,63.0,15.0,12.0,7.0,59.0,10.0,18.0,18.0
401817489,2025-11-15,2026,0,40,258,276,Virginia Cavaliers,Marshall Thundering Herd,104,78,63.0,36.0,13.0,9.0,60.0,24.0,11.0,15.0
401818300,2025-11-15,2026,0,40,43,2619,Yale Bulldogs,Stony Brook Seawolves,86,79,48.0,33.0,10.0,10.0,50.0,17.0,6.0,12.0
401819884,2025-11-15,2026,0,40,2305,163,Kansas Jayhawks,Princeton Tigers,76,57,53.0,28.0,9.0,14.0,58.0,16.0,8.0,13.0
401819907,2025-11-15,2026,0,40,254,2534,Utah Utes,Sam Houston Bearkats,85,79,60.0,30.0,16.0,15.0,70.0,13.0,12.0,10.0
401820185,2025-11-15,2026,1,40,284,2352,Stonehill Skyhawks,Loyola Maryland Greyhounds,63,74,58.0,4.0,10.0,17.0,61.0,8.0,7.0,7.0
401820224,2025-11-15,2026,0,40,166,167,New Mexico State Aggies,New Mexico Lobos,76,68,56.0,26.0,12.0,8.0,55.0,17.0,9.0,13.0
401820551,2025-11-15,2026,0,40,2005,193,Air Force Falcons,Miami (OH) RedHawks,61,76,51.0,22.0,6.0,12.0,64.0,5.0,11.0,11.0
401820606,2025-11-15,2026,0,40,2344,2066,Longwood Lancers,Binghamton Bearcats,90,82,63.0,30.0,15.0,11.0,58.0,23.0,15.0,21.0
401822179,2025-11-15,2026,1,40,2325,213,La Salle Explorers,Penn State Nittany Lions,69,83,50.0,15.0,8.0,15.0,57.0,11.0,6.0,7.0
401822320,2025-11-15,2026,0,40,2050,2031,Ball State Cardinals,Little Rock Trojans,62,68,47.0,19.0,4.0,15.0,51.0,11.0,12.0,23.0
401822340,2025-11-15,2026,0,40,2130,82,Chicago State Cougars,UIC Flames,63,67,56.0,16.0,12.0,11.0,50.0,28.0,13.0,14.0
401822730,2025-11-15,2026,0,40,2239,279,Cal State Fullerton Titans,Pacific Tigers,73,85,74.0,22.0,12.0,7.0,57.0,17.0,7.0,19.0
401822761,2025-11-15,2026,1,40,2154,6,Coppin State Eagles,South Alabama Jaguars,62,72,56.0,17.0,9.0,13.0,63.0,15.0,14.0,9.0
401823011,2025-11-15,2026,1,40,325,2309,Cleveland State Vikings,Kent State Golden Flashes,95,102,60.0,30.0,15.0,15.0,59.0,46.0,14.0,11.0
401823024,2025-11-15,2026,0,40,269,120,Marquette Golden Eagles,Maryland Terrapins,82,89,76.0,22.0,20.0,11.0,55.0,27.0,4.0,13.0
401823215,2025-11-15,2026,0,40,91,2747,Bellarmine Knights,Wofford Terriers,86,94,59.0,26.0,9.0,8.0,51.0,29.0,6.0,12.0
401823227,2025-11-15,2026,0,40,526,236,Florida Gulf Coast Eagles,Chattanooga Mocs,91,73,66.0,15.0,13.0,8.0,53.0,30.0,7.0,10.0
401823324,2025-11-15,2026,0,40,250,2623,UT Arlington Mavericks,Missouri State Bears,67,49,62.0,17.0,16.0,15.0,50.0,24.0,11.0,17.0
401823342,2025-11-15,2026,0,40,2678,294,VMI Keydets,Jacksonville Dolphins,67,69,55.0,11.0,9.0,15.0,55.0,10.0,12.0,19.0
401823369,2025-11-15,2026,0,40,2649,2174,Toledo Rockets,Detroit Mercy Titans,90,83,59.0,30.0,11.0,14.0,71.0,17.0,15.0,12.0
401823395,2025-11-15,2026,0,40,2870,109700,Purdue Fort Wayne Mastodons,Boyce Bulldogs,118,68,78.0,28.0,14.0,9.0,64.0,12.0,5.0,21.0
401823409,2025-11-15,2026,1,40,2515,2750,Radford Highlanders,Wright State Raiders,59,92,56.0,21.0,9.0,15.0,59.0,27.0,11.0,12.0
401823418,2025-11-15,2026,0,40,2166,189,Davidson Wildcats,Bowling Green Falcons,91,87,48.0,38.0,6.0,18.0,67.0,35.0,13.0,9.0
401823428,2025-11-15,2026,0,40,2084,178,Buffalo Bulls,RIT Tigers,80,64,54.0,26.0,10.0,12.0,52.0,16.0,6.0,14.0
401823443,2025-11-15,2026,0,40,2454,128550,North Florida Ospreys,New College Mighty Banyans,122,67,91.0,18.0,22.0,6.0,64.0,9.0,9.0,25.0
401823452,2025-11-15,2026,0,40,2511,2529,Queens University Royals,Sacred Heart Pioneers,81,64,59.0,8.0,9.0,16.0,65.0,11.0,13.0,12.0
401823486,2025-11-15,2026,0,40,2737,2382,Winthrop Eagles,Mercer Bears,105,69,66.0,37.0,13.0,11.0,56.0,26.0,7.0,19.0
401823511,2025-11-15,2026,0,40,28,70,UC San Diego Tritons,Idaho Vandals,75,67,50.0,28.0,4.0,11.0,60.0,20.0,11.0,11.0
401823541,2025-11-15,2026,0,40,2437,253,Omaha Mavericks,Southern Utah Thunderbirds,90,85,60.0,25.0,8.0,10.0,68.0,17.0,11.0,10.0
401823556,2025-11-15,2026,0,40,2547,304,Seattle U Redhawks,Idaho State Bengals,83,74,50.0,13.0,6.0,12.0,58.0,16.0,16.0,13.0
401823589,2025-11-15,2026,0,40,350,2908,UNC Wilmington Seahawks,South Carolina Upstate Spartans,73,60,56.0,28.0,18.0,10.0,55.0,18.0,13.0,11.0
401823758,2025-11-15,2026,0,40,2751,2501,Wyoming Cowboys,Portland Pilots,93,56,72.0,17.0,18.0,10.0,48.0,33.0,8.0,13.0
401823816,2025-11-15,2026,0,40,68,147,Boise State Broncos,Montana State Bobcats,62,58,51.0,22.0,7.0,8.0,59.0,11.0,9.0,9.0
401824070,2025-11-15,2026,0,45,2492,2458,Pepperdine Waves,Northern Colorado Bears,81,88,73.0,30.0,15.0,11.0,62.0,25.0,12.0,20.0
401824120,2025-11-15,2026,0,40,2541,2440,Santa Clara Broncos,Nevada Wolf Pack,98,83,61.0,16.0,10.0,11.0,58.0,28.0,12.0,12.0
401824358,2025-11-15,2026,0,40,104,2771,Boston University Terriers,Merrimack Warriors,79,91,54.0,19.0,8.0,10.0,54.0,16.0,9.0,11.0
401824887,2025-11-15,2026,0,40,2453,2193,North Alabama Lions,East Tennessee State Buccaneers,74,78,55.0,21.0,11.0,14.0,63.0,14.0,8.0,7.0
401824898,2025-11-15,2026,0,40,62,3101,Hawai'i Rainbow Warriors,Utah Tech Trailblazers,68,62,48.0,25.0,9.0,19.0,56.0,15.0,5.0,13.0
401824948,2025-11-15,2026,0,40,288,2081,Lipscomb Bisons,Bryan Lions,98,53,74.0,18.0,16.0,9.0,62.0,10.0,12.0,21.0
401826044,2025-11-15,2026,0,40,27,155,UC Riverside Highlanders,North Dakota Fighting Hawks,74,76,53.0,21.0,8.0,21.0,65.0,14.0,10.0,11.0
401826700,2025-11-15,2026,0,40,2244,160,George Mason Patriots,New Hampshire Wildcats,61,44,54.0,27.0,14.0,12.0,51.0,9.0,6.0,18.0
401826727,2025-11-15,2026,0,40,2539,71,San Francisco Dons,Bradley Braves,75,64,50.0,23.0,13.0,18.0,60.0,21.0,9.0,9.0
401826739,2025-11-15,2026,0,40,2172,2636,Denver Pioneers,UTSA Roadrunners,79,84,60.0,14.0,8.0,7.0,56.0,20.0,11.0,10.0
401826747,2025-11-15,2026,0,40,93,2447,Murray State Racers,Nicholls Colonels,99,79,53.0,30.0,12.0,20.0,72.0,13.0,17.0,15.0
401826768,2025-11-15,2026,0,40,111,261,Northeastern Huskies,Vermont Catamounts,74,85,56.0,21.0,10.0,15.0,56.0,12.0,6.0,13.0
401826778,2025-11-15,2026,1,40,158,201,Nebraska Cornhuskers,Oklahoma Sooners,105,99,59.0,28.0,8.0,5.0,63.0,21.0,9.0,10.0
401826870,2025-11-15,2026,0,40,2473,190,Oakland Golden Grizzlies,Defiance Yellow Jackets,113,47,70.0,24.0,12.0,11.0,56.0,8.0,9.0,27.0
401826897,2025-11-15,2026,0,40,2348,2296,Louisiana Tech Bulldogs,Jackson State Tigers,68,51,64.0,31.0,23.0,13.0,56.0,17.0,10.0,14.0
401826915,2025-11-15,2026,0,40,2599,2729,St. John's Red Storm,William & Mary Tribe,93,60,75.0,22.0,16.0,11.0,61.0,12.0,11.0,24.0
401826932,2025-11-15,2026,0,40,300,2692,UC Irvine Anteaters,Weber State Wildcats,79,70,56.0,38.0,11.0,13.0,71.0,24.0,16.0,13.0
401826948,2025-11-15,2026,0,40,278,3084,Fresno State Bulldogs,Utah Valley Wolverines,75,74,46.0,22.0,3.0,17.0,50.0,28.0,7.0,15.0
401826969,2025-11-15,2026,0,40,2210,2241,Elon Phoenix,Gardner-Webb Runnin' Bulldogs,95,84,59.0,23.0,10.0,15.0,73.0,15.0,17.0,13.0
401827005,2025-11-15,2026,0,40,326,2640,Texas State Bobcats,Texas Southern Tigers,77,67,45.0,32.0,8.0,17.0,54.0,29.0,11.0,16.0
401827012,2025-11-15,2026,0,40,2582,3134,Southern Jaguars,Champion Christian Tigers,129,64,73.0,27.0,11.0,12.0,69.0,18.0,15.0,25.0
401827129,2025-11-15,2026,0,40,238,2029,Vanderbilt Commodores,Arkansas-Pine Bluff Golden Lions,104,75,71.0,33.0,19.0,7.0,57.0,26.0,8.0,13.0
401827235,2025-11-15,2026,0,45,135,2739,Minnesota Golden Gophers,Green Bay Phoenix,72,65,55.0,39.0,11.0,8.0,54.0,24.0,7.0,14.0
401827911,2025-11-15,2026,0,40,328,2638,Utah State Aggies,UTEP Miners,75,51,48.0,36.0,14.0,17.0,51.0,19.0,8.0,16.0
401828671,2025-11-15,2026,0,40,44,3164,American University Eagles,Central Penn Knights,115,50,75.0,35.0,21.0,15.0,55.0,25.0,10.0,23.0
401828681,2025-11-15,2026,0,40,2441,2169,New Haven Chargers,Delaware State Hornets,65,52,47.0,20.0,8.0,17.0,57.0,10.0,6.0,11.0
401829347,2025-11-15,2026,0,40,2546,2900,Southeast Missouri State Redhawks,St. Thomas Tommies,72,84,67.0,12.0,6.0,13.0,46.0,26.0,1.0,16.0
401829425,2025-11-15,2026,0,40,251,140,Texas Longhorns,Kansas City Roos,71,55,64.0,28.0,19.0,5.0,65.0,8.0,10.0,6.0
401829483,2025-11-15,2026,0,40,2032,2131,Arkansas State Red Wolves,Christian Brothers Buccaneers,95,67,68.0,17.0,14.0,7.0,60.0,13.0,11.0,13.0
401830115,2025-11-15,2026,0,40,2430,2046,UNC Greensboro Spartans,Austin Peay Governors,63,69,54.0,24.0,5.0,12.0,65.0,16.0,11.0,12.0
401830343,2025-11-15,2026,1,40,2363,2400,Manhattan Jaspers,Mississippi Valley State Delta Devils,80,73,48.0,32.0,13.0,13.0,55.0,11.0,8.0,13.0
401809305,2025-11-16,2026,1,40,2,248,Auburn Tigers,Houston Cougars,72,73,58.0,33.0,15.0,8.0,65.0,12.0,14.0,10.0
401809416,2025-11-16,2026,1,40,57,2390,Florida Gators,Miami Hurricanes,82,68,61.0,29.0,14.0,16.0,71.0,27.0,17.0,10.0
401811105,2025-11-16,2026,0,40,233,2711,South Dakota Coyotes,Western Michigan Broncos,83,78,66.0,22.0,11.0,3.0,60.0,11.0,11.0,15.0
401812603,2025-11-16,2026,0,40,2368,108,Marist Red Foxes,Harvard Crimson,54,56,50.0,15.0,9.0,15.0,45.0,23.0,8.0,15.0
401812645,2025-11-16,2026,0,40,113,2115,Massachusetts Minutemen,Central Connecticut Blue Devils,84,77,67.0,25.0,17.0,17.0,54.0,31.0,5.0,13.0
401812662,2025-11-16,2026,1,40,2261,107,Hampton Pirates,Holy Cross Crusaders,61,67,54.0,17.0,15.0,11.0,45.0,15.0,4.0,12.0
401813256,2025-11-16,2026,0,40,299,2287,Long Beach State Beach,Illinois State Redbirds,80,82,63.0,18.0,10.0,6.0,49.0,39.0,5.0,6.0
401813289,2025-11-16,2026,0,40,197,357,Oklahoma State Cowboys,Texas A&M-Corpus Christi Islanders,85,69,58.0,27.0,10.0,17.0,61.0,26.0,9.0,14.0
401813398,2025-11-16,2026,0,40,2132,116,Cincinnati Bearcats,Mount St. Mary's Mountaineers,72,55,64.0,30.0,15.0,10.0,56.0,10.0,7.0,19.0
401817156,2025-11-16,2026,0,40,2350,36,Loyola Chicago Ramblers,Colorado State Rams,67,80,45.0,22.0,8.0,13.0,54.0,19.0,12.0,9.0
401817434,2025-11-16,2026,0,40,194,87,Ohio State Buckeyes,Notre Dame Fighting Irish,64,63,50.0,23.0,4.0,10.0,51.0,20.0,7.0,13.0
401817520,2025-11-16,2026,0,40,259,2429,Virginia Tech Hokies,Charlotte 49ers,84,76,60.0,36.0,16.0,6.0,63.0,24.0,17.0,8.0
401817530,2025-11-16,2026,0,40,154,2349,Wake Forest Demon Deacons,UMass Lowell River Hawks,109,75,68.0,24.0,10.0,7.0,61.0,18.0,9.0,15.0
401820186,2025-11-16,2026,0,40,2217,2352,Fairfield Stags,Loyola Maryland Greyhounds,85,82,69.0,19.0,14.0,7.0,56.0,16.0,5.0,13.0
401820398,2025-11-16,2026,0,40,235,2439,Memphis Tigers,UNLV Rebels,78,92,59.0,30.0,11.0,18.0,64.0,26.0,11.0,14.0
401820578,2025-11-16,2026,0,40,311,2514,Maine Black Bears,Quinnipiac Bobcats,64,70,56.0,21.0,9.0,11.0,63.0,31.0,18.0,12.0
401820598,2025-11-16,2026,0,40,2509,2006,Purdue Boilermakers,Akron Zips,97,79,67.0,23.0,19.0,13.0,67.0,17.0,12.0,10.0
401820616,2025-11-16,2026,0,40,2674,2803,Valparaiso Beacons,Bryant Bulldogs,68,50,56.0,25.0,13.0,7.0,65.0,9.0,19.0,13.0
401822169,2025-11-16,2026,0,40,2230,2879,Fordham Rams,Manhattanville Valiants,96,62,71.0,13.0,12.0,13.0,61.0,15.0,1.0,11.0
401822371,2025-11-16,2026,0,40,2010,2815,Alabama A&M Bulldogs,Lindenwood Lions,74,65,51.0,25.0,8.0,13.0,54.0,21.0,10.0,14.0
401823012,2025-11-16,2026,1,45,2309,2750,Kent State Golden Flashes,Wright State Raiders,76,72,62.0,26.0,17.0,18.0,61.0,19.0,9.0,11.0
401823258,2025-11-16,2026,0,40,2463,2653,Cal State Northridge Matadors,Troy Trojans,94,85,67.0,16.0,15.0,14.0,61.0,22.0,7.0,8.0
401823360,2025-11-16,2026,0,40,98,2634,Western Kentucky Hilltoppers,Tennessee State Tigers,95,82,64.0,32.0,12.0,9.0,58.0,34.0,11.0,14.0
401823384,2025-11-16,2026,0,40,94,511,Northern Kentucky Norse,Cumberlands Patriots,101,73,70.0,12.0,9.0,9.0,74.0,7.0,18.0,18.0
401824936,2025-11-16,2026,0,45,2110,2535,Central Arkansas Bears,Samford Bulldogs,77,84,67.0,23.0,13.0,11.0,68.0,18.0,9.0,7.0
401825205,2025-11-16,2026,0,40,2717,56,Western Carolina Catamounts,Stetson Hatters,76,65,57.0,11.0,7.0,18.0,65.0,19.0,11.0,10.0
401826053,2025-11-16,2026,0,45,2378,2681,UMBC Retrievers,Wagner Seahawks,71,70,55.0,32.0,12.0,18.0,64.0,16.0,11.0,15.0
401826070,2025-11-16,2026,1,40,325,2515,Cleveland State Vikings,Radford Highlanders,87,82,54.0,46.0,10.0,16.0,74.0,30.0,21.0,15.0
401826813,2025-11-16,2026,0,40,338,58,Kennesaw State Owls,South Florida Bulls,89,108,71.0,39.0,23.0,14.0,62.0,46.0,14.0,9.0
401826940,2025-11-16,2026,0,40,16,2506,Sacramento State Hornets,Presbyterian Blue Hose,64,62,48.0,25.0,10.0,17.0,59.0,21.0,14.0,11.0
401827189,2025-11-16,2026,0,40,84,2916,Indiana Hoosiers,Incarnate Word Cardinals,69,61,53.0,26.0,12.0,10.0,60.0,9.0,8.0,9.0
401828577,2025-11-16,2026,0,40,2413,3077,Morehead State Eagles,Kentucky Christian Knights,121,51,73.0,23.0,16.0,9.0,48.0,16.0,5.0,26.0
401829352,2025-11-16,2026,0,40,88,263,Southern Indiana Screaming Eagles,Loras Duhawks,91,74,62.0,25.0,19.0,19.0,59.0,22.0,15.0,16.0
401830742,2025-11-16,2026,0,40,159,2026,Dartmouth Big Green,App State Mountaineers,77,85,49.0,30.0,8.0,16.0,61.0,21.0,11.0,13.0
401809077,2025-11-17,2026,0,40,221,2083,Pittsburgh Panthers,Bucknell Bison,84,50,61.0,14.0,15.0,13.0,47.0,23.0,10.0,16.0
401812576,2025-11-17,2026,0,40,219,2603,Pennsylvania Quakers,Saint Joseph's Hawks,83,74,62.0,23.0,12.0,14.0,71.0,15.0,16.0,13.0
401812920,2025-11-17,2026,0,40,228,2453,Clemson Tigers,North Alabama Lions,81,61,61.0,20.0,19.0,12.0,60.0,15.0,13.0,8.0
401813349,2025-11-17,2026,0,40,2272,2099,High Point Panthers,Canisius Golden Griffins,93,50,62.0,10.0,7.0,6.0,49.0,25.0,15.0,21.0
401813376,2025-11-17,2026,0,40,2330,315,Le Moyne Dolphins,Niagara Purple Eagles,74,68,51.0,22.0,7.0,13.0,55.0,14.0,6.0,11.0
401817255,2025-11-17,2026,0,40,152,2670,NC State Wolfpack,VCU Rams,85,79,54.0,33.0,14.0,17.0,66.0,18.0,12.0,12.0
401819816,2025-11-17,2026,0,40,9,2247,Arizona State Sun Devils,Georgia State Panthers,75,62,62.0,18.0,10.0,10.0,55.0,16.0,9.0,18.0
401819863,2025-11-17,2026,0,40,38,2011,Colorado Buffaloes,Alabama State Hornets,94,66,56.0,36.0,13.0,11.0,67.0,12.0,13.0,11.0
401819873,2025-11-17,2026,0,40,66,284,Iowa State Cyclones,Stonehill Skyhawks,96,57,59.0,30.0,9.0,7.0,55.0,2.0,6.0,20.0
401819890,2025-11-17,2026,0,40,2306,202,Kansas State Wildcats,Tulsa Golden Hurricane,84,83,68.0,21.0,12.0,10.0,66.0,29.0,14.0,9.0
401819917,2025-11-17,2026,0,40,277,322,West Virginia Mountaineers,Lafayette Leopards,81,59,58.0,21.0,12.0,10.0,49.0,12.0,6.0,19.0
401822833,2025-11-17,2026,0,40,2561,2142,Siena Saints,Colgate Raiders,69,72,58.0,18.0,12.0,10.0,52.0,17.0,6.0,10.0
401823501,2025-11-17,2026,0,40,331,2202,Eastern Washington Eagles,Eastern Oregon Mountaineers,91,73,67.0,17.0,13.0,11.0,69.0,4.0,9.0,12.0
401823542,2025-11-17,2026,0,40,2250,253,Gonzaga Bulldogs,Southern Utah Thunderbirds,122,50,72.0,20.0,9.0,9.0,61.0,15.0,9.0,23.0
401823733,2025-11-17,2026,0,40,2502,2934,Portland State Vikings,Cal State Bakersfield Roadrunners,93,80,55.0,26.0,10.0,15.0,55.0,29.0,10.0,17.0
401824041,2025-11-17,2026,0,45,2540,2351,UC Santa Barbara Gauchos,Loyola Marymount Lions,74,78,71.0,17.0,12.0,6.0,60.0,29.0,13.0,14.0
401824057,2025-11-17,2026,0,40,2483,204,Oregon Ducks,Oregon State Beavers,87,75,53.0,39.0,14.0,10.0,54.0,25.0,9.0,12.0
401824827,2025-11-17,2026,0,40,2116,2473,UCF Knights,Oakland Golden Grizzlies,87,83,65.0,25.0,16.0,11.0,61.0,26.0,10.0,10.0
401825384,2025-11-17,2026,0,40,2635,2698,Tennessee Tech Golden Eagles,West Georgia Wolves,59,61,49.0,19.0,7.0,15.0,61.0,16.0,14.0,13.0
401826773,2025-11-17,2026,0,40,2226,3189,Florida Atlantic Owls,Coastal Georgia Mariner,92,63,77.0,21.0,23.0,9.0,54.0,20.0,9.0,16.0
401826807,2025-11-17,2026,0,40,2633,242,Tennessee Volunteers,Rice Owls,91,66,65.0,22.0,18.0,11.0,60.0,25.0,14.0,11.0
401826853,2025-11-17,2026,0,40,5,2519,UAB Blazers,Rhodes Lynx,112,56,85.0,28.0,21.0,8.0,69.0,6.0,9.0,23.0
401826912,2025-11-17,2026,0,40,275,2565,Wisconsin Badgers,SIU Edwardsville Cougars,94,69,65.0,24.0,14.0,4.0,58.0,11.0,8.0,11.0
401826997,2025-11-17,2026,0,40,2627,2025,Tarleton State Texans,Angelo State Rams,77,54,53.0,36.0,11.0,17.0,55.0,28.0,13.0,18.0
401827041,2025-11-17,2026,0,40,142,2504,Missouri Tigers,Prairie View A&M Panthers,91,73,62.0,25.0,12.0,14.0,66.0,16.0,6.0,9.0
401827451,2025-11-17,2026,0,40,232,2181,Charleston Cougars,Drake Bulldogs,62,71,64.0,19.0,16.0,11.0,61.0,14.0,11.0,13.0
401828470,2025-11-17,2026,0,40,2335,108942,Liberty Flames,Carolina University Bruins,98,46,57.0,19.0,7.0,7.0,52.0,10.0,2.0,10.0
401828512,2025-11-17,2026,0,40,2433,2320,UL Monroe Warhawks,Lamar Cardinals,66,79,56.0,26.0,11.0,14.0,70.0,16.0,14.0,9.0
401828919,2025-11-17,2026,0,40,2449,79,North Dakota State Bison,Southern Illinois Salukis,92,85,67.0,19.0,10.0,12.0,66.0,13.0,11.0,16.0
401829325,2025-11-17,2026,0,40,23,3246,San José State Spartans,Bethesda Flames,110,56,66.0,22.0,16.0,13.0,61.0,16.0,5.0,10.0
401829420,2025-11-17,2026,0,40,61,50,Georgia Bulldogs,Florida A&M Rattlers,87,57,65.0,35.0,20.0,13.0,62.0,14.0,16.0,25.0
401829473,2025-11-17,2026,0,40,2571,596,South Dakota State Jackrabbits,Peru State PERU STATE,94,46,68.0,21.0,18.0,8.0,53.0,8.0,5.0,15.0
401830121,2025-11-17,2026,0,40,292,2903,UT Rio Grande Valley Vaqueros,Southwestern Adventist Knights,110,53,69.0,23.0,17.0,7.0,54.0,8.0,6.0,17.0
401830633,2025-11-17,2026,0,40,2710,2141,Western Illinois Leathernecks,Coe Kohawks,74,63,55.0,19.0,10.0,13.0,58.0,5.0,9.0,16.0
401808894,2025-11-18,2026,0,40,2492,2443,Pepperdine Waves,LSU New Orleans Privateers,90,79,64.0,28.0,11.0,6.0,62.0,24.0,15.0,17.0
401812286,2025-11-18,2026,0,40,161,66786,Fairleigh Dickinson Knights,Saint Elizabeth Eagles,100,58,69.0,23.0,23.0,14.0,53.0,24.0,5.0,12.0
401812381,2025-11-18,2026,0,40,2329,2598,Lehigh Mountain Hawks,Saint Francis Red Wolves,79,62,57.0,26.0,11.0,15.0,59.0,13.0,10.0,18.0
401812628,2025-11-18,2026,0,40,251,2520,Texas Longhorns,Rider Broncs,99,65,60.0,34.0,6.0,6.0,62.0,18.0,9.0,12.0
401812663,2025-11-18,2026,0,40,225,107,Brown Bears,Holy Cross Crusaders,68,49,52.0,11.0,8.0,12.0,52.0,11.0,9.0,13.0
401813276,2025-11-18,2026,0,40,2415,2448,Morgan State Bears,North Carolina A&T Aggies,73,79,62.0,17.0,5.0,5.0,50.0,27.0,8.0,14.0
401813760,2025-11-18,2026,0,40,26,16,UCLA Bruins,Sacramento State Hornets,79,48,58.0,24.0,11.0,15.0,54.0,30.0,13.0,13.0
401817167,2025-11-18,2026,0,40,43,227,Yale Bulldogs,Rhode Island Rams,77,86,55.0,22.0,13.0,13.0,59.0,20.0,12.0,11.0
401817214,2025-11-18,2026,0,40,103,2261,Boston College Eagles,Hampton Pirates,63,52,56.0,19.0,11.0,10.0,60.0,14.0,15.0,14.0
401817222,2025-11-18,2026,0,40,25,2506,California Golden Bears,Presbyterian Blue Hose,67,57,51.0,16.0,11.0,11.0,56.0,12.0,16.0,11.0
401817232,2025-11-18,2026,1,40,150,2305,Duke Blue Devils,Kansas Jayhawks,78,66,58.0,26.0,13.0,8.0,60.0,14.0,8.0,8.0
401817266,2025-11-18,2026,0,40,153,2426,North Carolina Tar Heels,Navy Midshipmen,73,61,56.0,22.0,9.0,13.0,69.0,16.0,13.0,6.0
401817456,2025-11-18,2026,0,40,2567,2029,SMU Mustangs,Arkansas-Pine Bluff Golden Lions,106,60,65.0,26.0,8.0,12.0,67.0,18.0,13.0,17.0
401817467,2025-11-18,2026,0,40,24,309,Stanford Cardinal,Louisiana Ragin' Cajuns,93,66,56.0,35.0,11.0,10.0,55.0,17.0,6.0,14.0
401817479,2025-11-18,2026,0,40,183,2405,Syracuse Orange,Monmouth Hawks,78,73,52.0,33.0,9.0,12.0,57.0,25.0,10.0,12.0
401818369,2025-11-18,2026,0,40,171,104,Columbia Lions,Boston University Terriers,54,49,51.0,9.0,9.0,13.0,58.0,16.0,11.0,5.0
401819908,2025-11-18,2026,0,40,254,2870,Utah Utes,Purdue Fort Wayne Mastodons,85,77,56.0,19.0,10.0,11.0,65.0,8.0,12.0,10.0
401820544,2025-11-18,2026,0,40,2460,2459,Northern Iowa Panthers,Northern Illinois Huskies,70,57,44.0,24.0,8.0,15.0,47.0,16.0,8.0,15.0
401820808,2025-11-18,2026,0,40,350,151,UNC Wilmington Seahawks,East Carolina Pirates,85,60,50.0,28.0,9.0,12.0,63.0,14.0,12.0,10.0
401820841,2025-11-18,2026,0,40,2127,85,Charleston Southern Buccaneers,IU Indianapolis Jaguars,103,91,65.0,30.0,13.0,17.0,80.0,20.0,12.0,4.0
401822341,2025-11-18,2026,0,40,135,2130,Minnesota Golden Gophers,Chicago State Cougars,66,54,52.0,27.0,14.0,11.0,55.0,10.0,8.0,12.0
401822762,2025-11-18,2026,0,40,2154,3164,Coppin State Eagles,Central Penn Knights,103,62,81.0,20.0,23.0,13.0,65.0,11.0,11.0,22.0
401823013,2025-11-18,2026,0,40,2309,2198,Kent State Golden Flashes,Eastern Kentucky Colonels,93,78,59.0,37.0,11.0,16.0,65.0,24.0,14.0,19.0
401823039,2025-11-18,2026,0,50,2344,2379,Longwood Lancers,Maryland Eastern Shore Hawks,82,83,60.0,34.0,15.0,19.0,67.0,15.0,17.0,24.0
401823343,2025-11-18,2026,0,40,2244,294,George Mason Patriots,Jacksonville Dolphins,79,57,43.0,35.0,8.0,13.0,52.0,15.0,12.0,19.0
401823361,2025-11-18,2026,0,40,98,2064,Western Kentucky Hilltoppers,Bethel (TN) Wildcats,97,67,63.0,41.0,18.0,13.0,63.0,26.0,16.0,18.0
401823370,2025-11-18,2026,0,40,2174,2199,Detroit Mercy Titans,Eastern Michigan Eagles,62,72,64.0,18.0,13.0,12.0,53.0,25.0,10.0,13.0
401823429,2025-11-18,2026,0,40,2084,261,Buffalo Bulls,Vermont Catamounts,94,90,53.0,37.0,6.0,9.0,55.0,22.0,5.0,12.0
401823525,2025-11-18,2026,0,40,326,2000,Texas State Bobcats,Abilene Christian Wildcats,63,49,46.0,22.0,12.0,19.0,55.0,19.0,17.0,16.0
401823533,2025-11-18,2026,0,40,2856,27,California Baptist Lancers,UC Riverside Highlanders,80,57,75.0,23.0,23.0,12.0,61.0,13.0,12.0,22.0
401823557,2025-11-18,2026,0,40,2541,304,Santa Clara Broncos,Idaho State Bengals,64,55,66.0,20.0,19.0,8.0,46.0,18.0,7.0,16.0
401823561,2025-11-18,2026,0,40,2752,295,Xavier Musketeers,Old Dominion Monarchs,99,69,72.0,24.0,19.0,9.0,62.0,18.0,9.0,14.0
401823648,2025-11-18,2026,0,40,2294,2546,Iowa Hawkeyes,Southeast Missouri State Redhawks,99,70,49.0,39.0,9.0,11.0,50.0,21.0,10.0,17.0
401823763,2025-11-18,2026,0,50,21,2653,San Diego State Aztecs,Troy Trojans,107,108,68.0,48.0,20.0,20.0,72.0,43.0,17.0,13.0
401823817,2025-11-18,2026,0,40,68,2724,Boise State Broncos,Wichita State Shockers,62,59,54.0,23.0,11.0,10.0,56.0,19.0,12.0,11.0
401823867,2025-11-18,2026,0,40,339,250,Evansville Purple Aces,UT Arlington Mavericks,76,84,52.0,31.0,9.0,12.0,45.0,24.0,10.0,21.0
401824111,2025-11-18,2026,0,40,301,2755,San Diego Toreros,Grambling Tigers,78,68,53.0,32.0,10.0,16.0,60.0,31.0,16.0,15.0
401824304,2025-11-18,2026,0,40,314,163,Iona Gaels,Princeton Tigers,89,69,58.0,27.0,6.0,12.0,67.0,23.0,13.0,13.0
401825186,2025-11-18,2026,0,40,93,2031,Murray State Racers,Little Rock Trojans,89,68,57.0,23.0,11.0,9.0,61.0,16.0,16.0,14.0
401825572,2025-11-18,2026,0,40,305,2241,DePaul Blue Demons,Gardner-Webb Runnin' Bulldogs,93,62,65.0,16.0,6.0,14.0,66.0,15.0,13.0,18.0
401825589,2025-11-18,2026,0,40,2464,111226,Northern Arizona Lumberjacks,Embry Riddle (AZ) Eagles,108,79,62.0,23.0,7.0,7.0,65.0,7.0,11.0,16.0
401826071,2025-11-18,2026,0,40,2579,2515,South Carolina Gamecocks,Radford Highlanders,87,58,59.0,15.0,7.0,12.0,55.0,25.0,10.0,14.0
401826088,2025-11-18,2026,0,40,2440,302,Nevada Wolf Pack,UC Davis Aggies,71,75,53.0,29.0,9.0,17.0,45.0,27.0,4.0,20.0
401826708,2025-11-18,2026,0,40,52,2630,Florida State Seminoles,UT Martin Skyhawks,87,73,72.0,23.0,15.0,6.0,52.0,21.0,11.0,26.0
401826714,2025-11-18,2026,0,40,59,290,Georgia Tech Yellow Jackets,Georgia Southern Eagles,68,66,56.0,30.0,15.0,22.0,67.0,15.0,15.0,14.0
401826728,2025-11-18,2026,0,40,2539,2466,San Francisco Dons,Northwestern State Demons,84,64,47.0,31.0,9.0,8.0,51.0,26.0,10.0,10.0
401826759,2025-11-18,2026,0,40,2507,160,Providence Friars,New Hampshire Wildcats,98,66,66.0,22.0,14.0,8.0,64.0,9.0,14.0,14.0
401826787,2025-11-18,2026,0,40,8,2737,Arkansas Razorbacks,Winthrop Eagles,84,83,58.0,22.0,7.0,9.0,67.0,6.0,8.0,10.0
401826794,2025-11-18,2026,0,40,172,349,Cornell Big Red,Army Black Knights,86,73,58.0,28.0,8.0,15.0,65.0,24.0,8.0,10.0
401826893,2025-11-18,2026,0,40,2550,2441,Seton Hall Pirates,New Haven Chargers,68,45,54.0,10.0,7.0,10.0,49.0,8.0,5.0,14.0
401827013,2025-11-18,2026,0,50,264,2582,Washington Huskies,Southern Jaguars,99,93,71.0,50.0,18.0,16.0,73.0,34.0,15.0,18.0
401827221,2025-11-18,2026,1,40,96,127,Kentucky Wildcats,Michigan State Spartans,66,83,57.0,22.0,6.0,9.0,64.0,10.0,10.0,13.0
401827258,2025-11-18,2026,0,40,2572,2730,Southern Miss Golden Eagles,William Carey Crusaders,82,59,56.0,18.0,7.0,14.0,76.0,13.0,18.0,9.0
401827434,2025-11-18,2026,0,40,164,44,Rutgers Scarlet Knights,American University Eagles,80,71,53.0,30.0,9.0,11.0,68.0,14.0,11.0,8.0
401827499,2025-11-18,2026,0,40,256,119,James Madison Dukes,Towson Tigers,81,75,46.0,21.0,2.0,7.0,61.0,23.0,17.0,7.0
401827513,2025-11-18,2026,0,40,2182,2885,Drexel Dragons,NJIT Highlanders,75,43,56.0,34.0,12.0,10.0,52.0,24.0,10.0,16.0
401828268,2025-11-18,2026,0,40,399,131638,UAlbany Great Danes,Paul Smith's Bobcats,106,57,74.0,11.0,15.0,11.0,59.0,10.0,8.0,21.0
401828290,2025-11-18,2026,0,40,245,149,Texas A&M Aggies,Montana Grizzlies,86,81,54.0,29.0,7.0,10.0,52.0,13.0,3.0,14.0
401828302,2025-11-18,2026,0,40,48,2612,Delaware Blue Hens,Saint Peter's Peacocks,81,70,52.0,20.0,8.0,14.0,63.0,6.0,7.0,8.0
401828493,2025-11-18,2026,0,40,145,2046,Ole Miss Rebels,Austin Peay Governors,72,65,61.0,21.0,14.0,11.0,70.0,7.0,17.0,12.0
401828527,2025-11-18,2026,0,40,198,535,Oral Roberts Golden Eagles,Haskell Jayhawks,84,64,53.0,34.0,11.0,19.0,69.0,5.0,7.0,14.0
401828735,2025-11-18,2026,0,40,2428,2648,North Carolina Central Eagles,Toccoa Falls Eagles,123,67,78.0,32.0,16.0,15.0,58.0,37.0,12.0,27.0
401828923,2025-11-18,2026,0,40,278,2617,Fresno State Bulldogs,Stephen F. Austin Lumberjacks,80,78,54.0,19.0,9.0,13.0,73.0,6.0,19.0,12.0
401829044,2025-11-18,2026,0,40,2229,123362,Florida International Panthers,Fort Lauderdale Eagles,104,80,73.0,33.0,20.0,20.0,77.0,23.0,13.0,16.0
401829421,2025-11-18,2026,0,40,99,2016,LSU Tigers,Alcorn State Braves,107,81,63.0,39.0,19.0,11.0,67.0,11.0,13.0,13.0
401830834,2025-11-18,2026,0,40,2169,2129,Delaware State Hornets,Cheyney (PA) Wolves,88,70,63.0,19.0,11.0,14.0,54.0,24.0,6.0,16.0
401831277,2025-11-18,2026,0,40,159,126890,Dartmouth Big Green,Maine Augusta Moose,113,68,76.0,24.0,21.0,13.0,66.0,10.0,4.0,13.0
401831375,2025-11-18,2026,0,40,2636,3238,UTSA Roadrunners,Southwestern Christian U Eagles,103,70,77.0,20.0,18.0,9.0,59.0,24.0,8.0,17.0
401808952,2025-11-19,2026,0,40,2545,2730,SE Louisiana Lions,William Carey Crusaders,71,45,58.0,11.0,14.0,21.0,58.0,4.0,8.0,20.0
401811098,2025-11-19,2026,1,40,356,333,Illinois Fighting Illini,Alabama Crimson Tide,86,90,73.0,22.0,14.0,11.0,66.0,23.0,10.0,10.0
401811968,2025-11-19,2026,0,40,2057,288,Belmont Bruins,Lipscomb Bisons,75,68,53.0,29.0,11.0,22.0,72.0,10.0,18.0,19.0
401812253,2025-11-19,2026,0,40,2628,140,TCU Horned Frogs,Kansas City Roos,81,45,68.0,15.0,17.0,13.0,56.0,19.0,12.0,18.0
401812604,2025-11-19,2026,0,40,213,108,Penn State Nittany Lions,Harvard Crimson,84,80,57.0,25.0,13.0,7.0,57.0,8.0,9.0,13.0
401812789,2025-11-19,2026,0,40,41,12,UConn Huskies,Arizona Wildcats,67,71,56.0,18.0,6.0,5.0,54.0,25.0,13.0,10.0
401813290,2025-11-19,2026,0,40,197,58,Oklahoma State Cowboys,South Florida Bulls,103,95,64.0,26.0,11.0,19.0,64.0,30.0,14.0,15.0
401813399,2025-11-19,2026,0,45,120,116,Maryland Terrapins,Mount St. Mary's Mountaineers,95,90,57.0,47.0,13.0,11.0,65.0,16.0,12.0,19.0
401813438,2025-11-19,2026,0,45,269,2168,Marquette Golden Eagles,Dayton Flyers,71,77,65.0,16.0,13.0,20.0,49.0,26.0,5.0,25.0
401813448,2025-11-19,2026,0,40,2184,2352,Duquesne Dukes,Loyola Maryland Greyhounds,92,78,58.0,26.0,12.0,17.0,58.0,21.0,6.0,12.0
401817145,2025-11-19,2026,0,40,45,2378,George Washington Revolutionaries,UMBC Retrievers,89,52,63.0,12.0,8.0,11.0,54.0,18.0,6.0,14.0
401817175,2025-11-19,2026,0,40,257,2678,Richmond Spiders,VMI Keydets,87,54,59.0,14.0,9.0,10.0,49.0,20.0,9.0,16.0
401817435,2025-11-19,2026,0,40,87,91,Notre Dame Fighting Irish,Bellarmine Knights,86,79,49.0,32.0,9.0,14.0,46.0,27.0,2.0,13.0
401817521,2025-11-19,2026,0,40,259,2803,Virginia Tech Hokies,Bryant Bulldogs,78,61,58.0,24.0,11.0,10.0,52.0,16.0,4.0,14.0
401820552,2025-11-19,2026,0,40,2005,2011,Air Force Falcons,Alabama State Hornets,66,64,42.0,23.0,6.0,17.0,55.0,19.0,6.0,11.0
401820579,2025-11-19,2026,0,40,2514,170,Quinnipiac Bobcats,City College NY Beavers,112,52,83.0,14.0,17.0,5.0,62.0,8.0,4.0,15.0
401820607,2025-11-19,2026,0,40,2066,111902,Binghamton Bearcats,Misericordia Cougars,69,58,49.0,18.0,12.0,16.0,56.0,8.0,5.0,10.0
401820624,2025-11-19,2026,0,40,2771,311,Merrimack Warriors,Maine Black Bears,72,65,49.0,31.0,10.0,10.0,43.0,30.0,14.0,17.0
401820833,2025-11-19,2026,0,40,156,155,Creighton Bluejays,North Dakota Fighting Hawks,75,60,63.0,25.0,21.0,11.0,60.0,11.0,9.0,8.0
401822180,2025-11-19,2026,0,40,2325,222,La Salle Explorers,Villanova Wildcats,55,70,51.0,13.0,13.0,16.0,54.0,10.0,13.0,13.0
401822332,2025-11-19,2026,0,40,325,2674,Cleveland State Vikings,Valparaiso Beacons,75,90,55.0,23.0,5.0,9.0,63.0,20.0,13.0,9.0
401822367,2025-11-19,2026,0,40,2197,2838,Eastern Illinois Panthers,Tiffin Dragons,62,50,51.0,17.0,9.0,14.0,50.0,11.0,4.0,14.0
401822996,2025-11-19,2026,0,40,130,2393,Michigan Wolverines,Middle Tennessee Blue Raiders,86,61,67.0,26.0,12.0,13.0,69.0,12.0,13.0,15.0
401823004,2025-11-19,2026,0,40,2649,2754,Toledo Rockets,Youngstown State Penguins,92,75,60.0,26.0,11.0,12.0,57.0,12.0,10.0,21.0
401823228,2025-11-19,2026,0,40,2535,526,Samford Bulldogs,Florida Gulf Coast Eagles,62,77,62.0,24.0,15.0,10.0,59.0,15.0,14.0,17.0
401823307,2025-11-19,2026,0,40,299,130201,Long Beach State Beach,Nobel Knights,87,54,68.0,24.0,15.0,12.0,50.0,19.0,3.0,21.0
401823331,2025-11-19,2026,0,40,2534,2751,Sam Houston Bearkats,Wyoming Cowboys,78,70,52.0,33.0,11.0,15.0,62.0,22.0,17.0,15.0
401823419,2025-11-19,2026,0,40,189,2729,Bowling Green Falcons,William & Mary Tribe,74,82,58.0,27.0,10.0,18.0,56.0,24.0,8.0,18.0
401823444,2025-11-19,2026,0,40,2747,2454,Wofford Terriers,North Florida Ospreys,86,78,63.0,25.0,13.0,10.0,63.0,8.0,4.0,11.0
401823477,2025-11-19,2026,0,40,2,2296,Auburn Tigers,Jackson State Tigers,112,66,65.0,19.0,8.0,9.0,56.0,19.0,11.0,22.0
401823543,2025-11-19,2026,0,40,265,253,Washington State Cougars,Southern Utah Thunderbirds,98,74,68.0,16.0,11.0,7.0,56.0,16.0,5.0,14.0
401824870,2025-11-19,2026,0,40,231,3121,Furman Paladins,Ohio Christian Trailblazers,79,44,61.0,15.0,19.0,14.0,54.0,11.0,7.0,12.0
401825206,2025-11-19,2026,0,40,56,47,Stetson Hatters,Howard Bison,64,60,45.0,28.0,5.0,16.0,64.0,16.0,14.0,10.0
401826751,2025-11-19,2026,0,40,2717,2427,Western Carolina Catamounts,UNC Asheville Bulldogs,80,73,62.0,29.0,19.0,8.0,50.0,23.0,8.0,11.0
401826762,2025-11-19,2026,0,40,71,2349,Bradley Braves,UMass Lowell River Hawks,87,77,56.0,26.0,12.0,10.0,52.0,26.0,9.0,13.0
401826831,2025-11-19,2026,0,40,2908,2635,South Carolina Upstate Spartans,Tennessee Tech Golden Eagles,84,88,65.0,27.0,10.0,9.0,55.0,32.0,10.0,17.0
401826838,2025-11-19,2026,0,40,218,2275,Temple Owls,Hofstra Pride,81,76,50.0,31.0,6.0,11.0,62.0,13.0,9.0,10.0
401826898,2025-11-19,2026,0,40,282,2348,Indiana State Sycamores,Louisiana Tech Bulldogs,60,51,60.0,12.0,7.0,12.0,66.0,20.0,15.0,12.0
401826923,2025-11-19,2026,0,40,2502,2866,Portland State Vikings,Evergreen State Geoducks,90,61,71.0,21.0,21.0,11.0,67.0,10.0,11.0,10.0
401826933,2025-11-19,2026,0,40,2692,2097,Weber State Wildcats,Campbell Fighting Camels,91,85,62.0,23.0,12.0,12.0,60.0,31.0,13.0,13.0
401826949,2025-11-19,2026,0,40,3084,300,Utah Valley Wolverines,UC Irvine Anteaters,79,72,60.0,25.0,14.0,11.0,63.0,21.0,12.0,11.0
401827110,2025-11-19,2026,0,40,195,2065,Ohio Bobcats,Bethune-Cookman Wildcats,73,76,60.0,28.0,12.0,7.0,57.0,14.0,5.0,8.0
401828309,2025-11-19,2026,0,40,55,6,Jacksonville State Gamecocks,South Alabama Jaguars,65,71,64.0,4.0,11.0,12.0,53.0,24.0,6.0,7.0
401828474,2025-11-19,2026,0,45,2638,3170,UTEP Miners,St. Thomas (TX) Celts,84,83,65.0,29.0,15.0,18.0,58.0,29.0,9.0,16.0
401829278,2025-11-19,2026,0,40,2569,236,South Carolina State Bulldogs,Chattanooga Mocs,66,78,61.0,34.0,12.0,10.0,49.0,35.0,8.0,12.0
401829438,2025-11-19,2026,0,40,2643,2822,The Citadel Bulldogs,North Greenville Trailblazers,70,57,48.0,19.0,5.0,8.0,52.0,15.0,8.0,11.0
401829462,2025-11-19,2026,0,40,2449,2939,North Dakota State Bison,Jamestown Jimmies,82,67,50.0,24.0,6.0,14.0,58.0,6.0,11.0,21.0
401829466,2025-11-19,2026,0,40,2437,507,Omaha Mavericks,Concordia (NE) Clippers,96,80,65.0,14.0,10.0,9.0,59.0,18.0,9.0,11.0
401829484,2025-11-19,2026,0,40,2608,2032,Saint Mary's Gaels,Arkansas State Red Wolves,85,72,53.0,33.0,13.0,13.0,69.0,13.0,16.0,10.0
401830656,2025-11-19,2026,0,40,2837,2937,East Texas A&M Lions,Dallas Christian Crusaders,115,44,84.0,13.0,17.0,7.0,61.0,18.0,11.0,21.0
401809078,2025-11-20,2026,0,40,2599,2083,St. John's Red Storm,Bucknell Bison,97,49,65.0,28.0,17.0,13.0,51.0,22.0,8.0,24.0
401809417,2025-11-20,2026,0,40,2390,2210,Miami Hurricanes,Elon Phoenix,99,72,68.0,23.0,15.0,10.0,51.0,18.0,5.0,18.0
401811106,2025-11-20,2026,0,40,142,233,Missouri Tigers,South Dakota Coyotes,102,68,56.0,30.0,12.0,17.0,58.0,21.0,12.0,17.0
401812355,2025-11-20,2026,0,40,2230,112358,Fordham Rams,Long Island University Sharks,69,53,60.0,15.0,11.0,10.0,52.0,24.0,9.0,12.0
401812629,2025-11-20,2026,0,40,248,2520,Houston Cougars,Rider Broncs,91,45,66.0,7.0,9.0,7.0,52.0,9.0,12.0,23.0
401813257,2025-11-20,2026,0,40,2287,2524,Illinois State Redbirds,Rockford Regents,93,48,64.0,13.0,17.0,9.0,61.0,8.0,13.0,9.0
401817197,2025-11-20,2026,0,40,179,2523,St. Bonaventure Bonnies,Robert Morris Colonials,75,61,61.0,17.0,15.0,14.0,61.0,13.0,13.0,15.0
401817445,2025-11-20,2026,1,40,2116,221,UCF Knights,Pittsburgh Panthers,77,67,61.0,12.0,16.0,11.0,54.0,21.0,12.0,12.0
401817531,2025-11-20,2026,1,40,2641,154,Texas Tech Red Raiders,Wake Forest Demon Deacons,84,83,68.0,21.0,16.0,14.0,66.0,22.0,10.0,8.0
401818551,2025-11-20,2026,0,40,2619,225,Stony Brook Seawolves,Brown Bears,80,70,60.0,20.0,11.0,9.0,60.0,11.0,12.0,13.0
401819817,2025-11-20,2026,0,40,62,9,Hawai'i Rainbow Warriors,Arizona State Sun Devils,76,83,54.0,26.0,8.0,17.0,62.0,37.0,12.0,8.0
401819891,2025-11-20,2026,1,40,2306,344,Kansas State Wildcats,Mississippi State Bulldogs,98,77,73.0,11.0,12.0,8.0,60.0,23.0,9.0,14.0
401819909,2025-11-20,2026,0,40,254,13,Utah Utes,Cal Poly Mustangs,85,92,63.0,22.0,6.0,16.0,60.0,31.0,10.0,19.0
401820211,2025-11-20,2026,0,40,193,2385,Miami (OH) RedHawks,Mercyhurst Lakers,76,71,49.0,31.0,8.0,11.0,56.0,13.0,10.0,12.0
401820399,2025-11-20,2026,0,40,2439,2603,UNLV Rebels,Saint Joseph's Hawks,99,85,69.0,49.0,25.0,12.0,65.0,34.0,13.0,12.0
401820482,2025-11-20,2026,1,40,2916,88,Incarnate Word Cardinals,Southern Indiana Screaming Eagles,87,81,59.0,29.0,11.0,10.0,61.0,21.0,7.0,10.0
401820483,2025-11-20,2026,1,40,82,2272,UIC Flames,High Point Panthers,80,90,59.0,24.0,16.0,18.0,55.0,37.0,11.0,12.0
401822342,2025-11-20,2026,0,40,2294,2130,Iowa Hawkeyes,Chicago State Cougars,93,54,58.0,19.0,12.0,7.0,50.0,15.0,8.0,11.0
401822399,2025-11-20,2026,0,40,84,2815,Indiana Hoosiers,Lindenwood Lions,73,53,61.0,27.0,11.0,8.0,68.0,20.0,20.0,14.0
401823385,2025-11-20,2026,0,40,2117,94,Central Michigan Chippewas,Northern Kentucky Norse,66,90,53.0,18.0,12.0,19.0,64.0,13.0,13.0,11.0
401823410,2025-11-20,2026,0,40,2750,2980,Wright State Raiders,Ohio Wesleyan Battling Bishops,100,47,59.0,23.0,12.0,9.0,47.0,17.0,7.0,16.0
401823493,2025-11-20,2026,0,40,2511,2430,Queens University Royals,UNC Greensboro Spartans,101,94,62.0,23.0,12.0,6.0,57.0,36.0,9.0,4.0
401823636,2025-11-20,2026,1,40,2509,235,Purdue Boilermakers,Memphis Tigers,80,71,65.0,11.0,14.0,11.0,59.0,25.0,15.0,12.0
401824063,2025-11-20,2026,0,40,2226,279,Florida Atlantic Owls,Pacific Tigers,82,59,52.0,16.0,7.0,13.0,50.0,20.0,10.0,15.0
401824937,2025-11-20,2026,0,40,249,2110,North Texas Mean Green,Central Arkansas Bears,74,56,54.0,32.0,11.0,10.0,48.0,32.0,13.0,19.0
401825578,2025-11-20,2026,1,40,147,130201,Montana State Bobcats,Nobel Knights,92,55,52.0,24.0,8.0,10.0,60.0,5.0,12.0,19.0
401826779,2025-11-20,2026,0,40,201,198,Oklahoma Sooners,Oral Roberts Golden Eagles,95,71,69.0,23.0,12.0,3.0,58.0,15.0,13.0,18.0
401826808,2025-11-20,2026,0,40,242,2627,Rice Owls,Tarleton State Texans,74,90,63.0,24.0,14.0,14.0,58.0,25.0,8.0,13.0
401826863,2025-11-20,2026,0,40,163,111,Princeton Tigers,Northeastern Huskies,70,57,45.0,37.0,11.0,15.0,59.0,18.0,13.0,13.0
401827006,2025-11-20,2026,0,40,238,2640,Vanderbilt Commodores,Texas Southern Tigers,109,74,73.0,22.0,17.0,9.0,53.0,29.0,7.0,14.0
401827130,2025-11-20,2026,0,40,276,2029,Marshall Thundering Herd,Arkansas-Pine Bluff Golden Lions,98,70,64.0,21.0,9.0,11.0,59.0,26.0,10.0,16.0
401827210,2025-11-20,2026,0,55,30,2653,USC Trojans,Troy Trojans,107,106,75.0,46.0,7.0,13.0,87.0,35.0,25.0,20.0
401827238,2025-11-20,2026,1,40,167,158,New Mexico Lobos,Nebraska Cornhuskers,72,84,67.0,11.0,8.0,16.0,57.0,25.0,5.0,18.0
401827255,2025-11-20,2026,0,40,194,2711,Ohio State Buckeyes,Western Michigan Broncos,91,58,65.0,23.0,17.0,12.0,62.0,15.0,11.0,16.0
401828332,2025-11-20,2026,0,40,2277,128256,Houston Christian Huskies,College of Biblical Studies Ambassadors,85,67,64.0,28.0,18.0,16.0,58.0,6.0,8.0,24.0
401829386,2025-11-20,2026,0,40,2633,2634,Tennessee Volunteers,Tennessee State Tigers,89,60,57.0,35.0,10.0,17.0,56.0,25.0,12.0,22.0
401829402,2025-11-20,2026,0,50,172,2142,Cornell Big Red,Colgate Raiders,95,94,68.0,30.0,8.0,18.0,82.0,13.0,10.0,13.0
401830835,2025-11-20,2026,0,40,2169,2871,Delaware State Hornets,Kean Cougars,66,64,66.0,13.0,12.0,10.0,57.0,12.0,5.0,13.0
401808895,2025-11-21,2026,0,40,278,2443,Fresno State Bulldogs,LSU New Orleans Privateers,85,76,57.0,28.0,9.0,15.0,58.0,31.0,12.0,18.0
401809308,2025-11-21,2026,1,40,228,277,Clemson Tigers,West Virginia Mountaineers,70,67,52.0,19.0,6.0,12.0,57.0,19.0,9.0,8.0
401809309,2025-11-21,2026,1,40,2752,61,Xavier Musketeers,Georgia Bulldogs,77,78,70.0,19.0,15.0,8.0,64.0,18.0,10.0,11.0
401809310,2025-11-21,2026,1,40,2655,328,Tulane Green Wave,Utah State Aggies,75,96,53.0,19.0,5.0,13.0,58.0,18.0,9.0,10.0
401809311,2025-11-21,2026,1,40,103,2166,Boston College Eagles,Davidson Wildcats,49,59,49.0,14.0,12.0,14.0,48.0,17.0,5.0,7.0
401811969,2025-11-21,2026,0,40,2057,2225,Belmont Bruins,Fisk Bulldogs,96,49,82.0,14.0,18.0,7.0,66.0,13.0,11.0,15.0
401812577,2025-11-21,2026,0,40,2182,219,Drexel Dragons,Pennsylvania Quakers,68,84,64.0,17.0,14.0,9.0,54.0,28.0,11.0,11.0
401812646,2025-11-21,2026,0,40,164,2115,Rutgers Scarlet Knights,Central Connecticut Blue Devils,54,67,58.0,10.0,10.0,10.0,61.0,14.0,13.0,7.0
401812664,2025-11-21,2026,0,40,2529,107,Sacred Heart Pioneers,Holy Cross Crusaders,79,66,62.0,12.0,10.0,10.0,51.0,15.0,8.0,16.0
401813277,2025-11-21,2026,0,40,295,2415,Old Dominion Monarchs,Morgan State Bears,88,56,60.0,27.0,12.0,7.0,59.0,20.0,14.0,11.0
401813322,2025-11-21,2026,0,40,2368,349,Marist Red Foxes,Army Black Knights,76,65,68.0,12.0,15.0,9.0,58.0,18.0,13.0,12.0
401813350,2025-11-21,2026,0,40,2099,2379,Canisius Golden Griffins,Maryland Eastern Shore Hawks,60,57,49.0,10.0,8.0,11.0,53.0,12.0,11.0,12.0
401813377,2025-11-21,2026,0,40,150,315,Duke Blue Devils,Niagara Purple Eagles,100,42,55.0,24.0,11.0,9.0,48.0,15.0,7.0,17.0
401813761,2025-11-21,2026,0,40,26,2506,UCLA Bruins,Presbyterian Blue Hose,86,46,51.0,24.0,6.0,11.0,51.0,15.0,8.0,17.0
401817157,2025-11-21,2026,0,40,2350,2459,Loyola Chicago Ramblers,Northern Illinois Huskies,59,76,52.0,7.0,7.0,13.0,64.0,10.0,17.0,10.0
401817186,2025-11-21,2026,0,40,139,2870,Saint Louis Billikens,Purdue Fort Wayne Mastodons,91,60,61.0,17.0,15.0,16.0,61.0,14.0,8.0,11.0
401817223,2025-11-21,2026,0,40,25,16,California Golden Bears,Sacramento State Hornets,91,67,65.0,19.0,10.0,12.0,67.0,30.0,18.0,11.0
401817243,2025-11-21,2026,1,40,2132,97,Cincinnati Bearcats,Louisville Cardinals,64,74,62.0,16.0,11.0,13.0,56.0,28.0,11.0,13.0
401817457,2025-11-21,2026,0,40,2567,2032,SMU Mustangs,Arkansas State Red Wolves,100,69,75.0,16.0,12.0,8.0,63.0,16.0,21.0,32.0
401817468,2025-11-21,2026,0,40,24,2547,Stanford Cardinal,Seattle U Redhawks,69,77,63.0,25.0,14.0,12.0,52.0,24.0,6.0,15.0
401817490,2025-11-21,2026,1,40,258,77,Virginia Cavaliers,Northwestern Wildcats,83,78,64.0,36.0,21.0,11.0,58.0,24.0,6.0,7.0
401818301,2025-11-21,2026,1,40,43,2739,Yale Bulldogs,Green Bay Phoenix,73,67,51.0,19.0,8.0,9.0,55.0,24.0,12.0,8.0
401818370,2025-11-21,2026,0,40,2329,171,Lehigh Mountain Hawks,Columbia Lions,67,82,57.0,21.0,8.0,9.0,60.0,19.0,15.0,15.0
401819836,2025-11-21,2026,0,40,252,275,BYU Cougars,Wisconsin Badgers,98,70,65.0,29.0,12.0,8.0,61.0,26.0,11.0,12.0
401819864,2025-11-21,2026,0,40,38,302,Colorado Buffaloes,UC Davis Aggies,95,79,57.0,21.0,7.0,10.0,60.0,9.0,7.0,12.0
401820187,2025-11-21,2026,0,40,96,2352,Kentucky Wildcats,Loyola Maryland Greyhounds,88,46,76.0,9.0,18.0,9.0,62.0,8.0,9.0,16.0
401820225,2025-11-21,2026,0,40,166,2535,New Mexico State Aggies,Samford Bulldogs,81,72,57.0,16.0,9.0,6.0,60.0,21.0,10.0,3.0
401820553,2025-11-21,2026,0,40,2005,2565,Air Force Falcons,SIU Edwardsville Cougars,77,63,54.0,33.0,12.0,10.0,54.0,24.0,9.0,13.0
401820599,2025-11-21,2026,1,40,2006,314,Akron Zips,Iona Gaels,96,75,65.0,25.0,11.0,11.0,62.0,20.0,11.0,17.0
401820799,2025-11-21,2026,0,40,2026,2429,App State Mountaineers,Charlotte 49ers,65,63,45.0,23.0,9.0,9.0,58.0,11.0,16.0,10.0
401820809,2025-11-21,2026,0,40,151,2127,East Carolina Pirates,Charleston Southern Buccaneers,65,77,60.0,24.0,10.0,10.0,60.0,13.0,5.0,9.0
401820825,2025-11-21,2026,1,40,2579,2086,South Carolina Gamecocks,Butler Bulldogs,72,79,62.0,22.0,9.0,7.0,56.0,34.0,15.0,10.0
401822351,2025-11-21,2026,0,40,284,322,Stonehill Skyhawks,Lafayette Leopards,74,70,60.0,17.0,12.0,15.0,62.0,29.0,16.0,12.0
401822731,2025-11-21,2026,0,40,2501,2239,Portland Pilots,Cal State Fullerton Titans,103,85,63.0,17.0,6.0,13.0,67.0,18.0,10.0,13.0
401822834,2025-11-21,2026,0,40,2561,399,Siena Saints,UAlbany Great Danes,73,63,51.0,20.0,10.0,11.0,45.0,18.0,5.0,11.0
401823308,2025-11-21,2026,0,40,299,147,Long Beach State Beach,Montana State Bobcats,72,78,60.0,17.0,10.0,11.0,58.0,19.0,7.0,9.0
401823371,2025-11-21,2026,0,40,127,2174,Michigan State Spartans,Detroit Mercy Titans,84,56,61.0,26.0,16.0,12.0,60.0,8.0,11.0,15.0
401823377,2025-11-21,2026,1,40,2011,85,Alabama State Hornets,IU Indianapolis Jaguars,101,80,62.0,24.0,8.0,15.0,67.0,8.0,9.0,18.0
401823534,2025-11-21,2026,0,40,2856,2755,California Baptist Lancers,Grambling Tigers,72,59,46.0,17.0,8.0,18.0,45.0,23.0,5.0,14.0
401823558,2025-11-21,2026,0,40,304,130183,Idaho State Bengals,Justice Lions,89,51,65.0,21.0,15.0,4.0,57.0,7.0,6.0,10.0
401823590,2025-11-21,2026,0,40,2515,350,Radford Highlanders,UNC Wilmington Seahawks,73,81,56.0,19.0,8.0,14.0,58.0,21.0,14.0,15.0
401823637,2025-11-21,2026,1,40,2509,2641,Purdue Boilermakers,Texas Tech Red Raiders,86,56,58.0,15.0,10.0,11.0,60.0,14.0,9.0,9.0
401823638,2025-11-21,2026,1,40,235,154,Memphis Tigers,Wake Forest Demon Deacons,68,69,56.0,18.0,16.0,17.0,61.0,19.0,15.0,14.0
401823788,2025-11-21,2026,0,40,2253,2466,Grand Canyon Lopes,Northwestern State Demons,85,72,49.0,39.0,12.0,12.0,52.0,24.0,3.0,10.0
401823810,2025-11-21,2026,0,40,36,2172,Colorado State Rams,Denver Pioneers,81,83,39.0,44.0,12.0,11.0,57.0,19.0,9.0,4.0
401823859,2025-11-21,2026,0,40,245,2363,Texas A&M Aggies,Manhattan Jaspers,109,68,67.0,17.0,7.0,8.0,55.0,19.0,7.0,16.0
401823868,2025-11-21,2026,1,40,250,2097,UT Arlington Mavericks,Campbell Fighting Camels,67,71,61.0,20.0,12.0,15.0,52.0,32.0,11.0,17.0
401824025,2025-11-21,2026,0,40,3101,130201,Utah Tech Trailblazers,Nobel Knights,96,48,54.0,32.0,5.0,12.0,63.0,16.0,13.0,19.0
401824058,2025-11-21,2026,1,40,204,339,Oregon State Beavers,Evansville Purple Aces,69,73,59.0,23.0,14.0,13.0,50.0,35.0,12.0,12.0
401824071,2025-11-21,2026,0,40,2492,2617,Pepperdine Waves,Stephen F. Austin Lumberjacks,60,63,50.0,14.0,6.0,15.0,68.0,1.0,10.0,10.0
401824112,2025-11-21,2026,0,40,301,27,San Diego Toreros,UC Riverside Highlanders,71,85,61.0,19.0,13.0,11.0,55.0,25.0,10.0,11.0
401824121,2025-11-21,2026,0,40,2541,309,Santa Clara Broncos,Louisiana Ragin' Cajuns,80,43,72.0,19.0,21.0,8.0,44.0,25.0,9.0,18.0
401824888,2025-11-21,2026,0,40,2193,2413,East Tennessee State Buccaneers,Morehead State Eagles,77,62,57.0,33.0,16.0,9.0,46.0,24.0,11.0,18.0
401825187,2025-11-21,2026,0,40,326,2031,Texas State Bobcats,Little Rock Trojans,65,56,50.0,16.0,11.0,17.0,54.0,18.0,12.0,15.0
401825385,2025-11-21,2026,0,40,2698,2908,West Georgia Wolves,South Carolina Upstate Spartans,72,64,63.0,12.0,14.0,16.0,69.0,16.0,15.0,10.0
401826709,2025-11-21,2026,0,40,52,290,Florida State Seminoles,Georgia Southern Eagles,98,72,71.0,29.0,12.0,11.0,63.0,24.0,9.0,17.0
401826788,2025-11-21,2026,0,40,8,2296,Arkansas Razorbacks,Jackson State Tigers,115,61,61.0,36.0,9.0,6.0,64.0,11.0,12.0,20.0
401826854,2025-11-21,2026,0,40,5,6,UAB Blazers,South Alabama Jaguars,80,72,61.0,21.0,15.0,9.0,53.0,27.0,6.0,3.0
401826871,2025-11-21,2026,0,40,2199,2473,Eastern Michigan Eagles,Oakland Golden Grizzlies,97,91,59.0,15.0,4.0,12.0,67.0,20.0,10.0,8.0
401826919,2025-11-21,2026,1,40,2900,2458,St. Thomas Tommies,Northern Colorado Bears,73,72,64.0,16.0,11.0,11.0,53.0,21.0,7.0,18.0
401827014,2025-11-21,2026,0,40,23,2582,San José State Spartans,Southern Jaguars,80,66,53.0,29.0,13.0,15.0,61.0,14.0,11.0,14.0
401827452,2025-11-21,2026,1,40,232,113,Charleston Cougars,Massachusetts Minutemen,69,65,49.0,29.0,3.0,9.0,56.0,13.0,10.0,15.0
401827489,2025-11-21,2026,0,40,57,2771,Florida Gators,Merrimack Warriors,80,45,62.0,23.0,19.0,12.0,56.0,11.0,7.0,11.0
401827505,2025-11-21,2026,0,40,2729,111926,William & Mary Tribe,Regent Royals,104,57,70.0,26.0,14.0,9.0,60.0,8.0,7.0,18.0
401827522,2025-11-21,2026,0,40,2450,2261,Norfolk State Spartans,Hampton Pirates,62,60,52.0,22.0,10.0,9.0,52.0,15.0,9.0,12.0
401828283,2025-11-21,2026,0,40,202,2046,Tulsa Golden Hurricane,Austin Peay Governors,84,75,58.0,16.0,8.0,11.0,59.0,16.0,8.0,9.0
401828907,2025-11-21,2026,0,40,2181,63,Drake Bulldogs,Buena Vista Beavers,98,52,64.0,10.0,12.0,10.0,53.0,7.0,5.0,17.0
401829422,2025-11-21,2026,0,40,99,2437,LSU Tigers,Omaha Mavericks,99,73,63.0,24.0,8.0,11.0,66.0,25.0,12.0,12.0
401829440,2025-11-21,2026,0,40,2747,2215,Wofford Terriers,Erskine Flying Fleet,81,57,55.0,17.0,16.0,12.0,45.0,8.0,2.0,11.0
401829474,2025-11-21,2026,0,40,2571,2247,South Dakota State Jackrabbits,Georgia State Panthers,105,58,60.0,22.0,9.0,10.0,51.0,27.0,4.0,12.0
401829487,2025-11-21,2026,0,40,2710,324,Western Illinois Leathernecks,Coastal Carolina Chanticleers,64,84,62.0,21.0,10.0,10.0,68.0,20.0,13.0,9.0
401831194,2025-11-21,2026,1,40,167,344,New Mexico Lobos,Mississippi State Bulldogs,80,78,63.0,25.0,13.0,10.0,68.0,13.0,8.0,7.0
401831195,2025-11-21,2026,1,40,158,2306,Nebraska Cornhuskers,Kansas State Wildcats,86,85,61.0,20.0,8.0,12.0,62.0,22.0,9.0,13.0
401812356,2025-11-22,2026,0,40,356,112358,Illinois Fighting Illini,Long Island University Sharks,98,58,65.0,15.0,13.0,12.0,60.0,7.0,9.0,17.0
401812605,2025-11-22,2026,1,40,104,108,Boston University Terriers,Harvard Crimson,75,74,48.0,8.0,3.0,15.0,53.0,9.0,4.0,11.0
401813291,2025-11-22,2026,0,40,197,2447,Oklahoma State Cowboys,Nicholls Colonels,95,81,59.0,27.0,5.0,15.0,69.0,17.0,12.0,16.0
401813378,2025-11-22,2026,1,40,47,315,Howard Bison,Niagara Purple Eagles,80,70,50.0,43.0,11.0,15.0,50.0,29.0,9.0,22.0
401813439,2025-11-22,2026,0,40,2168,2428,Dayton Flyers,North Carolina Central Eagles,74,55,63.0,19.0,13.0,7.0,51.0,13.0,9.0,18.0
401813449,2025-11-22,2026,1,40,2184,111,Duquesne Dukes,Northeastern Huskies,86,93,59.0,25.0,5.0,19.0,58.0,30.0,9.0,21.0
401817176,2025-11-22,2026,0,40,257,2241,Richmond Spiders,Gardner-Webb Runnin' Bulldogs,102,67,73.0,18.0,15.0,9.0,59.0,11.0,7.0,17.0
401818792,2025-11-22,2026,0,40,2198,2382,Eastern Kentucky Colonels,Mercer Bears,83,95,73.0,15.0,18.0,11.0,61.0,18.0,14.0,14.0
401820152,2025-11-22,2026,0,40,2426,2885,Navy Midshipmen,NJIT Highlanders,86,70,55.0,33.0,11.0,9.0,60.0,25.0,13.0,10.0
401820486,2025-11-22,2026,0,40,357,2758,Texas A&M-Corpus Christi Islanders,Howard Payne Yellow Jackets,122,75,68.0,24.0,9.0,20.0,68.0,22.0,7.0,21.0
401820545,2025-11-22,2026,0,45,300,2460,UC Irvine Anteaters,Northern Iowa Panthers,69,70,59.0,26.0,10.0,9.0,72.0,10.0,12.0,8.0
401820608,2025-11-22,2026,1,40,2066,2379,Binghamton Bearcats,Maryland Eastern Shore Hawks,52,63,49.0,22.0,15.0,16.0,55.0,14.0,15.0,12.0
401822181,2025-11-22,2026,0,40,2325,123306,La Salle Explorers,Lancaster Bible Chargers,75,46,62.0,12.0,12.0,13.0,66.0,3.0,9.0,13.0
401822312,2025-11-22,2026,0,40,2724,270,Wichita State Shockers,Milwaukee Panthers,75,58,60.0,28.0,14.0,8.0,59.0,16.0,11.0,11.0
401822321,2025-11-22,2026,0,40,282,2050,Indiana State Sycamores,Ball State Cardinals,70,52,58.0,9.0,11.0,13.0,65.0,5.0,15.0,13.0
401822725,2025-11-22,2026,0,40,46,2681,Georgetown Hoyas,Wagner Seahawks,92,75,62.0,28.0,10.0,9.0,61.0,19.0,11.0,16.0
401822732,2025-11-22,2026,1,40,2239,2900,Cal State Fullerton Titans,St. Thomas Tommies,88,80,60.0,25.0,6.0,10.0,69.0,17.0,9.0,9.0
401822737,2025-11-22,2026,0,40,2670,2154,VCU Rams,Coppin State Eagles,101,58,61.0,32.0,9.0,8.0,62.0,10.0,10.0,17.0
401823014,2025-11-22,2026,0,40,2309,325,Kent State Golden Flashes,Cleveland State Vikings,91,71,67.0,15.0,14.0,19.0,49.0,30.0,4.0,18.0
401823025,2025-11-22,2026,0,40,269,2117,Marquette Golden Eagles,Central Michigan Chippewas,85,71,53.0,35.0,8.0,9.0,69.0,14.0,15.0,11.0
401823190,2025-11-22,2026,0,40,2330,2217,Le Moyne Dolphins,Fairfield Stags,83,97,55.0,30.0,14.0,15.0,67.0,23.0,14.0,7.0
401823325,2025-11-22,2026,0,40,2623,292,Missouri State Bears,UT Rio Grande Valley Vaqueros,74,67,55.0,26.0,10.0,6.0,51.0,19.0,11.0,14.0
401823332,2025-11-22,2026,0,40,2534,2544,Sam Houston Bearkats,Schreiner Mountaineers,105,54,71.0,20.0,17.0,14.0,81.0,7.0,13.0,8.0
401823435,2025-11-22,2026,0,40,236,2453,Chattanooga Mocs,North Alabama Lions,71,57,56.0,14.0,14.0,12.0,50.0,17.0,10.0,12.0
401823445,2025-11-22,2026,1,40,2572,2454,Southern Miss Golden Eagles,North Florida Ospreys,92,83,64.0,26.0,15.0,10.0,51.0,10.0,2.0,18.0
401823512,2025-11-22,2026,0,40,70,2202,Idaho Vandals,Eastern Oregon Mountaineers,97,68,66.0,18.0,10.0,8.0,64.0,14.0,12.0,13.0
401823517,2025-11-22,2026,0,40,56,2678,Stetson Hatters,VMI Keydets,99,80,61.0,9.0,9.0,10.0,65.0,15.0,12.0,6.0
401823544,2025-11-22,2026,0,40,253,130201,Southern Utah Thunderbirds,Nobel Knights,103,68,61.0,36.0,9.0,7.0,58.0,23.0,8.0,14.0
401823734,2025-11-22,2026,0,40,2934,2400,Cal State Bakersfield Roadrunners,Mississippi Valley State Delta Devils,86,70,60.0,42.0,16.0,10.0,58.0,29.0,8.0,12.0
401823869,2025-11-22,2026,0,40,2692,250,Weber State Wildcats,UT Arlington Mavericks,73,74,54.0,17.0,7.0,11.0,57.0,12.0,8.0,12.0
401824090,2025-11-22,2026,0,45,2501,2458,Portland Pilots,Northern Colorado Bears,80,86,71.0,16.0,12.0,14.0,67.0,18.0,6.0,11.0
401824949,2025-11-22,2026,0,40,288,2717,Lipscomb Bisons,Western Carolina Catamounts,83,62,70.0,6.0,10.0,11.0,55.0,15.0,5.0,18.0
401826729,2025-11-22,2026,1,40,135,2539,Minnesota Golden Gophers,San Francisco Dons,65,77,46.0,30.0,9.0,12.0,53.0,19.0,10.0,11.0
401826763,2025-11-22,2026,0,40,2612,2349,Saint Peter's Peacocks,UMass Lowell River Hawks,68,66,66.0,12.0,12.0,12.0,46.0,29.0,13.0,24.0
401826889,2025-11-22,2026,1,40,213,2507,Penn State Nittany Lions,Providence Friars,65,77,66.0,16.0,15.0,11.0,69.0,19.0,14.0,7.0
401828682,2025-11-22,2026,0,40,2441,551,New Haven Chargers,Vermont State Lyndon Hornets,122,51,85.0,17.0,24.0,8.0,48.0,18.0,5.0,24.0
401829291,2025-11-22,2026,0,40,2440,2540,Nevada Wolf Pack,UC Santa Barbara Gauchos,77,64,48.0,30.0,7.0,13.0,52.0,23.0,10.0,15.0
401829391,2025-11-22,2026,1,40,2504,2630,Prairie View A&M Panthers,UT Martin Skyhawks,68,69,56.0,31.0,11.0,11.0,47.0,30.0,9.0,16.0
401829457,2025-11-22,2026,1,40,155,324,North Dakota Fighting Hawks,Coastal Carolina Chanticleers,58,75,60.0,34.0,16.0,11.0,58.0,18.0,4.0,10.0
401829505,2025-11-22,2026,0,40,2608,3185,Saint Mary's Gaels,UC Merced Bobcats,96,42,64.0,29.0,16.0,8.0,54.0,15.0,9.0,18.0
401830125,2025-11-22,2026,1,40,2433,2413,UL Monroe Warhawks,Morehead State Eagles,80,83,70.0,17.0,15.0,10.0,60.0,29.0,16.0,11.0
401830880,2025-11-22,2026,1,40,2272,2916,High Point Panthers,Incarnate Word Cardinals,91,80,56.0,31.0,15.0,8.0,61.0,22.0,14.0,10.0
401830881,2025-11-22,2026,1,40,82,88,UIC Flames,Southern Indiana Screaming Eagles,84,73,54.0,33.0,11.0,14.0,66.0,20.0,15.0,14.0
401831206,2025-11-22,2026,1,40,113,2739,Massachusetts Minutemen,Green Bay Phoenix,75,79,55.0,26.0,9.0,10.0,49.0,35.0,7.0,8.0
401831207,2025-11-22,2026,1,50,204,314,Oregon State Beavers,Iona Gaels,84,91,65.0,36.0,12.0,15.0,78.0,22.0,16.0,13.0
401808728,2025-11-23,2026,1,40,45,2377,George Washington Revolutionaries,McNeese Cowboys,86,92,54.0,30.0,18.0,24.0,67.0,28.0,15.0,8.0
401809418,2025-11-23,2026,0,40,2390,2169,Miami Hurricanes,Delaware State Hornets,97,41,62.0,19.0,11.0,11.0,54.0,17.0,11.0,19.0
401812790,2025-11-23,2026,0,40,41,2803,UConn Huskies,Bryant Bulldogs,72,49,64.0,22.0,18.0,8.0,40.0,21.0,5.0,21.0
401813258,2025-11-23,2026,0,40,2287,324,Illinois State Redbirds,Coastal Carolina Chanticleers,94,42,66.0,22.0,6.0,6.0,66.0,5.0,6.0,11.0
401813351,2025-11-23,2026,0,40,2099,2066,Canisius Golden Griffins,Binghamton Bearcats,75,66,49.0,21.0,6.0,8.0,44.0,32.0,7.0,10.0
401813400,2025-11-23,2026,0,40,2711,116,Western Michigan Broncos,Mount St. Mary's Mountaineers,83,60,64.0,14.0,8.0,6.0,52.0,11.0,7.0,17.0
401817233,2025-11-23,2026,0,40,150,47,Duke Blue Devils,Howard Bison,93,56,59.0,22.0,9.0,11.0,56.0,21.0,8.0,12.0
401817446,2025-11-23,2026,0,40,221,2514,Pittsburgh Panthers,Quinnipiac Bobcats,75,83,61.0,20.0,17.0,15.0,49.0,24.0,7.0,15.0
401817491,2025-11-23,2026,1,40,258,2086,Virginia Cavaliers,Butler Bulldogs,73,80,71.0,15.0,18.0,9.0,56.0,29.0,14.0,13.0
401818371,2025-11-23,2026,0,40,171,2344,Columbia Lions,Longwood Lancers,95,70,66.0,12.0,13.0,14.0,55.0,17.0,6.0,15.0
401818552,2025-11-23,2026,0,40,311,225,Maine Black Bears,Brown Bears,53,58,49.0,11.0,6.0,16.0,54.0,16.0,10.0,16.0
401820212,2025-11-23,2026,0,40,276,2385,Marshall Thundering Herd,Mercyhurst Lakers,69,60,53.0,16.0,10.0,11.0,60.0,16.0,13.0,10.0
401820554,2025-11-23,2026,0,40,2005,85,Air Force Falcons,IU Indianapolis Jaguars,98,85,63.0,17.0,7.0,15.0,70.0,18.0,13.0,13.0
401820800,2025-11-23,2026,0,40,2429,2551,Charlotte 49ers,Shaw Bears,83,79,57.0,23.0,12.0,15.0,63.0,12.0,8.0,12.0
401822997,2025-11-23,2026,1,40,2393,93,Middle Tennessee Blue Raiders,Murray State Racers,90,87,74.0,18.0,17.0,10.0,62.0,29.0,8.0,8.0
401823173,2025-11-23,2026,1,40,2458,2239,Northern Colorado Bears,Cal State Fullerton Titans,97,93,60.0,40.0,8.0,9.0,71.0,33.0,9.0,4.0
401823372,2025-11-23,2026,0,40,305,2174,DePaul Blue Demons,Detroit Mercy Titans,95,75,59.0,26.0,11.0,7.0,59.0,19.0,13.0,12.0
401823402,2025-11-23,2026,0,45,2405,2523,Monmouth Hawks,Robert Morris Colonials,71,70,55.0,31.0,13.0,11.0,72.0,8.0,18.0,12.0
401823494,2025-11-23,2026,0,40,231,2511,Furman Paladins,Queens University Royals,90,79,60.0,21.0,11.0,4.0,59.0,17.0,8.0,4.0
401823502,2025-11-23,2026,0,40,2110,331,Central Arkansas Bears,Eastern Washington Eagles,92,65,62.0,14.0,10.0,12.0,59.0,13.0,14.0,22.0
401823759,2025-11-23,2026,0,40,2751,2450,Wyoming Cowboys,Norfolk State Spartans,75,67,55.0,31.0,16.0,14.0,51.0,29.0,11.0,12.0
401824091,2025-11-23,2026,0,40,2501,2900,Portland Pilots,St. Thomas Tommies,66,76,59.0,7.0,10.0,20.0,61.0,18.0,8.0,9.0
401824889,2025-11-23,2026,0,40,2193,2433,East Tennessee State Buccaneers,UL Monroe Warhawks,97,55,66.0,10.0,11.0,10.0,57.0,14.0,8.0,13.0
401825386,2025-11-23,2026,0,40,59,2698,Georgia Tech Yellow Jackets,West Georgia Wolves,82,66,61.0,19.0,12.0,13.0,64.0,17.0,8.0,9.0
401826780,2025-11-23,2026,0,40,201,2016,Oklahoma Sooners,Alcorn State Braves,72,53,66.0,28.0,18.0,7.0,53.0,8.0,7.0,19.0
401826914,2025-11-23,2026,1,40,77,2579,Northwestern Wildcats,South Carolina Gamecocks,79,77,53.0,14.0,5.0,10.0,61.0,15.0,13.0,8.0
401827067,2025-11-23,2026,0,40,2296,2737,Jackson State Tigers,Winthrop Eagles,62,80,56.0,8.0,8.0,13.0,62.0,10.0,11.0,8.0
401827131,2025-11-23,2026,0,40,193,2029,Miami (OH) RedHawks,Arkansas-Pine Bluff Golden Lions,111,84,64.0,32.0,7.0,9.0,69.0,25.0,10.0,11.0
401827154,2025-11-23,2026,1,40,2565,2011,SIU Edwardsville Cougars,Alabama State Hornets,83,68,61.0,30.0,16.0,8.0,58.0,31.0,16.0,9.0
401827514,2025-11-23,2026,0,40,2182,295,Drexel Dragons,Old Dominion Monarchs,75,71,56.0,21.0,12.0,11.0,62.0,16.0,12.0,9.0
401828291,2025-11-23,2026,0,40,149,2320,Montana Grizzlies,Lamar Cardinals,63,68,52.0,32.0,11.0,16.0,73.0,8.0,17.0,13.0
401828303,2025-11-23,2026,1,40,48,79,Delaware Blue Hens,Southern Illinois Salukis,59,79,55.0,7.0,9.0,19.0,60.0,25.0,14.0,10.0
401829279,2025-11-23,2026,0,40,233,2569,South Dakota Coyotes,South Carolina State Bulldogs,82,81,61.0,28.0,21.0,18.0,64.0,19.0,16.0,13.0
401829456,2025-11-23,2026,0,40,2710,155,Western Illinois Leathernecks,North Dakota Fighting Hawks,69,78,53.0,21.0,8.0,17.0,55.0,20.0,3.0,13.0
401830116,2025-11-23,2026,1,40,2430,2754,UNC Greensboro Spartans,Youngstown State Penguins,68,62,55.0,22.0,9.0,17.0,63.0,11.0,10.0,13.0
401831204,2025-11-23,2026,1,40,232,43,Charleston Cougars,Yale Bulldogs,63,74,55.0,24.0,10.0,9.0,58.0,18.0,10.0,8.0
401831205,2025-11-23,2026,1,40,339,2006,Evansville Purple Aces,Akron Zips,59,97,46.0,23.0,7.0,18.0,57.0,27.0,10.0,12.0
401831212,2025-11-23,2026,1,40,2454,2504,North Florida Ospreys,Prairie View A&M Panthers,82,85,49.0,22.0,9.0,21.0,70.0,33.0,21.0,10.0
401831213,2025-11-23,2026,1,40,2572,2630,Southern Miss Golden Eagles,UT Martin Skyhawks,70,60,54.0,15.0,13.0,8.0,46.0,20.0,9.0,9.0
401831228,2025-11-23,2026,1,45,103,2655,Boston College Eagles,Tulane Green Wave,90,93,63.0,36.0,11.0,10.0,60.0,36.0,7.0,8.0
401831229,2025-11-23,2026,1,40,2166,328,Davidson Wildcats,Utah State Aggies,60,94,53.0,17.0,12.0,19.0,59.0,14.0,7.0,14.0
401831230,2025-11-23,2026,1,45,61,228,Georgia Bulldogs,Clemson Tigers,94,97,66.0,26.0,8.0,15.0,69.0,29.0,15.0,13.0
401831231,2025-11-23,2026,1,40,2752,277,Xavier Musketeers,West Virginia Mountaineers,78,68,55.0,12.0,4.0,10.0,58.0,15.0,7.0,11.0
401808729,2025-11-24,2026,1,40,2377,93,McNeese Cowboys,Murray State Racers,73,60,70.0,19.0,13.0,8.0,57.0,26.0,15.0,20.0
401808896,2025-11-24,2026,0,45,344,2443,Mississippi State Bulldogs,LSU New Orleans Privateers,81,78,65.0,29.0,15.0,14.0,69.0,17.0,15.0,15.0
401809312,2025-11-24,2026,1,40,119,227,Towson Tigers,Rhode Island Rams,62,55,50.0,19.0,11.0,12.0,50.0,16.0,10.0,15.0
401809393,2025-11-24,2026,1,40,261,2335,Vermont Catamounts,Liberty Flames,73,79,56.0,15.0,7.0,11.0,54.0,18.0,3.0,8.0
401809394,2025-11-24,2026,1,40,28,218,UC San Diego Tritons,Temple Owls,91,76,56.0,20.0,2.0,5.0,59.0,26.0,10.0,7.0
401809395,2025-11-24,2026,1,40,71,163,Bradley Braves,Princeton Tigers,88,64,55.0,20.0,4.0,9.0,45.0,21.0,9.0,24.0
401812263,2025-11-24,2026,1,40,333,2250,Alabama Crimson Tide,Gonzaga Bulldogs,85,95,67.0,23.0,13.0,13.0,72.0,26.0,20.0,11.0
401812287,2025-11-24,2026,0,40,161,2837,Fairleigh Dickinson Knights,East Texas A&M Lions,65,70,50.0,16.0,11.0,20.0,60.0,9.0,10.0,13.0
401812357,2025-11-24,2026,0,40,2623,112358,Missouri State Bears,Long Island University Sharks,61,75,55.0,27.0,13.0,10.0,48.0,18.0,9.0,13.0
401812647,2025-11-24,2026,0,45,2115,2529,Central Connecticut Blue Devils,Sacred Heart Pioneers,108,106,62.0,33.0,8.0,11.0,67.0,26.0,9.0,12.0
401812665,2025-11-24,2026,0,40,107,2561,Holy Cross Crusaders,Siena Saints,69,73,52.0,10.0,3.0,12.0,55.0,9.0,4.0,9.0
401817146,2025-11-24,2026,1,40,2393,45,Middle Tennessee Blue Raiders,George Washington Revolutionaries,79,92,53.0,23.0,5.0,14.0,54.0,24.0,4.0,9.0
401817244,2025-11-24,2026,0,40,97,2199,Louisville Cardinals,Eastern Michigan Eagles,87,46,62.0,19.0,12.0,8.0,57.0,17.0,11.0,13.0
401817256,2025-11-24,2026,1,40,152,2550,NC State Wolfpack,Seton Hall Pirates,74,85,59.0,22.0,9.0,13.0,56.0,24.0,7.0,14.0
401817436,2025-11-24,2026,1,40,2305,87,Kansas Jayhawks,Notre Dame Fighting Irish,71,61,60.0,13.0,10.0,9.0,64.0,15.0,10.0,5.0
401817458,2025-11-24,2026,0,40,2567,2515,SMU Mustangs,Radford Highlanders,89,72,59.0,32.0,13.0,16.0,69.0,18.0,10.0,11.0
401817481,2025-11-24,2026,1,45,248,183,Houston Cougars,Syracuse Orange,78,74,66.0,27.0,17.0,13.0,63.0,29.0,14.0,13.0
401819818,2025-11-24,2026,1,40,251,9,Texas Longhorns,Arizona State Sun Devils,86,87,55.0,27.0,11.0,19.0,52.0,36.0,6.0,11.0
401819826,2025-11-24,2026,1,40,239,156,Baylor Bears,Creighton Bluejays,81,74,72.0,16.0,22.0,10.0,58.0,10.0,8.0,13.0
401819844,2025-11-24,2026,0,40,2132,2885,Cincinnati Bearcats,NJIT Highlanders,94,67,69.0,21.0,12.0,9.0,62.0,15.0,13.0,20.0
401819874,2025-11-24,2026,1,40,2599,66,St. John's Red Storm,Iowa State Cyclones,82,83,60.0,30.0,15.0,10.0,62.0,25.0,17.0,11.0
401820400,2025-11-24,2026,1,40,120,2439,Maryland Terrapins,UNLV Rebels,74,67,59.0,21.0,16.0,20.0,60.0,22.0,10.0,13.0
401822393,2025-11-24,2026,0,40,2815,140,Lindenwood Lions,Kansas City Roos,80,67,59.0,27.0,11.0,14.0,52.0,26.0,7.0,19.0
401823216,2025-11-24,2026,0,40,2643,91,The Citadel Bulldogs,Bellarmine Knights,58,70,59.0,16.0,19.0,12.0,50.0,16.0,4.0,7.0
401823229,2025-11-24,2026,0,40,526,198,Florida Gulf Coast Eagles,Oral Roberts Golden Eagles,93,88,55.0,34.0,11.0,12.0,54.0,25.0,8.0,18.0
401823344,2025-11-24,2026,1,40,2065,294,Bethune-Cookman Wildcats,Jacksonville Dolphins,64,69,54.0,24.0,9.0,9.0,53.0,25.0,10.0,9.0
401823386,2025-11-24,2026,0,40,94,2198,Northern Kentucky Norse,Eastern Kentucky Colonels,82,71,59.0,21.0,9.0,11.0,60.0,19.0,12.0,14.0
401823420,2025-11-24,2026,1,40,189,2083,Bowling Green Falcons,Bucknell Bison,71,66,47.0,26.0,5.0,15.0,45.0,20.0,4.0,18.0
401823430,2025-11-24,2026,1,40,2084,2678,Buffalo Bulls,VMI Keydets,78,70,46.0,37.0,9.0,12.0,64.0,20.0,15.0,8.0
401823478,2025-11-24,2026,1,40,2483,2,Oregon Ducks,Auburn Tigers,73,84,61.0,23.0,20.0,18.0,65.0,23.0,12.0,6.0
401823764,2025-11-24,2026,1,40,130,21,Michigan Wolverines,San Diego State Aztecs,94,54,68.0,22.0,15.0,13.0,62.0,16.0,12.0,17.0
401823818,2025-11-24,2026,1,40,68,30,Boise State Broncos,USC Trojans,67,70,63.0,11.0,12.0,15.0,54.0,17.0,7.0,13.0
401824042,2025-11-24,2026,1,40,2351,2226,Loyola Marymount Lions,Florida Atlantic Owls,65,76,60.0,12.0,11.0,10.0,60.0,14.0,15.0,13.0
401824064,2025-11-24,2026,1,40,279,2619,Pacific Tigers,Stony Brook Seawolves,86,58,43.0,24.0,3.0,14.0,57.0,13.0,7.0,12.0
401824137,2025-11-24,2026,0,40,2124,265,Chaminade Silverswords,Washington State Cougars,85,90,63.0,25.0,8.0,12.0,57.0,26.0,16.0,23.0
401824899,2025-11-24,2026,0,40,62,2269,Hawai'i Rainbow Warriors,Hawaiʻi Pacific Sea Warriors,88,76,55.0,39.0,15.0,11.0,69.0,20.0,14.0,5.0
401825590,2025-11-24,2026,0,40,2464,13,Northern Arizona Lumberjacks,Cal Poly Mustangs,93,87,63.0,33.0,12.0,12.0,67.0,15.0,10.0,16.0
401826045,2025-11-24,2026,0,40,27,2755,UC Riverside Highlanders,Grambling Tigers,83,74,47.0,31.0,6.0,14.0,53.0,33.0,8.0,8.0
401826054,2025-11-24,2026,0,40,2378,128342,UMBC Retrievers,Notre Dame (MD) Gators,102,52,71.0,16.0,13.0,13.0,74.0,5.0,9.0,11.0
401826089,2025-11-24,2026,0,40,302,309,UC Davis Aggies,Louisiana Ragin' Cajuns,77,56,44.0,32.0,6.0,10.0,60.0,11.0,12.0,14.0
401826701,2025-11-24,2026,1,40,195,2244,Ohio Bobcats,George Mason Patriots,69,92,58.0,20.0,13.0,12.0,69.0,20.0,16.0,6.0
401826734,2025-11-24,2026,0,40,2026,2210,App State Mountaineers,Elon Phoenix,53,88,49.0,23.0,9.0,9.0,64.0,17.0,16.0,6.0
401826740,2025-11-24,2026,0,40,12,2172,Arizona Wildcats,Denver Pioneers,103,73,71.0,20.0,20.0,15.0,60.0,24.0,11.0,15.0
401826872,2025-11-24,2026,1,40,2320,2473,Lamar Cardinals,Oakland Golden Grizzlies,68,83,63.0,16.0,16.0,16.0,56.0,32.0,11.0,11.0
401827181,2025-11-24,2026,0,40,356,292,Illinois Fighting Illini,UT Rio Grande Valley Vaqueros,87,73,60.0,22.0,9.0,10.0,68.0,16.0,11.0,4.0
401827214,2025-11-24,2026,0,40,326,2639,Texas State Bobcats,Texas Lutheran Bulldogs,93,41,71.0,20.0,20.0,11.0,52.0,14.0,8.0,20.0
401827435,2025-11-24,2026,1,40,2633,164,Tennessee Volunteers,Rutgers Scarlet Knights,85,60,61.0,17.0,15.0,13.0,52.0,24.0,11.0,14.0
401827506,2025-11-24,2026,1,40,2638,2729,UTEP Miners,William & Mary Tribe,63,74,65.0,15.0,12.0,15.0,53.0,20.0,9.0,19.0
401827731,2025-11-24,2026,1,40,79,5,Southern Illinois Salukis,UAB Blazers,73,81,67.0,13.0,10.0,8.0,67.0,20.0,16.0,9.0
401828310,2025-11-24,2026,0,40,2032,55,Arkansas State Red Wolves,Jacksonville State Gamecocks,74,63,52.0,29.0,7.0,15.0,55.0,29.0,12.0,15.0
401828338,2025-11-24,2026,1,45,338,242,Kennesaw State Owls,Rice Owls,89,84,70.0,30.0,17.0,13.0,62.0,38.0,14.0,15.0
401828672,2025-11-24,2026,0,40,44,2374,American University Eagles,Marywood Pacers,113,53,71.0,19.0,13.0,10.0,68.0,4.0,11.0,15.0
401829045,2025-11-24,2026,0,40,2229,256,Florida International Panthers,James Madison Dukes,72,80,66.0,27.0,18.0,7.0,68.0,30.0,25.0,10.0
401829490,2025-11-24,2026,1,40,2754,290,Youngstown State Penguins,Georgia Southern Eagles,67,61,51.0,18.0,11.0,19.0,57.0,15.0,9.0,13.0
401829680,2025-11-24,2026,1,40,2653,2649,Troy Trojans,Toledo Rockets,68,75,65.0,14.0,14.0,12.0,61.0,17.0,12.0,11.0
401829681,2025-11-24,2026,1,40,2057,2598,Belmont Bruins,Saint Francis Red Wolves,94,57,58.0,14.0,6.0,13.0,59.0,15.0,11.0,17.0
401830347,2025-11-24,2026,1,40,2000,2636,Abilene Christian Wildcats,UTSA Roadrunners,61,50,58.0,17.0,19.0,15.0,44.0,27.0,9.0,14.0
401830410,2025-11-24,2026,0,40,2540,130201,UC Santa Barbara Gauchos,Nobel Knights,84,49,57.0,17.0,11.0,16.0,53.0,5.0,6.0,23.0
401831208,2025-11-24,2026,1,40,2006,43,Akron Zips,Yale Bulldogs,94,97,61.0,9.0,8.0,11.0,53.0,21.0,7.0,8.0
401831209,2025-11-24,2026,1,40,339,232,Evansville Purple Aces,Charleston Cougars,59,78,55.0,18.0,2.0,10.0,55.0,21.0,8.0,12.0
401831210,2025-11-24,2026,1,40,314,2739,Iona Gaels,Green Bay Phoenix,75,80,62.0,19.0,12.0,8.0,64.0,26.0,13.0,5.0
401831211,2025-11-24,2026,1,40,204,113,Oregon State Beavers,Massachusetts Minutemen,65,73,49.0,17.0,7.0,16.0,65.0,17.0,17.0,11.0
401808730,2025-11-25,2026,1,40,2377,2393,McNeese Cowboys,Middle Tennessee Blue Raiders,72,62,58.0,25.0,18.0,6.0,52.0,14.0,14.0,11.0
401812264,2025-11-25,2026,1,40,333,2439,Alabama Crimson Tide,UNLV Rebels,115,76,65.0,35.0,14.0,12.0,71.0,14.0,10.0,10.0
401812630,2025-11-25,2026,0,40,2520,2154,Rider Broncs,Coppin State Eagles,65,68,60.0,32.0,18.0,14.0,64.0,18.0,18.0,16.0
401813278,2025-11-25,2026,0,40,2415,2182,Morgan State Bears,Drexel Dragons,66,71,55.0,21.0,7.0,7.0,52.0,26.0,14.0,14.0
401813323,2025-11-25,2026,0,40,2368,2329,Marist Red Foxes,Lehigh Mountain Hawks,78,55,60.0,17.0,10.0,9.0,59.0,18.0,8.0,9.0
401813401,2025-11-25,2026,0,40,194,116,Ohio State Buckeyes,Mount St. Mary's Mountaineers,113,60,64.0,19.0,7.0,8.0,59.0,18.0,8.0,13.0
401813762,2025-11-25,2026,1,40,25,26,California Golden Bears,UCLA Bruins,80,72,58.0,22.0,7.0,8.0,64.0,23.0,14.0,11.0
401817147,2025-11-25,2026,1,40,45,93,George Washington Revolutionaries,Murray State Racers,95,96,61.0,33.0,10.0,7.0,68.0,19.0,16.0,10.0
401817158,2025-11-25,2026,1,40,2350,2460,Loyola Chicago Ramblers,Northern Iowa Panthers,51,72,57.0,15.0,13.0,11.0,55.0,15.0,4.0,3.0
401817198,2025-11-25,2026,1,40,153,179,North Carolina Tar Heels,St. Bonaventure Bonnies,85,70,55.0,27.0,10.0,13.0,70.0,8.0,11.0,9.0
401817437,2025-11-25,2026,1,40,87,164,Notre Dame Fighting Irish,Rutgers Scarlet Knights,68,63,55.0,9.0,13.0,16.0,51.0,17.0,11.0,14.0
401817482,2025-11-25,2026,1,40,2305,183,Kansas Jayhawks,Syracuse Orange,71,60,54.0,20.0,13.0,15.0,63.0,23.0,11.0,2.0
401817532,2025-11-25,2026,0,40,154,2097,Wake Forest Demon Deacons,Campbell Fighting Camels,99,51,62.0,22.0,10.0,8.0,59.0,26.0,12.0,14.0
401819827,2025-11-25,2026,1,40,239,2599,Baylor Bears,St. John's Red Storm,81,96,78.0,17.0,26.0,11.0,61.0,22.0,9.0,10.0
401819875,2025-11-25,2026,1,40,66,156,Iowa State Cyclones,Creighton Bluejays,78,60,65.0,14.0,13.0,8.0,58.0,11.0,11.0,17.0
401819892,2025-11-25,2026,0,40,84,2306,Indiana Hoosiers,Kansas State Wildcats,86,69,57.0,29.0,11.0,17.0,57.0,15.0,8.0,19.0
401819910,2025-11-25,2026,1,40,2253,254,Grand Canyon Lopes,Utah Utes,68,58,58.0,32.0,10.0,6.0,51.0,18.0,8.0,14.0
401820188,2025-11-25,2026,0,40,2352,2689,Loyola Maryland Greyhounds,Washington Maryland Shoremen,101,51,66.0,28.0,23.0,20.0,62.0,15.0,10.0,18.0
401820226,2025-11-25,2026,1,40,300,166,UC Irvine Anteaters,New Mexico State Aggies,45,57,45.0,29.0,6.0,18.0,48.0,27.0,13.0,21.0
401820580,2025-11-25,2026,0,40,2116,2514,UCF Knights,Quinnipiac Bobcats,102,91,70.0,27.0,14.0,10.0,56.0,35.0,6.0,11.0
401820810,2025-11-25,2026,1,40,151,127,East Carolina Pirates,Michigan State Spartans,56,89,48.0,26.0,11.0,24.0,67.0,12.0,13.0,11.0
401820842,2025-11-25,2026,0,40,2127,2496,Charleston Southern Buccaneers,Piedmont Lions,93,81,69.0,19.0,13.0,17.0,71.0,26.0,8.0,9.0
401822313,2025-11-25,2026,0,40,270,2936,Milwaukee Panthers,Dominican (IL) Dominican,125,70,81.0,28.0,18.0,7.0,54.0,28.0,4.0,19.0
401822343,2025-11-25,2026,0,40,2870,2130,Purdue Fort Wayne Mastodons,Chicago State Cougars,90,77,53.0,16.0,7.0,15.0,58.0,16.0,15.0,17.0
401822358,2025-11-25,2026,0,40,2110,2197,Central Arkansas Bears,Eastern Illinois Panthers,81,60,54.0,13.0,9.0,12.0,51.0,12.0,5.0,12.0
401822668,2025-11-25,2026,0,40,2603,370,Saint Joseph's Hawks,Rutgers-Camden RUTGERS-CAMDEN,100,61,66.0,23.0,18.0,18.0,75.0,8.0,11.0,9.0
401823040,2025-11-25,2026,0,40,2379,2261,Maryland Eastern Shore Hawks,Hampton Pirates,68,74,53.0,23.0,9.0,7.0,44.0,33.0,7.0,8.0
401823217,2025-11-25,2026,0,40,91,2277,Bellarmine Knights,Houston Christian Huskies,74,69,42.0,20.0,1.0,11.0,51.0,24.0,10.0,8.0
401823230,2025-11-25,2026,0,45,526,242,Florida Gulf Coast Eagles,Rice Owls,78,63,58.0,33.0,11.0,16.0,61.0,20.0,9.0,19.0
401823411,2025-11-25,2026,0,40,56,2750,Stetson Hatters,Wright State Raiders,62,79,57.0,9.0,10.0,13.0,59.0,6.0,10.0,13.0
401823436,2025-11-25,2026,0,40,2453,2370,North Alabama Lions,UT Southern Firehawks,92,60,65.0,15.0,10.0,9.0,55.0,8.0,7.0,17.0
401823456,2025-11-25,2026,0,40,2117,2003,Central Michigan Chippewas,Adrian Bulldogs,112,67,69.0,27.0,13.0,19.0,69.0,22.0,15.0,24.0
401823464,2025-11-25,2026,0,40,2046,2459,Austin Peay Governors,Northern Illinois Huskies,77,59,51.0,22.0,9.0,10.0,60.0,17.0,12.0,11.0
401823479,2025-11-25,2026,1,40,130,2,Michigan Wolverines,Auburn Tigers,102,72,68.0,22.0,16.0,9.0,62.0,33.0,15.0,8.0
401823503,2025-11-25,2026,0,45,249,331,North Texas Mean Green,Eastern Washington Eagles,79,71,60.0,30.0,13.0,12.0,63.0,19.0,14.0,15.0
401823535,2025-11-25,2026,1,40,2856,301,California Baptist Lancers,San Diego Toreros,76,61,51.0,28.0,11.0,17.0,54.0,13.0,1.0,12.0
401823564,2025-11-25,2026,0,40,222,295,Villanova Wildcats,Old Dominion Monarchs,89,75,56.0,26.0,9.0,7.0,53.0,22.0,7.0,10.0
401823649,2025-11-25,2026,1,40,2294,145,Iowa Hawkeyes,Ole Miss Rebels,74,69,56.0,24.0,11.0,7.0,49.0,20.0,6.0,13.0
401823735,2025-11-25,2026,0,40,52,2934,Florida State Seminoles,Cal State Bakersfield Roadrunners,89,59,65.0,29.0,15.0,17.0,54.0,26.0,13.0,28.0
401823765,2025-11-25,2026,1,40,2483,21,Oregon Ducks,San Diego State Aztecs,80,97,62.0,22.0,14.0,13.0,58.0,9.0,8.0,15.0
401824026,2025-11-25,2026,0,40,3101,2502,Utah Tech Trailblazers,Portland State Vikings,63,68,57.0,10.0,3.0,13.0,58.0,24.0,16.0,17.0
401824033,2025-11-25,2026,1,40,2250,120,Gonzaga Bulldogs,Maryland Terrapins,100,61,64.0,15.0,13.0,12.0,55.0,23.0,14.0,18.0
401824359,2025-11-25,2026,0,40,213,104,Penn State Nittany Lions,Boston University Terriers,96,87,52.0,40.0,10.0,3.0,54.0,13.0,6.0,9.0
401824812,2025-11-25,2026,1,40,248,2633,Houston Cougars,Tennessee Volunteers,73,76,61.0,11.0,15.0,9.0,51.0,29.0,13.0,9.0
401826815,2025-11-25,2026,1,40,349,2837,Army Black Knights,East Texas A&M Lions,67,84,56.0,20.0,11.0,13.0,54.0,22.0,6.0,12.0
401826873,2025-11-25,2026,0,40,149,2473,Montana Grizzlies,Oakland Golden Grizzlies,87,95,63.0,22.0,11.0,15.0,66.0,31.0,13.0,10.0
401826929,2025-11-25,2026,0,40,16,22,Sacramento State Hornets,San Francisco State Gators,94,46,73.0,16.0,11.0,9.0,63.0,17.0,6.0,15.0
401826950,2025-11-25,2026,1,40,2571,3084,South Dakota State Jackrabbits,Utah Valley Wolverines,52,75,54.0,16.0,13.0,21.0,62.0,11.0,13.0,16.0
401827061,2025-11-25,2026,0,40,2908,2428,South Carolina Upstate Spartans,North Carolina Central Eagles,82,67,53.0,26.0,12.0,16.0,60.0,32.0,16.0,9.0
401827068,2025-11-25,2026,0,40,158,2737,Nebraska Cornhuskers,Winthrop Eagles,80,73,69.0,10.0,10.0,5.0,69.0,13.0,17.0,11.0
401827485,2025-11-25,2026,0,40,325,2845,Cleveland State Vikings,Waynesburg Yellow Jackets,109,56,80.0,23.0,24.0,14.0,58.0,24.0,10.0,22.0
401827507,2025-11-25,2026,1,40,2000,2729,Abilene Christian Wildcats,William & Mary Tribe,58,92,60.0,17.0,14.0,21.0,51.0,30.0,5.0,14.0
401827732,2025-11-25,2026,1,40,5,2638,UAB Blazers,UTEP Miners,75,59,59.0,34.0,20.0,7.0,49.0,15.0,5.0,13.0
401828284,2025-11-25,2026,1,40,23,202,San José State Spartans,Tulsa Golden Hurricane,51,81,57.0,10.0,13.0,12.0,56.0,10.0,8.0,9.0
401828304,2025-11-25,2026,1,40,48,2430,Delaware Blue Hens,UNC Greensboro Spartans,73,60,54.0,8.0,5.0,11.0,53.0,22.0,8.0,9.0
401828339,2025-11-25,2026,1,40,198,338,Oral Roberts Golden Eagles,Kennesaw State Owls,91,83,48.0,28.0,4.0,20.0,59.0,35.0,13.0,15.0
401828683,2025-11-25,2026,0,40,2441,2776,New Haven Chargers,Salve Regina Seahawks,78,47,57.0,25.0,11.0,8.0,52.0,13.0,7.0,13.0
401828721,2025-11-25,2026,0,40,2450,3229,Norfolk State Spartans,Virginia Lynchburg Dragons,136,79,84.0,17.0,15.0,4.0,60.0,16.0,1.0,13.0
401829280,2025-11-25,2026,0,40,142,2569,Missouri Tigers,South Carolina State Bulldogs,98,66,65.0,30.0,19.0,9.0,56.0,27.0,10.0,12.0
401829348,2025-11-25,2026,1,40,13,2546,Cal Poly Mustangs,Southeast Missouri State Redhawks,68,84,54.0,37.0,16.0,19.0,68.0,17.0,13.0,12.0
401829387,2025-11-25,2026,0,40,2427,2634,UNC Asheville Bulldogs,Tennessee State Tigers,73,75,43.0,28.0,7.0,23.0,66.0,17.0,14.0,15.0
401829392,2025-11-25,2026,0,40,2630,2855,UT Martin Skyhawks,Brescia Bearcats,75,50,68.0,23.0,24.0,19.0,60.0,14.0,8.0,15.0
401829427,2025-11-25,2026,0,40,245,2400,Texas A&M Aggies,Mississippi Valley State Delta Devils,120,84,62.0,50.0,13.0,13.0,59.0,19.0,12.0,31.0
401829433,2025-11-25,2026,1,40,2247,2535,Georgia State Panthers,Samford Bulldogs,63,78,62.0,27.0,16.0,10.0,50.0,34.0,9.0,14.0
401829467,2025-11-25,2026,1,40,256,2437,James Madison Dukes,Omaha Mavericks,88,77,58.0,8.0,8.0,9.0,61.0,10.0,10.0,11.0
401829491,2025-11-25,2026,1,40,290,2636,Georgia Southern Eagles,UTSA Roadrunners,64,77,56.0,38.0,12.0,12.0,60.0,37.0,15.0,10.0
401830888,2025-11-25,2026,1,40,2335,119,Liberty Flames,Towson Tigers,69,72,59.0,10.0,6.0,6.0,58.0,14.0,12.0,10.0
401830889,2025-11-25,2026,1,40,261,227,Vermont Catamounts,Rhode Island Rams,65,80,48.0,23.0,9.0,14.0,50.0,38.0,15.0,11.0
401830890,2025-11-25,2026,1,40,71,28,Bradley Braves,UC San Diego Tritons,77,87,62.0,15.0,14.0,14.0,56.0,31.0,9.0,9.0
401830891,2025-11-25,2026,1,40,163,218,Princeton Tigers,Temple Owls,75,79,53.0,16.0,4.0,10.0,39.0,41.0,2.0,11.0
401831196,2025-11-25,2026,1,40,30,2550,USC Trojans,Seton Hall Pirates,83,81,46.0,38.0,11.0,16.0,57.0,18.0,5.0,9.0
401831197,2025-11-25,2026,1,40,9,265,Arizona State Sun Devils,Washington State Cougars,100,94,56.0,29.0,8.0,10.0,55.0,29.0,9.0,11.0
401831198,2025-11-25,2026,1,40,68,152,Boise State Broncos,NC State Wolfpack,70,81,56.0,32.0,14.0,15.0,54.0,23.0,7.0,10.0
401831199,2025-11-25,2026,0,40,2124,251,Chaminade Silverswords,Texas Longhorns,78,119,67.0,30.0,8.0,15.0,73.0,17.0,17.0,25.0
401831234,2025-11-25,2026,1,40,195,2351,Ohio Bobcats,Loyola Marymount Lions,58,70,54.0,29.0,13.0,17.0,63.0,17.0,15.0,16.0
401831235,2025-11-25,2026,1,40,2226,2244,Florida Atlantic Owls,George Mason Patriots,65,74,57.0,12.0,12.0,10.0,51.0,21.0,10.0,7.0
401831236,2025-11-25,2026,1,40,2065,2619,Bethune-Cookman Wildcats,Stony Brook Seawolves,54,61,60.0,26.0,21.0,11.0,57.0,16.0,15.0,14.0
401831237,2025-11-25,2026,1,40,294,279,Jacksonville Dolphins,Pacific Tigers,53,68,51.0,18.0,6.0,8.0,57.0,23.0,18.0,10.0
401808897,2025-11-26,2026,0,40,2641,2443,Texas Tech Red Raiders,LSU New Orleans Privateers,82,50,64.0,25.0,18.0,12.0,54.0,13.0,6.0,17.0
401812288,2025-11-26,2026,0,40,161,349,Fairleigh Dickinson Knights,Army Black Knights,73,81,63.0,25.0,14.0,6.0,53.0,33.0,10.0,8.0
401812606,2025-11-26,2026,0,40,103,108,Boston College Eagles,Harvard Crimson,73,60,59.0,10.0,7.0,7.0,60.0,6.0,7.0,10.0
401812666,2025-11-26,2026,0,40,107,402,Holy Cross Crusaders,Worcester State Lancers,77,53,62.0,26.0,14.0,14.0,62.0,14.0,13.0,19.0
401813450,2025-11-26,2026,0,40,2184,2119,Duquesne Dukes,Central State Marauders,101,80,59.0,21.0,7.0,16.0,67.0,9.0,10.0,16.0
401817245,2025-11-26,2026,0,40,97,2885,Louisville Cardinals,NJIT Highlanders,104,47,73.0,14.0,20.0,9.0,58.0,7.0,3.0,11.0
401817522,2025-11-26,2026,1,40,36,259,Colorado State Rams,Virginia Tech Hokies,64,66,59.0,8.0,11.0,11.0,51.0,16.0,5.0,8.0
401818372,2025-11-26,2026,0,40,2217,171,Fairfield Stags,Columbia Lions,77,106,71.0,16.0,17.0,10.0,64.0,16.0,11.0,10.0
401818553,2025-11-26,2026,0,40,160,225,New Hampshire Wildcats,Brown Bears,47,59,60.0,4.0,9.0,14.0,51.0,15.0,7.0,13.0
401819845,2025-11-26,2026,0,40,2132,2199,Cincinnati Bearcats,Eastern Michigan Eagles,56,64,56.0,14.0,8.0,12.0,44.0,22.0,7.0,17.0
401820153,2025-11-26,2026,1,40,2241,2426,Gardner-Webb Runnin' Bulldogs,Navy Midshipmen,51,84,51.0,12.0,6.0,16.0,57.0,18.0,13.0,14.0
401820227,2025-11-26,2026,1,40,166,2247,New Mexico State Aggies,Georgia State Panthers,77,58,76.0,14.0,18.0,9.0,67.0,12.0,11.0,13.0
401820555,2025-11-26,2026,0,40,2005,2458,Air Force Falcons,Northern Colorado Bears,53,71,51.0,14.0,6.0,10.0,52.0,8.0,4.0,9.0
401820617,2025-11-26,2026,0,40,2803,2384,Bryant Bulldogs,Mercy Mavericks,87,61,60.0,33.0,12.0,13.0,65.0,20.0,9.0,12.0
401822333,2025-11-26,2026,0,40,2674,88,Valparaiso Beacons,Southern Indiana Screaming Eagles,56,64,79.0,10.0,21.0,9.0,56.0,25.0,14.0,15.0
401822352,2025-11-26,2026,0,40,284,2349,Stonehill Skyhawks,UMass Lowell River Hawks,64,75,70.0,9.0,15.0,9.0,64.0,25.0,14.0,7.0
401822738,2025-11-26,2026,1,40,2670,58,VCU Rams,South Florida Bulls,78,66,62.0,32.0,16.0,11.0,67.0,20.0,13.0,9.0
401823231,2025-11-26,2026,0,45,526,338,Florida Gulf Coast Eagles,Kennesaw State Owls,100,102,69.0,39.0,12.0,12.0,63.0,36.0,13.0,19.0
401823259,2025-11-26,2026,1,40,2463,70,Cal State Northridge Matadors,Idaho Vandals,64,78,61.0,25.0,10.0,11.0,60.0,27.0,11.0,11.0
401823309,2025-11-26,2026,0,40,2501,299,Portland Pilots,Long Beach State Beach,93,73,50.0,19.0,3.0,15.0,60.0,20.0,10.0,13.0
401823353,2025-11-26,2026,1,40,304,2534,Idaho State Bengals,Sam Houston Bearkats,81,84,46.0,41.0,9.0,17.0,60.0,28.0,15.0,13.0
401823362,2025-11-26,2026,1,40,98,238,Western Kentucky Hilltoppers,Vanderbilt Commodores,78,83,62.0,33.0,14.0,17.0,53.0,37.0,7.0,17.0
401823387,2025-11-26,2026,0,40,94,2747,Northern Kentucky Norse,Wofford Terriers,93,83,60.0,34.0,10.0,9.0,54.0,43.0,12.0,11.0
401823403,2025-11-26,2026,0,40,2523,82,Robert Morris Colonials,UIC Flames,88,74,62.0,16.0,16.0,14.0,61.0,33.0,21.0,12.0
401823421,2025-11-26,2026,1,40,2678,189,VMI Keydets,Bowling Green Falcons,48,81,50.0,32.0,13.0,14.0,64.0,15.0,20.0,16.0
401823431,2025-11-26,2026,1,40,2083,2084,Bucknell Bison,Buffalo Bulls,71,73,57.0,12.0,13.0,11.0,54.0,19.0,10.0,8.0
401823487,2025-11-26,2026,0,40,2382,2026,Mercer Bears,App State Mountaineers,75,67,59.0,19.0,15.0,9.0,61.0,13.0,13.0,8.0
401823591,2025-11-26,2026,0,40,350,2545,UNC Wilmington Seahawks,SE Louisiana Lions,70,57,47.0,30.0,9.0,10.0,58.0,12.0,8.0,7.0
401823760,2025-11-26,2026,0,40,2751,2172,Wyoming Cowboys,Denver Pioneers,101,59,66.0,24.0,15.0,9.0,61.0,22.0,14.0,12.0
401823860,2025-11-26,2026,0,45,2363,2681,Manhattan Jaspers,Wagner Seahawks,101,103,69.0,35.0,15.0,9.0,64.0,27.0,15.0,14.0
401824072,2025-11-26,2026,1,40,278,2492,Fresno State Bulldogs,Pepperdine Waves,76,53,64.0,10.0,7.0,7.0,64.0,10.0,17.0,17.0
401824950,2025-11-26,2026,0,40,276,288,Marshall Thundering Herd,Lipscomb Bisons,67,90,62.0,22.0,12.0,17.0,57.0,26.0,6.0,15.0
401825591,2025-11-26,2026,0,40,2464,2546,Northern Arizona Lumberjacks,Southeast Missouri State Redhawks,79,72,53.0,25.0,7.0,11.0,68.0,13.0,12.0,8.0
401826798,2025-11-26,2026,0,40,235,79,Memphis Tigers,Southern Illinois Salukis,74,58,58.0,20.0,12.0,15.0,58.0,33.0,17.0,13.0
401826832,2025-11-26,2026,0,40,96,2635,Kentucky Wildcats,Tennessee Tech Golden Eagles,104,54,66.0,13.0,10.0,10.0,69.0,5.0,9.0,11.0
401826881,2025-11-26,2026,1,40,2724,2608,Wichita State Shockers,Saint Mary's Gaels,65,70,56.0,19.0,9.0,13.0,59.0,26.0,12.0,9.0
401826899,2025-11-26,2026,0,40,2348,282,Louisiana Tech Bulldogs,Indiana State Sycamores,75,73,65.0,7.0,12.0,12.0,56.0,10.0,4.0,8.0
401826941,2025-11-26,2026,0,40,2506,3242,Presbyterian Blue Hose,Columbia International Rams,93,50,55.0,22.0,9.0,12.0,49.0,9.0,5.0,19.0
401826951,2025-11-26,2026,1,40,3084,2535,Utah Valley Wolverines,Samford Bulldogs,89,45,62.0,15.0,9.0,13.0,67.0,12.0,15.0,16.0
401827007,2025-11-26,2026,0,40,2640,128256,Texas Southern Tigers,College of Biblical Studies Ambassadors,102,44,69.0,20.0,11.0,19.0,49.0,24.0,5.0,29.0
401827155,2025-11-26,2026,0,40,167,2011,New Mexico Lobos,Alabama State Hornets,93,87,54.0,38.0,10.0,11.0,56.0,20.0,10.0,17.0
401828311,2025-11-26,2026,1,40,55,2449,Jacksonville State Gamecocks,North Dakota State Bison,43,56,50.0,23.0,12.0,15.0,50.0,17.0,8.0,10.0
401828333,2025-11-26,2026,0,40,2643,2277,The Citadel Bulldogs,Houston Christian Huskies,65,72,54.0,11.0,10.0,9.0,52.0,13.0,9.0,10.0
401828497,2025-11-26,2026,0,40,2916,2639,Incarnate Word Cardinals,Texas Lutheran Bulldogs,117,55,67.0,26.0,16.0,9.0,61.0,10.0,6.0,14.0
401829046,2025-11-26,2026,0,40,2229,2437,Florida International Panthers,Omaha Mavericks,74,61,64.0,22.0,10.0,7.0,55.0,20.0,12.0,20.0
401829475,2025-11-26,2026,1,40,300,2571,UC Irvine Anteaters,South Dakota State Jackrabbits,64,52,49.0,28.0,8.0,20.0,60.0,17.0,9.0,15.0
401829616,2025-11-26,2026,1,40,242,198,Rice Owls,Oral Roberts Golden Eagles,81,62,57.0,12.0,12.0,10.0,60.0,10.0,13.0,11.0
401830009,2025-11-26,2026,0,40,172,111902,Cornell Big Red,Misericordia Cougars,114,70,76.0,11.0,15.0,16.0,62.0,18.0,7.0,21.0
401830117,2025-11-26,2026,1,40,2430,193,UNC Greensboro Spartans,Miami (OH) RedHawks,71,82,54.0,25.0,10.0,17.0,59.0,20.0,6.0,10.0
401830237,2025-11-26,2026,0,40,47,117,Howard Bison,St. Mary's (MD) Seahawks,115,61,69.0,34.0,16.0,11.0,53.0,30.0,11.0,22.0
401830744,2025-11-26,2026,1,40,2253,2294,Grand Canyon Lopes,Iowa Hawkeyes,46,59,42.0,9.0,4.0,19.0,47.0,22.0,10.0,12.0
401830745,2025-11-26,2026,1,40,145,254,Ole Miss Rebels,Utah Utes,74,75,56.0,17.0,10.0,11.0,53.0,20.0,10.0,13.0
401830746,2025-11-26,2026,1,40,2350,23,Loyola Chicago Ramblers,San José State Spartans,51,63,40.0,10.0,7.0,21.0,54.0,17.0,11.0,7.0
401830747,2025-11-26,2026,1,40,202,2460,Tulsa Golden Hurricane,Northern Iowa Panthers,63,60,49.0,15.0,4.0,10.0,57.0,10.0,7.0,9.0
401830882,2025-11-26,2026,1,40,2649,2057,Toledo Rockets,Belmont Bruins,72,87,59.0,13.0,6.0,12.0,60.0,3.0,10.0,20.0
401830883,2025-11-26,2026,1,40,2653,2598,Troy Trojans,Saint Francis Red Wolves,74,64,54.0,30.0,14.0,19.0,55.0,16.0,11.0,22.0
401830892,2025-11-26,2026,1,40,28,119,UC San Diego Tritons,Towson Tigers,87,73,53.0,15.0,5.0,7.0,65.0,17.0,16.0,9.0
401830893,2025-11-26,2026,1,40,71,2335,Bradley Braves,Liberty Flames,74,64,53.0,14.0,11.0,15.0,48.0,21.0,5.0,12.0
401830894,2025-11-26,2026,1,40,218,227,Temple Owls,Rhode Island Rams,75,90,49.0,33.0,6.0,11.0,58.0,23.0,5.0,6.0
401830915,2025-11-26,2026,1,40,163,261,Princeton Tigers,Vermont Catamounts,74,79,59.0,12.0,7.0,5.0,60.0,13.0,9.0,8.0
401831200,2025-11-26,2026,1,40,9,30,Arizona State Sun Devils,USC Trojans,75,88,52.0,27.0,9.0,11.0,57.0,18.0,12.0,12.0
401831201,2025-11-26,2026,1,40,265,2550,Washington State Cougars,Seton Hall Pirates,61,75,53.0,16.0,9.0,15.0,53.0,13.0,7.0,14.0
401831202,2025-11-26,2026,1,40,251,152,Texas Longhorns,NC State Wolfpack,102,97,52.0,33.0,6.0,7.0,64.0,28.0,8.0,6.0
401831203,2025-11-26,2026,1,40,2124,68,Chaminade Silverswords,Boise State Broncos,76,102,66.0,17.0,5.0,6.0,64.0,25.0,12.0,14.0
401831214,2025-11-26,2026,1,40,130,2250,Michigan Wolverines,Gonzaga Bulldogs,101,61,60.0,25.0,5.0,14.0,74.0,15.0,12.0,11.0
401831215,2025-11-26,2026,1,40,2633,2305,Tennessee Volunteers,Kansas Jayhawks,76,81,63.0,22.0,12.0,7.0,57.0,30.0,10.0,9.0
401831216,2025-11-26,2026,1,40,66,183,Iowa State Cyclones,Syracuse Orange,95,64,61.0,21.0,8.0,9.0,56.0,19.0,12.0,19.0
401831217,2025-11-26,2026,1,40,248,87,Houston Cougars,Notre Dame Fighting Irish,66,56,59.0,23.0,16.0,5.0,50.0,21.0,9.0,8.0
401831218,2025-11-26,2026,1,40,2,2599,Auburn Tigers,St. John's Red Storm,85,74,53.0,25.0,12.0,12.0,60.0,28.0,19.0,14.0
401831219,2025-11-26,2026,1,40,21,239,San Diego State Aztecs,Baylor Bears,81,91,59.0,17.0,6.0,10.0,57.0,30.0,10.0,9.0
401831220,2025-11-26,2026,1,40,333,120,Alabama Crimson Tide,Maryland Terrapins,105,72,66.0,18.0,11.0,12.0,76.0,11.0,13.0,9.0
401831378,2025-11-26,2026,1,40,2169,330,Delaware State Hornets,Virginia State Trojans,58,62,71.0,5.0,14.0,9.0,48.0,11.0,1.0,13.0
401809047,2025-11-27,2026,1,40,57,2628,Florida Gators,TCU Horned Frogs,80,84,55.0,27.0,10.0,19.0,59.0,33.0,8.0,9.0
401809396,2025-11-27,2026,1,45,2168,46,Dayton Flyers,Georgetown Hoyas,84,79,59.0,32.0,12.0,13.0,63.0,21.0,10.0,13.0
401809397,2025-11-27,2026,1,40,231,257,Furman Paladins,Richmond Spiders,73,72,54.0,21.0,12.0,16.0,59.0,17.0,14.0,17.0
401809398,2025-11-27,2026,1,40,2287,2429,Illinois State Redbirds,Charlotte 49ers,79,69,52.0,31.0,9.0,7.0,52.0,23.0,10.0,14.0
401809419,2025-11-27,2026,1,40,2390,252,Miami Hurricanes,BYU Cougars,62,72,66.0,17.0,15.0,10.0,55.0,20.0,9.0,13.0
401812276,2025-11-27,2026,0,40,77,197,Northwestern Wildcats,Oklahoma State Cowboys,81,86,56.0,30.0,9.0,10.0,63.0,33.0,15.0,10.0
401817187,2025-11-27,2026,1,40,139,2541,Saint Louis Billikens,Santa Clara Broncos,71,70,59.0,19.0,10.0,11.0,62.0,22.0,12.0,12.0
401817199,2025-11-27,2026,1,40,151,179,East Carolina Pirates,St. Bonaventure Bonnies,58,67,55.0,25.0,13.0,17.0,59.0,14.0,9.0,14.0
401817234,2025-11-27,2026,1,40,8,150,Arkansas Razorbacks,Duke Blue Devils,71,80,64.0,11.0,10.0,12.0,59.0,21.0,12.0,12.0
401817267,2025-11-27,2026,1,40,153,127,North Carolina Tar Heels,Michigan State Spartans,58,74,55.0,17.0,12.0,8.0,60.0,9.0,12.0,10.0
401817469,2025-11-27,2026,1,40,135,24,Minnesota Golden Gophers,Stanford Cardinal,68,72,45.0,18.0,6.0,14.0,67.0,18.0,17.0,8.0
401819865,2025-11-27,2026,1,40,38,2539,Colorado Buffaloes,San Francisco Dons,79,69,69.0,8.0,11.0,7.0,59.0,13.0,10.0,13.0
401826890,2025-11-27,2026,1,40,275,2507,Wisconsin Badgers,Providence Friars,104,83,77.0,24.0,14.0,8.0,67.0,15.0,7.0,14.0
401827268,2025-11-27,2026,1,40,264,2440,Washington Huskies,Nevada Wolf Pack,83,66,55.0,36.0,13.0,14.0,59.0,23.0,9.0,9.0
401830752,2025-11-27,2026,1,40,238,2670,Vanderbilt Commodores,VCU Rams,89,74,51.0,33.0,10.0,17.0,56.0,35.0,9.0,13.0
401830753,2025-11-27,2026,1,40,259,2608,Virginia Tech Hokies,Saint Mary's Gaels,66,77,68.0,20.0,18.0,9.0,54.0,19.0,11.0,15.0
401830754,2025-11-27,2026,1,40,36,2724,Colorado State Rams,Wichita State Shockers,76,70,52.0,11.0,9.0,10.0,64.0,15.0,20.0,8.0
401830875,2025-11-27,2026,1,45,98,58,Western Kentucky Hilltoppers,South Florida Bulls,91,97,69.0,28.0,10.0,19.0,81.0,26.0,17.0,15.0
401831221,2025-11-27,2026,1,40,156,2483,Creighton Bluejays,Oregon Ducks,76,66,59.0,21.0,6.0,5.0,69.0,11.0,16.0,9.0
401831222,2025-11-27,2026,1,40,164,2439,Rutgers Scarlet Knights,UNLV Rebels,80,65,57.0,36.0,14.0,10.0,63.0,16.0,10.0,8.0
401811096,2025-11-28,2026,1,40,41,356,UConn Huskies,Illinois Fighting Illini,74,61,63.0,17.0,14.0,10.0,60.0,18.0,13.0,10.0
401812578,2025-11-28,2026,0,40,219,2771,Pennsylvania Quakers,Merrimack Warriors,77,65,58.0,23.0,13.0,11.0,67.0,15.0,10.0,5.0
401817447,2025-11-28,2026,0,40,221,194,Pittsburgh Panthers,Ohio State Buckeyes,67,66,69.0,16.0,16.0,5.0,54.0,15.0,9.0,13.0
401817459,2025-11-28,2026,0,45,344,2567,Mississippi State Bulldogs,SMU Mustangs,81,87,70.0,25.0,9.0,7.0,72.0,23.0,14.0,11.0
401817492,2025-11-28,2026,0,40,258,2511,Virginia Cavaliers,Queens University Royals,94,69,60.0,22.0,14.0,8.0,63.0,18.0,18.0,11.0
401817533,2025-11-28,2026,0,40,154,111,Wake Forest Demon Deacons,Northeastern Huskies,86,73,58.0,20.0,12.0,17.0,51.0,15.0,6.0,22.0
401820154,2025-11-28,2026,0,40,350,2426,UNC Wilmington Seahawks,Navy Midshipmen,87,57,58.0,17.0,16.0,15.0,64.0,11.0,14.0,10.0
401820487,2025-11-28,2026,0,40,2752,357,Xavier Musketeers,Texas A&M-Corpus Christi Islanders,88,67,68.0,24.0,10.0,5.0,67.0,20.0,11.0,10.0
401820826,2025-11-28,2026,0,40,2086,2750,Butler Bulldogs,Wright State Raiders,94,69,63.0,26.0,11.0,11.0,71.0,3.0,10.0,13.0
401820843,2025-11-28,2026,0,40,2579,2127,South Carolina Gamecocks,Charleston Southern Buccaneers,74,62,60.0,25.0,7.0,5.0,70.0,8.0,13.0,10.0
401822182,2025-11-28,2026,1,40,2325,2275,La Salle Explorers,Hofstra Pride,58,63,58.0,12.0,12.0,14.0,59.0,11.0,10.0,13.0
401822322,2025-11-28,2026,1,40,2050,2405,Ball State Cardinals,Monmouth Hawks,73,80,64.0,6.0,9.0,10.0,59.0,19.0,12.0,9.0
401822344,2025-11-28,2026,0,40,2754,2130,Youngstown State Penguins,Chicago State Cougars,87,64,59.0,14.0,7.0,13.0,61.0,17.0,12.0,12.0
401822359,2025-11-28,2026,0,40,2509,2197,Purdue Boilermakers,Eastern Illinois Panthers,109,62,65.0,18.0,11.0,10.0,54.0,9.0,4.0,17.0
401822835,2025-11-28,2026,1,40,2561,2344,Siena Saints,Longwood Lancers,70,63,49.0,22.0,5.0,13.0,53.0,16.0,12.0,19.0
401823026,2025-11-28,2026,1,40,269,201,Marquette Golden Eagles,Oklahoma Sooners,74,75,67.0,15.0,16.0,5.0,61.0,9.0,10.0,8.0
401823260,2025-11-28,2026,1,40,304,2463,Idaho State Bengals,Cal State Northridge Matadors,82,50,58.0,19.0,7.0,14.0,69.0,19.0,16.0,15.0
401823354,2025-11-28,2026,1,40,70,2534,Idaho Vandals,Sam Houston Bearkats,68,94,56.0,15.0,8.0,9.0,65.0,9.0,12.0,6.0
401823396,2025-11-28,2026,0,40,2870,103524,Purdue Fort Wayne Mastodons,Holy Cross (IN) Saints,92,59,67.0,6.0,8.0,12.0,70.0,7.0,12.0,12.0
401823404,2025-11-28,2026,0,40,2523,253,Robert Morris Colonials,Southern Utah Thunderbirds,61,54,62.0,12.0,14.0,10.0,52.0,16.0,9.0,15.0
401823526,2025-11-28,2026,0,40,2000,2299,Abilene Christian Wildcats,Jarvis Christian Bulldogs,87,55,64.0,20.0,17.0,16.0,46.0,27.0,7.0,20.0
401823592,2025-11-28,2026,1,40,2241,2545,Gardner-Webb Runnin' Bulldogs,SE Louisiana Lions,68,76,45.0,25.0,6.0,21.0,56.0,32.0,11.0,11.0
401824043,2025-11-28,2026,0,40,2351,2619,Loyola Marymount Lions,Stony Brook Seawolves,68,71,58.0,20.0,12.0,15.0,53.0,22.0,8.0,10.0
401824127,2025-11-28,2026,1,40,2547,326,Seattle U Redhawks,Texas State Bobcats,66,52,49.0,17.0,5.0,9.0,56.0,8.0,13.0,14.0
401824900,2025-11-28,2026,0,40,62,155,Hawai'i Rainbow Warriors,North Dakota Fighting Hawks,92,55,57.0,31.0,10.0,17.0,53.0,28.0,6.0,16.0
401825573,2025-11-28,2026,1,40,305,59,DePaul Blue Demons,Georgia Tech Yellow Jackets,75,61,56.0,17.0,8.0,10.0,63.0,14.0,13.0,11.0
401826710,2025-11-28,2026,1,40,52,245,Florida State Seminoles,Texas A&M Aggies,59,95,73.0,17.0,20.0,16.0,68.0,25.0,22.0,16.0
401826748,2025-11-28,2026,0,40,2655,2447,Tulane Green Wave,Nicholls Colonels,82,72,54.0,25.0,8.0,12.0,53.0,26.0,8.0,11.0
401826857,2025-11-28,2026,0,40,322,2330,Lafayette Leopards,Le Moyne Dolphins,63,76,57.0,17.0,9.0,13.0,59.0,19.0,11.0,12.0
401826998,2025-11-28,2026,0,40,2627,2395,Tarleton State Texans,Midwestern State Mustangs,67,57,59.0,22.0,12.0,17.0,50.0,18.0,9.0,30.0
401827173,2025-11-28,2026,0,40,228,2010,Clemson Tigers,Alabama A&M Bulldogs,92,56,55.0,32.0,10.0,11.0,54.0,17.0,3.0,11.0
401827486,2025-11-28,2026,0,40,142,325,Missouri Tigers,Cleveland State Vikings,86,59,67.0,13.0,18.0,16.0,57.0,11.0,9.0,17.0
401827733,2025-11-28,2026,0,40,2166,2448,Davidson Wildcats,North Carolina A&T Aggies,90,74,55.0,35.0,11.0,6.0,47.0,30.0,7.0,11.0
401827755,2025-11-28,2026,0,40,2199,2885,Eastern Michigan Eagles,NJIT Highlanders,73,55,58.0,12.0,10.0,13.0,52.0,11.0,10.0,19.0
401828269,2025-11-28,2026,1,40,399,2142,UAlbany Great Danes,Colgate Raiders,67,69,59.0,3.0,8.0,12.0,60.0,9.0,9.0,9.0
401828662,2025-11-28,2026,0,40,309,2296,Louisiana Ragin' Cajuns,Jackson State Tigers,45,51,51.0,16.0,13.0,16.0,55.0,5.0,8.0,13.0
401828908,2025-11-28,2026,1,40,2181,99,Drake Bulldogs,LSU Tigers,62,71,61.0,13.0,6.0,7.0,56.0,22.0,5.0,7.0
401828915,2025-11-28,2026,1,40,2016,282,Alcorn State Braves,Indiana State Sycamores,81,74,63.0,18.0,13.0,20.0,64.0,25.0,12.0,17.0
401829343,2025-11-28,2026,0,40,2565,2880,SIU Edwardsville Cougars,Missouri Baptist Spartans,92,55,65.0,23.0,16.0,7.0,58.0,8.0,8.0,12.0
401829395,2025-11-28,2026,0,40,44,311,American University Eagles,Maine Black Bears,74,61,53.0,24.0,6.0,8.0,42.0,29.0,7.0,18.0
401829415,2025-11-28,2026,1,40,2329,2540,Lehigh Mountain Hawks,UC Santa Barbara Gauchos,70,72,46.0,23.0,6.0,12.0,56.0,32.0,15.0,9.0
401829431,2025-11-28,2026,0,40,236,2632,Chattanooga Mocs,Tennessee Wesleyan Bulldogs,109,59,75.0,11.0,13.0,8.0,61.0,14.0,5.0,13.0
401829463,2025-11-28,2026,0,45,2032,2449,Arkansas State Red Wolves,North Dakota State Bison,85,80,68.0,22.0,12.0,11.0,64.0,31.0,11.0,12.0
401830741,2025-11-28,2026,1,40,2230,144,Fordham Rams,Franklin Pierce Ravens,74,72,65.0,16.0,10.0,13.0,62.0,6.0,7.0,20.0
401830748,2025-11-28,2026,1,40,2440,2539,Nevada Wolf Pack,San Francisco Dons,81,65,63.0,18.0,11.0,4.0,49.0,25.0,12.0,15.0
401830749,2025-11-28,2026,1,40,38,264,Colorado Buffaloes,Washington Huskies,81,68,54.0,32.0,11.0,11.0,69.0,15.0,14.0,6.0
401830750,2025-11-28,2026,1,40,139,24,Saint Louis Billikens,Stanford Cardinal,77,78,61.0,28.0,13.0,11.0,64.0,24.0,13.0,10.0
401830751,2025-11-28,2026,1,40,2541,135,Santa Clara Broncos,Minnesota Golden Gophers,86,75,57.0,11.0,5.0,10.0,55.0,27.0,13.0,11.0
401830876,2025-11-28,2026,1,40,58,36,South Florida Bulls,Colorado State Rams,68,83,69.0,14.0,14.0,9.0,49.0,12.0,3.0,15.0
401830877,2025-11-28,2026,1,40,98,2724,Western Kentucky Hilltoppers,Wichita State Shockers,75,70,59.0,23.0,12.0,7.0,57.0,26.0,16.0,9.0
401830878,2025-11-28,2026,1,40,2670,259,VCU Rams,Virginia Tech Hokies,86,68,57.0,22.0,10.0,14.0,54.0,23.0,8.0,13.0
401830879,2025-11-28,2026,1,40,238,2608,Vanderbilt Commodores,Saint Mary's Gaels,96,71,67.0,22.0,11.0,7.0,52.0,20.0,6.0,16.0
401830886,2025-11-28,2026,1,40,2168,252,Dayton Flyers,BYU Cougars,79,83,62.0,14.0,8.0,14.0,56.0,18.0,5.0,15.0
401830887,2025-11-28,2026,1,40,46,2390,Georgetown Hoyas,Miami Hurricanes,65,78,59.0,24.0,17.0,11.0,51.0,16.0,8.0,15.0
401830916,2025-11-28,2026,1,40,2287,231,Illinois State Redbirds,Furman Paladins,72,65,57.0,18.0,9.0,10.0,55.0,11.0,6.0,13.0
401830917,2025-11-28,2026,1,40,2429,257,Charlotte 49ers,Richmond Spiders,66,71,51.0,24.0,6.0,9.0,48.0,34.0,9.0,11.0
401831223,2025-11-28,2026,1,40,57,2507,Florida Gators,Providence Friars,90,78,66.0,27.0,13.0,8.0,60.0,26.0,9.0,10.0
401831224,2025-11-28,2026,1,40,2628,275,TCU Horned Frogs,Wisconsin Badgers,74,63,60.0,16.0,8.0,13.0,58.0,18.0,8.0,17.0
401811108,2025-11-29,2026,1,40,233,2005,South Dakota Coyotes,Air Force Falcons,80,63,60.0,25.0,17.0,14.0,44.0,35.0,4.0,12.0
401812383,2025-11-29,2026,0,40,2598,111170,Saint Francis Red Wolves,Franciscan Barons,85,60,57.0,28.0,14.0,19.0,72.0,13.0,12.0,10.0
401812579,2025-11-29,2026,0,40,219,2325,Pennsylvania Quakers,La Salle Explorers,73,71,52.0,17.0,9.0,11.0,71.0,8.0,19.0,10.0
401812607,2025-11-29,2026,0,40,108,2803,Harvard Crimson,Bryant Bulldogs,56,53,58.0,2.0,12.0,10.0,58.0,7.0,12.0,10.0
401813352,2025-11-29,2026,0,40,2099,2084,Canisius Golden Griffins,Buffalo Bulls,53,71,54.0,14.0,8.0,12.0,53.0,17.0,6.0,9.0
401813379,2025-11-29,2026,0,40,315,2174,Niagara Purple Eagles,Detroit Mercy Titans,66,70,56.0,14.0,4.0,8.0,55.0,30.0,14.0,9.0
401813402,2025-11-29,2026,0,40,116,47,Mount St. Mary's Mountaineers,Howard Bison,79,75,56.0,16.0,8.0,15.0,68.0,21.0,13.0,6.0
401818533,2025-11-29,2026,0,40,171,108862,Columbia Lions,Sarah Lawrence Gryphons,92,44,71.0,17.0,18.0,13.0,71.0,1.0,6.0,9.0
401820155,2025-11-29,2026,1,40,2426,2545,Navy Midshipmen,SE Louisiana Lions,65,69,49.0,28.0,8.0,12.0,45.0,15.0,6.0,17.0
401820600,2025-11-29,2026,0,40,2006,270,Akron Zips,Milwaukee Panthers,105,81,60.0,18.0,6.0,15.0,77.0,17.0,20.0,13.0
401820626,2025-11-29,2026,1,40,2344,311,Longwood Lancers,Maine Black Bears,65,61,45.0,21.0,10.0,19.0,53.0,15.0,10.0,14.0
401822323,2025-11-29,2026,0,40,322,2050,Lafayette Leopards,Ball State Cardinals,55,37,54.0,20.0,10.0,8.0,59.0,12.0,14.0,11.0
401822334,2025-11-29,2026,0,40,2674,2711,Valparaiso Beacons,Western Michigan Broncos,84,55,55.0,26.0,13.0,10.0,55.0,12.0,11.0,16.0
401822836,2025-11-29,2026,0,40,44,2561,American University Eagles,Siena Saints,55,59,50.0,21.0,8.0,19.0,44.0,35.0,12.0,20.0
401823015,2025-11-29,2026,0,40,2309,130195,Kent State Golden Flashes,Penn State Shenango Nittany Lions,123,59,88.0,11.0,13.0,6.0,70.0,11.0,7.0,16.0
401823174,2025-11-29,2026,0,40,2239,2492,Cal State Fullerton Titans,Pepperdine Waves,83,69,71.0,9.0,13.0,9.0,50.0,26.0,6.0,13.0
401823378,2025-11-29,2026,0,40,85,2413,IU Indianapolis Jaguars,Morehead State Eagles,85,80,70.0,9.0,7.0,13.0,61.0,32.0,15.0,22.0
401823388,2025-11-29,2026,0,40,94,104,Northern Kentucky Norse,Boston University Terriers,74,65,60.0,24.0,18.0,11.0,41.0,19.0,6.0,16.0
401823446,2025-11-29,2026,0,40,2454,3174,North Florida Ospreys,Trinity College of Jacksonville Eagles,111,67,72.0,29.0,16.0,8.0,63.0,14.0,13.0,20.0
401823488,2025-11-29,2026,0,40,2210,2382,Elon Phoenix,Mercer Bears,84,91,67.0,26.0,19.0,18.0,60.0,30.0,8.0,9.0
401823518,2025-11-29,2026,0,40,2116,2678,UCF Knights,VMI Keydets,82,57,80.0,17.0,28.0,8.0,61.0,21.0,16.0,13.0
401823536,2025-11-29,2026,0,40,204,2856,Oregon State Beavers,California Baptist Lancers,69,75,52.0,17.0,4.0,12.0,60.0,20.0,10.0,7.0
401823545,2025-11-29,2026,1,40,56,253,Stetson Hatters,Southern Utah Thunderbirds,68,70,58.0,10.0,9.0,15.0,55.0,17.0,6.0,13.0
401823593,2025-11-29,2026,0,40,350,2241,UNC Wilmington Seahawks,Gardner-Webb Runnin' Bulldogs,88,62,64.0,11.0,8.0,7.0,58.0,13.0,8.0,14.0
401823725,2025-11-29,2026,0,40,213,2529,Penn State Nittany Lions,Sacred Heart Pioneers,90,59,59.0,29.0,12.0,17.0,54.0,11.0,6.0,24.0
401823861,2025-11-29,2026,0,45,349,2363,Army Black Knights,Manhattan Jaspers,81,78,66.0,6.0,10.0,15.0,65.0,17.0,9.0,10.0
401823870,2025-11-29,2026,0,40,250,2617,UT Arlington Mavericks,Stephen F. Austin Lumberjacks,66,61,47.0,25.0,11.0,13.0,61.0,8.0,12.0,10.0
401824027,2025-11-29,2026,0,40,3101,27,Utah Tech Trailblazers,UC Riverside Highlanders,77,69,53.0,18.0,5.0,7.0,52.0,17.0,8.0,11.0
401824065,2025-11-29,2026,0,40,279,16,Pacific Tigers,Sacramento State Hornets,68,54,64.0,8.0,13.0,16.0,62.0,12.0,8.0,11.0
401824853,2025-11-29,2026,0,40,2379,461,Maryland Eastern Shore Hawks,Gwynedd Mercy Griffins,84,60,64.0,6.0,14.0,17.0,65.0,7.0,8.0,10.0
401824862,2025-11-29,2026,1,40,2330,2405,Le Moyne Dolphins,Monmouth Hawks,83,79,49.0,28.0,7.0,14.0,64.0,22.0,15.0,8.0
401824890,2025-11-29,2026,0,40,2193,2110,East Tennessee State Buccaneers,Central Arkansas Bears,80,57,58.0,16.0,4.0,10.0,60.0,8.0,5.0,13.0
401824951,2025-11-29,2026,0,40,2546,288,Southeast Missouri State Redhawks,Lipscomb Bisons,77,88,61.0,30.0,12.0,17.0,58.0,26.0,6.0,16.0
401825188,2025-11-29,2026,0,40,79,2031,Southern Illinois Salukis,Little Rock Trojans,74,65,47.0,20.0,8.0,15.0,52.0,11.0,9.0,16.0
401825579,2025-11-29,2026,0,45,328,147,Utah State Aggies,Montana State Bobcats,84,81,62.0,26.0,9.0,10.0,69.0,18.0,14.0,16.0
401826055,2025-11-29,2026,0,40,2378,2169,UMBC Retrievers,Delaware State Hornets,71,57,59.0,9.0,9.0,12.0,63.0,9.0,10.0,9.0
401826072,2025-11-29,2026,0,40,2515,128342,Radford Highlanders,Notre Dame (MD) Gators,102,75,76.0,21.0,18.0,10.0,63.0,17.0,7.0,13.0
401826702,2025-11-29,2026,0,40,2244,256,George Mason Patriots,James Madison Dukes,82,66,44.0,36.0,4.0,10.0,62.0,14.0,9.0,6.0
401826752,2025-11-29,2026,0,40,2272,2717,High Point Panthers,Western Carolina Catamounts,93,73,58.0,21.0,8.0,14.0,56.0,18.0,9.0,19.0
401826833,2025-11-29,2026,0,40,61,2635,Georgia Bulldogs,Tennessee Tech Golden Eagles,123,81,75.0,29.0,12.0,10.0,72.0,21.0,9.0,14.0
401826886,2025-11-29,2026,0,40,12,2450,Arizona Wildcats,Norfolk State Spartans,98,61,57.0,46.0,12.0,10.0,64.0,9.0,8.0,14.0
401826900,2025-11-29,2026,0,40,2348,2016,Louisiana Tech Bulldogs,Alcorn State Braves,83,58,66.0,9.0,16.0,8.0,57.0,21.0,16.0,13.0
401826905,2025-11-29,2026,1,40,2275,2771,Hofstra Pride,Merrimack Warriors,78,58,56.0,20.0,11.0,14.0,59.0,14.0,9.0,9.0
401826920,2025-11-29,2026,0,40,2458,2518,Northern Colorado Bears,Regis University REGIS UNIVERSITY,104,63,71.0,4.0,9.0,8.0,65.0,6.0,9.0,13.0
401826934,2025-11-29,2026,0,40,2692,140,Weber State Wildcats,Kansas City Roos,82,61,55.0,20.0,11.0,15.0,56.0,14.0,7.0,13.0
401827015,2025-11-29,2026,0,40,2466,2582,Northwestern State Demons,Southern Jaguars,73,75,59.0,15.0,11.0,14.0,61.0,13.0,12.0,14.0
401827062,2025-11-29,2026,0,40,158,2908,Nebraska Cornhuskers,South Carolina Upstate Spartans,72,63,60.0,18.0,10.0,13.0,66.0,8.0,9.0,11.0
401827069,2025-11-29,2026,0,40,2737,2569,Winthrop Eagles,South Carolina State Bulldogs,101,79,68.0,15.0,15.0,14.0,63.0,12.0,10.0,14.0
401827111,2025-11-29,2026,0,40,84,2065,Indiana Hoosiers,Bethune-Cookman Wildcats,100,56,66.0,19.0,10.0,7.0,58.0,21.0,9.0,11.0
401828270,2025-11-29,2026,1,40,2230,399,Fordham Rams,UAlbany Great Danes,88,68,53.0,21.0,10.0,14.0,70.0,13.0,17.0,9.0
401828334,2025-11-29,2026,0,40,290,2277,Georgia Southern Eagles,Houston Christian Huskies,80,62,62.0,18.0,12.0,8.0,56.0,15.0,11.0,15.0
401828478,2025-11-29,2026,0,40,2739,535,Green Bay Phoenix,Haskell Jayhawks,95,55,66.0,17.0,14.0,13.0,54.0,14.0,4.0,17.0
401828513,2025-11-29,2026,0,40,2320,3158,Lamar Cardinals,Our Lady of the Lake Saints,90,46,72.0,12.0,14.0,12.0,65.0,5.0,10.0,17.0
401828545,2025-11-29,2026,0,40,2198,2747,Eastern Kentucky Colonels,Wofford Terriers,77,83,72.0,16.0,16.0,10.0,62.0,32.0,13.0,6.0
401828736,2025-11-29,2026,0,40,2428,108942,North Carolina Central Eagles,Carolina University Bruins,109,61,74.0,18.0,8.0,9.0,52.0,17.0,12.0,31.0
401829353,2025-11-29,2026,0,40,88,2310,Southern Indiana Screaming Eagles,Kentucky State Thorobreds,93,56,77.0,15.0,17.0,8.0,70.0,11.0,9.0,8.0
401829389,2025-11-29,2026,1,40,2634,2632,Tennessee State Tigers,Tennessee Wesleyan Bulldogs,98,77,67.0,31.0,11.0,16.0,71.0,8.0,9.0,20.0
401829403,2025-11-29,2026,1,40,2142,355,Colgate Raiders,SUNY Oneonta Red Dragons,85,50,54.0,12.0,10.0,11.0,65.0,10.0,14.0,5.0
401829468,2025-11-29,2026,0,40,2437,3126,Omaha Mavericks,Mid America Christian Evangels,84,62,50.0,13.0,7.0,13.0,61.0,5.0,10.0,10.0
401829478,2025-11-29,2026,0,40,2900,268,St. Thomas Tommies,Lawrence Vikings,87,52,66.0,17.0,8.0,7.0,67.0,6.0,13.0,14.0
401830412,2025-11-29,2026,0,40,13,29,Cal Poly Mustangs,Redlands Bulldogs,87,81,60.0,12.0,10.0,21.0,81.0,15.0,24.0,14.0
401830884,2025-11-29,2026,1,40,2181,59,Drake Bulldogs,Georgia Tech Yellow Jackets,84,74,55.0,27.0,9.0,6.0,61.0,18.0,10.0,6.0
401830885,2025-11-29,2026,1,40,99,305,LSU Tigers,DePaul Blue Demons,96,63,51.0,26.0,8.0,15.0,52.0,23.0,8.0,13.0
401831225,2025-11-29,2026,1,45,326,2329,Texas State Bobcats,Lehigh Mountain Hawks,74,78,62.0,23.0,16.0,14.0,58.0,12.0,7.0,13.0
401831226,2025-11-29,2026,1,40,2540,2547,UC Santa Barbara Gauchos,Seattle U Redhawks,74,71,47.0,25.0,13.0,17.0,48.0,22.0,5.0,9.0
401831275,2025-11-29,2026,0,40,2349,108842,UMass Lowell River Hawks,Emerson Lions,90,67,49.0,42.0,15.0,11.0,64.0,10.0,11.0,8.0
401831276,2025-11-29,2026,0,40,2612,159,Saint Peter's Peacocks,Dartmouth Big Green,61,87,64.0,17.0,15.0,10.0,53.0,28.0,12.0,10.0
401809079,2025-11-30,2026,0,40,2083,172,Bucknell Bison,Cornell Big Red,72,101,60.0,26.0,13.0,17.0,55.0,9.0,4.0,16.0
401811970,2025-11-30,2026,0,40,232,2057,Charleston Cougars,Belmont Bruins,73,96,65.0,30.0,16.0,8.0,63.0,19.0,8.0,6.0
401812580,2025-11-30,2026,0,40,219,2275,Pennsylvania Quakers,Hofstra Pride,60,77,65.0,17.0,16.0,10.0,51.0,18.0,8.0,15.0
401812648,2025-11-30,2026,0,40,2115,353,Central Connecticut Blue Devils,Johnson & Wales Griffins,122,57,71.0,11.0,7.0,9.0,68.0,1.0,5.0,13.0
401817200,2025-11-30,2026,0,40,2226,179,Florida Atlantic Owls,St. Bonaventure Bonnies,65,70,59.0,14.0,14.0,13.0,47.0,22.0,4.0,12.0
401818302,2025-11-30,2026,0,40,261,43,Vermont Catamounts,Yale Bulldogs,74,77,49.0,22.0,8.0,11.0,55.0,22.0,7.0,3.0
401819901,2025-11-30,2026,0,40,2641,2751,Texas Tech Red Raiders,Wyoming Cowboys,76,72,55.0,30.0,12.0,10.0,58.0,13.0,9.0,13.0
401819918,2025-11-30,2026,0,40,277,2385,West Virginia Mountaineers,Mercyhurst Lakers,70,38,55.0,20.0,14.0,10.0,48.0,8.0,6.0,15.0
401820189,2025-11-30,2026,0,40,2352,2154,Loyola Maryland Greyhounds,Coppin State Eagles,95,84,55.0,24.0,11.0,15.0,50.0,31.0,7.0,13.0
401820581,2025-11-30,2026,0,40,2514,284,Quinnipiac Bobcats,Stonehill Skyhawks,76,62,61.0,12.0,7.0,10.0,64.0,8.0,14.0,15.0
401820627,2025-11-30,2026,1,40,311,2561,Maine Black Bears,Siena Saints,60,64,47.0,15.0,7.0,11.0,50.0,24.0,9.0,10.0
401822183,2025-11-30,2026,1,40,2325,2771,La Salle Explorers,Merrimack Warriors,60,66,52.0,18.0,16.0,19.0,57.0,11.0,9.0,10.0
401822324,2025-11-30,2026,1,40,2050,2330,Ball State Cardinals,Le Moyne Dolphins,96,85,66.0,28.0,19.0,11.0,52.0,20.0,6.0,11.0
401822669,2025-11-30,2026,1,40,163,2603,Princeton Tigers,Saint Joseph's Hawks,58,60,52.0,7.0,6.0,13.0,52.0,13.0,9.0,13.0
401823191,2025-11-30,2026,0,40,2217,160,Fairfield Stags,New Hampshire Wildcats,72,68,59.0,17.0,14.0,11.0,61.0,22.0,13.0,7.0
401823310,2025-11-30,2026,0,40,299,301,Long Beach State Beach,San Diego Toreros,76,72,63.0,10.0,12.0,7.0,57.0,7.0,12.0,15.0
401823326,2025-11-30,2026,0,40,2623,196,Missouri State Bears,Northeastern State RiverHawks,92,71,65.0,16.0,15.0,10.0,62.0,12.0,10.0,10.0
401823405,2025-11-30,2026,0,40,2523,56,Robert Morris Colonials,Stetson Hatters,80,62,56.0,14.0,10.0,7.0,52.0,20.0,7.0,8.0
401823736,2025-11-30,2026,1,40,278,2934,Fresno State Bulldogs,Cal State Bakersfield Roadrunners,71,76,65.0,19.0,19.0,16.0,57.0,24.0,7.0,10.0
401824863,2025-11-30,2026,0,40,322,2405,Lafayette Leopards,Monmouth Hawks,74,88,56.0,22.0,7.0,12.0,49.0,31.0,5.0,11.0
401826735,2025-11-30,2026,1,40,2427,2026,UNC Asheville Bulldogs,App State Mountaineers,67,55,50.0,27.0,10.0,13.0,53.0,15.0,7.0,10.0
401826942,2025-11-30,2026,1,40,2643,2506,The Citadel Bulldogs,Presbyterian Blue Hose,41,69,46.0,13.0,9.0,11.0,50.0,9.0,9.0,9.0
401826993,2025-11-30,2026,0,40,44,2344,American University Eagles,Longwood Lancers,92,66,54.0,30.0,7.0,12.0,53.0,42.0,12.0,10.0
401827042,2025-11-30,2026,0,40,249,2504,North Texas Mean Green,Prairie View A&M Panthers,72,69,50.0,26.0,10.0,19.0,54.0,22.0,6.0,11.0
401827174,2025-11-30,2026,0,40,324,2010,Coastal Carolina Chanticleers,Alabama A&M Bulldogs,67,60,50.0,34.0,9.0,11.0,58.0,22.0,9.0,10.0
401827508,2025-11-30,2026,0,40,2729,295,William & Mary Tribe,Old Dominion Monarchs,88,75,58.0,30.0,8.0,12.0,65.0,13.0,5.0,16.0
401828271,2025-11-30,2026,1,40,399,355,UAlbany Great Danes,SUNY Oneonta Red Dragons,90,62,70.0,21.0,20.0,12.0,64.0,16.0,6.0,7.0
401828684,2025-11-30,2026,0,40,2441,108838,New Haven Chargers,Mitchell Mariners,92,69,70.0,9.0,14.0,11.0,62.0,11.0,8.0,12.0
401829326,2025-11-30,2026,0,40,23,300,San José State Spartans,UC Irvine Anteaters,63,72,70.0,13.0,19.0,9.0,61.0,14.0,12.0,11.0
401829388,2025-11-30,2026,0,40,236,2634,Chattanooga Mocs,Tennessee State Tigers,64,70,58.0,14.0,6.0,7.0,59.0,15.0,9.0,8.0
401829404,2025-11-30,2026,1,40,2142,2230,Colgate Raiders,Fordham Rams,72,62,60.0,11.0,12.0,10.0,60.0,7.0,10.0,12.0
401831376,2025-11-30,2026,0,40,2636,6,UTSA Roadrunners,South Alabama Jaguars,58,82,79.0,2.0,18.0,10.0,65.0,19.0,15.0,11.0
401831380,2025-11-30,2026,0,40,2710,2591,Western Illinois Leathernecks,St. Ambrose Fighting Bees,89,73,75.0,12.0,20.0,9.0,56.0,9.0,4.0,12.0
401808731,2025-12-01,2026,0,40,2916,2377,Incarnate Word Cardinals,McNeese Cowboys,71,67,50.0,24.0,11.0,16.0,52.0,14.0,7.0,13.0
401812384,2025-12-01,2026,0,40,2752,2598,Xavier Musketeers,Saint Francis Red Wolves,96,74,77.0,15.0,14.0,8.0,61.0,15.0,6.0,15.0
401817470,2025-12-01,2026,0,40,24,2501,Stanford Cardinal,Portland Pilots,94,72,64.0,20.0,12.0,8.0,47.0,24.0,7.0,18.0
401819846,2025-12-01,2026,0,40,2132,2627,Cincinnati Bearcats,Tarleton State Texans,76,58,56.0,15.0,14.0,21.0,51.0,14.0,5.0,19.0
401819866,2025-12-01,2026,0,40,38,2856,Colorado Buffaloes,California Baptist Lancers,78,70,53.0,31.0,12.0,10.0,62.0,24.0,14.0,11.0
401819893,2025-12-01,2026,0,40,2306,189,Kansas State Wildcats,Bowling Green Falcons,66,82,61.0,22.0,13.0,6.0,62.0,19.0,15.0,8.0
401820546,2025-12-01,2026,0,40,2460,2141,Northern Iowa Panthers,Coe Kohawks,99,34,61.0,13.0,6.0,10.0,57.0,4.0,9.0,22.0
401822998,2025-12-01,2026,0,40,2393,5,Middle Tennessee Blue Raiders,UAB Blazers,76,61,61.0,12.0,10.0,10.0,63.0,14.0,15.0,11.0
401823437,2025-12-01,2026,0,40,55,2453,Jacksonville State Gamecocks,North Alabama Lions,66,73,60.0,20.0,13.0,9.0,61.0,18.0,12.0,9.0
401823470,2025-12-01,2026,0,40,2649,2119,Toledo Rockets,Central State Marauders,102,58,78.0,20.0,19.0,9.0,63.0,8.0,4.0,14.0
401823546,2025-12-01,2026,0,40,253,110418,Southern Utah Thunderbirds,West Coast Baptist Eagles,124,59,87.0,9.0,17.0,9.0,61.0,23.0,4.0,14.0
401823565,2025-12-01,2026,0,40,222,218,Villanova Wildcats,Temple Owls,74,56,62.0,15.0,21.0,9.0,46.0,18.0,6.0,10.0
401824308,2025-12-01,2026,0,40,48,314,Delaware Blue Hens,Iona Gaels,66,89,62.0,8.0,8.0,12.0,53.0,19.0,2.0,10.0
401825387,2025-12-01,2026,0,50,2653,2698,Troy Trojans,West Georgia Wolves,89,93,70.0,29.0,14.0,17.0,87.0,22.0,17.0,5.0
401827016,2025-12-01,2026,0,40,2582,2347,Southern Jaguars,Louisiana Christian Wildcats,101,48,65.0,25.0,12.0,11.0,59.0,13.0,10.0,20.0
401827523,2025-12-01,2026,0,40,2261,3111,Hampton Pirates,Apprentice School Builders,94,58,85.0,6.0,22.0,9.0,64.0,11.0,14.0,20.0
401830319,2025-12-01,2026,0,40,167,2424,New Mexico Lobos,New Mexico Highlands Cowboys,97,47,67.0,26.0,15.0,9.0,53.0,20.0,8.0,19.0
401837346,2025-12-01,2026,0,40,2130,2615,Chicago State Cougars,Saint Xavier Cougars,85,62,71.0,26.0,27.0,15.0,55.0,7.0,4.0,16.0
401806364,2025-12-02,2026,0,40,150,57,Duke Blue Devils,Florida Gators,67,66,56.0,16.0,11.0,12.0,67.0,12.0,20.0,13.0
401806365,2025-12-02,2026,0,40,96,153,Kentucky Wildcats,North Carolina Tar Heels,64,67,53.0,22.0,8.0,9.0,64.0,15.0,20.0,12.0
401806366,2025-12-02,2026,0,40,183,2633,Syracuse Orange,Tennessee Volunteers,62,60,51.0,22.0,9.0,16.0,58.0,15.0,13.0,17.0
401806367,2025-12-02,2026,0,40,221,245,Pittsburgh Panthers,Texas A&M Aggies,73,81,61.0,11.0,12.0,11.0,59.0,22.0,14.0,9.0
401806368,2025-12-02,2026,0,40,87,142,Notre Dame Fighting Irish,Missouri Tigers,76,71,54.0,18.0,7.0,13.0,54.0,25.0,9.0,12.0
401806369,2025-12-02,2026,0,40,52,61,Florida State Seminoles,Georgia Bulldogs,73,107,71.0,18.0,13.0,11.0,70.0,21.0,15.0,14.0
401806370,2025-12-02,2026,0,40,154,201,Wake Forest Demon Deacons,Oklahoma Sooners,68,86,56.0,27.0,9.0,12.0,54.0,35.0,10.0,12.0
401806371,2025-12-02,2026,0,40,145,2390,Ole Miss Rebels,Miami Hurricanes,66,75,66.0,11.0,14.0,11.0,55.0,15.0,15.0,19.0
401806372,2025-12-02,2026,0,45,2579,259,South Carolina Gamecocks,Virginia Tech Hokies,83,86,60.0,28.0,5.0,8.0,66.0,21.0,6.0,9.0
401812289,2025-12-02,2026,0,40,2507,161,Providence Friars,Fairleigh Dickinson Knights,94,64,60.0,11.0,9.0,10.0,61.0,11.0,19.0,18.0
401812359,2025-12-02,2026,0,45,112358,2737,Long Island University Sharks,Winthrop Eagles,92,94,62.0,25.0,12.0,14.0,69.0,29.0,16.0,10.0
401812791,2025-12-02,2026,0,40,2305,41,Kansas Jayhawks,UConn Huskies,56,61,51.0,21.0,9.0,10.0,57.0,8.0,11.0,13.0
401813292,2025-12-02,2026,0,40,197,2534,Oklahoma State Cowboys,Sam Houston Bearkats,93,83,66.0,28.0,14.0,15.0,71.0,11.0,13.0,14.0
401813440,2025-12-02,2026,0,40,2168,2193,Dayton Flyers,East Tennessee State Buccaneers,88,71,50.0,35.0,8.0,15.0,56.0,15.0,11.0,22.0
401813451,2025-12-02,2026,0,40,2184,2729,Duquesne Dukes,William & Mary Tribe,79,83,59.0,24.0,13.0,21.0,55.0,14.0,4.0,18.0
401817148,2025-12-02,2026,0,40,349,45,Army Black Knights,George Washington Revolutionaries,70,84,57.0,6.0,5.0,11.0,54.0,32.0,11.0,11.0
401817159,2025-12-02,2026,0,40,2350,2117,Loyola Chicago Ramblers,Central Michigan Chippewas,83,72,54.0,33.0,10.0,8.0,52.0,17.0,5.0,10.0
401817168,2025-12-02,2026,0,40,227,225,Rhode Island Rams,Brown Bears,66,56,54.0,22.0,12.0,13.0,64.0,17.0,20.0,14.0
401817188,2025-12-02,2026,0,40,2351,139,Loyola Marymount Lions,Saint Louis Billikens,70,91,64.0,17.0,9.0,14.0,69.0,15.0,17.0,18.0
401817224,2025-12-02,2026,0,40,25,254,California Golden Bears,Utah Utes,79,72,55.0,24.0,8.0,10.0,59.0,19.0,10.0,10.0
401818303,2025-12-02,2026,0,40,43,2951,Yale Bulldogs,SUNY Maritime Privateers,117,53,71.0,13.0,7.0,11.0,70.0,3.0,9.0,18.0
401819828,2025-12-02,2026,0,40,239,16,Baylor Bears,Sacramento State Hornets,110,88,63.0,37.0,17.0,12.0,68.0,30.0,19.0,13.0
401820609,2025-12-02,2026,0,45,2066,2329,Binghamton Bearcats,Lehigh Mountain Hawks,80,71,46.0,33.0,4.0,14.0,67.0,12.0,12.0,11.0
401820618,2025-12-02,2026,0,40,2803,284,Bryant Bulldogs,Stonehill Skyhawks,77,65,57.0,17.0,11.0,9.0,58.0,9.0,11.0,9.0
401820801,2025-12-02,2026,0,40,2429,2448,Charlotte 49ers,North Carolina A&T Aggies,74,57,50.0,19.0,8.0,13.0,47.0,29.0,7.0,13.0
401820811,2025-12-02,2026,0,40,151,2379,East Carolina Pirates,Maryland Eastern Shore Hawks,68,56,47.0,23.0,9.0,10.0,51.0,7.0,6.0,11.0
401820827,2025-12-02,2026,0,40,2086,2199,Butler Bulldogs,Eastern Michigan Eagles,84,68,56.0,19.0,11.0,10.0,58.0,13.0,9.0,11.0
401820834,2025-12-02,2026,0,40,156,2447,Creighton Bluejays,Nicholls Colonels,96,76,59.0,7.0,6.0,12.0,61.0,16.0,6.0,6.0
401820844,2025-12-02,2026,0,40,2630,2127,UT Martin Skyhawks,Charleston Southern Buccaneers,73,56,62.0,32.0,18.0,8.0,58.0,12.0,13.0,14.0
401822335,2025-12-02,2026,0,45,269,2674,Marquette Golden Eagles,Valparaiso Beacons,75,72,60.0,32.0,13.0,14.0,62.0,12.0,11.0,21.0
401822394,2025-12-02,2026,0,40,2459,2815,Northern Illinois Huskies,Lindenwood Lions,64,99,58.0,30.0,16.0,18.0,71.0,28.0,20.0,10.0
401823345,2025-12-02,2026,0,45,294,50,Jacksonville Dolphins,Florida A&M Rattlers,85,82,70.0,19.0,14.0,9.0,56.0,6.0,2.0,17.0
401823447,2025-12-02,2026,0,40,2454,2565,North Florida Ospreys,SIU Edwardsville Cougars,63,72,57.0,7.0,8.0,12.0,64.0,19.0,16.0,9.0
401823489,2025-12-02,2026,0,40,2382,2247,Mercer Bears,Georgia State Panthers,78,67,58.0,30.0,13.0,11.0,60.0,15.0,9.0,14.0
401823527,2025-12-02,2026,0,40,2492,2000,Pepperdine Waves,Abilene Christian Wildcats,63,71,45.0,25.0,6.0,11.0,52.0,23.0,9.0,8.0
401823789,2025-12-02,2026,0,40,2253,56,Grand Canyon Lopes,Stetson Hatters,67,45,53.0,23.0,11.0,14.0,53.0,10.0,9.0,17.0
401823871,2025-12-02,2026,0,40,2032,250,Arkansas State Red Wolves,UT Arlington Mavericks,83,63,60.0,29.0,14.0,14.0,62.0,26.0,15.0,12.0
401824138,2025-12-02,2026,0,40,71,265,Bradley Braves,Washington State Cougars,64,60,62.0,22.0,10.0,7.0,49.0,12.0,7.0,20.0
401825392,2025-12-02,2026,0,40,127,2294,Michigan State Spartans,Iowa Hawkeyes,71,52,46.0,25.0,13.0,14.0,45.0,17.0,6.0,11.0
401825393,2025-12-02,2026,0,40,164,2509,Rutgers Scarlet Knights,Purdue Boilermakers,65,81,56.0,11.0,6.0,9.0,58.0,20.0,11.0,9.0
401825394,2025-12-02,2026,0,40,2483,30,Oregon Ducks,USC Trojans,77,82,53.0,26.0,10.0,14.0,55.0,25.0,14.0,15.0
401826703,2025-12-02,2026,0,40,2244,172,George Mason Patriots,Cornell Big Red,99,81,61.0,25.0,10.0,12.0,57.0,17.0,8.0,13.0
401826753,2025-12-02,2026,0,40,2717,3229,Western Carolina Catamounts,Virginia Lynchburg Dragons,124,62,98.0,4.0,26.0,7.0,57.0,24.0,4.0,15.0
401826845,2025-12-02,2026,0,40,2655,2755,Tulane Green Wave,Grambling Tigers,65,63,54.0,21.0,11.0,7.0,48.0,20.0,9.0,15.0
401826861,2025-12-02,2026,0,40,93,2413,Murray State Racers,Morehead State Eagles,84,52,63.0,29.0,19.0,11.0,59.0,10.0,9.0,11.0
401826882,2025-12-02,2026,0,40,2724,573,Wichita State Shockers,Mount Marty Lancers,95,69,57.0,16.0,16.0,12.0,60.0,7.0,11.0,10.0
401826909,2025-12-02,2026,0,40,2440,28,Nevada Wolf Pack,UC San Diego Tritons,76,70,60.0,22.0,15.0,8.0,69.0,11.0,13.0,4.0
401827217,2025-12-02,2026,0,40,120,2681,Maryland Terrapins,Wagner Seahawks,89,63,64.0,45.0,20.0,8.0,57.0,18.0,9.0,18.0
401827278,2025-12-02,2026,0,40,213,2097,Penn State Nittany Lions,Campbell Fighting Camels,87,76,58.0,25.0,6.0,7.0,64.0,19.0,15.0,17.0
401828278,2025-12-02,2026,0,40,249,2277,North Texas Mean Green,Houston Christian Huskies,77,75,47.0,19.0,9.0,15.0,50.0,32.0,7.0,4.0
401828285,2025-12-02,2026,0,40,202,131632,Tulsa Golden Hurricane,Manhattan Christian Thunder,111,60,85.0,15.0,20.0,5.0,68.0,10.0,7.0,11.0
401828340,2025-12-02,2026,0,40,338,2296,Kennesaw State Owls,Jackson State Tigers,88,73,68.0,39.0,25.0,9.0,58.0,29.0,11.0,14.0
401828909,2025-12-02,2026,0,40,2181,2710,Drake Bulldogs,Western Illinois Leathernecks,108,57,56.0,12.0,5.0,8.0,54.0,21.0,9.0,8.0
401829349,2025-12-02,2026,0,40,2546,126824,Southeast Missouri State Redhawks,Saint Mary of the Woods Pomeroys,88,57,68.0,18.0,10.0,11.0,65.0,5.0,8.0,17.0
401830118,2025-12-02,2026,1,40,2427,2430,UNC Asheville Bulldogs,UNC Greensboro Spartans,82,77,56.0,21.0,8.0,8.0,49.0,21.0,6.0,11.0
401830631,2025-12-02,2026,1,40,6,166,South Alabama Jaguars,New Mexico State Aggies,77,75,45.0,39.0,5.0,7.0,66.0,13.0,18.0,13.0
401830740,2025-12-02,2026,0,40,282,101,Indiana State Sycamores,Eureka Red Devils,99,57,66.0,16.0,11.0,15.0,61.0,7.0,3.0,15.0
401831072,2025-12-02,2026,0,40,193,3138,Miami (OH) RedHawks,IU East IU EAST,109,65,76.0,26.0,18.0,11.0,70.0,12.0,10.0,15.0
401806373,2025-12-03,2026,0,40,2,152,Auburn Tigers,NC State Wolfpack,83,73,44.0,22.0,5.0,20.0,64.0,13.0,8.0,9.0
401806374,2025-12-03,2026,0,40,8,97,Arkansas Razorbacks,Louisville Cardinals,89,80,67.0,35.0,18.0,10.0,70.0,18.0,12.0,9.0
401806375,2025-12-03,2026,0,40,238,2567,Vanderbilt Commodores,SMU Mustangs,88,69,63.0,12.0,6.0,5.0,60.0,23.0,16.0,13.0
401806376,2025-12-03,2026,0,40,333,228,Alabama Crimson Tide,Clemson Tigers,90,84,60.0,31.0,13.0,9.0,71.0,28.0,18.0,7.0
401806377,2025-12-03,2026,0,40,59,344,Georgia Tech Yellow Jackets,Mississippi State Bulldogs,73,85,77.0,20.0,17.0,5.0,61.0,22.0,9.0,13.0
401806378,2025-12-03,2026,0,45,103,99,Boston College Eagles,LSU Tigers,69,78,62.0,21.0,11.0,14.0,72.0,20.0,15.0,10.0
401806379,2025-12-03,2026,0,40,251,258,Texas Longhorns,Virginia Cavaliers,69,88,59.0,25.0,13.0,7.0,52.0,29.0,7.0,7.0
401808898,2025-12-03,2026,0,40,235,2443,Memphis Tigers,LSU New Orleans Privateers,86,70,67.0,14.0,15.0,13.0,61.0,21.0,15.0,13.0
401808966,2025-12-03,2026,0,40,2617,292,Stephen F. Austin Lumberjacks,UT Rio Grande Valley Vaqueros,73,60,62.0,24.0,11.0,7.0,62.0,16.0,10.0,8.0
401809080,2025-12-03,2026,0,40,2006,2083,Akron Zips,Bucknell Bison,97,77,62.0,23.0,9.0,5.0,71.0,7.0,15.0,9.0
401811109,2025-12-03,2026,0,40,233,2502,South Dakota Coyotes,Portland State Vikings,71,77,58.0,34.0,13.0,17.0,59.0,26.0,9.0,13.0
401811971,2025-12-03,2026,0,40,2057,257,Belmont Bruins,Richmond Spiders,76,84,62.0,15.0,10.0,15.0,55.0,20.0,3.0,12.0
401812382,2025-12-03,2026,0,40,2598,130195,Saint Francis Red Wolves,Penn State Shenango Nittany Lions,100,41,84.0,10.0,20.0,6.0,70.0,10.0,11.0,11.0
401812608,2025-12-03,2026,0,40,113,108,Massachusetts Minutemen,Harvard Crimson,78,71,55.0,21.0,7.0,15.0,65.0,15.0,12.0,13.0
401812649,2025-12-03,2026,0,40,2550,2115,Seton Hall Pirates,Central Connecticut Blue Devils,77,61,59.0,15.0,11.0,8.0,51.0,12.0,8.0,15.0
401812667,2025-12-03,2026,0,40,107,111,Holy Cross Crusaders,Northeastern Huskies,76,59,56.0,13.0,6.0,10.0,61.0,8.0,11.0,13.0
401813259,2025-12-03,2026,0,40,2287,2198,Illinois State Redbirds,Eastern Kentucky Colonels,89,78,57.0,20.0,8.0,12.0,59.0,23.0,11.0,13.0
401813403,2025-12-03,2026,0,40,116,2529,Mount St. Mary's Mountaineers,Sacred Heart Pioneers,80,87,62.0,14.0,10.0,10.0,57.0,28.0,15.0,11.0
401817201,2025-12-03,2026,0,40,179,2071,St. Bonaventure Bonnies,Bloomsburg Huskies,83,43,63.0,13.0,14.0,10.0,50.0,11.0,10.0,19.0
401817501,2025-12-03,2026,0,40,2174,85,Detroit Mercy Titans,IU Indianapolis Jaguars,92,78,64.0,24.0,14.0,9.0,71.0,12.0,15.0,10.0
401817502,2025-12-03,2026,0,40,2473,2870,Oakland Golden Grizzlies,Purdue Fort Wayne Mastodons,101,92,66.0,24.0,11.0,11.0,68.0,20.0,9.0,8.0
401817503,2025-12-03,2026,0,40,2754,2750,Youngstown State Penguins,Wright State Raiders,69,68,56.0,20.0,14.0,17.0,48.0,28.0,5.0,13.0
401817504,2025-12-03,2026,0,40,94,325,Northern Kentucky Norse,Cleveland State Vikings,95,80,61.0,15.0,12.0,14.0,48.0,28.0,8.0,20.0
401818304,2025-12-03,2026,0,40,43,5426,Yale Bulldogs,Brandeis Judges,79,61,61.0,18.0,12.0,8.0,61.0,6.0,10.0,12.0
401818534,2025-12-03,2026,0,40,171,2275,Columbia Lions,Hofstra Pride,72,70,58.0,16.0,11.0,12.0,55.0,22.0,10.0,10.0
401819837,2025-12-03,2026,0,40,252,2856,BYU Cougars,California Baptist Lancers,91,60,66.0,14.0,13.0,9.0,61.0,19.0,14.0,14.0
401819876,2025-12-03,2026,0,40,66,2016,Iowa State Cyclones,Alcorn State Braves,132,68,65.0,24.0,10.0,14.0,56.0,9.0,7.0,27.0
401819919,2025-12-03,2026,0,40,277,2154,West Virginia Mountaineers,Coppin State Eagles,91,49,64.0,33.0,15.0,7.0,54.0,17.0,9.0,15.0
401820156,2025-12-03,2026,0,40,2169,2426,Delaware State Hornets,Navy Midshipmen,59,66,63.0,19.0,8.0,8.0,46.0,32.0,9.0,18.0
401820190,2025-12-03,2026,0,40,2261,2352,Hampton Pirates,Loyola Maryland Greyhounds,93,71,50.0,36.0,8.0,12.0,57.0,33.0,14.0,17.0
401820556,2025-12-03,2026,0,40,2005,279,Air Force Falcons,Pacific Tigers,65,80,43.0,32.0,7.0,11.0,55.0,20.0,12.0,7.0
401820628,2025-12-03,2026,0,40,195,311,Ohio Bobcats,Maine Black Bears,79,57,71.0,7.0,20.0,11.0,55.0,10.0,10.0,16.0
401822325,2025-12-03,2026,0,40,339,2050,Evansville Purple Aces,Ball State Cardinals,64,52,52.0,18.0,9.0,15.0,56.0,14.0,9.0,14.0
401822726,2025-12-03,2026,0,40,46,2378,Georgetown Hoyas,UMBC Retrievers,90,81,64.0,10.0,7.0,6.0,62.0,16.0,10.0,7.0
401823016,2025-12-03,2026,0,40,2309,2046,Kent State Golden Flashes,Austin Peay Governors,96,84,51.0,32.0,6.0,13.0,66.0,16.0,11.0,11.0
401823219,2025-12-03,2026,0,40,91,111166,Bellarmine Knights,Midway Eagles,99,60,63.0,16.0,10.0,11.0,58.0,4.0,6.0,16.0
401823232,2025-12-03,2026,0,40,2229,526,Florida International Panthers,Florida Gulf Coast Eagles,89,83,55.0,35.0,9.0,13.0,68.0,21.0,16.0,14.0
401823438,2025-12-03,2026,0,40,2539,2453,San Francisco Dons,North Alabama Lions,63,65,59.0,16.0,10.0,9.0,63.0,17.0,19.0,12.0
401823495,2025-12-03,2026,0,40,2511,2241,Queens University Royals,Gardner-Webb Runnin' Bulldogs,107,74,67.0,17.0,9.0,9.0,71.0,18.0,18.0,10.0
401823504,2025-12-03,2026,0,40,2172,331,Denver Pioneers,Eastern Washington Eagles,93,89,56.0,33.0,10.0,8.0,55.0,19.0,7.0,12.0
401823568,2025-12-03,2026,0,40,70,155,Idaho Vandals,North Dakota Fighting Hawks,90,58,52.0,24.0,9.0,14.0,50.0,20.0,6.0,17.0
401823594,2025-12-03,2026,0,40,350,276,UNC Wilmington Seahawks,Marshall Thundering Herd,70,69,55.0,39.0,18.0,6.0,58.0,9.0,10.0,11.0
401823766,2025-12-03,2026,0,40,21,3084,San Diego State Aztecs,Utah Valley Wolverines,77,66,56.0,28.0,12.0,13.0,55.0,15.0,11.0,19.0
401824028,2025-12-03,2026,0,40,2541,3101,Santa Clara Broncos,Utah Tech Trailblazers,90,80,76.0,13.0,18.0,14.0,63.0,8.0,14.0,22.0
401824059,2025-12-03,2026,0,40,204,261,Oregon State Beavers,Vermont Catamounts,80,58,53.0,13.0,6.0,9.0,60.0,13.0,13.0,9.0
401824128,2025-12-03,2026,0,40,2547,2508,Seattle U Redhawks,Puget Sound Loggers,97,43,67.0,40.0,24.0,9.0,51.0,12.0,7.0,19.0
401824360,2025-12-03,2026,0,40,104,126751,Boston University Terriers,Vermont State Johnson Badgers,104,57,60.0,20.0,8.0,11.0,56.0,14.0,7.0,14.0
401824855,2025-12-03,2026,0,40,140,304,Kansas City Roos,Idaho State Bengals,59,68,50.0,16.0,9.0,13.0,57.0,12.0,15.0,12.0
401824864,2025-12-03,2026,0,40,2405,163,Monmouth Hawks,Princeton Tigers,63,58,54.0,19.0,6.0,9.0,51.0,9.0,6.0,19.0
401824871,2025-12-03,2026,0,40,2210,231,Elon Phoenix,Furman Paladins,88,97,68.0,25.0,14.0,6.0,61.0,31.0,12.0,8.0
401824938,2025-12-03,2026,0,40,2110,2031,Central Arkansas Bears,Little Rock Trojans,85,47,63.0,14.0,13.0,14.0,58.0,9.0,11.0,21.0
401824952,2025-12-03,2026,0,40,288,2635,Lipscomb Bisons,Tennessee Tech Golden Eagles,83,80,65.0,20.0,10.0,11.0,63.0,17.0,10.0,12.0
401825395,2025-12-03,2026,0,40,135,84,Minnesota Golden Gophers,Indiana Hoosiers,73,64,47.0,27.0,10.0,16.0,55.0,20.0,5.0,7.0
401825396,2025-12-03,2026,0,40,264,26,Washington Huskies,UCLA Bruins,80,82,60.0,12.0,14.0,15.0,53.0,24.0,8.0,7.0
401825397,2025-12-03,2026,0,40,275,77,Wisconsin Badgers,Northwestern Wildcats,85,73,64.0,21.0,13.0,7.0,59.0,23.0,11.0,12.0
401825580,2025-12-03,2026,0,40,147,2900,Montana State Bobcats,St. Thomas Tommies,82,74,56.0,29.0,10.0,7.0,52.0,16.0,5.0,14.0
401825592,2025-12-03,2026,0,40,2464,2571,Northern Arizona Lumberjacks,South Dakota State Jackrabbits,62,75,54.0,19.0,7.0,13.0,57.0,25.0,12.0,11.0
401826073,2025-12-03,2026,0,40,2515,2572,Radford Highlanders,Southern Miss Golden Eagles,75,82,62.0,27.0,11.0,11.0,60.0,32.0,14.0,14.0
401826736,2025-12-03,2026,0,40,2026,3229,App State Mountaineers,Virginia Lynchburg Dragons,133,45,89.0,26.0,35.0,11.0,67.0,15.0,7.0,11.0
401826809,2025-12-03,2026,0,40,242,326,Rice Owls,Texas State Bobcats,77,72,55.0,29.0,14.0,13.0,63.0,19.0,15.0,11.0
401826901,2025-12-03,2026,0,40,290,2348,Georgia Southern Eagles,Louisiana Tech Bulldogs,77,69,56.0,18.0,8.0,11.0,54.0,17.0,7.0,11.0
401826921,2025-12-03,2026,0,40,2437,2458,Omaha Mavericks,Northern Colorado Bears,70,75,55.0,22.0,8.0,9.0,60.0,15.0,10.0,9.0
401826943,2025-12-03,2026,0,40,2747,2506,Wofford Terriers,Presbyterian Blue Hose,63,56,68.0,18.0,17.0,5.0,56.0,16.0,14.0,12.0
401826955,2025-12-03,2026,0,40,2692,198,Weber State Wildcats,Oral Roberts Golden Eagles,92,66,65.0,18.0,9.0,9.0,56.0,19.0,6.0,15.0
401826978,2025-12-03,2026,0,40,2272,79,High Point Panthers,Southern Illinois Salukis,84,86,65.0,24.0,13.0,11.0,67.0,14.0,12.0,12.0
401826994,2025-12-03,2026,0,40,2344,2945,Longwood Lancers,Pfeiffer Falcons,101,55,64.0,14.0,7.0,13.0,66.0,4.0,9.0,20.0
401826999,2025-12-03,2026,0,40,2627,2758,Tarleton State Texans,Howard Payne Yellow Jackets,119,54,85.0,20.0,17.0,12.0,54.0,16.0,3.0,29.0
401827063,2025-12-03,2026,0,45,2908,324,South Carolina Upstate Spartans,Coastal Carolina Chanticleers,85,78,63.0,36.0,11.0,11.0,76.0,13.0,12.0,10.0
401827132,2025-12-03,2026,0,40,82,2029,UIC Flames,Arkansas-Pine Bluff Golden Lions,62,63,63.0,22.0,17.0,17.0,60.0,12.0,10.0,15.0
401827195,2025-12-03,2026,0,40,2010,2634,Alabama A&M Bulldogs,Tennessee State Tigers,80,53,51.0,27.0,12.0,15.0,65.0,20.0,25.0,14.0
401827267,2025-12-03,2026,0,40,159,160,Dartmouth Big Green,New Hampshire Wildcats,69,68,61.0,15.0,13.0,14.0,62.0,16.0,8.0,8.0
401827500,2025-12-03,2026,0,40,119,172,Towson Tigers,Cornell Big Red,93,80,66.0,15.0,16.0,11.0,56.0,18.0,7.0,12.0
401827515,2025-12-03,2026,0,40,44,2182,American University Eagles,Drexel Dragons,75,73,58.0,27.0,10.0,6.0,58.0,15.0,9.0,11.0
401828292,2025-12-03,2026,0,40,149,2449,Montana Grizzlies,North Dakota State Bison,72,81,58.0,13.0,8.0,14.0,62.0,22.0,13.0,10.0
401828514,2025-12-03,2026,0,40,2320,309,Lamar Cardinals,Louisiana Ragin' Cajuns,65,55,53.0,24.0,12.0,8.0,48.0,8.0,7.0,17.0
401828737,2025-12-03,2026,0,40,256,2428,James Madison Dukes,North Carolina Central Eagles,67,62,52.0,32.0,12.0,10.0,53.0,15.0,9.0,11.0
401829054,2025-12-03,2026,0,40,2711,88,Western Michigan Broncos,Southern Indiana Screaming Eagles,88,74,64.0,12.0,5.0,10.0,55.0,36.0,9.0,7.0
401830126,2025-12-03,2026,0,40,2433,2400,UL Monroe Warhawks,Mississippi Valley State Delta Devils,66,52,46.0,29.0,7.0,12.0,60.0,13.0,11.0,10.0
401809105,2025-12-04,2026,0,40,300,27,UC Irvine Anteaters,UC Riverside Highlanders,73,60,52.0,26.0,7.0,11.0,59.0,28.0,14.0,10.0
401809123,2025-12-04,2026,0,40,62,302,Hawai'i Rainbow Warriors,UC Davis Aggies,75,69,46.0,31.0,5.0,15.0,59.0,21.0,8.0,11.0
401809153,2025-12-04,2026,0,40,2239,13,Cal State Fullerton Titans,Cal Poly Mustangs,91,94,66.0,29.0,12.0,17.0,55.0,30.0,5.0,22.0
401812290,2025-12-04,2026,0,40,161,130196,Fairleigh Dickinson Knights,Manor Blue Jays,86,38,62.0,7.0,11.0,12.0,48.0,10.0,3.0,18.0
401817505,2025-12-04,2026,0,40,2739,2523,Green Bay Phoenix,Robert Morris Colonials,78,80,46.0,31.0,4.0,11.0,62.0,18.0,14.0,11.0
401820845,2025-12-04,2026,0,40,2127,2684,Charleston Southern Buccaneers,Warren Wilson Owls,124,63,81.0,20.0,23.0,15.0,80.0,8.0,9.0,6.0
401823261,2025-12-04,2026,0,40,2463,2934,Cal State Northridge Matadors,Cal State Bakersfield Roadrunners,87,66,64.0,25.0,15.0,13.0,60.0,24.0,15.0,18.0
401823311,2025-12-04,2026,0,45,2540,299,UC Santa Barbara Gauchos,Long Beach State Beach,84,77,51.0,38.0,9.0,14.0,66.0,24.0,17.0,13.0
401823852,2025-12-04,2026,0,40,2771,2520,Merrimack Warriors,Rider Broncs,68,66,54.0,11.0,5.0,8.0,54.0,16.0,13.0,15.0
401826835,2025-12-04,2026,0,40,58,328,South Florida Bulls,Utah State Aggies,74,61,47.0,32.0,9.0,17.0,62.0,15.0,12.0,14.0
401828643,2025-12-04,2026,0,40,2166,2643,Davidson Wildcats,The Citadel Bulldogs,79,63,60.0,21.0,13.0,6.0,50.0,14.0,6.0,14.0
401808732,2025-12-05,2026,0,40,2377,2466,McNeese Cowboys,Northwestern State Demons,92,54,64.0,16.0,15.0,10.0,51.0,11.0,8.0,19.0
401812254,2025-12-05,2026,0,45,2628,87,TCU Horned Frogs,Notre Dame Fighting Irish,85,87,60.0,23.0,5.0,8.0,60.0,20.0,8.0,14.0
401812792,2025-12-05,2026,0,40,41,2837,UConn Huskies,East Texas A&M Lions,83,59,65.0,14.0,12.0,6.0,54.0,12.0,7.0,13.0
401813299,2025-12-05,2026,0,40,2363,2217,Manhattan Jaspers,Fairfield Stags,70,66,56.0,21.0,8.0,15.0,73.0,7.0,20.0,15.0
401813324,2025-12-05,2026,0,40,2368,116,Marist Red Foxes,Mount St. Mary's Mountaineers,64,56,53.0,13.0,7.0,19.0,55.0,21.0,14.0,21.0
401813353,2025-12-05,2026,0,40,2612,2099,Saint Peter's Peacocks,Canisius Golden Griffins,69,57,55.0,26.0,12.0,10.0,54.0,28.0,17.0,13.0
401813380,2025-12-05,2026,0,40,2561,315,Siena Saints,Niagara Purple Eagles,83,54,59.0,14.0,9.0,9.0,60.0,11.0,7.0,7.0
401818554,2025-12-05,2026,0,40,225,2803,Brown Bears,Bryant Bulldogs,75,56,64.0,16.0,13.0,9.0,56.0,7.0,6.0,14.0
401819847,2025-12-05,2026,0,40,2752,2132,Xavier Musketeers,Cincinnati Bearcats,79,74,64.0,23.0,5.0,4.0,69.0,22.0,15.0,9.0
401820213,2025-12-05,2026,0,40,322,2385,Lafayette Leopards,Mercyhurst Lakers,79,71,50.0,16.0,9.0,15.0,68.0,8.0,14.0,6.0
401820582,2025-12-05,2026,0,40,314,2514,Iona Gaels,Quinnipiac Bobcats,68,89,65.0,22.0,15.0,12.0,73.0,14.0,18.0,12.0
401822739,2025-12-05,2026,0,40,2670,2535,VCU Rams,Samford Bulldogs,83,57,65.0,22.0,17.0,12.0,60.0,19.0,9.0,10.0
401823519,2025-12-05,2026,0,40,2678,111180,VMI Keydets,Christendom Crusaders,89,36,72.0,8.0,15.0,11.0,63.0,9.0,9.0,13.0
401824034,2025-12-05,2026,1,40,96,2250,Kentucky Wildcats,Gonzaga Bulldogs,59,94,60.0,26.0,12.0,11.0,63.0,16.0,10.0,9.0
401824092,2025-12-05,2026,0,40,2501,2333,Portland Pilots,Lewis & Clark River Otters,104,87,78.0,19.0,21.0,9.0,60.0,14.0,3.0,9.0
401824113,2025-12-05,2026,0,40,23,301,San José State Spartans,San Diego Toreros,86,69,55.0,27.0,15.0,22.0,71.0,17.0,19.0,11.0
401824891,2025-12-05,2026,0,40,2193,6,East Tennessee State Buccaneers,South Alabama Jaguars,91,65,73.0,9.0,16.0,9.0,54.0,16.0,6.0,13.0
401826875,2025-12-05,2026,0,40,2181,5,Drake Bulldogs,UAB Blazers,69,74,62.0,16.0,9.0,8.0,57.0,28.0,13.0,11.0
401826979,2025-12-05,2026,0,40,2272,2885,High Point Panthers,NJIT Highlanders,89,72,68.0,23.0,14.0,8.0,55.0,16.0,7.0,19.0
401827112,2025-12-05,2026,0,40,2065,2569,Bethune-Cookman Wildcats,South Carolina State Bulldogs,80,59,61.0,12.0,8.0,7.0,62.0,19.0,19.0,14.0
401827756,2025-12-05,2026,0,40,2199,128438,Eastern Michigan Eagles,Cleary University Cougars,86,48,68.0,22.0,17.0,11.0,55.0,16.0,9.0,19.0
401806343,2025-12-06,2026,0,40,2197,2815,Eastern Illinois Panthers,Lindenwood Lions,74,82,69.0,18.0,14.0,9.0,61.0,23.0,13.0,12.0
401808899,2025-12-06,2026,0,40,2443,2277,LSU New Orleans Privateers,Houston Christian Huskies,76,85,58.0,20.0,10.0,9.0,58.0,30.0,12.0,5.0
401808918,2025-12-06,2026,0,40,2447,2916,Nicholls Colonels,Incarnate Word Cardinals,74,67,43.0,38.0,5.0,8.0,58.0,30.0,17.0,11.0
401809081,2025-12-06,2026,0,40,2083,2378,Bucknell Bison,UMBC Retrievers,66,73,61.0,17.0,14.0,9.0,52.0,15.0,6.0,12.0
401809085,2025-12-06,2026,0,40,299,28,Long Beach State Beach,UC San Diego Tritons,74,80,63.0,10.0,9.0,9.0,50.0,25.0,5.0,11.0
401809106,2025-12-06,2026,0,40,300,2463,UC Irvine Anteaters,Cal State Northridge Matadors,85,71,63.0,21.0,15.0,10.0,66.0,18.0,10.0,7.0
401809139,2025-12-06,2026,0,40,62,2239,Hawai'i Rainbow Warriors,Cal State Fullerton Titans,69,59,63.0,17.0,14.0,15.0,64.0,18.0,8.0,9.0
401809154,2025-12-06,2026,0,40,13,27,Cal Poly Mustangs,UC Riverside Highlanders,84,88,57.0,26.0,10.0,13.0,63.0,24.0,9.0,5.0
401809420,2025-12-06,2026,0,40,2390,2572,Miami Hurricanes,Southern Miss Golden Eagles,88,64,68.0,24.0,18.0,14.0,55.0,19.0,12.0,20.0
401811099,2025-12-06,2026,1,40,2633,356,Tennessee Volunteers,Illinois Fighting Illini,62,75,65.0,18.0,23.0,13.0,58.0,14.0,11.0,6.0
401811110,2025-12-06,2026,0,45,2458,233,Northern Colorado Bears,South Dakota Coyotes,89,87,56.0,25.0,6.0,14.0,59.0,27.0,8.0,13.0
401812360,2025-12-06,2026,0,40,2329,112358,Lehigh Mountain Hawks,Long Island University Sharks,82,87,56.0,27.0,13.0,19.0,68.0,20.0,20.0,14.0
401812609,2025-12-06,2026,0,40,231,108,Furman Paladins,Harvard Crimson,79,69,49.0,20.0,6.0,16.0,62.0,11.0,8.0,9.0
401812668,2025-12-06,2026,0,40,2230,107,Fordham Rams,Holy Cross Crusaders,69,70,50.0,19.0,6.0,10.0,50.0,24.0,8.0,12.0
401813260,2025-12-06,2026,0,40,2287,2130,Illinois State Redbirds,Chicago State Cougars,95,53,70.0,15.0,21.0,12.0,58.0,15.0,14.0,15.0
401813279,2025-12-06,2026,0,40,2415,2344,Morgan State Bears,Longwood Lancers,80,84,59.0,22.0,7.0,14.0,47.0,44.0,10.0,15.0
401813293,2025-12-06,2026,1,40,2253,197,Grand Canyon Lopes,Oklahoma State Cowboys,78,84,68.0,13.0,14.0,9.0,52.0,28.0,6.0,12.0
401813441,2025-12-06,2026,1,40,258,2168,Virginia Cavaliers,Dayton Flyers,86,73,45.0,27.0,6.0,21.0,64.0,22.0,9.0,9.0
401813452,2025-12-06,2026,0,40,2184,2619,Duquesne Dukes,Stony Brook Seawolves,84,75,58.0,26.0,13.0,11.0,68.0,14.0,13.0,8.0
401817149,2025-12-06,2026,0,40,45,2729,George Washington Revolutionaries,William & Mary Tribe,99,86,70.0,24.0,14.0,11.0,64.0,19.0,9.0,13.0
401817160,2025-12-06,2026,0,40,2350,163,Loyola Chicago Ramblers,Princeton Tigers,73,68,50.0,26.0,7.0,9.0,62.0,16.0,11.0,5.0
401817169,2025-12-06,2026,0,40,2507,227,Providence Friars,Rhode Island Rams,90,71,54.0,19.0,8.0,15.0,56.0,14.0,10.0,17.0
401817177,2025-12-06,2026,0,40,257,295,Richmond Spiders,Old Dominion Monarchs,86,77,66.0,28.0,11.0,7.0,72.0,20.0,13.0,7.0
401817202,2025-12-06,2026,0,40,2084,179,Buffalo Bulls,St. Bonaventure Bonnies,69,77,50.0,11.0,5.0,17.0,60.0,14.0,17.0,17.0
401817215,2025-12-06,2026,0,40,103,2441,Boston College Eagles,New Haven Chargers,67,63,48.0,23.0,11.0,15.0,49.0,24.0,9.0,10.0
401817225,2025-12-06,2026,0,40,25,279,California Golden Bears,Pacific Tigers,67,61,50.0,23.0,9.0,9.0,62.0,10.0,18.0,12.0
401817235,2025-12-06,2026,0,40,127,150,Michigan State Spartans,Duke Blue Devils,60,66,66.0,14.0,13.0,5.0,55.0,23.0,10.0,8.0
401817246,2025-12-06,2026,1,40,97,84,Louisville Cardinals,Indiana Hoosiers,87,78,54.0,28.0,7.0,13.0,63.0,19.0,10.0,13.0
401817257,2025-12-06,2026,0,40,152,2427,NC State Wolfpack,UNC Asheville Bulldogs,75,63,58.0,15.0,9.0,12.0,54.0,17.0,9.0,14.0
401817506,2025-12-06,2026,0,40,2870,94,Purdue Fort Wayne Mastodons,Northern Kentucky Norse,79,77,57.0,22.0,11.0,18.0,64.0,18.0,14.0,18.0
401817507,2025-12-06,2026,0,40,325,2174,Cleveland State Vikings,Detroit Mercy Titans,59,71,58.0,20.0,17.0,13.0,58.0,19.0,10.0,6.0
401817508,2025-12-06,2026,0,40,85,2754,IU Indianapolis Jaguars,Youngstown State Penguins,55,78,58.0,19.0,13.0,12.0,56.0,18.0,13.0,16.0
401817509,2025-12-06,2026,0,40,270,2523,Milwaukee Panthers,Robert Morris Colonials,74,72,60.0,28.0,10.0,8.0,61.0,19.0,9.0,10.0
401817523,2025-12-06,2026,0,40,259,2244,Virginia Tech Hokies,George Mason Patriots,73,62,57.0,13.0,8.0,9.0,55.0,14.0,13.0,16.0
401817534,2025-12-06,2026,1,40,277,154,West Virginia Mountaineers,Wake Forest Demon Deacons,66,75,52.0,24.0,19.0,18.0,57.0,11.0,14.0,11.0
401818535,2025-12-06,2026,0,40,171,399,Columbia Lions,UAlbany Great Danes,93,65,62.0,19.0,15.0,12.0,60.0,27.0,12.0,9.0
401818555,2025-12-06,2026,0,40,225,111948,Brown Bears,Elms Blazers,115,34,76.0,13.0,15.0,9.0,49.0,6.0,5.0,29.0
401819819,2025-12-06,2026,1,40,9,201,Arizona State Sun Devils,Oklahoma Sooners,86,70,53.0,34.0,9.0,12.0,63.0,26.0,15.0,13.0
401819829,2025-12-06,2026,0,40,235,239,Memphis Tigers,Baylor Bears,78,71,68.0,25.0,18.0,9.0,64.0,25.0,18.0,13.0
401819867,2025-12-06,2026,0,40,36,38,Colorado State Rams,Colorado Buffaloes,91,86,56.0,17.0,6.0,11.0,58.0,13.0,5.0,6.0
401819877,2025-12-06,2026,0,40,2509,66,Purdue Boilermakers,Iowa State Cyclones,58,81,59.0,14.0,15.0,15.0,61.0,6.0,11.0,12.0
401819894,2025-12-06,2026,0,40,2306,2550,Kansas State Wildcats,Seton Hall Pirates,67,78,62.0,35.0,19.0,16.0,72.0,22.0,15.0,12.0
401819911,2025-12-06,2026,0,40,254,2856,Utah Utes,California Baptist Lancers,91,85,55.0,37.0,10.0,9.0,72.0,19.0,23.0,12.0
401820488,2025-12-06,2026,0,40,2320,357,Lamar Cardinals,Texas A&M-Corpus Christi Islanders,49,57,51.0,9.0,7.0,11.0,45.0,19.0,6.0,13.0
401820547,2025-12-06,2026,0,45,2460,2724,Northern Iowa Panthers,Wichita State Shockers,69,74,61.0,22.0,8.0,8.0,60.0,17.0,12.0,14.0
401820601,2025-12-06,2026,0,40,2655,2006,Tulane Green Wave,Akron Zips,71,88,62.0,22.0,9.0,8.0,62.0,17.0,14.0,14.0
401820610,2025-12-06,2026,0,40,2066,2330,Binghamton Bearcats,Le Moyne Dolphins,63,78,56.0,21.0,10.0,12.0,53.0,18.0,7.0,10.0
401820629,2025-12-06,2026,0,40,193,311,Miami (OH) RedHawks,Maine Black Bears,93,61,67.0,13.0,17.0,15.0,52.0,13.0,7.0,20.0
401820812,2025-12-06,2026,0,40,151,2430,East Carolina Pirates,UNC Greensboro Spartans,78,82,65.0,16.0,18.0,15.0,59.0,24.0,12.0,11.0
401820828,2025-12-06,2026,0,40,2086,68,Butler Bulldogs,Boise State Broncos,68,77,60.0,17.0,9.0,8.0,63.0,26.0,16.0,8.0
401822336,2025-12-06,2026,0,40,2674,502,Valparaiso Beacons,Calumet St. Joseph Crimson Wave,98,58,70.0,12.0,14.0,10.0,57.0,12.0,8.0,17.0
401822763,2025-12-06,2026,0,40,2335,2154,Liberty Flames,Coppin State Eagles,92,50,62.0,7.0,9.0,11.0,56.0,18.0,11.0,15.0
401823017,2025-12-06,2026,0,40,2309,128531,Kent State Golden Flashes,Roberts Wesleyan Redhawks,111,68,62.0,26.0,9.0,17.0,72.0,21.0,12.0,15.0
401823027,2025-12-06,2026,0,40,275,269,Wisconsin Badgers,Marquette Golden Eagles,96,76,61.0,29.0,8.0,12.0,69.0,19.0,8.0,8.0
401823041,2025-12-06,2026,0,40,44,2379,American University Eagles,Maryland Eastern Shore Hawks,78,60,62.0,8.0,12.0,9.0,42.0,6.0,2.0,19.0
401823220,2025-12-06,2026,0,40,93,91,Murray State Racers,Bellarmine Knights,81,68,57.0,11.0,10.0,13.0,49.0,16.0,2.0,11.0
401823327,2025-12-06,2026,0,40,202,2623,Tulsa Golden Hurricane,Missouri State Bears,98,74,63.0,30.0,17.0,7.0,51.0,19.0,7.0,14.0
401823346,2025-12-06,2026,0,40,2229,294,Florida International Panthers,Jacksonville Dolphins,88,65,48.0,30.0,6.0,12.0,64.0,14.0,19.0,19.0
401823355,2025-12-06,2026,0,40,2640,2534,Texas Southern Tigers,Sam Houston Bearkats,70,82,66.0,28.0,14.0,15.0,63.0,32.0,14.0,14.0
401823363,2025-12-06,2026,0,40,98,339,Western Kentucky Hilltoppers,Evansville Purple Aces,80,79,62.0,23.0,14.0,14.0,59.0,23.0,12.0,15.0
401823422,2025-12-06,2026,0,40,189,3084,Bowling Green Falcons,Utah Valley Wolverines,71,82,62.0,20.0,12.0,13.0,56.0,15.0,9.0,17.0
401823465,2025-12-06,2026,0,40,71,2459,Bradley Braves,Northern Illinois Huskies,84,55,59.0,19.0,6.0,10.0,65.0,24.0,21.0,18.0
401823471,2025-12-06,2026,0,40,2473,2649,Oakland Golden Grizzlies,Toledo Rockets,98,97,70.0,20.0,7.0,5.0,77.0,14.0,17.0,12.0
401823480,2025-12-06,2026,0,40,12,2,Arizona Wildcats,Auburn Tigers,97,68,67.0,12.0,11.0,13.0,63.0,25.0,16.0,15.0
401823505,2025-12-06,2026,0,40,331,140,Eastern Washington Eagles,Kansas City Roos,90,66,66.0,26.0,16.0,14.0,54.0,21.0,9.0,21.0
401823528,2025-12-06,2026,0,40,2000,166,Abilene Christian Wildcats,New Mexico State Aggies,77,69,50.0,23.0,11.0,13.0,48.0,35.0,13.0,12.0
401823547,2025-12-06,2026,0,40,204,253,Oregon State Beavers,Southern Utah Thunderbirds,81,70,56.0,19.0,7.0,13.0,59.0,14.0,9.0,13.0
401823569,2025-12-06,2026,0,40,2571,70,South Dakota State Jackrabbits,Idaho Vandals,81,84,55.0,33.0,7.0,5.0,53.0,29.0,7.0,9.0
401823595,2025-12-06,2026,0,40,309,350,Louisiana Ragin' Cajuns,UNC Wilmington Seahawks,63,70,57.0,13.0,7.0,9.0,50.0,24.0,10.0,11.0
401823737,2025-12-06,2026,0,40,2540,2934,UC Santa Barbara Gauchos,Cal State Bakersfield Roadrunners,109,84,61.0,34.0,15.0,11.0,48.0,37.0,5.0,12.0
401823761,2025-12-06,2026,0,40,2751,159,Wyoming Cowboys,Dartmouth Big Green,93,80,68.0,22.0,12.0,7.0,47.0,23.0,3.0,17.0
401824073,2025-12-06,2026,0,40,2492,261,Pepperdine Waves,Vermont Catamounts,56,65,48.0,20.0,8.0,12.0,54.0,11.0,7.0,11.0
401824122,2025-12-06,2026,0,40,167,2541,New Mexico Lobos,Santa Clara Broncos,98,71,57.0,24.0,9.0,12.0,69.0,12.0,18.0,15.0
401824361,2025-12-06,2026,0,45,160,104,New Hampshire Wildcats,Boston University Terriers,88,82,65.0,29.0,13.0,10.0,62.0,27.0,10.0,13.0
401824813,2025-12-06,2026,1,40,248,52,Houston Cougars,Florida State Seminoles,82,67,65.0,9.0,12.0,13.0,57.0,18.0,16.0,19.0
401824856,2025-12-06,2026,0,40,304,2172,Idaho State Bengals,Denver Pioneers,93,79,64.0,18.0,12.0,6.0,55.0,27.0,10.0,10.0
401824865,2025-12-06,2026,0,40,59,2405,Georgia Tech Yellow Jackets,Monmouth Hawks,79,67,54.0,26.0,10.0,15.0,73.0,15.0,16.0,6.0
401825189,2025-12-06,2026,0,40,2031,2032,Little Rock Trojans,Arkansas State Red Wolves,78,90,57.0,17.0,3.0,9.0,69.0,9.0,13.0,12.0
401825207,2025-12-06,2026,0,40,2579,56,South Carolina Gamecocks,Stetson Hatters,82,51,55.0,12.0,10.0,13.0,56.0,18.0,8.0,7.0
401825388,2025-12-06,2026,0,40,2698,2635,West Georgia Wolves,Tennessee Tech Golden Eagles,59,87,56.0,19.0,9.0,14.0,57.0,16.0,6.0,11.0
401825398,2025-12-06,2026,0,40,2294,120,Iowa Hawkeyes,Maryland Terrapins,83,64,63.0,12.0,8.0,10.0,47.0,38.0,13.0,18.0
401825399,2025-12-06,2026,0,40,77,194,Northwestern Wildcats,Ohio State Buckeyes,82,86,61.0,18.0,13.0,14.0,61.0,20.0,9.0,11.0
401825400,2025-12-06,2026,0,40,130,164,Michigan Wolverines,Rutgers Scarlet Knights,101,60,65.0,15.0,11.0,11.0,67.0,9.0,14.0,16.0
401825401,2025-12-06,2026,0,40,26,2483,UCLA Bruins,Oregon Ducks,74,63,55.0,21.0,15.0,9.0,57.0,24.0,17.0,11.0
401825402,2025-12-06,2026,0,40,30,264,USC Trojans,Washington Huskies,76,84,60.0,28.0,9.0,8.0,64.0,25.0,14.0,12.0
401825574,2025-12-06,2026,0,40,305,2029,DePaul Blue Demons,Arkansas-Pine Bluff Golden Lions,76,72,55.0,41.0,9.0,7.0,60.0,7.0,5.0,17.0
401825581,2025-12-06,2026,0,40,198,147,Oral Roberts Golden Eagles,Montana State Bobcats,72,68,55.0,26.0,14.0,12.0,57.0,13.0,14.0,14.0
401825593,2025-12-06,2026,0,40,2449,2464,North Dakota State Bison,Northern Arizona Lumberjacks,69,68,64.0,18.0,17.0,16.0,61.0,8.0,8.0,13.0
401826754,2025-12-06,2026,0,40,2908,2717,South Carolina Upstate Spartans,Western Carolina Catamounts,78,67,51.0,30.0,7.0,13.0,58.0,28.0,9.0,10.0
401826764,2025-12-06,2026,0,40,113,2349,Massachusetts Minutemen,UMass Lowell River Hawks,80,60,70.0,17.0,13.0,13.0,50.0,27.0,8.0,20.0
401826791,2025-12-06,2026,0,40,8,278,Arkansas Razorbacks,Fresno State Bulldogs,82,58,66.0,17.0,10.0,8.0,63.0,13.0,12.0,17.0
401826916,2025-12-06,2026,0,40,2599,145,St. John's Red Storm,Ole Miss Rebels,63,58,50.0,35.0,15.0,20.0,55.0,20.0,13.0,20.0
401826924,2025-12-06,2026,0,40,2502,2437,Portland State Vikings,Omaha Mavericks,55,60,50.0,17.0,10.0,10.0,50.0,16.0,11.0,11.0
401826944,2025-12-06,2026,0,40,2506,2413,Presbyterian Blue Hose,Morehead State Eagles,80,72,53.0,30.0,17.0,17.0,58.0,15.0,7.0,10.0
401826970,2025-12-06,2026,0,40,2241,290,Gardner-Webb Runnin' Bulldogs,Georgia Southern Eagles,84,88,54.0,28.0,7.0,15.0,61.0,28.0,8.0,8.0
401827043,2025-12-06,2026,0,40,2504,3134,Prairie View A&M Panthers,Champion Christian Tigers,124,62,78.0,24.0,12.0,13.0,75.0,5.0,13.0,25.0
401827070,2025-12-06,2026,0,40,2737,324,Winthrop Eagles,Coastal Carolina Chanticleers,84,88,65.0,34.0,21.0,9.0,58.0,26.0,8.0,8.0
401827211,2025-12-06,2026,0,40,2653,548,Troy Trojans,LaGrange Panthers,101,47,76.0,23.0,18.0,16.0,64.0,17.0,13.0,25.0
401827263,2025-12-06,2026,0,40,195,276,Ohio Bobcats,Marshall Thundering Herd,88,81,60.0,29.0,9.0,9.0,63.0,20.0,13.0,12.0
401827519,2025-12-06,2026,0,40,2747,2210,Wofford Terriers,Elon Phoenix,52,73,56.0,15.0,11.0,9.0,54.0,14.0,11.0,11.0
401827528,2025-12-06,2026,0,40,2428,2448,North Carolina Central Eagles,North Carolina A&T Aggies,54,69,56.0,30.0,10.0,11.0,47.0,35.0,12.0,21.0
401828293,2025-12-06,2026,0,40,155,149,North Dakota Fighting Hawks,Montana Grizzlies,75,79,66.0,18.0,16.0,10.0,50.0,24.0,9.0,17.0
401828305,2025-12-06,2026,0,45,2169,48,Delaware State Hornets,Delaware Blue Hens,75,72,58.0,24.0,8.0,17.0,56.0,13.0,5.0,18.0
401828341,2025-12-06,2026,0,40,338,2247,Kennesaw State Owls,Georgia State Panthers,92,69,61.0,29.0,9.0,19.0,70.0,33.0,14.0,12.0
401828546,2025-12-06,2026,0,40,2198,3138,Eastern Kentucky Colonels,IU East IU EAST,122,67,89.0,25.0,22.0,12.0,61.0,11.0,8.0,31.0
401828722,2025-12-06,2026,0,40,256,2450,James Madison Dukes,Norfolk State Spartans,68,67,54.0,22.0,8.0,8.0,52.0,17.0,10.0,15.0
401829275,2025-12-06,2026,0,40,2565,2711,SIU Edwardsville Cougars,Western Michigan Broncos,73,83,64.0,17.0,9.0,5.0,47.0,19.0,7.0,19.0
401829350,2025-12-06,2026,0,40,236,2546,Chattanooga Mocs,Southeast Missouri State Redhawks,70,74,50.0,17.0,4.0,12.0,62.0,9.0,11.0,11.0
401829405,2025-12-06,2026,0,40,2142,374,Colgate Raiders,St. John Fisher Cardinals,94,50,62.0,12.0,8.0,12.0,58.0,12.0,8.0,18.0
401830238,2025-12-06,2026,0,40,47,2075,Howard Bison,Bowie State Bulldogs,85,69,60.0,32.0,12.0,20.0,44.0,41.0,7.0,24.0
401830634,2025-12-06,2026,0,40,2710,533,Western Illinois Leathernecks,Hannibal LaGrange Trojans,78,47,59.0,22.0,19.0,12.0,54.0,11.0,10.0,12.0
401831238,2025-12-06,2026,0,40,2325,2182,La Salle Explorers,Drexel Dragons,69,64,55.0,23.0,11.0,10.0,70.0,16.0,21.0,11.0
401831239,2025-12-06,2026,1,40,218,2603,Temple Owls,Saint Joseph's Hawks,69,70,59.0,24.0,17.0,11.0,58.0,21.0,18.0,12.0
401831240,2025-12-06,2026,0,40,222,219,Villanova Wildcats,Pennsylvania Quakers,90,63,60.0,13.0,10.0,10.0,59.0,12.0,13.0,14.0
401831242,2025-12-06,2026,1,40,50,2227,Florida A&M Rattlers,Florida Memorial FLORIDA MEMORIAL,60,58,54.0,22.0,11.0,17.0,56.0,25.0,12.0,14.0
401831529,2025-12-06,2026,0,40,2681,131603,Wagner Seahawks,Bryant & Stratton-Albany Bobcats,92,36,66.0,18.0,17.0,21.0,70.0,11.0,11.0,13.0
401808934,2025-12-07,2026,0,40,2545,2466,SE Louisiana Lions,Northwestern State Demons,68,76,50.0,30.0,9.0,11.0,49.0,27.0,11.0,15.0
401811972,2025-12-07,2026,0,40,2393,2057,Middle Tennessee Blue Raiders,Belmont Bruins,62,83,67.0,16.0,12.0,8.0,65.0,13.0,9.0,8.0
401812255,2025-12-07,2026,0,40,249,2628,North Texas Mean Green,TCU Horned Frogs,55,65,47.0,17.0,4.0,14.0,54.0,22.0,13.0,17.0
401812265,2025-12-07,2026,0,40,333,2636,Alabama Crimson Tide,UTSA Roadrunners,97,55,82.0,20.0,19.0,5.0,61.0,16.0,9.0,18.0
401812385,2025-12-07,2026,0,40,2515,2598,Radford Highlanders,Saint Francis Red Wolves,89,56,62.0,14.0,10.0,12.0,61.0,7.0,10.0,14.0
401812650,2025-12-07,2026,0,40,111,2115,Northeastern Huskies,Central Connecticut Blue Devils,73,56,56.0,14.0,6.0,10.0,63.0,17.0,10.0,9.0
401813309,2025-12-07,2026,0,40,2368,2363,Marist Red Foxes,Manhattan Jaspers,80,68,72.0,15.0,16.0,12.0,58.0,24.0,8.0,14.0
401813354,2025-12-07,2026,0,40,2561,2099,Siena Saints,Canisius Golden Griffins,74,52,59.0,18.0,10.0,6.0,54.0,19.0,12.0,14.0
401813381,2025-12-07,2026,0,40,2612,315,Saint Peter's Peacocks,Niagara Purple Eagles,71,43,55.0,14.0,10.0,9.0,45.0,14.0,9.0,18.0
401817189,2025-12-07,2026,0,40,139,2117,Saint Louis Billikens,Central Michigan Chippewas,107,65,69.0,22.0,13.0,4.0,53.0,23.0,9.0,13.0
401817268,2025-12-07,2026,0,40,153,46,North Carolina Tar Heels,Georgetown Hoyas,81,61,60.0,21.0,7.0,9.0,72.0,12.0,11.0,4.0
401817448,2025-12-07,2026,0,40,221,2275,Pittsburgh Panthers,Hofstra Pride,73,80,48.0,22.0,8.0,10.0,55.0,18.0,8.0,7.0
401817460,2025-12-07,2026,1,45,2567,245,SMU Mustangs,Texas A&M Aggies,93,80,66.0,28.0,8.0,11.0,71.0,34.0,16.0,16.0
401817471,2025-12-07,2026,0,40,24,2439,Stanford Cardinal,UNLV Rebels,74,75,63.0,27.0,20.0,16.0,58.0,27.0,12.0,14.0
401817510,2025-12-07,2026,0,40,2750,2739,Wright State Raiders,Green Bay Phoenix,86,58,58.0,25.0,10.0,8.0,48.0,18.0,7.0,18.0
401818305,2025-12-07,2026,0,40,43,82,Yale Bulldogs,UIC Flames,80,66,56.0,28.0,13.0,9.0,65.0,17.0,16.0,8.0
401819885,2025-12-07,2026,1,40,2305,142,Kansas Jayhawks,Missouri Tigers,80,60,57.0,26.0,12.0,9.0,61.0,21.0,16.0,10.0
401819902,2025-12-07,2026,1,40,2641,99,Texas Tech Red Raiders,LSU Tigers,82,58,60.0,18.0,13.0,14.0,63.0,19.0,9.0,9.0
401820157,2025-12-07,2026,0,40,2426,2005,Navy Midshipmen,Air Force Falcons,61,56,53.0,15.0,6.0,8.0,53.0,14.0,6.0,11.0
401820214,2025-12-07,2026,0,40,2385,2062,Mercyhurst Lakers,Bethany (WV) Bison,80,51,68.0,5.0,12.0,9.0,52.0,7.0,7.0,19.0
401820583,2025-12-07,2026,0,40,2514,2520,Quinnipiac Bobcats,Rider Broncs,72,58,70.0,9.0,13.0,8.0,62.0,8.0,11.0,13.0
401820802,2025-12-07,2026,0,40,2429,328,Charlotte 49ers,Utah State Aggies,53,79,51.0,20.0,14.0,19.0,58.0,19.0,9.0,6.0
401820835,2025-12-07,2026,0,40,158,156,Nebraska Cornhuskers,Creighton Bluejays,71,50,55.0,20.0,8.0,8.0,52.0,17.0,9.0,12.0
401823192,2025-12-07,2026,0,40,2771,2217,Merrimack Warriors,Fairfield Stags,74,63,47.0,27.0,4.0,9.0,59.0,16.0,16.0,13.0
401823233,2025-12-07,2026,0,40,526,2226,Florida Gulf Coast Eagles,Florida Atlantic Owls,76,81,55.0,16.0,8.0,15.0,56.0,32.0,14.0,12.0
401823423,2025-12-07,2026,0,40,189,486,Bowling Green Falcons,Aquinas Saints,131,50,70.0,31.0,7.0,7.0,53.0,8.0,4.0,30.0
401823448,2025-12-07,2026,0,40,2250,2454,Gonzaga Bulldogs,North Florida Ospreys,109,58,70.0,18.0,13.0,12.0,60.0,13.0,7.0,18.0
401823490,2025-12-07,2026,0,40,2382,2476,Mercer Bears,Oglethorpe Stormy Petrels,100,50,82.0,15.0,20.0,8.0,63.0,6.0,10.0,21.0
401823726,2025-12-07,2026,0,40,2529,314,Sacred Heart Pioneers,Iona Gaels,69,81,56.0,14.0,11.0,20.0,61.0,18.0,10.0,10.0
401824129,2025-12-07,2026,0,40,2547,2638,Seattle U Redhawks,UTEP Miners,75,68,51.0,24.0,10.0,12.0,57.0,13.0,8.0,13.0
401824139,2025-12-07,2026,0,40,265,2440,Washington State Cougars,Nevada Wolf Pack,64,78,51.0,22.0,11.0,14.0,60.0,21.0,14.0,6.0
401824828,2025-12-07,2026,0,40,2116,119,UCF Knights,Towson Tigers,86,61,56.0,21.0,11.0,9.0,55.0,13.0,12.0,15.0
401824892,2025-12-07,2026,0,40,2193,2839,East Tennessee State Buccaneers,Tusculum Pioneers,78,62,63.0,17.0,13.0,13.0,71.0,6.0,19.0,16.0
401824939,2025-12-07,2026,0,40,2837,2110,East Texas A&M Lions,Central Arkansas Bears,75,68,55.0,25.0,7.0,14.0,60.0,15.0,4.0,12.0
401824953,2025-12-07,2026,0,40,288,2010,Lipscomb Bisons,Alabama A&M Bulldogs,92,58,62.0,13.0,6.0,4.0,56.0,21.0,13.0,12.0
401826730,2025-12-07,2026,1,40,344,2539,Mississippi State Bulldogs,San Francisco Dons,62,65,67.0,8.0,13.0,5.0,61.0,10.0,11.0,6.0
401826816,2025-12-07,2026,0,40,349,417,Army Black Knights,Gallaudet Bison,111,53,79.0,9.0,25.0,16.0,64.0,3.0,7.0,16.0
401826902,2025-12-07,2026,0,40,2348,3120,Louisiana Tech Bulldogs,Ecclesia Royals,89,37,52.0,15.0,9.0,15.0,54.0,11.0,7.0,14.0
401826956,2025-12-07,2026,0,40,2900,2692,St. Thomas Tommies,Weber State Wildcats,88,65,58.0,17.0,5.0,10.0,55.0,20.0,12.0,17.0
401827000,2025-12-07,2026,0,40,2627,2096,Tarleton State Texans,Cameron Aggies,93,63,70.0,16.0,12.0,14.0,57.0,24.0,10.0,18.0
401827156,2025-12-07,2026,0,40,2630,2011,UT Martin Skyhawks,Alabama State Hornets,74,64,63.0,23.0,20.0,13.0,51.0,19.0,8.0,13.0
401828298,2025-12-07,2026,0,40,2097,3229,Campbell Fighting Camels,Virginia Lynchburg Dragons,149,62,98.0,11.0,27.0,11.0,68.0,15.0,6.0,19.0
401828312,2025-12-07,2026,0,40,55,2040,Jacksonville State Gamecocks,Auburn Montgomery Senators,66,39,49.0,20.0,9.0,21.0,66.0,15.0,15.0,13.0
401828644,2025-12-07,2026,0,40,2166,2608,Davidson Wildcats,Saint Mary's Gaels,61,70,58.0,15.0,9.0,9.0,61.0,17.0,17.0,11.0
401829354,2025-12-07,2026,0,40,282,88,Indiana State Sycamores,Southern Indiana Screaming Eagles,77,55,61.0,10.0,8.0,9.0,55.0,13.0,6.0,9.0
401829434,2025-12-07,2026,0,40,2535,172,Samford Bulldogs,Cornell Big Red,93,90,58.0,33.0,8.0,11.0,76.0,18.0,17.0,9.0
401829449,2025-12-07,2026,0,40,2617,2433,Stephen F. Austin Lumberjacks,UL Monroe Warhawks,96,76,69.0,13.0,11.0,8.0,66.0,24.0,13.0,9.0
401830122,2025-12-07,2026,0,40,292,2046,UT Rio Grande Valley Vaqueros,Austin Peay Governors,63,50,55.0,11.0,11.0,20.0,57.0,19.0,9.0,12.0
401808900,2025-12-08,2026,0,40,2443,2916,LSU New Orleans Privateers,Incarnate Word Cardinals,84,83,48.0,26.0,9.0,18.0,59.0,21.0,12.0,11.0
401812581,2025-12-08,2026,0,40,219,322,Pennsylvania Quakers,Lafayette Leopards,74,72,66.0,19.0,13.0,9.0,59.0,13.0,6.0,13.0
401819895,2025-12-08,2026,0,40,2306,2400,Kansas State Wildcats,Mississippi Valley State Delta Devils,108,49,66.0,16.0,12.0,14.0,62.0,16.0,12.0,19.0
401820846,2025-12-08,2026,0,40,2127,2569,Charleston Southern Buccaneers,South Carolina State Bulldogs,84,44,57.0,30.0,13.0,11.0,54.0,24.0,13.0,15.0
401827017,2025-12-08,2026,0,40,251,2582,Texas Longhorns,Southern Jaguars,95,69,51.0,32.0,9.0,13.0,59.0,25.0,12.0,14.0
401827090,2025-12-08,2026,0,40,2572,2755,Southern Miss Golden Eagles,Grambling Tigers,68,60,56.0,14.0,10.0,17.0,51.0,25.0,16.0,21.0
401828342,2025-12-08,2026,0,40,338,2576,Kennesaw State Owls,Southern Wesleyan Warriors,121,66,81.0,15.0,20.0,7.0,57.0,16.0,9.0,20.0
401809082,2025-12-09,2026,0,40,2520,2083,Rider Broncs,Bucknell Bison,38,51,47.0,9.0,6.0,15.0,53.0,8.0,6.0,11.0
401811111,2025-12-09,2026,0,40,2751,233,Wyoming Cowboys,South Dakota Coyotes,106,79,64.0,21.0,10.0,11.0,53.0,33.0,9.0,14.0
401812669,2025-12-09,2026,0,40,107,2517,Holy Cross Crusaders,Regis College Pride,69,47,65.0,21.0,17.0,9.0,52.0,4.0,6.0,17.0
401812793,2025-12-09,2026,1,40,41,57,UConn Huskies,Florida Gators,77,73,58.0,16.0,7.0,9.0,59.0,27.0,16.0,12.0
401812923,2025-12-09,2026,1,40,252,228,BYU Cougars,Clemson Tigers,67,64,62.0,14.0,16.0,9.0,58.0,15.0,17.0,12.0
401813280,2025-12-09,2026,0,40,305,2415,DePaul Blue Demons,Morgan State Bears,92,49,46.0,37.0,6.0,9.0,55.0,31.0,21.0,20.0
401817170,2025-12-09,2026,0,40,227,2377,Rhode Island Rams,McNeese Cowboys,64,66,39.0,27.0,4.0,21.0,60.0,19.0,12.0,11.0
401817513,2025-12-09,2026,0,40,258,2379,Virginia Cavaliers,Maryland Eastern Shore Hawks,84,60,62.0,15.0,9.0,7.0,54.0,8.0,6.0,15.0
401818536,2025-12-09,2026,0,45,2619,171,Stony Brook Seawolves,Columbia Lions,77,73,67.0,21.0,13.0,16.0,69.0,19.0,18.0,18.0
401818556,2025-12-09,2026,0,40,2507,225,Providence Friars,Brown Bears,86,79,65.0,21.0,13.0,14.0,65.0,20.0,8.0,10.0
401819820,2025-12-09,2026,0,40,9,2464,Arizona State Sun Devils,Northern Arizona Lumberjacks,73,48,52.0,22.0,10.0,13.0,51.0,10.0,4.0,13.0
401819920,2025-12-09,2026,0,40,277,2031,West Virginia Mountaineers,Little Rock Trojans,90,58,59.0,17.0,15.0,10.0,58.0,16.0,13.0,11.0
401820191,2025-12-09,2026,0,40,2678,2352,VMI Keydets,Loyola Maryland Greyhounds,86,70,59.0,16.0,10.0,5.0,57.0,23.0,15.0,11.0
401820295,2025-12-09,2026,0,40,25,2957,California Golden Bears,Dominican (CA) Penguins,93,71,71.0,30.0,17.0,5.0,53.0,15.0,7.0,19.0
401822326,2025-12-09,2026,0,40,2050,2571,Ball State Cardinals,South Dakota State Jackrabbits,64,68,61.0,20.0,13.0,7.0,57.0,11.0,11.0,11.0
401822395,2025-12-09,2026,0,40,2815,510,Lindenwood Lions,Culver Stockton Wildcats,110,44,60.0,17.0,11.0,18.0,69.0,9.0,16.0,19.0
401822670,2025-12-09,2026,0,40,2603,2154,Saint Joseph's Hawks,Coppin State Eagles,87,65,53.0,24.0,7.0,10.0,57.0,13.0,6.0,11.0
401823312,2025-12-09,2026,0,45,23,299,San José State Spartans,Long Beach State Beach,89,83,54.0,27.0,7.0,12.0,67.0,14.0,18.0,15.0
401823389,2025-12-09,2026,0,40,94,2855,Northern Kentucky Norse,Brescia Bearcats,92,53,59.0,33.0,12.0,14.0,68.0,16.0,12.0,16.0
401823432,2025-12-09,2026,0,40,2378,2084,UMBC Retrievers,Buffalo Bulls,79,83,59.0,8.0,7.0,11.0,55.0,18.0,8.0,10.0
401823566,2025-12-09,2026,0,40,130,222,Michigan Wolverines,Villanova Wildcats,89,61,69.0,25.0,15.0,12.0,62.0,14.0,6.0,15.0
401823811,2025-12-09,2026,0,40,36,159,Colorado State Rams,Dartmouth Big Green,76,55,54.0,3.0,4.0,12.0,52.0,8.0,8.0,15.0
401824114,2025-12-09,2026,0,40,301,30,San Diego Toreros,USC Trojans,81,94,66.0,24.0,13.0,14.0,47.0,35.0,6.0,21.0
401824872,2025-12-09,2026,0,40,231,3243,Furman Paladins,Bob Jones Bruins,105,57,69.0,19.0,13.0,11.0,59.0,10.0,7.0,17.0
401825403,2025-12-09,2026,0,40,84,213,Indiana Hoosiers,Penn State Nittany Lions,113,72,61.0,15.0,4.0,10.0,56.0,22.0,8.0,14.0
401825404,2025-12-09,2026,0,40,194,356,Ohio State Buckeyes,Illinois Fighting Illini,80,88,61.0,21.0,7.0,6.0,54.0,32.0,9.0,9.0
401826741,2025-12-09,2026,0,40,2172,2862,Denver Pioneers,Colorado Christian Cougars,95,59,59.0,19.0,8.0,7.0,52.0,16.0,4.0,9.0
401826839,2025-12-09,2026,0,40,218,111179,Temple Owls,Georgian Court Lions,103,57,61.0,28.0,9.0,9.0,55.0,25.0,6.0,12.0
401827071,2025-12-09,2026,0,40,2737,2648,Winthrop Eagles,Toccoa Falls Eagles,111,62,75.0,18.0,19.0,12.0,63.0,17.0,8.0,15.0
401827529,2025-12-09,2026,1,40,47,2448,Howard Bison,North Carolina A&T Aggies,73,69,54.0,28.0,12.0,14.0,63.0,15.0,18.0,15.0
401828738,2025-12-09,2026,0,40,96,2428,Kentucky Wildcats,North Carolina Central Eagles,103,67,64.0,14.0,7.0,9.0,57.0,17.0,7.0,13.0
401829432,2025-12-09,2026,0,40,236,3083,Chattanooga Mocs,Oakwood Ambassadors,103,46,75.0,13.0,23.0,10.0,60.0,15.0,14.0,13.0
401829439,2025-12-09,2026,0,40,2643,2576,The Citadel Bulldogs,Southern Wesleyan Warriors,98,73,82.0,6.0,15.0,5.0,70.0,11.0,14.0,11.0
401829469,2025-12-09,2026,0,40,2437,2178,Omaha Mavericks,Doane Tigers,79,70,60.0,14.0,12.0,15.0,56.0,10.0,5.0,13.0
401830127,2025-12-09,2026,0,40,2433,2027,UL Monroe Warhawks,Arkansas Baptist Buffaloes,79,69,58.0,41.0,12.0,13.0,72.0,16.0,15.0,12.0
401812291,2025-12-10,2026,0,40,2230,161,Fordham Rams,Fairleigh Dickinson Knights,75,54,58.0,13.0,12.0,11.0,55.0,9.0,6.0,12.0
401813453,2025-12-10,2026,0,40,68,2184,Boise State Broncos,Duquesne Dukes,86,64,60.0,20.0,8.0,8.0,58.0,18.0,6.0,11.0
401817150,2025-12-10,2026,0,40,45,48,George Washington Revolutionaries,Delaware Blue Hens,58,70,62.0,22.0,17.0,12.0,49.0,13.0,4.0,18.0
401817203,2025-12-10,2026,0,40,179,2142,St. Bonaventure Bonnies,Colgate Raiders,85,77,65.0,24.0,16.0,12.0,67.0,19.0,15.0,6.0
401817216,2025-12-10,2026,1,40,103,113,Boston College Eagles,Massachusetts Minutemen,74,76,58.0,35.0,14.0,9.0,62.0,24.0,17.0,15.0
401817258,2025-12-10,2026,0,40,152,2335,NC State Wolfpack,Liberty Flames,85,45,60.0,19.0,9.0,8.0,51.0,10.0,6.0,17.0
401817438,2025-12-10,2026,0,40,87,70,Notre Dame Fighting Irish,Idaho Vandals,80,65,61.0,10.0,11.0,9.0,58.0,10.0,7.0,6.0
401818306,2025-12-10,2026,1,40,43,399,Yale Bulldogs,UAlbany Great Danes,93,82,62.0,34.0,15.0,10.0,62.0,19.0,5.0,7.0
401819830,2025-12-10,2026,0,40,239,2450,Baylor Bears,Norfolk State Spartans,97,67,68.0,21.0,13.0,12.0,60.0,26.0,9.0,12.0
401820619,2025-12-10,2026,0,40,314,2803,Iona Gaels,Bryant Bulldogs,69,63,61.0,9.0,6.0,8.0,56.0,4.0,9.0,17.0
401820630,2025-12-10,2026,0,40,104,311,Boston University Terriers,Maine Black Bears,59,69,56.0,16.0,16.0,15.0,46.0,15.0,5.0,14.0
401822740,2025-12-10,2026,0,40,2670,167,VCU Rams,New Mexico Lobos,78,81,62.0,28.0,17.0,12.0,54.0,22.0,9.0,14.0
401823175,2025-12-10,2026,0,40,2239,3246,Cal State Fullerton Titans,Bethesda Flames,116,66,66.0,36.0,12.0,13.0,73.0,11.0,15.0,19.0
401823262,2025-12-10,2026,0,40,2463,278,Cal State Northridge Matadors,Fresno State Bulldogs,89,87,60.0,14.0,8.0,13.0,60.0,16.0,7.0,11.0
401823364,2025-12-10,2026,0,40,276,98,Marshall Thundering Herd,Western Kentucky Hilltoppers,77,61,67.0,15.0,14.0,8.0,65.0,21.0,17.0,11.0
401823397,2025-12-10,2026,0,40,2870,2199,Purdue Fort Wayne Mastodons,Eastern Michigan Eagles,80,65,56.0,23.0,7.0,9.0,50.0,15.0,5.0,11.0
401823767,2025-12-10,2026,0,40,21,2320,San Diego State Aztecs,Lamar Cardinals,89,71,60.0,31.0,12.0,13.0,58.0,20.0,9.0,18.0
401824814,2025-12-10,2026,0,40,248,2296,Houston Cougars,Jackson State Tigers,80,38,65.0,13.0,18.0,11.0,44.0,5.0,7.0,25.0
401824857,2025-12-10,2026,0,40,3084,304,Utah Valley Wolverines,Idaho State Bengals,73,69,56.0,17.0,12.0,17.0,55.0,17.0,8.0,13.0
401824901,2025-12-10,2026,0,40,62,2267,Hawai'i Rainbow Warriors,Hawaiʻi Hilo Vulcans,98,46,69.0,22.0,15.0,6.0,61.0,7.0,12.0,16.0
401825405,2025-12-10,2026,0,40,158,275,Nebraska Cornhuskers,Wisconsin Badgers,90,60,61.0,15.0,8.0,10.0,64.0,11.0,11.0,11.0
401825406,2025-12-10,2026,0,40,2509,135,Purdue Boilermakers,Minnesota Golden Gophers,85,57,58.0,22.0,14.0,9.0,56.0,15.0,5.0,9.0
401826749,2025-12-10,2026,0,40,2447,128256,Nicholls Colonels,College of Biblical Studies Ambassadors,117,49,83.0,26.0,25.0,11.0,57.0,4.0,7.0,29.0
401826765,2025-12-10,2026,0,40,2349,524,UMass Lowell River Hawks,Fisher Eagles,122,73,86.0,28.0,27.0,8.0,73.0,7.0,6.0,13.0
401826774,2025-12-10,2026,0,40,2226,2605,Florida Atlantic Owls,Saint Leo Monarchs,112,55,73.0,22.0,19.0,9.0,57.0,17.0,8.0,18.0
401826836,2025-12-10,2026,0,40,58,232,South Florida Bulls,Charleston Cougars,81,75,69.0,23.0,21.0,8.0,62.0,25.0,17.0,12.0
401826846,2025-12-10,2026,0,40,2655,2650,Tulane Green Wave,Tougaloo Bulldogs,84,72,62.0,24.0,13.0,16.0,61.0,15.0,7.0,17.0
401826864,2025-12-10,2026,0,40,163,2771,Princeton Tigers,Merrimack Warriors,56,59,57.0,21.0,19.0,10.0,46.0,20.0,3.0,5.0
401826957,2025-12-10,2026,0,40,140,2692,Kansas City Roos,Weber State Wildcats,60,64,59.0,21.0,12.0,16.0,61.0,18.0,12.0,18.0
401827018,2025-12-10,2026,0,40,326,2582,Texas State Bobcats,Southern Jaguars,86,83,54.0,31.0,9.0,19.0,63.0,19.0,11.0,19.0
401827133,2025-12-10,2026,0,40,202,2029,Tulsa Golden Hurricane,Arkansas-Pine Bluff Golden Lions,117,84,63.0,37.0,11.0,10.0,57.0,21.0,7.0,15.0
401828294,2025-12-10,2026,0,40,149,131858,Montana Grizzlies,Salish Kootenai Bison,102,46,61.0,9.0,2.0,12.0,64.0,11.0,7.0,11.0
401828547,2025-12-10,2026,0,40,2197,2198,Eastern Illinois Panthers,Eastern Kentucky Colonels,59,68,53.0,14.0,8.0,12.0,57.0,13.0,12.0,11.0
401828685,2025-12-10,2026,0,40,2885,2441,NJIT Highlanders,New Haven Chargers,70,64,47.0,31.0,6.0,11.0,65.0,19.0,15.0,7.0
401829393,2025-12-10,2026,0,40,79,2630,Southern Illinois Salukis,UT Martin Skyhawks,83,54,56.0,21.0,9.0,13.0,56.0,12.0,11.0,19.0
401829458,2025-12-10,2026,0,40,155,509,North Dakota Fighting Hawks,Crown Polars,89,43,74.0,17.0,20.0,12.0,48.0,8.0,4.0,27.0
401830422,2025-12-10,2026,0,45,2427,193,UNC Asheville Bulldogs,Miami (OH) RedHawks,87,90,62.0,22.0,3.0,12.0,62.0,24.0,4.0,5.0
401830739,2025-12-10,2026,0,40,2275,16231,Hofstra Pride,SUNY Old Westbury Panthers,92,23,64.0,17.0,18.0,10.0,51.0,6.0,5.0,15.0
401817480,2025-12-11,2026,0,40,183,2603,Syracuse Orange,Saint Joseph's Hawks,71,63,53.0,28.0,6.0,10.0,56.0,27.0,14.0,14.0
401817511,2025-12-11,2026,0,40,85,2739,IU Indianapolis Jaguars,Green Bay Phoenix,75,85,61.0,26.0,9.0,9.0,52.0,31.0,8.0,14.0
401817524,2025-12-11,2026,0,40,259,2717,Virginia Tech Hokies,Western Carolina Catamounts,96,74,64.0,23.0,11.0,11.0,57.0,30.0,15.0,14.0
401819878,2025-12-11,2026,0,40,66,2294,Iowa State Cyclones,Iowa Hawkeyes,66,62,52.0,23.0,10.0,9.0,51.0,5.0,8.0,16.0
401820813,2025-12-11,2026,0,40,151,2026,East Carolina Pirates,App State Mountaineers,54,67,62.0,12.0,13.0,9.0,57.0,12.0,12.0,16.0
401823347,2025-12-11,2026,0,40,294,3174,Jacksonville Dolphins,Trinity College of Jacksonville Eagles,122,49,69.0,27.0,18.0,9.0,56.0,25.0,10.0,15.0
401823738,2025-12-11,2026,0,40,2934,2449,Cal State Bakersfield Roadrunners,North Dakota State Bison,69,80,64.0,21.0,15.0,16.0,61.0,37.0,21.0,14.0
401823872,2025-12-11,2026,0,40,292,250,UT Rio Grande Valley Vaqueros,UT Arlington Mavericks,50,58,47.0,11.0,5.0,11.0,52.0,11.0,13.0,13.0
401826742,2025-12-11,2026,0,40,2172,1,Denver Pioneers,Alaska Anchorage Seawolves,97,61,58.0,23.0,15.0,13.0,56.0,10.0,9.0,14.0
401827157,2025-12-11,2026,0,40,142,2011,Missouri Tigers,Alabama State Hornets,85,77,51.0,16.0,7.0,11.0,59.0,12.0,10.0,7.0
401829479,2025-12-11,2026,0,40,2900,2600,St. Thomas Tommies,Saint John's (MN) Johnnies,80,56,57.0,30.0,8.0,7.0,62.0,17.0,9.0,8.0
401829492,2025-12-11,2026,0,40,290,3189,Georgia Southern Eagles,Coastal Georgia Mariner,100,58,69.0,18.0,13.0,7.0,52.0,20.0,5.0,15.0
401831530,2025-12-11,2026,0,45,2681,2854,Wagner Seahawks,Bloomfield Deacons,95,93,75.0,15.0,17.0,18.0,76.0,14.0,9.0,12.0
401808702,2025-12-12,2026,0,40,2377,2837,McNeese Cowboys,East Texas A&M Lions,102,66,63.0,24.0,12.0,16.0,61.0,16.0,11.0,22.0
401812794,2025-12-12,2026,0,40,41,251,UConn Huskies,Texas Longhorns,71,63,53.0,13.0,7.0,15.0,53.0,28.0,13.0,12.0
401820489,2025-12-12,2026,0,40,357,2937,Texas A&M-Corpus Christi Islanders,Dallas Christian Crusaders,108,55,68.0,22.0,11.0,14.0,52.0,30.0,5.0,19.0
401822353,2025-12-12,2026,0,40,284,126751,Stonehill Skyhawks,Vermont State Johnson Badgers,101,60,64.0,28.0,14.0,11.0,58.0,15.0,4.0,15.0
401823042,2025-12-12,2026,0,40,2448,2379,North Carolina A&T Aggies,Maryland Eastern Shore Hawks,82,79,50.0,38.0,11.0,13.0,67.0,17.0,13.0,7.0
401823328,2025-12-12,2026,0,40,2752,2623,Xavier Musketeers,Missouri State Bears,75,57,65.0,12.0,13.0,6.0,53.0,15.0,10.0,13.0
401823496,2025-12-12,2026,0,40,2511,2569,Queens University Royals,South Carolina State Bulldogs,102,78,66.0,29.0,15.0,6.0,68.0,18.0,18.0,14.0
401823506,2025-12-12,2026,0,40,331,2856,Eastern Washington Eagles,California Baptist Lancers,83,88,59.0,27.0,11.0,11.0,56.0,28.0,15.0,15.0
401824893,2025-12-12,2026,0,40,2046,2193,Austin Peay Governors,East Tennessee State Buccaneers,76,75,62.0,17.0,12.0,11.0,61.0,14.0,9.0,12.0
401826056,2025-12-12,2026,0,40,2378,349,UMBC Retrievers,Army Black Knights,60,63,58.0,16.0,8.0,8.0,57.0,20.0,10.0,10.0
401826971,2025-12-12,2026,0,40,2241,2913,Gardner-Webb Runnin' Bulldogs,Brevard Tornados,77,63,60.0,21.0,11.0,13.0,54.0,11.0,3.0,15.0
401829476,2025-12-12,2026,0,40,2571,513,South Dakota State Jackrabbits,Dakota Wesleyan Tigers,94,62,63.0,23.0,14.0,12.0,65.0,8.0,7.0,9.0
401830119,2025-12-12,2026,0,40,2430,108807,UNC Greensboro Spartans,William Peace Pacers,90,62,67.0,15.0,8.0,3.0,63.0,10.0,8.0,8.0
401808901,2025-12-13,2026,0,40,248,2443,Houston Cougars,LSU New Orleans Privateers,99,57,59.0,31.0,11.0,6.0,45.0,23.0,10.0,21.0
401808953,2025-12-13,2026,0,45,2277,2545,Houston Christian Huskies,SE Louisiana Lions,71,74,58.0,18.0,12.0,16.0,56.0,25.0,11.0,13.0
401809421,2025-12-13,2026,0,40,2390,2433,Miami Hurricanes,UL Monroe Warhawks,104,79,70.0,17.0,15.0,8.0,63.0,14.0,9.0,10.0
401811112,2025-12-13,2026,0,40,233,2504,South Dakota Coyotes,Prairie View A&M Panthers,97,85,61.0,44.0,15.0,13.0,66.0,18.0,10.0,14.0
401812266,2025-12-13,2026,1,40,333,12,Alabama Crimson Tide,Arizona Wildcats,75,96,56.0,18.0,3.0,15.0,84.0,20.0,22.0,4.0
401812361,2025-12-13,2026,0,40,112358,2325,Long Island University Sharks,La Salle Explorers,70,60,48.0,24.0,9.0,16.0,61.0,10.0,18.0,18.0
401812631,2025-12-13,2026,0,40,48,2463,Delaware Blue Hens,Cal State Northridge Matadors,66,88,53.0,18.0,9.0,15.0,65.0,14.0,13.0,9.0
401812651,2025-12-13,2026,0,40,2066,2115,Binghamton Bearcats,Central Connecticut Blue Devils,67,84,48.0,24.0,6.0,11.0,55.0,11.0,6.0,12.0
401812924,2025-12-13,2026,0,40,228,2382,Clemson Tigers,Mercer Bears,70,63,54.0,16.0,8.0,9.0,54.0,10.0,3.0,9.0
401813261,2025-12-13,2026,1,40,328,2287,Utah State Aggies,Illinois State Redbirds,83,78,61.0,15.0,19.0,16.0,51.0,16.0,7.0,17.0
401813281,2025-12-13,2026,0,40,2415,315,Morgan State Bears,Niagara Purple Eagles,81,73,44.0,21.0,10.0,23.0,53.0,19.0,4.0,9.0
401813294,2025-12-13,2026,1,40,197,201,Oklahoma State Cowboys,Oklahoma Sooners,76,85,71.0,16.0,10.0,5.0,63.0,20.0,11.0,9.0
401813325,2025-12-13,2026,0,40,2803,2368,Bryant Bulldogs,Marist Red Foxes,74,82,52.0,16.0,6.0,16.0,55.0,21.0,8.0,11.0
401813355,2025-12-13,2026,0,40,311,2099,Maine Black Bears,Canisius Golden Griffins,43,70,51.0,14.0,10.0,16.0,56.0,17.0,13.0,14.0
401813404,2025-12-13,2026,0,40,2352,116,Loyola Maryland Greyhounds,Mount St. Mary's Mountaineers,73,81,65.0,17.0,10.0,12.0,54.0,24.0,10.0,19.0
401813442,2025-12-13,2026,0,40,2168,2454,Dayton Flyers,North Florida Ospreys,84,61,65.0,17.0,14.0,9.0,62.0,16.0,15.0,15.0
401813454,2025-12-13,2026,0,40,2440,2184,Nevada Wolf Pack,Duquesne Dukes,78,75,56.0,32.0,12.0,8.0,59.0,20.0,14.0,13.0
401813763,2025-12-13,2026,1,40,2250,26,Gonzaga Bulldogs,UCLA Bruins,82,72,56.0,32.0,12.0,8.0,51.0,19.0,6.0,10.0
401817151,2025-12-13,2026,1,40,57,45,Florida Gators,George Washington Revolutionaries,80,70,54.0,33.0,12.0,13.0,65.0,19.0,13.0,12.0
401817178,2025-12-13,2026,0,45,257,79,Richmond Spiders,Southern Illinois Salukis,93,84,63.0,27.0,2.0,13.0,69.0,25.0,15.0,22.0
401817190,2025-12-13,2026,0,40,139,2539,Saint Louis Billikens,San Francisco Dons,85,75,62.0,25.0,13.0,9.0,62.0,21.0,10.0,9.0
401817204,2025-12-13,2026,1,45,195,179,Ohio Bobcats,St. Bonaventure Bonnies,88,83,64.0,15.0,8.0,16.0,70.0,21.0,14.0,16.0
401817226,2025-12-13,2026,0,40,25,2466,California Golden Bears,Northwestern State Demons,79,70,55.0,21.0,10.0,12.0,51.0,15.0,5.0,14.0
401817247,2025-12-13,2026,0,40,97,235,Louisville Cardinals,Memphis Tigers,99,73,54.0,25.0,8.0,13.0,68.0,20.0,16.0,11.0
401817259,2025-12-13,2026,0,45,152,2305,NC State Wolfpack,Kansas Jayhawks,76,77,74.0,15.0,11.0,7.0,70.0,10.0,10.0,8.0
401817269,2025-12-13,2026,0,40,153,2908,North Carolina Tar Heels,South Carolina Upstate Spartans,80,62,55.0,22.0,7.0,6.0,66.0,3.0,11.0,7.0
401817439,2025-12-13,2026,0,40,87,339,Notre Dame Fighting Irish,Evansville Purple Aces,82,58,59.0,17.0,10.0,12.0,53.0,13.0,8.0,13.0
401817449,2025-12-13,2026,0,40,222,221,Villanova Wildcats,Pittsburgh Panthers,79,61,50.0,24.0,7.0,3.0,57.0,12.0,16.0,12.0
401817461,2025-12-13,2026,1,40,99,2567,LSU Tigers,SMU Mustangs,89,77,58.0,12.0,10.0,12.0,61.0,17.0,16.0,10.0
401817472,2025-12-13,2026,0,40,23,24,San José State Spartans,Stanford Cardinal,82,86,64.0,20.0,11.0,8.0,46.0,29.0,12.0,20.0
401817483,2025-12-13,2026,0,40,183,2275,Syracuse Orange,Hofstra Pride,69,70,57.0,16.0,15.0,9.0,53.0,6.0,8.0,10.0
401819821,2025-12-13,2026,1,40,2541,9,Santa Clara Broncos,Arizona State Sun Devils,79,82,64.0,17.0,12.0,15.0,53.0,19.0,7.0,16.0
401819838,2025-12-13,2026,0,40,252,27,BYU Cougars,UC Riverside Highlanders,100,53,66.0,26.0,13.0,10.0,62.0,5.0,7.0,18.0
401819848,2025-12-13,2026,1,40,61,2132,Georgia Bulldogs,Cincinnati Bearcats,84,65,60.0,26.0,9.0,15.0,65.0,21.0,14.0,14.0
401819868,2025-12-13,2026,0,40,38,2636,Colorado Buffaloes,UTSA Roadrunners,88,64,69.0,17.0,17.0,11.0,64.0,16.0,14.0,16.0
401819896,2025-12-13,2026,0,40,156,2306,Creighton Bluejays,Kansas State Wildcats,76,83,63.0,15.0,11.0,7.0,68.0,15.0,15.0,7.0
401819912,2025-12-13,2026,1,40,254,344,Utah Utes,Mississippi State Bulldogs,74,82,53.0,24.0,8.0,14.0,65.0,9.0,8.0,8.0
401819921,2025-12-13,2026,1,50,194,277,Ohio State Buckeyes,West Virginia Mountaineers,89,88,72.0,25.0,14.0,12.0,63.0,34.0,13.0,17.0
401820215,2025-12-13,2026,0,40,2166,2385,Davidson Wildcats,Mercyhurst Lakers,80,47,51.0,17.0,10.0,9.0,45.0,16.0,3.0,10.0
401820401,2025-12-13,2026,0,40,2439,2634,UNLV Rebels,Tennessee State Tigers,60,63,51.0,32.0,13.0,18.0,60.0,13.0,13.0,18.0
401820548,2025-12-13,2026,0,40,2460,2473,Northern Iowa Panthers,Oakland Golden Grizzlies,75,63,58.0,27.0,8.0,8.0,58.0,19.0,9.0,17.0
401820584,2025-12-13,2026,0,40,2514,2349,Quinnipiac Bobcats,UMass Lowell River Hawks,75,71,63.0,29.0,13.0,10.0,57.0,13.0,6.0,19.0
401820602,2025-12-13,2026,1,40,2006,93,Akron Zips,Murray State Racers,100,115,76.0,25.0,15.0,8.0,69.0,25.0,15.0,18.0
401822170,2025-12-13,2026,0,40,2230,2363,Fordham Rams,Manhattan Jaspers,82,53,66.0,4.0,15.0,12.0,58.0,9.0,6.0,9.0
401822337,2025-12-13,2026,0,40,2674,350,Valparaiso Beacons,UNC Wilmington Seahawks,70,73,65.0,24.0,18.0,6.0,60.0,33.0,22.0,9.0
401822727,2025-12-13,2026,0,45,46,2612,Georgetown Hoyas,Saint Peter's Peacocks,76,68,50.0,36.0,12.0,15.0,57.0,29.0,11.0,12.0
401822867,2025-12-13,2026,0,50,2086,2507,Butler Bulldogs,Providence Friars,113,110,81.0,38.0,21.0,7.0,86.0,18.0,17.0,9.0
401823028,2025-12-13,2026,0,40,2509,269,Purdue Boilermakers,Marquette Golden Eagles,79,59,56.0,15.0,12.0,14.0,61.0,15.0,15.0,12.0
401823176,2025-12-13,2026,0,40,2172,2239,Denver Pioneers,Cal State Fullerton Titans,86,105,68.0,22.0,13.0,12.0,64.0,23.0,10.0,11.0
401823221,2025-12-13,2026,0,40,91,94,Bellarmine Knights,Northern Kentucky Norse,76,80,54.0,13.0,7.0,18.0,63.0,17.0,12.0,10.0
401823406,2025-12-13,2026,0,40,2523,2649,Robert Morris Colonials,Toledo Rockets,75,70,58.0,28.0,14.0,9.0,60.0,30.0,10.0,7.0
401823412,2025-12-13,2026,0,40,276,2750,Marshall Thundering Herd,Wright State Raiders,76,74,57.0,16.0,12.0,11.0,73.0,6.0,18.0,5.0
401823457,2025-12-13,2026,0,40,2619,2117,Stony Brook Seawolves,Central Michigan Chippewas,78,55,49.0,15.0,13.0,20.0,57.0,15.0,7.0,8.0
401823466,2025-12-13,2026,0,40,2210,2459,Elon Phoenix,Northern Illinois Huskies,85,79,56.0,33.0,11.0,9.0,58.0,27.0,12.0,13.0
401823481,2025-12-13,2026,1,40,2,236,Auburn Tigers,Chattanooga Mocs,92,78,53.0,37.0,14.0,13.0,59.0,20.0,4.0,6.0
401823548,2025-12-13,2026,0,40,264,253,Washington Huskies,Southern Utah Thunderbirds,105,69,72.0,23.0,13.0,2.0,64.0,10.0,9.0,11.0
401823727,2025-12-13,2026,0,40,2885,2529,NJIT Highlanders,Sacred Heart Pioneers,49,65,59.0,14.0,12.0,11.0,56.0,14.0,11.0,10.0
401823739,2025-12-13,2026,0,40,2934,2492,Cal State Bakersfield Roadrunners,Pepperdine Waves,62,70,57.0,25.0,16.0,15.0,55.0,19.0,12.0,15.0
401823790,2025-12-13,2026,0,40,2253,324,Grand Canyon Lopes,Coastal Carolina Chanticleers,82,61,76.0,20.0,20.0,5.0,67.0,8.0,10.0,4.0
401824029,2025-12-13,2026,0,40,3101,130183,Utah Tech Trailblazers,Justice Lions,89,48,59.0,22.0,10.0,16.0,53.0,19.0,7.0,20.0
401824060,2025-12-13,2026,0,40,204,147,Oregon State Beavers,Montana State Bobcats,67,57,45.0,28.0,5.0,11.0,57.0,15.0,11.0,11.0
401824066,2025-12-13,2026,0,40,279,612,Pacific Tigers,Simpson (CA) Red Hawks,104,50,71.0,8.0,15.0,12.0,50.0,13.0,4.0,17.0
401824115,2025-12-13,2026,0,40,301,2464,San Diego Toreros,Northern Arizona Lumberjacks,78,69,50.0,24.0,9.0,14.0,52.0,14.0,9.0,17.0
401824130,2025-12-13,2026,0,40,2547,2952,Seattle U Redhawks,Warner Pacific Knights,115,60,75.0,17.0,14.0,12.0,62.0,13.0,4.0,17.0
401824309,2025-12-13,2026,0,40,2599,314,St. John's Red Storm,Iona Gaels,91,64,58.0,25.0,10.0,17.0,71.0,7.0,12.0,13.0
401824362,2025-12-13,2026,0,40,159,104,Dartmouth Big Green,Boston University Terriers,77,64,53.0,26.0,8.0,9.0,62.0,17.0,15.0,13.0
401824902,2025-12-13,2026,0,40,62,2638,Hawai'i Rainbow Warriors,UTEP Miners,66,61,52.0,22.0,7.0,8.0,60.0,10.0,9.0,9.0
401824940,2025-12-13,2026,0,40,238,2110,Vanderbilt Commodores,Central Arkansas Bears,83,72,64.0,22.0,13.0,13.0,61.0,27.0,10.0,12.0
401825389,2025-12-13,2026,0,40,2698,290,West Georgia Wolves,Georgia Southern Eagles,85,91,63.0,20.0,17.0,17.0,65.0,23.0,13.0,10.0
401825407,2025-12-13,2026,0,40,356,158,Illinois Fighting Illini,Nebraska Cornhuskers,80,83,58.0,20.0,13.0,8.0,62.0,8.0,8.0,6.0
401825408,2025-12-13,2026,0,40,120,130,Maryland Terrapins,Michigan Wolverines,83,101,61.0,13.0,11.0,12.0,58.0,22.0,6.0,9.0
401825409,2025-12-13,2026,0,40,213,127,Penn State Nittany Lions,Michigan State Spartans,72,76,66.0,9.0,9.0,9.0,52.0,21.0,11.0,17.0
401825575,2025-12-13,2026,0,40,2724,305,Wichita State Shockers,DePaul Blue Demons,58,61,53.0,28.0,15.0,11.0,47.0,10.0,6.0,18.0
401826090,2025-12-13,2026,0,40,2483,302,Oregon Ducks,UC Davis Aggies,104,62,61.0,27.0,14.0,12.0,57.0,19.0,7.0,14.0
401826704,2025-12-13,2026,0,40,2244,295,George Mason Patriots,Old Dominion Monarchs,73,61,56.0,31.0,9.0,11.0,53.0,14.0,6.0,16.0
401826711,2025-12-13,2026,1,40,52,113,Florida State Seminoles,Massachusetts Minutemen,95,103,72.0,23.0,15.0,12.0,71.0,21.0,12.0,14.0
401826789,2025-12-13,2026,1,40,8,2641,Arkansas Razorbacks,Texas Tech Red Raiders,93,86,63.0,26.0,16.0,7.0,69.0,10.0,14.0,7.0
401826795,2025-12-13,2026,0,40,2226,399,Florida Atlantic Owls,UAlbany Great Danes,105,79,68.0,21.0,10.0,13.0,63.0,20.0,6.0,15.0
401826810,2025-12-13,2026,0,40,242,2032,Rice Owls,Arkansas State Red Wolves,77,76,64.0,23.0,12.0,7.0,61.0,19.0,13.0,11.0
401826834,2025-12-13,2026,0,40,2635,2064,Tennessee Tech Golden Eagles,Bethel (TN) Wildcats,101,69,60.0,32.0,7.0,17.0,72.0,11.0,11.0,18.0
401826847,2025-12-13,2026,1,40,28,2655,UC San Diego Tritons,Tulane Green Wave,93,67,75.0,16.0,17.0,12.0,61.0,22.0,8.0,15.0
401826894,2025-12-13,2026,0,40,2550,164,Seton Hall Pirates,Rutgers Scarlet Knights,81,59,62.0,12.0,14.0,15.0,53.0,22.0,15.0,18.0
401826903,2025-12-13,2026,0,40,2348,309,Louisiana Tech Bulldogs,Louisiana Ragin' Cajuns,65,44,49.0,19.0,12.0,15.0,50.0,13.0,13.0,16.0
401826925,2025-12-13,2026,0,40,2502,415,Portland State Vikings,George Fox Bruins,94,50,72.0,15.0,14.0,6.0,52.0,18.0,8.0,16.0
401826935,2025-12-13,2026,0,40,77,2296,Northwestern Wildcats,Jackson State Tigers,93,53,56.0,39.0,11.0,10.0,56.0,23.0,8.0,13.0
401826952,2025-12-13,2026,1,40,3084,2540,Utah Valley Wolverines,UC Santa Barbara Gauchos,68,53,57.0,18.0,13.0,15.0,53.0,14.0,11.0,19.0
401827055,2025-12-13,2026,0,40,2344,2169,Longwood Lancers,Delaware State Hornets,76,81,53.0,20.0,11.0,16.0,50.0,25.0,5.0,9.0
401827072,2025-12-13,2026,0,40,2737,3243,Winthrop Eagles,Bob Jones Bruins,101,55,65.0,28.0,18.0,15.0,60.0,8.0,8.0,20.0
401827196,2025-12-13,2026,0,40,2010,2027,Alabama A&M Bulldogs,Arkansas Baptist Buffaloes,67,59,53.0,29.0,10.0,16.0,54.0,22.0,4.0,13.0
401827208,2025-12-13,2026,0,40,96,84,Kentucky Wildcats,Indiana Hoosiers,72,60,58.0,38.0,14.0,4.0,44.0,29.0,8.0,18.0
401827259,2025-12-13,2026,1,40,145,2572,Ole Miss Rebels,Southern Miss Golden Eagles,71,67,49.0,26.0,4.0,8.0,54.0,20.0,9.0,14.0
401827524,2025-12-13,2026,1,40,47,2261,Howard Bison,Hampton Pirates,61,57,47.0,33.0,8.0,13.0,50.0,43.0,15.0,12.0
401828286,2025-12-13,2026,1,40,166,202,New Mexico State Aggies,Tulsa Golden Hurricane,70,83,56.0,26.0,8.0,11.0,44.0,35.0,8.0,16.0
401828313,2025-12-13,2026,0,40,2247,55,Georgia State Panthers,Jacksonville State Gamecocks,77,73,52.0,32.0,9.0,7.0,66.0,20.0,13.0,4.0
401828528,2025-12-13,2026,0,40,198,3120,Oral Roberts Golden Eagles,Ecclesia Royals,97,52,52.0,40.0,13.0,19.0,48.0,36.0,5.0,16.0
401828548,2025-12-13,2026,0,40,2198,193,Eastern Kentucky Colonels,Miami (OH) RedHawks,69,79,62.0,22.0,19.0,14.0,61.0,9.0,7.0,9.0
401828910,2025-12-13,2026,0,40,2181,2449,Drake Bulldogs,North Dakota State Bison,94,99,52.0,29.0,6.0,13.0,62.0,22.0,6.0,5.0
401829424,2025-12-13,2026,0,40,2579,2643,South Carolina Gamecocks,The Citadel Bulldogs,71,55,59.0,21.0,11.0,9.0,57.0,20.0,10.0,9.0
401829452,2025-12-13,2026,0,40,140,125330,Kansas City Roos,Spurgeon Knights,102,75,61.0,33.0,13.0,20.0,78.0,12.0,12.0,16.0
401829459,2025-12-13,2026,0,45,155,2710,North Dakota Fighting Hawks,Western Illinois Leathernecks,66,69,55.0,25.0,12.0,17.0,70.0,25.0,25.0,16.0
401829480,2025-12-13,2026,0,40,2427,2900,UNC Asheville Bulldogs,St. Thomas Tommies,59,80,53.0,13.0,9.0,16.0,57.0,24.0,10.0,9.0
401830198,2025-12-13,2026,0,40,2057,82,Belmont Bruins,UIC Flames,87,84,50.0,22.0,11.0,14.0,65.0,13.0,15.0,8.0
401812386,2025-12-14,2026,0,40,218,2598,Temple Owls,Saint Francis Red Wolves,95,67,57.0,14.0,3.0,9.0,61.0,13.0,10.0,12.0
401817161,2025-12-14,2026,0,40,2350,2130,Loyola Chicago Ramblers,Chicago State Cougars,75,84,67.0,22.0,23.0,17.0,64.0,29.0,14.0,9.0
401817512,2025-12-14,2026,0,40,2870,2174,Purdue Fort Wayne Mastodons,Detroit Mercy Titans,81,77,60.0,27.0,7.0,2.0,68.0,14.0,15.0,9.0
401817525,2025-12-14,2026,0,40,259,2379,Virginia Tech Hokies,Maryland Eastern Shore Hawks,82,53,57.0,13.0,5.0,8.0,57.0,12.0,13.0,14.0
401817535,2025-12-14,2026,0,40,154,2511,Wake Forest Demon Deacons,Queens University Royals,111,73,58.0,24.0,7.0,10.0,57.0,15.0,6.0,13.0
401819879,2025-12-14,2026,0,40,66,2197,Iowa State Cyclones,Eastern Illinois Panthers,78,53,58.0,27.0,11.0,12.0,53.0,12.0,8.0,18.0
401820803,2025-12-14,2026,0,40,232,2429,Charleston Cougars,Charlotte 49ers,74,67,58.0,16.0,8.0,12.0,58.0,14.0,9.0,11.0
401820814,2025-12-14,2026,0,40,151,2084,East Carolina Pirates,Buffalo Bulls,73,70,63.0,30.0,15.0,7.0,59.0,21.0,14.0,13.0
401822314,2025-12-14,2026,0,40,270,282,Milwaukee Panthers,Indiana State Sycamores,68,70,67.0,19.0,16.0,6.0,52.0,6.0,5.0,15.0
401822327,2025-12-14,2026,0,40,2097,2050,Campbell Fighting Camels,Ball State Cardinals,69,64,62.0,29.0,19.0,12.0,59.0,20.0,12.0,14.0
401822764,2025-12-14,2026,0,40,2515,2154,Radford Highlanders,Coppin State Eagles,107,77,62.0,21.0,9.0,14.0,56.0,19.0,9.0,23.0
401823005,2025-12-14,2026,0,40,2754,2644,Youngstown State Penguins,Thiel Tomcats,103,52,69.0,11.0,14.0,7.0,60.0,8.0,13.0,15.0
401823018,2025-12-14,2026,0,40,2501,2309,Portland Pilots,Kent State Golden Flashes,88,78,63.0,21.0,7.0,16.0,58.0,28.0,14.0,24.0
401823234,2025-12-14,2026,0,40,167,526,New Mexico Lobos,Florida Gulf Coast Eagles,75,59,60.0,27.0,16.0,13.0,57.0,14.0,9.0,12.0
401823313,2025-12-14,2026,0,40,2217,2405,Fairfield Stags,Monmouth Hawks,73,65,67.0,5.0,16.0,9.0,61.0,5.0,9.0,10.0
401823348,2025-12-14,2026,0,40,245,294,Texas A&M Aggies,Jacksonville Dolphins,112,75,71.0,23.0,17.0,12.0,58.0,17.0,9.0,19.0
401823570,2025-12-14,2026,0,40,70,2866,Idaho Vandals,Evergreen State Geoducks,109,55,72.0,16.0,19.0,12.0,55.0,13.0,3.0,16.0
401823650,2025-12-14,2026,0,40,2294,2711,Iowa Hawkeyes,Western Michigan Broncos,91,51,59.0,17.0,9.0,6.0,57.0,22.0,16.0,13.0
401823812,2025-12-14,2026,0,40,36,3141,Colorado State Rams,Northern New Mexico Eagles,104,54,62.0,22.0,8.0,9.0,58.0,12.0,9.0,16.0
401823819,2025-12-14,2026,1,40,68,2608,Boise State Broncos,Saint Mary's Gaels,68,67,52.0,14.0,4.0,15.0,57.0,24.0,10.0,10.0
401824140,2025-12-14,2026,0,40,30,265,USC Trojans,Washington State Cougars,68,61,50.0,34.0,5.0,11.0,53.0,14.0,4.0,13.0
401826737,2025-12-14,2026,1,45,2026,2272,App State Mountaineers,High Point Panthers,86,78,57.0,26.0,7.0,12.0,75.0,27.0,19.0,8.0
401826769,2025-12-14,2026,0,40,261,2771,Vermont Catamounts,Merrimack Warriors,66,59,50.0,24.0,10.0,7.0,51.0,16.0,9.0,9.0
401826876,2025-12-14,2026,0,40,5,2653,UAB Blazers,Troy Trojans,85,86,61.0,13.0,9.0,10.0,61.0,16.0,9.0,8.0
401827008,2025-12-14,2026,0,40,135,2640,Minnesota Golden Gophers,Texas Southern Tigers,89,53,57.0,25.0,10.0,11.0,53.0,13.0,7.0,17.0
401827113,2025-12-14,2026,0,40,142,2065,Missouri Tigers,Bethune-Cookman Wildcats,82,60,59.0,11.0,11.0,15.0,45.0,21.0,5.0,16.0
401827487,2025-12-14,2026,0,40,325,2474,Cleveland State Vikings,Oakland City Mighty Oaks,96,52,68.0,14.0,20.0,12.0,54.0,22.0,7.0,10.0
401828279,2025-12-14,2026,0,40,6,249,South Alabama Jaguars,North Texas Mean Green,57,58,49.0,22.0,9.0,11.0,56.0,16.0,11.0,14.0
401829344,2025-12-14,2026,0,40,2565,101,SIU Edwardsville Cougars,Eureka Red Devils,97,54,76.0,13.0,14.0,9.0,49.0,18.0,5.0,24.0
401829351,2025-12-14,2026,0,40,2546,2615,Southeast Missouri State Redhawks,Saint Xavier Cougars,88,65,61.0,25.0,8.0,15.0,59.0,19.0,7.0,19.0
401829394,2025-12-14,2026,0,40,2630,3134,UT Martin Skyhawks,Champion Christian Tigers,96,52,78.0,20.0,23.0,16.0,67.0,6.0,6.0,17.0
401832162,2025-12-14,2026,0,40,71,3071,Bradley Braves,North Central College Cardinals,86,53,61.0,37.0,16.0,9.0,46.0,12.0,8.0,26.0
401808703,2025-12-15,2026,0,40,2545,2837,SE Louisiana Lions,East Texas A&M Lions,69,70,58.0,17.0,9.0,7.0,51.0,17.0,6.0,12.0
401812256,2025-12-15,2026,0,40,2628,2916,TCU Horned Frogs,Incarnate Word Cardinals,69,65,51.0,25.0,9.0,8.0,57.0,9.0,7.0,12.0
401813382,2025-12-15,2026,0,40,2670,315,VCU Rams,Niagara Purple Eagles,84,58,54.0,21.0,11.0,10.0,65.0,8.0,16.0,10.0
401820475,2025-12-15,2026,0,40,2277,2377,Houston Christian Huskies,McNeese Cowboys,68,78,55.0,17.0,12.0,10.0,54.0,9.0,7.0,8.0
401823365,2025-12-15,2026,0,40,98,2098,Western Kentucky Hilltoppers,Campbellsville Tigers,102,59,68.0,24.0,15.0,8.0,60.0,7.0,5.0,12.0
401823439,2025-12-15,2026,0,40,2010,2453,Alabama A&M Bulldogs,North Alabama Lions,68,60,56.0,31.0,13.0,7.0,50.0,17.0,4.0,12.0
401823762,2025-12-15,2026,1,40,2571,2751,South Dakota State Jackrabbits,Wyoming Cowboys,72,87,55.0,24.0,7.0,7.0,56.0,20.0,9.0,11.0
401825208,2025-12-15,2026,0,40,56,2519,Stetson Hatters,Rhodes Lynx,95,76,72.0,15.0,16.0,18.0,70.0,12.0,9.0,11.0
401826972,2025-12-15,2026,0,40,2241,2747,Gardner-Webb Runnin' Bulldogs,Wofford Terriers,57,83,50.0,17.0,4.0,16.0,66.0,20.0,18.0,11.0
401827134,2025-12-15,2026,0,40,2029,3120,Arkansas-Pine Bluff Golden Lions,Ecclesia Royals,114,64,81.0,18.0,18.0,19.0,58.0,27.0,8.0,26.0
401829435,2025-12-15,2026,0,40,2535,2081,Samford Bulldogs,Bryan Lions,106,51,64.0,23.0,7.0,6.0,68.0,4.0,10.0,12.0
401829464,2025-12-15,2026,0,40,2449,2772,North Dakota State Bison,Crookston (MN) Golden Eagles,101,67,68.0,24.0,12.0,10.0,57.0,4.0,1.0,19.0
401842404,2025-12-15,2026,0,40,50,2013,Florida A&M Rattlers,Albany State Golden Rams,93,77,59.0,20.0,9.0,11.0,49.0,26.0,7.0,18.0
401806344,2025-12-16,2026,0,40,2413,2031,Morehead State Eagles,Little Rock Trojans,78,64,59.0,25.0,13.0,18.0,53.0,25.0,6.0,14.0
401808976,2025-12-16,2026,0,40,2320,292,Lamar Cardinals,UT Rio Grande Valley Vaqueros,72,83,59.0,21.0,11.0,13.0,58.0,13.0,6.0,11.0
401809422,2025-12-16,2026,0,40,2390,2229,Miami Hurricanes,Florida International Panthers,98,81,65.0,31.0,15.0,12.0,63.0,21.0,12.0,14.0
401812362,2025-12-16,2026,0,40,344,112358,Mississippi State Bulldogs,Long Island University Sharks,87,83,60.0,30.0,11.0,9.0,68.0,11.0,8.0,6.0
401812670,2025-12-16,2026,0,40,107,159,Holy Cross Crusaders,Dartmouth Big Green,64,89,55.0,21.0,7.0,8.0,56.0,20.0,12.0,15.0
401812925,2025-12-16,2026,0,40,228,2579,Clemson Tigers,South Carolina Gamecocks,68,61,47.0,31.0,4.0,8.0,51.0,23.0,9.0,14.0
401813326,2025-12-16,2026,0,40,59,2368,Georgia Tech Yellow Jackets,Marist Red Foxes,87,76,57.0,17.0,10.0,15.0,62.0,14.0,12.0,10.0
401813356,2025-12-16,2026,0,40,227,2099,Rhode Island Rams,Canisius Golden Griffins,62,45,61.0,13.0,17.0,13.0,47.0,14.0,9.0,19.0
401813443,2025-12-16,2026,0,40,2168,52,Dayton Flyers,Florida State Seminoles,97,69,51.0,47.0,6.0,12.0,58.0,27.0,14.0,20.0
401817236,2025-12-16,2026,0,40,150,288,Duke Blue Devils,Lipscomb Bisons,97,73,69.0,22.0,20.0,22.0,61.0,20.0,3.0,16.0
401817248,2025-12-16,2026,0,40,2633,97,Tennessee Volunteers,Louisville Cardinals,83,62,53.0,28.0,10.0,11.0,58.0,18.0,12.0,16.0
401817270,2025-12-16,2026,0,40,153,2193,North Carolina Tar Heels,East Tennessee State Buccaneers,77,58,50.0,23.0,7.0,7.0,52.0,16.0,6.0,7.0
401819839,2025-12-16,2026,0,40,252,279,BYU Cougars,Pacific Tigers,93,57,62.0,27.0,13.0,9.0,64.0,3.0,11.0,18.0
401819886,2025-12-16,2026,0,40,2305,119,Kansas Jayhawks,Towson Tigers,73,49,60.0,14.0,12.0,9.0,69.0,12.0,22.0,11.0
401819903,2025-12-16,2026,0,40,2641,2458,Texas Tech Red Raiders,Northern Colorado Bears,101,90,58.0,24.0,4.0,3.0,66.0,8.0,12.0,10.0
401822338,2025-12-16,2026,0,40,77,2674,Northwestern Wildcats,Valparaiso Beacons,86,70,61.0,22.0,11.0,7.0,54.0,22.0,10.0,15.0
401822346,2025-12-16,2026,0,40,189,2130,Bowling Green Falcons,Chicago State Cougars,76,55,55.0,18.0,7.0,10.0,58.0,27.0,14.0,11.0
401822868,2025-12-16,2026,0,40,41,2086,UConn Huskies,Butler Bulldogs,79,60,63.0,13.0,15.0,15.0,61.0,24.0,12.0,10.0
401822869,2025-12-16,2026,0,40,2599,305,St. John's Red Storm,DePaul Blue Demons,79,66,58.0,21.0,10.0,10.0,69.0,5.0,11.0,12.0
401823329,2025-12-16,2026,0,40,2623,198,Missouri State Bears,Oral Roberts Golden Eagles,63,62,50.0,21.0,8.0,10.0,47.0,23.0,4.0,11.0
401823379,2025-12-16,2026,0,40,85,126972,IU Indianapolis Jaguars,Miami (OH) Middletown ThunderHawks,126,73,91.0,12.0,16.0,7.0,60.0,23.0,12.0,28.0
401823413,2025-12-16,2026,0,40,2750,193,Wright State Raiders,Miami (OH) RedHawks,76,83,63.0,24.0,12.0,10.0,51.0,28.0,3.0,11.0
401823467,2025-12-16,2026,0,40,2459,3107,Northern Illinois Huskies,East West Phantoms,112,64,96.0,19.0,39.0,17.0,60.0,12.0,5.0,19.0
401823472,2025-12-16,2026,0,40,127,2649,Michigan State Spartans,Toledo Rockets,92,69,67.0,19.0,18.0,15.0,64.0,17.0,6.0,4.0
401823497,2025-12-16,2026,0,40,8,2511,Arkansas Razorbacks,Queens University Royals,108,80,64.0,27.0,10.0,14.0,68.0,20.0,16.0,17.0
401823529,2025-12-16,2026,0,40,12,2000,Arizona Wildcats,Abilene Christian Wildcats,96,62,45.0,38.0,7.0,19.0,56.0,25.0,11.0,16.0
401823537,2025-12-16,2026,0,40,2856,2582,California Baptist Lancers,Southern Jaguars,75,67,60.0,26.0,14.0,11.0,58.0,20.0,12.0,14.0
401823728,2025-12-16,2026,0,40,2349,2529,UMass Lowell River Hawks,Sacred Heart Pioneers,87,82,73.0,16.0,16.0,9.0,61.0,11.0,7.0,14.0
401823853,2025-12-16,2026,0,40,48,2520,Delaware Blue Hens,Rider Broncs,65,57,47.0,20.0,4.0,9.0,61.0,9.0,11.0,9.0
401824044,2025-12-16,2026,0,40,2351,28,Loyola Marymount Lions,UC San Diego Tritons,57,67,56.0,10.0,8.0,18.0,59.0,19.0,13.0,16.0
401825582,2025-12-16,2026,0,40,13,147,Cal Poly Mustangs,Montana State Bobcats,80,83,63.0,31.0,17.0,11.0,66.0,25.0,14.0,8.0
401826046,2025-12-16,2026,0,40,27,128501,UC Riverside Highlanders,Stanton Elks,95,70,61.0,24.0,16.0,7.0,59.0,10.0,7.0,7.0
401826743,2025-12-16,2026,0,40,2172,2145,Denver Pioneers,Colorado Colorado Springs Mountain Lions,129,93,70.0,27.0,12.0,8.0,75.0,15.0,11.0,7.0
401826781,2025-12-16,2026,0,40,201,140,Oklahoma Sooners,Kansas City Roos,89,67,70.0,19.0,16.0,8.0,52.0,22.0,9.0,16.0
401826858,2025-12-16,2026,0,40,251,2330,Texas Longhorns,Le Moyne Dolphins,95,53,68.0,23.0,18.0,13.0,60.0,23.0,10.0,13.0
401826980,2025-12-16,2026,0,40,2272,124942,High Point Panthers,Mary Baldwin Fighting Squirrels,129,47,69.0,33.0,13.0,7.0,53.0,10.0,5.0,26.0
401827001,2025-12-16,2026,0,40,2400,2627,Mississippi Valley State Delta Devils,Tarleton State Texans,64,88,48.0,12.0,5.0,26.0,59.0,22.0,10.0,16.0
401827064,2025-12-16,2026,0,40,2569,2908,South Carolina State Bulldogs,South Carolina Upstate Spartans,72,78,55.0,13.0,5.0,12.0,53.0,25.0,9.0,11.0
401827516,2025-12-16,2026,0,40,2182,47,Drexel Dragons,Howard Bison,66,74,51.0,19.0,7.0,14.0,48.0,25.0,9.0,16.0
401827530,2025-12-16,2026,0,40,2430,2448,UNC Greensboro Spartans,North Carolina A&T Aggies,65,71,63.0,19.0,14.0,6.0,64.0,18.0,16.0,10.0
401828471,2025-12-16,2026,0,40,2335,111166,Liberty Flames,Midway Eagles,95,57,58.0,17.0,5.0,6.0,55.0,6.0,5.0,14.0
401829050,2025-12-16,2026,0,40,195,2980,Ohio Bobcats,Ohio Wesleyan Battling Bishops,89,56,62.0,20.0,8.0,8.0,62.0,15.0,9.0,15.0
401829470,2025-12-16,2026,0,40,2437,109998,Omaha Mavericks,York (NE) Panthers,105,58,76.0,20.0,18.0,7.0,69.0,8.0,10.0,12.0
401830199,2025-12-16,2026,0,40,339,2057,Evansville Purple Aces,Belmont Bruins,78,83,61.0,24.0,10.0,13.0,58.0,25.0,7.0,14.0
401830423,2025-12-16,2026,0,40,2427,3077,UNC Asheville Bulldogs,Kentucky Christian Knights,83,73,57.0,21.0,11.0,20.0,65.0,22.0,9.0,9.0
401808575,2025-12-17,2026,0,40,326,2032,Texas State Bobcats,Arkansas State Red Wolves,70,89,62.0,18.0,9.0,11.0,55.0,20.0,11.0,19.0
401808577,2025-12-17,2026,0,40,295,256,Old Dominion Monarchs,James Madison Dukes,77,68,53.0,33.0,8.0,6.0,54.0,18.0,7.0,12.0
401808578,2025-12-17,2026,0,50,2433,6,UL Monroe Warhawks,South Alabama Jaguars,92,96,64.0,21.0,10.0,24.0,68.0,19.0,7.0,17.0
401808919,2025-12-17,2026,0,40,2447,2277,Nicholls Colonels,Houston Christian Huskies,79,64,65.0,11.0,9.0,7.0,45.0,25.0,5.0,18.0
401808967,2025-12-17,2026,0,40,2617,357,Stephen F. Austin Lumberjacks,Texas A&M-Corpus Christi Islanders,69,60,46.0,38.0,10.0,11.0,53.0,25.0,14.0,12.0
401811113,2025-12-17,2026,0,40,233,512,South Dakota Coyotes,Dakota State Trojans,80,71,53.0,39.0,12.0,7.0,61.0,10.0,6.0,9.0
401812267,2025-12-17,2026,0,40,333,58,Alabama Crimson Tide,South Florida Bulls,104,93,69.0,35.0,20.0,14.0,72.0,34.0,25.0,15.0
401812387,2025-12-17,2026,0,40,57,2598,Florida Gators,Saint Francis Red Wolves,102,61,59.0,24.0,13.0,15.0,63.0,11.0,8.0,12.0
401813764,2025-12-17,2026,0,40,26,9,UCLA Bruins,Arizona State Sun Devils,90,77,62.0,22.0,11.0,8.0,60.0,26.0,11.0,11.0
401817162,2025-12-17,2026,0,40,2539,2350,San Francisco Dons,Loyola Chicago Ramblers,85,71,51.0,26.0,7.0,4.0,51.0,33.0,11.0,5.0
401817179,2025-12-17,2026,0,40,2210,257,Elon Phoenix,Richmond Spiders,73,70,56.0,16.0,11.0,13.0,53.0,10.0,11.0,20.0
401817191,2025-12-17,2026,0,40,139,2065,Saint Louis Billikens,Bethune-Cookman Wildcats,112,53,64.0,23.0,10.0,13.0,62.0,23.0,10.0,14.0
401817260,2025-12-17,2026,0,40,152,2640,NC State Wolfpack,Texas Southern Tigers,108,72,67.0,27.0,17.0,7.0,65.0,20.0,15.0,13.0
401817450,2025-12-17,2026,0,40,221,2066,Pittsburgh Panthers,Binghamton Bearcats,103,63,58.0,24.0,8.0,11.0,41.0,27.0,5.0,22.0
401817473,2025-12-17,2026,0,40,24,250,Stanford Cardinal,UT Arlington Mavericks,76,60,48.0,32.0,7.0,12.0,43.0,29.0,4.0,14.0
401817484,2025-12-17,2026,0,40,183,2385,Syracuse Orange,Mercyhurst Lakers,76,62,61.0,16.0,13.0,16.0,62.0,10.0,11.0,15.0
401817536,2025-12-17,2026,0,40,154,2344,Wake Forest Demon Deacons,Longwood Lancers,71,68,54.0,30.0,6.0,10.0,62.0,21.0,11.0,13.0
401817593,2025-12-17,2026,0,40,94,2473,Northern Kentucky Norse,Oakland Golden Grizzlies,77,82,70.0,12.0,13.0,10.0,61.0,29.0,12.0,10.0
401817594,2025-12-17,2026,0,45,2523,2754,Robert Morris Colonials,Youngstown State Penguins,80,77,66.0,21.0,20.0,10.0,43.0,22.0,7.0,22.0
401819849,2025-12-17,2026,0,40,2132,2011,Cincinnati Bearcats,Alabama State Hornets,88,51,67.0,20.0,13.0,7.0,69.0,12.0,17.0,11.0
401819869,2025-12-17,2026,0,40,38,2502,Colorado Buffaloes,Portland State Vikings,84,73,58.0,26.0,11.0,12.0,57.0,20.0,9.0,14.0
401820557,2025-12-17,2026,0,40,21,2005,San Diego State Aztecs,Air Force Falcons,81,58,61.0,13.0,13.0,11.0,46.0,16.0,6.0,15.0
401820585,2025-12-17,2026,0,40,2405,2514,Monmouth Hawks,Quinnipiac Bobcats,75,85,61.0,22.0,13.0,13.0,64.0,18.0,11.0,11.0
401820815,2025-12-17,2026,0,40,151,2506,East Carolina Pirates,Presbyterian Blue Hose,74,53,44.0,26.0,4.0,16.0,53.0,14.0,10.0,19.0
401822354,2025-12-17,2026,0,40,160,284,New Hampshire Wildcats,Stonehill Skyhawks,59,58,59.0,17.0,9.0,9.0,50.0,18.0,10.0,21.0
401822837,2025-12-17,2026,0,40,261,2561,Vermont Catamounts,Siena Saints,83,69,57.0,20.0,6.0,8.0,67.0,13.0,11.0,9.0
401822870,2025-12-17,2026,0,40,269,46,Marquette Golden Eagles,Georgetown Hoyas,69,78,64.0,12.0,12.0,7.0,58.0,23.0,14.0,9.0
401822871,2025-12-17,2026,0,40,2752,156,Xavier Musketeers,Creighton Bluejays,57,98,66.0,6.0,9.0,14.0,63.0,10.0,6.0,12.0
401822999,2025-12-17,2026,0,40,2393,338,Middle Tennessee Blue Raiders,Kennesaw State Owls,68,67,56.0,32.0,15.0,14.0,63.0,22.0,18.0,13.0
401823043,2025-12-17,2026,0,40,2681,2379,Wagner Seahawks,Maryland Eastern Shore Hawks,78,64,55.0,28.0,9.0,5.0,52.0,14.0,8.0,15.0
401823222,2025-12-17,2026,0,40,91,236,Bellarmine Knights,Chattanooga Mocs,79,64,53.0,22.0,7.0,12.0,64.0,15.0,11.0,7.0
401823349,2025-12-17,2026,0,40,50,294,Florida A&M Rattlers,Jacksonville Dolphins,72,65,51.0,29.0,8.0,8.0,53.0,16.0,7.0,12.0
401823356,2025-12-17,2026,0,40,204,2534,Oregon State Beavers,Sam Houston Bearkats,75,85,59.0,19.0,4.0,11.0,65.0,23.0,15.0,13.0
401823458,2025-12-17,2026,0,40,2117,354,Central Michigan Chippewas,Olivet Comets,85,65,65.0,24.0,13.0,14.0,64.0,16.0,12.0,20.0
401823491,2025-12-17,2026,0,40,2116,2382,UCF Knights,Mercer Bears,81,63,68.0,17.0,17.0,12.0,53.0,24.0,9.0,17.0
401823507,2025-12-17,2026,1,40,331,265,Eastern Washington Eagles,Washington State Cougars,63,78,60.0,18.0,9.0,12.0,62.0,9.0,11.0,15.0
401824035,2025-12-17,2026,0,40,2250,2097,Gonzaga Bulldogs,Campbell Fighting Camels,98,70,66.0,24.0,11.0,15.0,63.0,24.0,11.0,20.0
401824093,2025-12-17,2026,0,40,2483,2501,Oregon Ducks,Portland Pilots,94,69,64.0,23.0,10.0,15.0,63.0,14.0,9.0,17.0
401824123,2025-12-17,2026,1,40,2541,249,Santa Clara Broncos,North Texas Mean Green,63,60,56.0,13.0,13.0,21.0,50.0,27.0,10.0,12.0
401824131,2025-12-17,2026,0,40,302,2547,UC Davis Aggies,Seattle U Redhawks,78,79,57.0,19.0,5.0,13.0,66.0,16.0,15.0,15.0
401824941,2025-12-17,2026,0,40,2110,123410,Central Arkansas Bears,Kansas Christian Falcons,102,47,84.0,16.0,21.0,11.0,63.0,6.0,6.0,25.0
401825390,2025-12-17,2026,0,40,2698,2077,West Georgia Wolves,Brewton Parker Wildcats,70,49,66.0,19.0,17.0,10.0,63.0,5.0,15.0,18.0
401826799,2025-12-17,2026,0,45,235,238,Memphis Tigers,Vanderbilt Commodores,70,77,64.0,26.0,11.0,20.0,62.0,40.0,15.0,20.0
401826811,2025-12-17,2026,0,40,242,3238,Rice Owls,Southwestern Christian U Eagles,94,47,65.0,19.0,14.0,12.0,66.0,6.0,8.0,13.0
401826848,2025-12-17,2026,0,40,2655,2348,Tulane Green Wave,Louisiana Tech Bulldogs,61,53,46.0,31.0,10.0,7.0,57.0,18.0,19.0,13.0
401826877,2025-12-17,2026,0,40,5,325,UAB Blazers,Cleveland State Vikings,101,77,66.0,29.0,13.0,7.0,58.0,15.0,5.0,14.0
401826883,2025-12-17,2026,0,40,2724,2747,Wichita State Shockers,Wofford Terriers,84,73,53.0,36.0,11.0,8.0,59.0,25.0,15.0,9.0
401826953,2025-12-17,2026,0,40,3084,2692,Utah Valley Wolverines,Weber State Wildcats,90,74,58.0,17.0,13.0,13.0,62.0,21.0,16.0,9.0
401827065,2025-12-17,2026,0,40,2908,2576,South Carolina Upstate Spartans,Southern Wesleyan Warriors,98,63,65.0,17.0,10.0,10.0,68.0,18.0,16.0,13.0
401827135,2025-12-17,2026,0,40,2029,3134,Arkansas-Pine Bluff Golden Lions,Champion Christian Tigers,138,73,95.0,10.0,19.0,10.0,74.0,8.0,6.0,16.0
401827197,2025-12-17,2026,1,40,145,2010,Ole Miss Rebels,Alabama A&M Bulldogs,80,66,50.0,30.0,8.0,8.0,51.0,20.0,7.0,11.0
401827440,2025-12-17,2026,0,40,30,2636,USC Trojans,UTSA Roadrunners,97,70,60.0,28.0,10.0,11.0,63.0,23.0,17.0,17.0
401827453,2025-12-17,2026,0,40,232,2643,Charleston Cougars,The Citadel Bulldogs,82,78,44.0,41.0,3.0,11.0,68.0,10.0,12.0,12.0
401827496,2025-12-17,2026,0,40,2619,399,Stony Brook Seawolves,UAlbany Great Danes,55,71,61.0,13.0,7.0,7.0,53.0,18.0,10.0,12.0
401828295,2025-12-17,2026,0,40,149,148,Montana Grizzlies,Montana Tech Orediggers,75,82,57.0,21.0,8.0,10.0,56.0,21.0,7.0,8.0
401828314,2025-12-17,2026,0,40,55,2198,Jacksonville State Gamecocks,Eastern Kentucky Colonels,59,62,51.0,25.0,11.0,10.0,56.0,10.0,13.0,17.0
401828479,2025-12-17,2026,0,40,2739,2540,Green Bay Phoenix,UC Santa Barbara Gauchos,67,64,43.0,23.0,3.0,7.0,46.0,7.0,5.0,11.0
401828739,2025-12-17,2026,0,40,2428,108806,North Carolina Central Eagles,Mid Atlantic Christian Mustangs,96,62,67.0,33.0,18.0,16.0,59.0,28.0,15.0,22.0
401830246,2025-12-17,2026,0,40,82,2460,UIC Flames,Northern Iowa Panthers,54,60,60.0,11.0,12.0,9.0,48.0,11.0,8.0,15.0
401806345,2025-12-18,2026,0,45,2197,2565,Eastern Illinois Panthers,SIU Edwardsville Cougars,76,72,57.0,17.0,10.0,16.0,58.0,16.0,8.0,14.0
401806346,2025-12-18,2026,0,40,2815,2710,Lindenwood Lions,Western Illinois Leathernecks,92,76,63.0,34.0,16.0,12.0,60.0,28.0,8.0,11.0
401806347,2025-12-18,2026,0,40,88,2031,Southern Indiana Screaming Eagles,Little Rock Trojans,62,77,55.0,18.0,8.0,11.0,55.0,19.0,13.0,17.0
401806348,2025-12-18,2026,0,40,2635,2546,Tennessee Tech Golden Eagles,Southeast Missouri State Redhawks,85,74,50.0,42.0,9.0,11.0,60.0,31.0,16.0,14.0
401806349,2025-12-18,2026,0,40,2634,2630,Tennessee State Tigers,UT Martin Skyhawks,78,71,60.0,18.0,8.0,10.0,55.0,29.0,14.0,16.0
401808576,2025-12-18,2026,0,40,290,2247,Georgia Southern Eagles,Georgia State Panthers,90,67,63.0,35.0,19.0,7.0,57.0,14.0,11.0,14.0
401808579,2025-12-18,2026,0,40,2026,324,App State Mountaineers,Coastal Carolina Chanticleers,67,49,50.0,22.0,7.0,12.0,60.0,18.0,13.0,9.0
401808580,2025-12-18,2026,0,40,2572,309,Southern Miss Golden Eagles,Louisiana Ragin' Cajuns,62,54,48.0,39.0,7.0,8.0,57.0,13.0,5.0,10.0
401812257,2025-12-18,2026,0,40,2628,198,TCU Horned Frogs,Oral Roberts Golden Eagles,72,53,56.0,21.0,15.0,8.0,52.0,8.0,9.0,14.0
401812652,2025-12-18,2026,0,40,2115,2217,Central Connecticut Blue Devils,Fairfield Stags,70,84,63.0,13.0,12.0,8.0,61.0,13.0,9.0,9.0
401813295,2025-12-18,2026,0,40,197,140,Oklahoma State Cowboys,Kansas City Roos,91,79,62.0,19.0,11.0,16.0,67.0,22.0,11.0,12.0
401820804,2025-12-18,2026,0,40,2429,322,Charlotte 49ers,Lafayette Leopards,81,67,54.0,9.0,7.0,7.0,62.0,4.0,13.0,9.0
401820847,2025-12-18,2026,0,40,2127,2454,Charleston Southern Buccaneers,North Florida Ospreys,113,90,65.0,20.0,7.0,12.0,66.0,25.0,6.0,9.0
401822671,2025-12-18,2026,0,40,2603,2169,Saint Joseph's Hawks,Delaware State Hornets,67,51,61.0,18.0,17.0,14.0,62.0,11.0,13.0,14.0
401822741,2025-12-18,2026,0,40,2670,44,VCU Rams,American University Eagles,105,83,67.0,18.0,15.0,10.0,62.0,22.0,11.0,9.0
401823333,2025-12-18,2026,0,40,299,2492,Long Beach State Beach,Pepperdine Waves,81,78,56.0,19.0,5.0,9.0,53.0,10.0,5.0,18.0
401823549,2025-12-18,2026,0,40,2464,253,Northern Arizona Lumberjacks,Southern Utah Thunderbirds,65,57,57.0,17.0,9.0,8.0,53.0,12.0,8.0,15.0
401823740,2025-12-18,2026,0,40,2934,130201,Cal State Bakersfield Roadrunners,Nobel Knights,97,66,52.0,37.0,7.0,12.0,51.0,25.0,13.0,22.0
401823862,2025-12-18,2026,0,40,2363,231,Manhattan Jaspers,Furman Paladins,68,75,64.0,16.0,14.0,12.0,60.0,14.0,14.0,17.0
401824858,2025-12-18,2026,0,40,304,2701,Idaho State Bengals,Montana Western Bulldogs,80,64,56.0,23.0,11.0,12.0,58.0,16.0,8.0,11.0
401826074,2025-12-18,2026,0,40,2729,2515,William & Mary Tribe,Radford Highlanders,96,83,66.0,31.0,12.0,11.0,69.0,22.0,13.0,15.0
401826775,2025-12-18,2026,0,40,61,2717,Georgia Bulldogs,Western Carolina Catamounts,112,82,59.0,40.0,9.0,11.0,63.0,17.0,6.0,16.0
401826840,2025-12-18,2026,0,40,2166,218,Davidson Wildcats,Temple Owls,63,68,62.0,15.0,16.0,8.0,46.0,33.0,5.0,6.0
401826973,2025-12-18,2026,0,40,2241,2648,Gardner-Webb Runnin' Bulldogs,Toccoa Falls Eagles,105,65,66.0,21.0,12.0,8.0,56.0,24.0,8.0,13.0
401827073,2025-12-18,2026,0,40,155,2737,North Dakota Fighting Hawks,Winthrop Eagles,90,88,62.0,32.0,15.0,7.0,46.0,43.0,8.0,11.0
401827092,2025-12-18,2026,1,40,2755,2450,Grambling Tigers,Norfolk State Spartans,80,68,56.0,22.0,2.0,9.0,66.0,25.0,16.0,13.0
401828300,2025-12-18,2026,1,40,2296,2261,Jackson State Tigers,Hampton Pirates,77,84,58.0,16.0,6.0,12.0,52.0,31.0,10.0,15.0
401829416,2025-12-18,2026,0,40,2329,131642,Lehigh Mountain Hawks,Penn State Hazleton Nittany Lions,83,74,61.0,26.0,11.0,13.0,71.0,8.0,8.0,10.0
401830220,2025-12-18,2026,0,55,282,71,Indiana State Sycamores,Bradley Braves,99,108,70.0,43.0,10.0,14.0,89.0,27.0,15.0,8.0
401830247,2025-12-18,2026,0,40,93,2181,Murray State Racers,Drake Bulldogs,81,72,57.0,31.0,11.0,5.0,58.0,23.0,12.0,11.0
401830248,2025-12-18,2026,0,40,79,2287,Southern Illinois Salukis,Illinois State Redbirds,68,75,53.0,22.0,10.0,16.0,61.0,18.0,12.0,13.0
401830424,2025-12-18,2026,0,40,2427,571,UNC Asheville Bulldogs,Morris Hornets,89,56,65.0,21.0,19.0,14.0,61.0,15.0,8.0,12.0
401808954,2025-12-19,2026,0,40,99,2545,LSU Tigers,SE Louisiana Lions,78,65,46.0,27.0,6.0,8.0,56.0,15.0,10.0,9.0
401811973,2025-12-19,2026,0,40,300,2057,UC Irvine Anteaters,Belmont Bruins,58,84,63.0,17.0,11.0,9.0,56.0,17.0,9.0,15.0
401812292,2025-12-19,2026,0,40,161,130190,Fairleigh Dickinson Knights,Lehman Bridges,76,42,62.0,20.0,18.0,12.0,47.0,17.0,9.0,19.0
401813282,2025-12-19,2026,0,40,25,2415,California Golden Bears,Morgan State Bears,97,50,54.0,23.0,5.0,9.0,53.0,19.0,6.0,14.0
401813405,2025-12-19,2026,0,40,2182,116,Drexel Dragons,Mount St. Mary's Mountaineers,75,67,45.0,23.0,3.0,18.0,49.0,20.0,9.0,23.0
401813765,2025-12-19,2026,0,40,26,13,UCLA Bruins,Cal Poly Mustangs,108,87,61.0,29.0,4.0,8.0,51.0,22.0,7.0,24.0
401813767,2025-12-19,2026,0,40,2006,2199,Akron Zips,Eastern Michigan Eagles,93,72,71.0,14.0,14.0,8.0,64.0,26.0,16.0,10.0
401819831,2025-12-19,2026,0,40,239,2016,Baylor Bears,Alcorn State Braves,113,56,65.0,23.0,11.0,14.0,74.0,7.0,14.0,14.0
401819840,2025-12-19,2026,0,40,252,2000,BYU Cougars,Abilene Christian Wildcats,85,67,42.0,40.0,6.0,18.0,59.0,15.0,12.0,16.0
401820158,2025-12-19,2026,0,40,2426,2154,Navy Midshipmen,Coppin State Eagles,88,55,55.0,29.0,14.0,12.0,56.0,15.0,10.0,14.0
401822184,2025-12-19,2026,0,40,2272,2325,High Point Panthers,La Salle Explorers,84,72,52.0,28.0,8.0,8.0,48.0,32.0,9.0,12.0
401822315,2025-12-19,2026,0,40,270,2571,Milwaukee Panthers,South Dakota State Jackrabbits,88,87,69.0,15.0,19.0,10.0,66.0,15.0,12.0,9.0
401822872,2025-12-19,2026,0,40,2507,2550,Providence Friars,Seton Hall Pirates,67,72,48.0,30.0,6.0,13.0,55.0,27.0,11.0,13.0
401823263,2025-12-19,2026,0,40,2463,3167,Cal State Northridge Matadors,La Sierra Golden Eagles,88,53,92.0,15.0,27.0,8.0,64.0,8.0,8.0,17.0
401823366,2025-12-19,2026,0,40,98,202,Western Kentucky Hilltoppers,Tulsa Golden Hurricane,81,82,61.0,24.0,10.0,8.0,53.0,32.0,6.0,9.0
401823440,2025-12-19,2026,0,40,2351,2453,Loyola Marymount Lions,North Alabama Lions,91,57,63.0,17.0,12.0,9.0,64.0,25.0,14.0,8.0
401823567,2025-12-19,2026,1,45,222,275,Villanova Wildcats,Wisconsin Badgers,76,66,65.0,19.0,14.0,8.0,56.0,10.0,7.0,16.0
401823729,2025-12-19,2026,0,40,2529,159,Sacred Heart Pioneers,Dartmouth Big Green,85,63,79.0,14.0,21.0,9.0,60.0,22.0,17.0,21.0
401824116,2025-12-19,2026,0,40,28,301,UC San Diego Tritons,San Diego Toreros,80,82,59.0,16.0,8.0,9.0,67.0,11.0,15.0,10.0
401824132,2025-12-19,2026,0,40,2547,264,Seattle U Redhawks,Washington Huskies,70,66,59.0,27.0,8.0,14.0,65.0,21.0,16.0,16.0
401826712,2025-12-19,2026,0,40,52,2400,Florida State Seminoles,Mississippi Valley State Delta Devils,96,49,69.0,24.0,15.0,10.0,47.0,22.0,9.0,25.0
401826796,2025-12-19,2026,0,40,2608,2226,Saint Mary's Gaels,Florida Atlantic Owls,88,75,62.0,33.0,15.0,13.0,61.0,25.0,10.0,14.0
401827002,2025-12-19,2026,0,40,2627,50,Tarleton State Texans,Florida A&M Rattlers,78,54,59.0,23.0,12.0,20.0,52.0,24.0,9.0,23.0
401827091,2025-12-19,2026,1,40,2261,2755,Hampton Pirates,Grambling Tigers,72,81,53.0,23.0,13.0,15.0,47.0,30.0,9.0,15.0
401827501,2025-12-19,2026,0,40,119,128342,Towson Tigers,Notre Dame (MD) Gators,107,60,71.0,20.0,17.0,15.0,72.0,7.0,11.0,15.0
401828733,2025-12-19,2026,1,40,2296,2450,Jackson State Tigers,Norfolk State Spartans,72,82,61.0,16.0,11.0,16.0,58.0,24.0,11.0,14.0
401829281,2025-12-19,2026,0,40,2569,2077,South Carolina State Bulldogs,Brewton Parker Wildcats,68,54,51.0,13.0,11.0,17.0,48.0,16.0,5.0,17.0
401829436,2025-12-19,2026,0,40,2535,2890,Samford Bulldogs,Reinhardt Eagles,85,49,71.0,15.0,16.0,11.0,64.0,11.0,8.0,13.0
401806350,2025-12-20,2026,0,45,88,2413,Southern Indiana Screaming Eagles,Morehead State Eagles,60,64,58.0,22.0,18.0,12.0,56.0,22.0,10.0,8.0
401806351,2025-12-20,2026,0,40,2634,2546,Tennessee State Tigers,Southeast Missouri State Redhawks,82,91,59.0,36.0,9.0,10.0,52.0,29.0,9.0,19.0
401806352,2025-12-20,2026,0,40,2635,2630,Tennessee Tech Golden Eagles,UT Martin Skyhawks,62,86,52.0,12.0,9.0,15.0,58.0,13.0,8.0,7.0
401808581,2025-12-20,2026,0,40,2026,2247,App State Mountaineers,Georgia State Panthers,63,70,54.0,24.0,7.0,9.0,52.0,20.0,8.0,14.0
401808582,2025-12-20,2026,0,45,290,256,Georgia Southern Eagles,James Madison Dukes,96,92,68.0,39.0,12.0,6.0,62.0,38.0,17.0,14.0
401808583,2025-12-20,2026,0,40,295,324,Old Dominion Monarchs,Coastal Carolina Chanticleers,74,76,56.0,19.0,5.0,13.0,65.0,24.0,8.0,5.0
401808584,2025-12-20,2026,0,40,2572,2032,Southern Miss Golden Eagles,Arkansas State Red Wolves,86,93,56.0,27.0,8.0,11.0,63.0,33.0,16.0,9.0
401808585,2025-12-20,2026,0,40,2433,309,UL Monroe Warhawks,Louisiana Ragin' Cajuns,62,76,42.0,33.0,7.0,14.0,54.0,18.0,6.0,6.0
401808586,2025-12-20,2026,0,40,326,6,Texas State Bobcats,South Alabama Jaguars,67,65,60.0,22.0,19.0,12.0,52.0,22.0,6.0,11.0
401808587,2025-12-20,2026,0,40,2653,276,Troy Trojans,Marshall Thundering Herd,70,63,60.0,23.0,13.0,13.0,65.0,14.0,17.0,14.0
401809083,2025-12-20,2026,0,40,2294,2083,Iowa Hawkeyes,Bucknell Bison,94,39,63.0,12.0,13.0,9.0,41.0,6.0,3.0,25.0
401809306,2025-12-20,2026,1,40,96,2599,Kentucky Wildcats,St. John's Red Storm,78,66,61.0,22.0,16.0,16.0,51.0,32.0,11.0,12.0
401809307,2025-12-20,2026,1,40,194,153,Ohio State Buckeyes,North Carolina Tar Heels,70,71,63.0,19.0,13.0,6.0,63.0,13.0,12.0,7.0
401811114,2025-12-20,2026,0,40,2306,233,Kansas State Wildcats,South Dakota Coyotes,106,76,66.0,16.0,11.0,12.0,67.0,20.0,12.0,12.0
401812363,2025-12-20,2026,0,40,2229,112358,Florida International Panthers,Long Island University Sharks,86,79,61.0,24.0,11.0,15.0,66.0,17.0,18.0,20.0
401812388,2025-12-20,2026,0,40,2598,2523,Saint Francis Red Wolves,Robert Morris Colonials,70,79,61.0,10.0,9.0,7.0,47.0,23.0,6.0,12.0
401812582,2025-12-20,2026,0,40,164,219,Rutgers Scarlet Knights,Pennsylvania Quakers,70,69,56.0,31.0,8.0,6.0,54.0,25.0,12.0,14.0
401812610,2025-12-20,2026,0,40,108,107,Harvard Crimson,Holy Cross Crusaders,81,53,52.0,15.0,8.0,11.0,60.0,9.0,11.0,7.0
401813383,2025-12-20,2026,0,40,315,538,Niagara Purple Eagles,Houghton Highlanders,81,58,62.0,9.0,13.0,10.0,52.0,8.0,5.0,14.0
401813444,2025-12-20,2026,0,40,2168,2335,Dayton Flyers,Liberty Flames,61,64,53.0,15.0,11.0,10.0,54.0,9.0,4.0,6.0
401813768,2025-12-20,2026,0,40,195,189,Ohio Bobcats,Bowling Green Falcons,58,68,46.0,30.0,8.0,15.0,53.0,23.0,12.0,16.0
401813769,2025-12-20,2026,0,40,2711,2084,Western Michigan Broncos,Buffalo Bulls,71,88,66.0,12.0,12.0,7.0,59.0,24.0,10.0,4.0
401813770,2025-12-20,2026,0,40,2459,2117,Northern Illinois Huskies,Central Michigan Chippewas,74,73,46.0,34.0,12.0,16.0,60.0,13.0,13.0,13.0
401813771,2025-12-20,2026,0,40,113,2309,Massachusetts Minutemen,Kent State Golden Flashes,59,69,55.0,24.0,9.0,14.0,57.0,17.0,8.0,13.0
401813772,2025-12-20,2026,0,40,2050,193,Ball State Cardinals,Miami (OH) RedHawks,77,86,57.0,18.0,4.0,7.0,52.0,22.0,5.0,14.0
401817180,2025-12-20,2026,0,40,257,2643,Richmond Spiders,The Citadel Bulldogs,80,56,56.0,19.0,9.0,8.0,55.0,7.0,9.0,16.0
401817205,2025-12-20,2026,0,40,179,2330,St. Bonaventure Bonnies,Le Moyne Dolphins,92,81,54.0,35.0,12.0,8.0,58.0,24.0,11.0,11.0
401817237,2025-12-20,2026,1,40,150,2641,Duke Blue Devils,Texas Tech Red Raiders,81,82,52.0,29.0,6.0,11.0,58.0,17.0,7.0,11.0
401817249,2025-12-20,2026,0,40,97,149,Louisville Cardinals,Montana Grizzlies,94,54,65.0,19.0,14.0,14.0,53.0,15.0,4.0,19.0
401817474,2025-12-20,2026,1,40,38,24,Colorado Buffaloes,Stanford Cardinal,68,77,55.0,13.0,7.0,18.0,52.0,41.0,12.0,9.0
401817485,2025-12-20,2026,0,40,183,111,Syracuse Orange,Northeastern Huskies,91,83,53.0,48.0,18.0,11.0,65.0,20.0,17.0,13.0
401817514,2025-12-20,2026,0,40,258,120,Virginia Cavaliers,Maryland Terrapins,80,72,66.0,21.0,16.0,8.0,54.0,22.0,17.0,19.0
401817526,2025-12-20,2026,0,45,259,2210,Virginia Tech Hokies,Elon Phoenix,82,81,60.0,29.0,18.0,13.0,66.0,11.0,16.0,15.0
401819913,2025-12-20,2026,0,40,254,331,Utah Utes,Eastern Washington Eagles,101,77,57.0,17.0,5.0,10.0,70.0,19.0,18.0,10.0
401820216,2025-12-20,2026,0,40,2385,2066,Mercyhurst Lakers,Binghamton Bearcats,82,61,66.0,12.0,9.0,7.0,42.0,31.0,3.0,16.0
401820294,2025-12-20,2026,1,40,8,248,Arkansas Razorbacks,Houston Cougars,85,94,57.0,35.0,12.0,12.0,62.0,25.0,10.0,9.0
401820490,2025-12-20,2026,0,40,357,2903,Texas A&M-Corpus Christi Islanders,Southwestern Adventist Knights,93,36,77.0,13.0,23.0,15.0,52.0,19.0,7.0,22.0
401820829,2025-12-20,2026,1,40,2086,77,Butler Bulldogs,Northwestern Wildcats,61,58,58.0,14.0,13.0,14.0,64.0,9.0,9.0,9.0
401822347,2025-12-20,2026,0,40,84,2130,Indiana Hoosiers,Chicago State Cougars,78,58,62.0,18.0,13.0,13.0,66.0,6.0,11.0,9.0
401822396,2025-12-20,2026,0,40,2815,534,Lindenwood Lions,Harris Stowe State Hornets,109,52,81.0,23.0,14.0,9.0,74.0,11.0,15.0,23.0
401822873,2025-12-20,2026,0,40,156,269,Creighton Bluejays,Marquette Golden Eagles,84,63,62.0,20.0,6.0,12.0,64.0,20.0,9.0,12.0
401822874,2025-12-20,2026,0,40,46,2752,Georgetown Hoyas,Xavier Musketeers,77,80,57.0,43.0,12.0,10.0,67.0,14.0,14.0,14.0
401823006,2025-12-20,2026,0,40,2754,2908,Youngstown State Penguins,South Carolina Upstate Spartans,74,65,54.0,29.0,10.0,13.0,53.0,25.0,8.0,14.0
401823373,2025-12-20,2026,0,40,2174,2562,Detroit Mercy Titans,Siena Heights Saints,91,60,58.0,33.0,17.0,18.0,54.0,22.0,4.0,13.0
401823473,2025-12-20,2026,0,40,2649,109671,Toledo Rockets,Lourdes Gray Wolves,100,67,72.0,9.0,13.0,11.0,70.0,7.0,13.0,15.0
401823482,2025-12-20,2026,1,40,2509,2,Purdue Boilermakers,Auburn Tigers,88,60,59.0,10.0,9.0,11.0,58.0,16.0,11.0,10.0
401823492,2025-12-20,2026,0,40,265,2382,Washington State Cougars,Mercer Bears,84,78,56.0,20.0,5.0,13.0,75.0,14.0,15.0,10.0
401823538,2025-12-20,2026,0,40,2856,16,California Baptist Lancers,Sacramento State Hornets,74,67,57.0,30.0,17.0,13.0,71.0,6.0,17.0,11.0
401823768,2025-12-20,2026,1,40,12,21,Arizona Wildcats,San Diego State Aztecs,68,45,58.0,27.0,20.0,11.0,57.0,19.0,10.0,8.0
401823791,2025-12-20,2026,0,40,2751,2253,Wyoming Cowboys,Grand Canyon Lopes,70,82,59.0,30.0,11.0,12.0,44.0,35.0,4.0,16.0
401823820,2025-12-20,2026,0,40,2440,68,Nevada Wolf Pack,Boise State Broncos,81,66,45.0,34.0,5.0,7.0,45.0,31.0,11.0,13.0
401824030,2025-12-20,2026,0,40,2692,3101,Weber State Wildcats,Utah Tech Trailblazers,80,82,47.0,30.0,6.0,11.0,56.0,23.0,9.0,9.0
401824074,2025-12-20,2026,0,40,2492,242,Pepperdine Waves,Rice Owls,84,62,59.0,16.0,10.0,16.0,63.0,22.0,18.0,13.0
401824124,2025-12-20,2026,1,40,2541,2350,Santa Clara Broncos,Loyola Chicago Ramblers,78,80,68.0,18.0,14.0,8.0,53.0,23.0,8.0,9.0
401824310,2025-12-20,2026,0,40,261,314,Vermont Catamounts,Iona Gaels,78,83,67.0,14.0,10.0,5.0,55.0,24.0,5.0,6.0
401824829,2025-12-20,2026,0,40,2116,526,UCF Knights,Florida Gulf Coast Eagles,102,80,73.0,12.0,17.0,10.0,61.0,5.0,6.0,15.0
401824894,2025-12-20,2026,0,40,2193,55,East Tennessee State Buccaneers,Jacksonville State Gamecocks,75,81,41.0,29.0,5.0,11.0,49.0,27.0,11.0,12.0
401824954,2025-12-20,2026,0,40,288,494,Lipscomb Bisons,Blue Mountain Christian Toppers,123,60,75.0,15.0,16.0,12.0,68.0,9.0,9.0,16.0
401826047,2025-12-20,2026,0,40,2900,27,St. Thomas Tommies,UC Riverside Highlanders,92,78,56.0,19.0,2.0,6.0,57.0,16.0,8.0,13.0
401826744,2025-12-20,2026,0,40,2458,2172,Northern Colorado Bears,Denver Pioneers,79,86,72.0,10.0,15.0,9.0,57.0,20.0,3.0,9.0
401826755,2025-12-20,2026,0,40,59,322,Georgia Tech Yellow Jackets,Lafayette Leopards,95,81,60.0,30.0,12.0,9.0,61.0,21.0,8.0,8.0
401826800,2025-12-20,2026,0,40,344,235,Mississippi State Bulldogs,Memphis Tigers,71,66,54.0,25.0,11.0,15.0,62.0,16.0,17.0,18.0
401826849,2025-12-20,2026,0,40,2655,2502,Tulane Green Wave,Portland State Vikings,63,61,50.0,30.0,13.0,15.0,56.0,16.0,12.0,13.0
401826874,2025-12-20,2026,1,40,127,2473,Michigan State Spartans,Oakland Golden Grizzlies,79,70,61.0,23.0,15.0,11.0,56.0,13.0,6.0,12.0
401826954,2025-12-20,2026,0,40,3084,3246,Utah Valley Wolverines,Bethesda Flames,109,48,82.0,12.0,23.0,14.0,64.0,8.0,8.0,17.0
401827044,2025-12-20,2026,0,40,2504,2491,Prairie View A&M Panthers,Paul Quinn Tigers,100,64,63.0,35.0,9.0,13.0,54.0,22.0,7.0,28.0
401827056,2025-12-20,2026,0,40,2428,2344,North Carolina Central Eagles,Longwood Lancers,72,74,51.0,30.0,7.0,12.0,58.0,24.0,16.0,18.0
401827502,2025-12-20,2026,0,40,350,47,UNC Wilmington Seahawks,Howard Bison,66,67,61.0,20.0,16.0,13.0,59.0,12.0,12.0,14.0
401827531,2025-12-20,2026,0,40,2448,108806,North Carolina A&T Aggies,Mid Atlantic Christian Mustangs,95,55,54.0,40.0,10.0,11.0,64.0,18.0,9.0,7.0
401827913,2025-12-20,2026,0,40,328,36,Utah State Aggies,Colorado State Rams,100,58,58.0,24.0,16.0,10.0,49.0,19.0,9.0,15.0
401828515,2025-12-20,2026,0,45,2320,2437,Lamar Cardinals,Omaha Mavericks,82,85,69.0,20.0,16.0,11.0,54.0,25.0,7.0,14.0
401828924,2025-12-20,2026,0,40,2439,278,UNLV Rebels,Fresno State Bulldogs,84,72,49.0,22.0,4.0,13.0,64.0,13.0,13.0,12.0
401829327,2025-12-20,2026,0,40,167,23,New Mexico Lobos,San José State Spartans,88,65,54.0,18.0,4.0,10.0,60.0,10.0,10.0,13.0
401829446,2025-12-20,2026,0,40,2466,2573,Northwestern State Demons,Southern New Orleans Knights,108,55,68.0,34.0,15.0,6.0,60.0,18.0,11.0,16.0
401830123,2025-12-20,2026,0,40,292,128256,UT Rio Grande Valley Vaqueros,College of Biblical Studies Ambassadors,109,51,70.0,22.0,17.0,7.0,58.0,16.0,7.0,10.0
401804830,2025-12-21,2026,0,40,166,2534,New Mexico State Aggies,Sam Houston Bearkats,87,78,68.0,11.0,7.0,7.0,68.0,26.0,17.0,12.0
401809423,2025-12-21,2026,0,40,2390,2454,Miami Hurricanes,North Florida Ospreys,105,67,67.0,29.0,16.0,10.0,56.0,16.0,8.0,20.0
401812258,2025-12-21,2026,0,40,2628,50,TCU Horned Frogs,Florida A&M Rattlers,80,56,60.0,22.0,15.0,11.0,51.0,15.0,4.0,10.0
401812268,2025-12-21,2026,1,40,333,338,Alabama Crimson Tide,Kennesaw State Owls,92,81,73.0,23.0,13.0,8.0,69.0,18.0,15.0,16.0
401812926,2025-12-21,2026,1,40,228,2132,Clemson Tigers,Cincinnati Bearcats,68,65,50.0,14.0,2.0,12.0,58.0,15.0,10.0,12.0
401813283,2025-12-21,2026,0,40,2539,2415,San Francisco Dons,Morgan State Bears,94,64,52.0,45.0,14.0,11.0,51.0,19.0,5.0,12.0
401813296,2025-12-21,2026,0,40,197,2239,Oklahoma State Cowboys,Cal State Fullerton Titans,94,89,65.0,21.0,11.0,17.0,59.0,34.0,11.0,14.0
401813327,2025-12-21,2026,0,40,2368,2619,Marist Red Foxes,Stony Brook Seawolves,70,51,61.0,14.0,10.0,8.0,54.0,18.0,9.0,13.0
401813421,2025-12-21,2026,0,40,116,111199,Mount St. Mary's Mountaineers,Penn State Brandywine Lions,73,42,63.0,7.0,14.0,15.0,50.0,4.0,12.0,28.0
401817192,2025-12-21,2026,0,40,139,160,Saint Louis Billikens,New Hampshire Wildcats,93,79,65.0,31.0,14.0,8.0,61.0,18.0,4.0,9.0
401817227,2025-12-21,2026,0,40,25,171,California Golden Bears,Columbia Lions,74,56,57.0,24.0,8.0,6.0,55.0,12.0,8.0,15.0
401817261,2025-12-21,2026,1,40,152,145,NC State Wolfpack,Ole Miss Rebels,76,62,55.0,13.0,7.0,16.0,53.0,18.0,7.0,15.0
401817440,2025-12-21,2026,0,40,87,2870,Notre Dame Fighting Irish,Purdue Fort Wayne Mastodons,69,72,60.0,17.0,14.0,15.0,59.0,17.0,5.0,8.0
401817451,2025-12-21,2026,1,40,213,221,Penn State Nittany Lions,Pittsburgh Panthers,46,80,55.0,9.0,7.0,12.0,60.0,14.0,10.0,9.0
401817462,2025-12-21,2026,0,40,2567,2110,SMU Mustangs,Central Arkansas Bears,99,82,68.0,10.0,16.0,12.0,61.0,17.0,12.0,15.0
401817537,2025-12-21,2026,0,40,154,238,Wake Forest Demon Deacons,Vanderbilt Commodores,67,98,54.0,32.0,13.0,17.0,59.0,16.0,6.0,12.0
401817595,2025-12-21,2026,0,40,325,270,Cleveland State Vikings,Milwaukee Panthers,71,81,55.0,22.0,6.0,7.0,71.0,10.0,18.0,5.0
401819822,2025-12-21,2026,0,40,9,204,Arizona State Sun Devils,Oregon State Beavers,75,78,56.0,24.0,8.0,9.0,57.0,21.0,14.0,12.0
401819832,2025-12-21,2026,0,40,239,2582,Baylor Bears,Southern Jaguars,111,67,67.0,26.0,14.0,4.0,67.0,14.0,12.0,9.0
401819880,2025-12-21,2026,0,40,66,299,Iowa State Cyclones,Long Beach State Beach,91,60,65.0,18.0,13.0,12.0,63.0,10.0,7.0,14.0
401820159,2025-12-21,2026,0,40,2426,465,Navy Midshipmen,Rosemont Ravens,70,23,51.0,26.0,18.0,14.0,40.0,13.0,4.0,19.0
401820192,2025-12-21,2026,0,40,2244,2352,George Mason Patriots,Loyola Maryland Greyhounds,86,79,56.0,34.0,12.0,7.0,61.0,17.0,12.0,10.0
401820494,2025-12-21,2026,0,40,2916,2464,Incarnate Word Cardinals,Northern Arizona Lumberjacks,90,66,60.0,30.0,14.0,7.0,47.0,21.0,3.0,14.0
401820586,2025-12-21,2026,0,40,2275,2514,Hofstra Pride,Quinnipiac Bobcats,74,66,64.0,23.0,21.0,13.0,61.0,20.0,11.0,8.0
401820631,2025-12-21,2026,0,40,2182,311,Drexel Dragons,Maine Black Bears,74,56,49.0,7.0,8.0,13.0,48.0,11.0,9.0,13.0
401820805,2025-12-21,2026,0,45,2429,82,Charlotte 49ers,UIC Flames,88,76,57.0,35.0,16.0,13.0,65.0,21.0,16.0,13.0
401820848,2025-12-21,2026,0,40,231,2127,Furman Paladins,Charleston Southern Buccaneers,84,76,61.0,26.0,8.0,8.0,72.0,9.0,10.0,9.0
401822185,2025-12-21,2026,0,40,130,2325,Michigan Wolverines,La Salle Explorers,102,50,62.0,30.0,11.0,10.0,61.0,15.0,13.0,19.0
401822875,2025-12-21,2026,0,40,305,41,DePaul Blue Demons,UConn Huskies,54,72,55.0,21.0,10.0,13.0,57.0,16.0,11.0,15.0
401823000,2025-12-21,2026,0,40,2393,2161,Middle Tennessee Blue Raiders,Cumberland Phoenix,74,58,51.0,28.0,12.0,13.0,57.0,7.0,9.0,15.0
401823390,2025-12-21,2026,0,40,94,232,Northern Kentucky Norse,Charleston Cougars,74,85,64.0,16.0,14.0,17.0,53.0,29.0,9.0,15.0
401823520,2025-12-21,2026,0,40,2515,2678,Radford Highlanders,VMI Keydets,97,90,49.0,40.0,10.0,14.0,56.0,28.0,9.0,14.0
401823571,2025-12-21,2026,0,45,13,70,Cal Poly Mustangs,Idaho Vandals,80,83,61.0,39.0,10.0,14.0,66.0,28.0,11.0,14.0
401823863,2025-12-21,2026,0,40,2363,2506,Manhattan Jaspers,Presbyterian Blue Hose,87,81,62.0,20.0,9.0,8.0,69.0,11.0,14.0,11.0
401824036,2025-12-21,2026,1,40,2483,2250,Oregon Ducks,Gonzaga Bulldogs,82,91,60.0,13.0,9.0,11.0,62.0,28.0,13.0,5.0
401824067,2025-12-21,2026,0,40,279,2447,Pacific Tigers,Nicholls Colonels,95,82,45.0,36.0,7.0,18.0,54.0,23.0,8.0,14.0
401824363,2025-12-21,2026,0,40,104,2349,Boston University Terriers,UMass Lowell River Hawks,88,76,50.0,20.0,6.0,11.0,53.0,21.0,8.0,11.0
401824859,2025-12-21,2026,0,40,304,302,Idaho State Bengals,UC Davis Aggies,83,93,48.0,33.0,11.0,11.0,57.0,23.0,6.0,6.0
401824866,2025-12-21,2026,0,40,2405,2329,Monmouth Hawks,Lehigh Mountain Hawks,76,62,60.0,10.0,11.0,14.0,54.0,4.0,9.0,20.0
401826057,2025-12-21,2026,0,40,58,2378,South Florida Bulls,UMBC Retrievers,94,69,68.0,18.0,12.0,8.0,59.0,16.0,8.0,15.0
401826878,2025-12-21,2026,0,40,5,2427,UAB Blazers,UNC Asheville Bulldogs,72,47,63.0,18.0,12.0,5.0,54.0,9.0,7.0,13.0
401826884,2025-12-21,2026,0,40,2724,2198,Wichita State Shockers,Eastern Kentucky Colonels,88,57,67.0,14.0,14.0,7.0,61.0,7.0,6.0,9.0
401826974,2025-12-21,2026,0,40,2633,2241,Tennessee Volunteers,Gardner-Webb Runnin' Bulldogs,94,52,71.0,12.0,15.0,9.0,58.0,9.0,6.0,13.0
401827074,2025-12-21,2026,0,40,2737,126954,Winthrop Eagles,Clinton Golden Bears,107,41,66.0,26.0,17.0,15.0,65.0,10.0,7.0,13.0
401827198,2025-12-21,2026,0,40,2010,236,Alabama A&M Bulldogs,Chattanooga Mocs,66,73,55.0,23.0,9.0,8.0,52.0,16.0,5.0,8.0
401827236,2025-12-21,2026,0,40,135,2097,Minnesota Golden Gophers,Campbell Fighting Camels,78,50,52.0,9.0,7.0,11.0,46.0,19.0,11.0,17.0
401827239,2025-12-21,2026,0,40,158,155,Nebraska Cornhuskers,North Dakota Fighting Hawks,78,55,62.0,19.0,11.0,6.0,57.0,9.0,6.0,12.0
401828272,2025-12-21,2026,0,40,399,172,UAlbany Great Danes,Cornell Big Red,75,83,60.0,7.0,11.0,9.0,59.0,14.0,14.0,8.0
401828475,2025-12-21,2026,0,40,2638,2450,UTEP Miners,Norfolk State Spartans,71,72,55.0,27.0,15.0,16.0,51.0,30.0,10.0,15.0
401829406,2025-12-21,2026,0,40,57,2142,Florida Gators,Colgate Raiders,90,60,62.0,27.0,20.0,9.0,55.0,8.0,6.0,13.0
401829428,2025-12-21,2026,0,40,245,2837,Texas A&M Aggies,East Texas A&M Lions,118,77,74.0,15.0,10.0,14.0,66.0,32.0,15.0,16.0
401829450,2025-12-21,2026,0,40,2617,2163,Stephen F. Austin Lumberjacks,Dallas Crusaders,103,55,84.0,5.0,21.0,7.0,65.0,6.0,8.0,14.0
401829465,2025-12-21,2026,1,40,2449,300,North Dakota State Bison,UC Irvine Anteaters,73,74,58.0,17.0,19.0,19.0,58.0,16.0,11.0,11.0
401830120,2025-12-21,2026,0,40,2430,3229,UNC Greensboro Spartans,Virginia Lynchburg Dragons,131,53,80.0,23.0,16.0,11.0,77.0,9.0,7.0,11.0
401830219,2025-12-21,2026,0,40,71,79,Bradley Braves,Southern Illinois Salukis,73,69,58.0,20.0,11.0,15.0,61.0,18.0,11.0,13.0
401830249,2025-12-21,2026,0,40,339,2181,Evansville Purple Aces,Drake Bulldogs,65,66,53.0,22.0,10.0,12.0,57.0,11.0,9.0,12.0
401830250,2025-12-21,2026,0,40,2287,282,Illinois State Redbirds,Indiana State Sycamores,85,65,65.0,15.0,8.0,4.0,46.0,27.0,2.0,11.0
401830251,2025-12-21,2026,0,40,2674,93,Valparaiso Beacons,Murray State Racers,79,85,65.0,15.0,11.0,11.0,57.0,28.0,10.0,11.0
401830836,2025-12-21,2026,0,40,2169,420,Delaware State Hornets,Holy Family Tigers,73,61,48.0,14.0,6.0,17.0,55.0,8.0,9.0,17.0
401842364,2025-12-21,2026,0,40,30,2662,USC Trojans,UC Santa Cruz Banana Slugs,102,63,71.0,29.0,21.0,9.0,54.0,11.0,2.0,15.0
401806413,2025-12-22,2026,0,40,2710,2565,Western Illinois Leathernecks,SIU Edwardsville Cougars,61,66,50.0,22.0,4.0,13.0,51.0,23.0,7.0,17.0
401811100,2025-12-22,2026,1,40,356,142,Illinois Fighting Illini,Missouri Tigers,91,48,58.0,20.0,15.0,11.0,56.0,15.0,12.0,10.0
401812313,2025-12-22,2026,0,40,103,161,Boston College Eagles,Fairleigh Dickinson Knights,72,61,55.0,25.0,14.0,7.0,63.0,10.0,13.0,6.0
401812632,2025-12-22,2026,0,40,2670,2520,VCU Rams,Rider Broncs,100,79,62.0,22.0,10.0,9.0,64.0,25.0,14.0,11.0
401813357,2025-12-22,2026,0,40,2184,2099,Duquesne Dukes,Canisius Golden Griffins,103,59,62.0,17.0,7.0,10.0,49.0,18.0,6.0,21.0
401817152,2025-12-22,2026,0,40,45,117,George Washington Revolutionaries,St. Mary's (MD) Seahawks,97,40,71.0,15.0,13.0,16.0,59.0,9.0,5.0,23.0
401817171,2025-12-22,2026,0,40,227,111,Rhode Island Rams,Northeastern Huskies,85,77,60.0,16.0,14.0,11.0,49.0,25.0,9.0,13.0
401817271,2025-12-22,2026,0,40,153,151,North Carolina Tar Heels,East Carolina Pirates,99,51,63.0,30.0,15.0,12.0,73.0,17.0,20.0,17.0
401817486,2025-12-22,2026,0,40,183,284,Syracuse Orange,Stonehill Skyhawks,77,48,56.0,29.0,13.0,5.0,53.0,17.0,14.0,15.0
401817515,2025-12-22,2026,0,40,258,44,Virginia Cavaliers,American University Eagles,95,51,61.0,18.0,14.0,9.0,60.0,6.0,10.0,10.0
401819841,2025-12-22,2026,0,40,252,331,BYU Cougars,Eastern Washington Eagles,109,81,71.0,20.0,15.0,9.0,67.0,12.0,11.0,14.0
401819887,2025-12-22,2026,0,40,2305,2166,Kansas Jayhawks,Davidson Wildcats,90,61,64.0,5.0,8.0,15.0,67.0,6.0,12.0,16.0
401819922,2025-12-22,2026,0,40,277,2400,West Virginia Mountaineers,Mississippi Valley State Delta Devils,86,51,56.0,18.0,11.0,6.0,53.0,14.0,11.0,9.0
401820549,2025-12-22,2026,0,40,2608,2460,Saint Mary's Gaels,Northern Iowa Panthers,63,58,53.0,27.0,15.0,11.0,55.0,4.0,3.0,8.0
401820620,2025-12-22,2026,0,40,2272,2803,High Point Panthers,Bryant Bulldogs,93,47,51.0,32.0,15.0,13.0,44.0,13.0,8.0,22.0
401820830,2025-12-22,2026,0,40,2086,2885,Butler Bulldogs,NJIT Highlanders,101,52,61.0,32.0,11.0,8.0,56.0,11.0,3.0,14.0
401820836,2025-12-22,2026,0,40,156,3101,Creighton Bluejays,Utah Tech Trailblazers,92,69,63.0,15.0,9.0,11.0,58.0,8.0,5.0,15.0
401822171,2025-12-22,2026,0,40,2230,2441,Fordham Rams,New Haven Chargers,65,47,53.0,8.0,9.0,15.0,54.0,2.0,6.0,15.0
401822362,2025-12-22,2026,0,40,2197,3107,Eastern Illinois Panthers,East West Phantoms,110,56,72.0,25.0,18.0,13.0,69.0,11.0,12.0,16.0
401822672,2025-12-22,2026,0,40,2603,324,Saint Joseph's Hawks,Coastal Carolina Chanticleers,62,68,65.0,14.0,10.0,11.0,59.0,17.0,8.0,11.0
401822765,2025-12-22,2026,0,40,46,2154,Georgetown Hoyas,Coppin State Eagles,97,67,60.0,28.0,8.0,7.0,61.0,18.0,11.0,14.0
401822838,2025-12-22,2026,0,40,84,2561,Indiana Hoosiers,Siena Saints,81,60,50.0,30.0,9.0,13.0,57.0,28.0,10.0,9.0
401823044,2025-12-22,2026,0,40,251,2379,Texas Longhorns,Maryland Eastern Shore Hawks,94,71,53.0,42.0,12.0,9.0,54.0,21.0,7.0,14.0
401823264,2025-12-22,2026,0,40,2463,16,Cal State Northridge Matadors,Sacramento State Hornets,100,88,65.0,30.0,9.0,12.0,68.0,27.0,6.0,8.0
401823314,2025-12-22,2026,0,40,2217,170,Fairfield Stags,City College NY Beavers,121,58,88.0,25.0,21.0,5.0,63.0,8.0,5.0,23.0
401823350,2025-12-22,2026,0,40,52,294,Florida State Seminoles,Jacksonville Dolphins,87,63,61.0,26.0,16.0,8.0,60.0,14.0,9.0,7.0
401823380,2025-12-22,2026,0,40,2253,85,Grand Canyon Lopes,IU Indianapolis Jaguars,91,78,57.0,30.0,12.0,15.0,64.0,15.0,10.0,15.0
401823414,2025-12-22,2026,0,40,2750,2199,Wright State Raiders,Eastern Michigan Eagles,70,64,50.0,32.0,11.0,13.0,58.0,16.0,8.0,11.0
401823424,2025-12-22,2026,0,40,189,2562,Bowling Green Falcons,Siena Heights Saints,125,66,85.0,18.0,16.0,9.0,49.0,18.0,4.0,30.0
401823453,2025-12-22,2026,0,40,2084,2944,Buffalo Bulls,Penn State Behrend Lions,92,63,56.0,15.0,12.0,6.0,56.0,16.0,8.0,6.0
401823459,2025-12-22,2026,0,40,275,2117,Wisconsin Badgers,Central Michigan Chippewas,88,61,54.0,26.0,9.0,9.0,54.0,17.0,2.0,8.0
401823730,2025-12-22,2026,0,40,119,2529,Towson Tigers,Sacred Heart Pioneers,72,47,62.0,12.0,13.0,11.0,58.0,1.0,10.0,16.0
401823769,2025-12-22,2026,0,40,21,2850,San Diego State Aztecs,Whittier Poets,121,59,84.0,19.0,24.0,10.0,59.0,20.0,8.0,14.0
401823873,2025-12-22,2026,0,40,198,250,Oral Roberts Golden Eagles,UT Arlington Mavericks,57,69,55.0,25.0,12.0,14.0,51.0,20.0,9.0,14.0
401824094,2025-12-22,2026,0,40,2540,2501,UC Santa Barbara Gauchos,Portland Pilots,79,61,56.0,9.0,10.0,13.0,55.0,11.0,10.0,14.0
401824117,2025-12-22,2026,0,40,264,301,Washington Huskies,San Diego Toreros,86,56,62.0,29.0,13.0,12.0,57.0,11.0,7.0,18.0
401824133,2025-12-22,2026,0,40,2636,2547,UTSA Roadrunners,Seattle U Redhawks,68,71,59.0,12.0,7.0,16.0,62.0,26.0,13.0,13.0
401825190,2025-12-22,2026,0,40,2031,2981,Little Rock Trojans,Williams Baptist Eagles,98,84,68.0,28.0,15.0,20.0,69.0,16.0,13.0,21.0
401825209,2025-12-22,2026,0,40,201,56,Oklahoma Sooners,Stetson Hatters,107,54,59.0,22.0,9.0,8.0,58.0,12.0,10.0,14.0
401825391,2025-12-22,2026,0,40,61,2698,Georgia Bulldogs,West Georgia Wolves,103,74,78.0,33.0,21.0,10.0,70.0,16.0,10.0,17.0
401825583,2025-12-22,2026,0,40,147,2465,Montana State Bobcats,Northwest University Eagles,93,54,69.0,21.0,15.0,9.0,63.0,7.0,4.0,11.0
401826745,2025-12-22,2026,0,40,202,2172,Tulsa Golden Hurricane,Denver Pioneers,90,85,74.0,24.0,18.0,9.0,65.0,26.0,15.0,15.0
401826801,2025-12-22,2026,0,40,235,2011,Memphis Tigers,Alabama State Hornets,88,67,63.0,18.0,15.0,18.0,64.0,22.0,19.0,16.0
401826841,2025-12-22,2026,0,40,218,163,Temple Owls,Princeton Tigers,65,61,54.0,15.0,10.0,8.0,53.0,16.0,9.0,9.0
401826887,2025-12-22,2026,0,40,12,2065,Arizona Wildcats,Bethune-Cookman Wildcats,107,71,63.0,35.0,15.0,15.0,52.0,18.0,4.0,22.0
401826904,2025-12-22,2026,0,40,2348,2937,Louisiana Tech Bulldogs,Dallas Christian Crusaders,90,37,65.0,19.0,17.0,16.0,55.0,15.0,8.0,18.0
401826958,2025-12-22,2026,0,40,2692,124946,Weber State Wildcats,Lincoln (CA) Oaklanders,103,64,68.0,17.0,13.0,11.0,59.0,9.0,5.0,18.0
401827009,2025-12-22,2026,0,40,2640,2000,Texas Southern Tigers,Abilene Christian Wildcats,68,75,50.0,19.0,4.0,14.0,50.0,27.0,8.0,15.0
401827045,2025-12-22,2026,0,40,99,2504,LSU Tigers,Prairie View A&M Panthers,104,90,57.0,49.0,15.0,11.0,54.0,28.0,6.0,11.0
401827520,2025-12-22,2026,0,40,2210,2256,Elon Phoenix,Greensboro Pride,97,63,67.0,28.0,20.0,10.0,66.0,5.0,7.0,11.0
401827758,2025-12-22,2026,0,40,113,2660,Massachusetts Minutemen,UMass Boston Beacons,91,40,76.0,19.0,24.0,14.0,57.0,10.0,2.0,15.0
401828280,2025-12-22,2026,0,40,249,608,North Texas Mean Green,Science and Arts (OK) Drovers,109,56,67.0,18.0,11.0,11.0,53.0,13.0,11.0,24.0
401829047,2025-12-22,2026,0,40,2229,3174,Florida International Panthers,Trinity College of Jacksonville Eagles,121,70,76.0,35.0,17.0,16.0,65.0,25.0,9.0,21.0
401829051,2025-12-22,2026,0,40,195,124809,Ohio Bobcats,Miami (OH) Hamilton Harriers,102,59,58.0,25.0,11.0,11.0,52.0,14.0,10.0,20.0
401829276,2025-12-22,2026,0,40,2711,190,Western Michigan Broncos,Defiance Yellow Jackets,94,57,68.0,21.0,16.0,14.0,53.0,15.0,7.0,22.0
401829282,2025-12-22,2026,0,40,2579,2569,South Carolina Gamecocks,South Carolina State Bulldogs,95,70,49.0,36.0,10.0,15.0,62.0,16.0,11.0,11.0
401831073,2025-12-22,2026,0,40,193,2397,Miami (OH) RedHawks,Milligan Buffaloes,135,81,67.0,16.0,2.0,6.0,72.0,8.0,9.0,12.0
401831232,2025-12-22,2026,0,40,2638,2449,UTEP Miners,North Dakota State Bison,76,66,55.0,21.0,10.0,13.0,48.0,21.0,6.0,16.0
401831233,2025-12-22,2026,1,40,2450,300,Norfolk State Spartans,UC Irvine Anteaters,70,89,51.0,20.0,7.0,15.0,60.0,20.0,12.0,10.0
401831279,2025-12-22,2026,0,40,2612,2114,Saint Peter's Peacocks,Centenary (NJ) Cyclones,116,50,74.0,17.0,15.0,10.0,47.0,16.0,7.0,27.0
401831531,2025-12-22,2026,0,40,2681,130196,Wagner Seahawks,Manor Blue Jays,74,57,68.0,13.0,14.0,12.0,59.0,4.0,8.0,19.0
401812611,2025-12-23,2026,0,40,2599,108,St. John's Red Storm,Harvard Crimson,85,59,62.0,18.0,14.0,12.0,53.0,11.0,6.0,15.0
401813284,2025-12-23,2026,0,40,2351,2415,Loyola Marymount Lions,Morgan State Bears,83,56,54.0,28.0,12.0,13.0,65.0,19.0,20.0,17.0
401813766,2025-12-23,2026,0,40,26,27,UCLA Bruins,UC Riverside Highlanders,97,65,68.0,26.0,11.0,10.0,54.0,23.0,10.0,22.0
401820611,2025-12-23,2026,0,45,349,2066,Army Black Knights,Binghamton Bearcats,95,85,61.0,30.0,9.0,12.0,63.0,22.0,4.0,9.0
401822397,2025-12-23,2026,0,40,2623,2815,Missouri State Bears,Lindenwood Lions,70,65,62.0,23.0,13.0,9.0,59.0,31.0,14.0,9.0
401822876,2025-12-23,2026,0,40,2550,222,Seton Hall Pirates,Villanova Wildcats,56,64,63.0,16.0,16.0,9.0,45.0,16.0,8.0,18.0
401823223,2025-12-23,2026,0,40,96,91,Kentucky Wildcats,Bellarmine Knights,99,85,56.0,24.0,11.0,10.0,50.0,30.0,9.0,12.0
401823572,2025-12-23,2026,0,40,2934,70,Cal State Bakersfield Roadrunners,Idaho Vandals,64,63,56.0,8.0,7.0,13.0,58.0,15.0,11.0,11.0
401824830,2025-12-23,2026,0,40,2116,2226,UCF Knights,Florida Atlantic Owls,85,80,65.0,22.0,12.0,12.0,70.0,12.0,11.0,12.0
401827093,2025-12-23,2026,0,40,194,2755,Ohio State Buckeyes,Grambling Tigers,89,63,50.0,25.0,9.0,14.0,52.0,23.0,11.0,15.0
401827264,2025-12-23,2026,0,40,276,2706,Marshall Thundering Herd,WVU Tech Golden Bears,102,52,71.0,18.0,17.0,10.0,56.0,14.0,8.0,17.0
401828299,2025-12-23,2026,0,40,2097,2739,Campbell Fighting Camels,Green Bay Phoenix,102,79,58.0,27.0,14.0,8.0,52.0,23.0,8.0,13.0
401813455,2025-12-27,2026,0,40,2184,128438,Duquesne Dukes,Cleary University Cougars,99,49,72.0,19.0,19.0,13.0,66.0,13.0,11.0,15.0
401817475,2025-12-27,2026,0,40,24,2463,Stanford Cardinal,Cal State Northridge Matadors,88,80,52.0,38.0,8.0,13.0,51.0,30.0,5.0,15.0
401823596,2025-12-27,2026,0,40,350,130401,UNC Wilmington Seahawks,Columbia (SC) Fighting Koalas,100,56,74.0,22.0,18.0,9.0,57.0,15.0,8.0,19.0
401804831,2025-12-28,2026,0,45,2229,2335,Florida International Panthers,Liberty Flames,94,97,73.0,23.0,20.0,14.0,69.0,16.0,11.0,10.0
401811115,2025-12-28,2026,0,40,233,573,South Dakota Coyotes,Mount Marty Lancers,85,61,58.0,20.0,13.0,13.0,64.0,12.0,10.0,9.0
401812583,2025-12-28,2026,0,40,2244,219,George Mason Patriots,Pennsylvania Quakers,83,79,60.0,28.0,12.0,7.0,63.0,15.0,9.0,8.0
401812612,2025-12-28,2026,0,40,2142,108,Colgate Raiders,Harvard Crimson,69,78,59.0,10.0,6.0,12.0,59.0,6.0,4.0,10.0
401817181,2025-12-28,2026,0,40,257,2127,Richmond Spiders,Charleston Southern Buccaneers,72,77,59.0,29.0,10.0,9.0,65.0,23.0,16.0,13.0
401817193,2025-12-28,2026,0,40,139,131584,Saint Louis Billikens,Principia PRINCIPIA,114,33,77.0,16.0,20.0,11.0,60.0,16.0,7.0,15.0
401817217,2025-12-28,2026,0,40,103,2330,Boston College Eagles,Le Moyne Dolphins,72,64,60.0,23.0,11.0,11.0,63.0,19.0,12.0,15.0
401817463,2025-12-28,2026,0,40,2567,2239,SMU Mustangs,Cal State Fullerton Titans,110,63,77.0,19.0,20.0,11.0,62.0,22.0,16.0,19.0
401818537,2025-12-28,2026,0,40,2454,171,North Florida Ospreys,Columbia Lions,82,90,65.0,12.0,6.0,8.0,55.0,21.0,5.0,11.0
401819870,2025-12-28,2026,0,40,38,2458,Colorado Buffaloes,Northern Colorado Bears,81,86,76.0,15.0,15.0,5.0,59.0,17.0,7.0,13.0
401819897,2025-12-28,2026,0,40,2306,2433,Kansas State Wildcats,UL Monroe Warhawks,94,85,70.0,24.0,15.0,13.0,55.0,34.0,7.0,15.0
401819904,2025-12-28,2026,0,40,2641,2737,Texas Tech Red Raiders,Winthrop Eagles,87,57,54.0,26.0,9.0,14.0,60.0,23.0,16.0,15.0
401820621,2025-12-28,2026,0,40,2803,402,Bryant Bulldogs,Worcester State Lancers,95,59,66.0,17.0,15.0,11.0,68.0,7.0,15.0,13.0
401822733,2025-12-28,2026,0,40,2603,407,Saint Joseph's Hawks,Arcadia ARCADIA,87,65,63.0,25.0,18.0,12.0,66.0,15.0,14.0,9.0
401823235,2025-12-28,2026,0,40,526,123362,Florida Gulf Coast Eagles,Fort Lauderdale Eagles,84,43,71.0,14.0,23.0,12.0,55.0,12.0,8.0,14.0
401823357,2025-12-28,2026,0,40,2534,128256,Sam Houston Bearkats,College of Biblical Studies Ambassadors,117,57,79.0,26.0,25.0,10.0,71.0,11.0,14.0,15.0
401826075,2025-12-28,2026,0,40,2515,2828,Radford Highlanders,Shenandoah Hornets,87,44,60.0,11.0,9.0,8.0,51.0,7.0,10.0,19.0
401826091,2025-12-28,2026,0,40,302,594,UC Davis Aggies,Pacific Union PACIFIC UNION,108,52,76.0,32.0,19.0,12.0,47.0,25.0,4.0,28.0
401826756,2025-12-28,2026,0,40,59,50,Georgia Tech Yellow Jackets,Florida A&M Rattlers,89,65,54.0,22.0,11.0,20.0,71.0,16.0,15.0,11.0
401826910,2025-12-28,2026,0,40,28,128501,UC San Diego Tritons,Stanton Elks,85,62,64.0,25.0,18.0,9.0,51.0,11.0,6.0,18.0
401826945,2025-12-28,2026,0,40,2506,3245,Presbyterian Blue Hose,Truett McConnell Bears,91,64,67.0,25.0,16.0,12.0,55.0,20.0,5.0,13.0
401826981,2025-12-28,2026,0,40,2272,2945,High Point Panthers,Pfeiffer Falcons,123,64,74.0,24.0,16.0,10.0,64.0,13.0,7.0,16.0
401827057,2025-12-28,2026,0,40,2344,2047,Longwood Lancers,Averett Cougars,92,49,59.0,11.0,9.0,16.0,63.0,16.0,16.0,19.0
401827218,2025-12-28,2026,0,40,120,295,Maryland Terrapins,Old Dominion Monarchs,73,58,60.0,17.0,8.0,8.0,57.0,19.0,11.0,13.0
401827266,2025-12-28,2026,0,40,2483,2437,Oregon Ducks,Omaha Mavericks,80,57,68.0,13.0,18.0,8.0,57.0,15.0,10.0,9.0
401828723,2025-12-28,2026,0,40,309,2450,Louisiana Ragin' Cajuns,Norfolk State Spartans,63,54,51.0,15.0,8.0,7.0,54.0,16.0,11.0,10.0
401829163,2025-12-28,2026,0,40,2492,2250,Pepperdine Waves,Gonzaga Bulldogs,56,96,56.0,20.0,10.0,14.0,67.0,19.0,13.0,9.0
401829164,2025-12-28,2026,0,40,301,279,San Diego Toreros,Pacific Tigers,66,54,50.0,24.0,6.0,8.0,51.0,12.0,13.0,21.0
401829165,2025-12-28,2026,0,40,2351,2608,Loyola Marymount Lions,Saint Mary's Gaels,73,78,56.0,14.0,9.0,6.0,56.0,19.0,12.0,6.0
401829166,2025-12-28,2026,0,40,2547,2539,Seattle U Redhawks,San Francisco Dons,59,67,73.0,18.0,15.0,5.0,56.0,24.0,8.0,10.0
401829167,2025-12-28,2026,0,40,204,2541,Oregon State Beavers,Santa Clara Broncos,64,102,49.0,27.0,9.0,16.0,55.0,24.0,7.0,9.0
401829168,2025-12-28,2026,0,40,2501,265,Portland Pilots,Washington State Cougars,62,67,65.0,24.0,14.0,6.0,53.0,28.0,11.0,13.0
401829441,2025-12-28,2026,0,40,2747,2841,Wofford Terriers,Union Commonwealth (KY) Bulldogs,88,54,59.0,26.0,15.0,12.0,55.0,7.0,11.0,21.0
401829454,2025-12-28,2026,0,40,140,562,Kansas City Roos,McPherson McPHERSON,91,78,64.0,31.0,17.0,9.0,64.0,16.0,12.0,12.0
401829460,2025-12-28,2026,0,40,155,512,North Dakota Fighting Hawks,Dakota State Trojans,88,56,67.0,20.0,13.0,6.0,40.0,29.0,5.0,18.0
401829481,2025-12-28,2026,0,40,2900,121894,St. Thomas Tommies,North Central Rams,105,59,69.0,27.0,11.0,8.0,69.0,7.0,7.0,13.0
401829494,2025-12-28,2026,0,40,2247,130401,Georgia State Panthers,Columbia (SC) Fighting Koalas,110,72,75.0,21.0,15.0,5.0,54.0,15.0,4.0,18.0
401830628,2025-12-28,2026,0,40,2046,2225,Austin Peay Governors,Fisk Bulldogs,110,59,75.0,31.0,17.0,13.0,57.0,17.0,9.0,26.0
401830632,2025-12-28,2026,0,40,166,3154,New Mexico State Aggies,Southwest Mustangs,104,33,78.0,18.0,22.0,11.0,60.0,11.0,12.0,22.0
401831190,2025-12-28,2026,0,40,2413,484,Morehead State Eagles,Alice Lloyd Eagles,115,65,74.0,20.0,15.0,7.0,64.0,8.0,6.0,14.0
401832544,2025-12-28,2026,0,40,2382,132013,Mercer Bears,Baptist (Fl) Eagles,122,49,94.0,19.0,20.0,11.0,78.0,25.0,14.0,19.0
401804832,2025-12-29,2026,0,40,55,98,Jacksonville State Gamecocks,Western Kentucky Hilltoppers,78,67,38.0,39.0,5.0,17.0,72.0,21.0,24.0,11.0
401804853,2025-12-29,2026,0,40,2348,2638,Louisiana Tech Bulldogs,UTEP Miners,75,63,52.0,34.0,12.0,9.0,57.0,16.0,16.0,15.0
401804854,2025-12-29,2026,0,40,48,2623,Delaware Blue Hens,Missouri State Bears,43,61,43.0,16.0,6.0,15.0,50.0,19.0,8.0,10.0
401805154,2025-12-29,2026,0,40,250,2627,UT Arlington Mavericks,Tarleton State Texans,63,69,45.0,28.0,10.0,18.0,52.0,28.0,7.0,7.0
401805155,2025-12-29,2026,0,40,3101,253,Utah Tech Trailblazers,Southern Utah Thunderbirds,80,66,69.0,13.0,15.0,12.0,58.0,21.0,11.0,15.0
401805156,2025-12-29,2026,0,40,3084,2856,Utah Valley Wolverines,California Baptist Lancers,73,66,56.0,20.0,3.0,8.0,45.0,20.0,7.0,23.0
401808704,2025-12-29,2026,0,40,2837,2617,East Texas A&M Lions,Stephen F. Austin Lumberjacks,48,75,51.0,14.0,7.0,14.0,63.0,17.0,15.0,9.0
401808902,2025-12-29,2026,0,40,292,2443,UT Rio Grande Valley Vaqueros,LSU New Orleans Privateers,69,85,59.0,17.0,13.0,16.0,62.0,20.0,12.0,10.0
401808920,2025-12-29,2026,0,40,357,2447,Texas A&M-Corpus Christi Islanders,Nicholls Colonels,71,76,50.0,13.0,8.0,15.0,50.0,17.0,7.0,12.0
401808935,2025-12-29,2026,0,40,2466,2320,Northwestern State Demons,Lamar Cardinals,61,76,47.0,28.0,7.0,13.0,54.0,10.0,6.0,13.0
401811983,2025-12-29,2026,0,40,2210,111,Elon Phoenix,Northeastern Huskies,103,91,58.0,25.0,11.0,14.0,58.0,17.0,8.0,13.0
401811984,2025-12-29,2026,0,40,2261,2619,Hampton Pirates,Stony Brook Seawolves,62,59,52.0,19.0,8.0,11.0,46.0,20.0,7.0,16.0
401811985,2025-12-29,2026,0,40,2275,2097,Hofstra Pride,Campbell Fighting Camels,86,72,57.0,19.0,14.0,14.0,62.0,22.0,13.0,7.0
401811986,2025-12-29,2026,0,40,232,2182,Charleston Cougars,Drexel Dragons,72,63,55.0,16.0,10.0,11.0,53.0,16.0,10.0,11.0
401811987,2025-12-29,2026,0,40,2729,119,William & Mary Tribe,Towson Tigers,84,70,56.0,21.0,6.0,9.0,64.0,16.0,12.0,11.0
401811988,2025-12-29,2026,0,40,2448,350,North Carolina A&T Aggies,UNC Wilmington Seahawks,78,87,61.0,24.0,5.0,8.0,57.0,35.0,10.0,12.0
401812259,2025-12-29,2026,0,40,2628,2296,TCU Horned Frogs,Jackson State Tigers,115,64,69.0,12.0,8.0,8.0,59.0,15.0,10.0,17.0
401812269,2025-12-29,2026,0,40,333,43,Alabama Crimson Tide,Yale Bulldogs,102,78,77.0,16.0,21.0,5.0,63.0,26.0,14.0,8.0
401812314,2025-12-29,2026,0,40,135,161,Minnesota Golden Gophers,Fairleigh Dickinson Knights,60,43,57.0,12.0,13.0,12.0,52.0,14.0,13.0,14.0
401812364,2025-12-29,2026,0,40,61,112358,Georgia Bulldogs,Long Island University Sharks,89,74,63.0,29.0,16.0,13.0,64.0,24.0,15.0,16.0
401813297,2025-12-29,2026,0,40,197,2065,Oklahoma State Cowboys,Bethune-Cookman Wildcats,103,77,68.0,42.0,15.0,8.0,56.0,22.0,7.0,19.0
401813310,2025-12-29,2026,0,40,2520,2363,Rider Broncs,Manhattan Jaspers,71,74,68.0,13.0,20.0,12.0,58.0,27.0,16.0,10.0
401813328,2025-12-29,2026,0,40,2514,2368,Quinnipiac Bobcats,Marist Red Foxes,64,58,61.0,20.0,17.0,15.0,61.0,9.0,12.0,15.0
401813407,2025-12-29,2026,0,40,116,314,Mount St. Mary's Mountaineers,Iona Gaels,66,59,58.0,15.0,8.0,16.0,65.0,10.0,9.0,15.0
401817596,2025-12-29,2026,0,40,325,85,Cleveland State Vikings,IU Indianapolis Jaguars,99,86,57.0,35.0,10.0,13.0,69.0,22.0,14.0,10.0
401817597,2025-12-29,2026,0,40,270,2870,Milwaukee Panthers,Purdue Fort Wayne Mastodons,77,55,63.0,15.0,19.0,16.0,58.0,10.0,4.0,9.0
401817598,2025-12-29,2026,0,40,2523,94,Robert Morris Colonials,Northern Kentucky Norse,77,79,63.0,14.0,15.0,15.0,52.0,27.0,5.0,12.0
401817599,2025-12-29,2026,0,40,2754,2174,Youngstown State Penguins,Detroit Mercy Titans,68,73,67.0,20.0,15.0,8.0,56.0,25.0,12.0,14.0
401817600,2025-12-29,2026,0,40,2750,2473,Wright State Raiders,Oakland Golden Grizzlies,88,73,55.0,22.0,9.0,13.0,60.0,30.0,15.0,13.0
401819833,2025-12-29,2026,0,40,239,3166,Baylor Bears,Arlington Baptist Patriots,124,61,68.0,26.0,11.0,14.0,70.0,13.0,8.0,15.0
401819850,2025-12-29,2026,0,40,2132,288,Cincinnati Bearcats,Lipscomb Bisons,89,62,75.0,9.0,14.0,8.0,57.0,13.0,6.0,14.0
401819881,2025-12-29,2026,0,40,66,2277,Iowa State Cyclones,Houston Christian Huskies,89,61,56.0,38.0,17.0,9.0,48.0,17.0,3.0,14.0
401819914,2025-12-29,2026,0,40,264,254,Washington Huskies,Utah Utes,74,65,53.0,20.0,4.0,10.0,64.0,14.0,14.0,12.0
401820402,2025-12-29,2026,0,40,2439,3167,UNLV Rebels,La Sierra Golden Eagles,89,47,75.0,15.0,20.0,11.0,50.0,19.0,10.0,24.0
401820603,2025-12-29,2026,0,40,2006,2148,Akron Zips,Concord Mountain Lions,115,64,72.0,15.0,8.0,7.0,66.0,8.0,12.0,21.0
401820612,2025-12-29,2026,0,40,2066,347,Binghamton Bearcats,Elmira Soaring Eagles,100,60,55.0,25.0,7.0,6.0,60.0,17.0,13.0,11.0
401822328,2025-12-29,2026,0,40,2050,2189,Ball State Cardinals,Earlham Quakers,93,30,58.0,19.0,6.0,7.0,47.0,14.0,3.0,17.0
401822766,2025-12-29,2026,0,40,2154,2378,Coppin State Eagles,UMBC Retrievers,59,93,57.0,15.0,6.0,14.0,63.0,23.0,12.0,10.0
401823001,2025-12-29,2026,0,40,248,2393,Houston Cougars,Middle Tennessee Blue Raiders,69,60,59.0,17.0,14.0,6.0,49.0,6.0,11.0,19.0
401823019,2025-12-29,2026,0,40,2509,2309,Purdue Boilermakers,Kent State Golden Flashes,101,60,64.0,19.0,6.0,8.0,61.0,14.0,6.0,15.0
401823315,2025-12-29,2026,0,40,2217,2612,Fairfield Stags,Saint Peter's Peacocks,66,70,57.0,19.0,11.0,12.0,70.0,11.0,18.0,10.0
401823498,2025-12-29,2026,0,40,2,2511,Auburn Tigers,Queens University Royals,106,65,63.0,30.0,13.0,10.0,56.0,27.0,9.0,14.0
401823651,2025-12-29,2026,0,40,2294,2349,Iowa Hawkeyes,UMass Lowell River Hawks,90,62,55.0,24.0,8.0,7.0,50.0,18.0,9.0,16.0
401823731,2025-12-29,2026,0,40,2529,2771,Sacred Heart Pioneers,Merrimack Warriors,72,80,57.0,17.0,13.0,13.0,54.0,23.0,7.0,9.0
401825594,2025-12-29,2026,0,40,2464,110031,Northern Arizona Lumberjacks,Benedictine Mesa Redhawks,112,60,63.0,31.0,10.0,15.0,56.0,14.0,5.0,25.0
401826084,2025-12-29,2026,0,40,130,2377,Michigan Wolverines,McNeese Cowboys,112,71,63.0,45.0,14.0,15.0,78.0,24.0,17.0,9.0
401826782,2025-12-29,2026,0,40,201,2400,Oklahoma Sooners,Mississippi Valley State Delta Devils,93,69,57.0,17.0,12.0,8.0,51.0,16.0,7.0,10.0
401826790,2025-12-29,2026,0,40,8,256,Arkansas Razorbacks,James Madison Dukes,103,74,62.0,31.0,12.0,6.0,58.0,19.0,12.0,14.0
401826814,2025-12-29,2026,0,40,58,2246,South Florida Bulls,Georgia College Bobcats,111,50,75.0,29.0,14.0,6.0,62.0,8.0,9.0,23.0
401826888,2025-12-29,2026,0,40,12,2571,Arizona Wildcats,South Dakota State Jackrabbits,99,71,62.0,31.0,12.0,14.0,64.0,17.0,9.0,14.0
401827020,2025-12-29,2026,0,40,356,2582,Illinois Fighting Illini,Southern Jaguars,90,55,58.0,18.0,16.0,14.0,66.0,8.0,13.0,8.0
401827046,2025-12-29,2026,0,40,245,2504,Texas A&M Aggies,Prairie View A&M Panthers,111,82,70.0,35.0,14.0,14.0,65.0,31.0,9.0,15.0
401827158,2025-12-29,2026,0,40,344,2011,Mississippi State Bulldogs,Alabama State Hornets,94,56,69.0,14.0,17.0,11.0,50.0,34.0,9.0,12.0
401827222,2025-12-29,2026,0,40,127,172,Michigan State Spartans,Cornell Big Red,114,97,65.0,43.0,15.0,12.0,70.0,23.0,9.0,12.0
401827260,2025-12-29,2026,0,40,99,2572,LSU Tigers,Southern Miss Golden Eagles,90,62,62.0,25.0,10.0,6.0,62.0,29.0,15.0,10.0
401827279,2025-12-29,2026,0,40,213,2428,Penn State Nittany Lions,North Carolina Central Eagles,90,67,59.0,13.0,8.0,11.0,52.0,7.0,10.0,23.0
401827436,2025-12-29,2026,0,40,164,2169,Rutgers Scarlet Knights,Delaware State Hornets,65,50,57.0,29.0,21.0,17.0,51.0,18.0,7.0,15.0
401828494,2025-12-29,2026,0,40,145,2016,Ole Miss Rebels,Alcorn State Braves,79,43,66.0,8.0,16.0,13.0,57.0,15.0,8.0,11.0
401828686,2025-12-29,2026,0,40,238,2441,Vanderbilt Commodores,New Haven Chargers,96,53,64.0,12.0,11.0,9.0,58.0,7.0,5.0,13.0
401828921,2025-12-29,2026,0,40,82,73,UIC Flames,Illinois Tech Scarlet Hawks,102,64,62.0,32.0,14.0,11.0,59.0,4.0,3.0,13.0
401829419,2025-12-29,2026,0,40,57,159,Florida Gators,Dartmouth Big Green,94,72,68.0,38.0,25.0,12.0,62.0,14.0,3.0,10.0
401830112,2025-12-29,2026,0,40,2885,111947,NJIT Highlanders,SUNY Canton Roos,95,60,82.0,26.0,23.0,11.0,58.0,10.0,7.0,25.0
401830200,2025-12-29,2026,0,45,282,2057,Indiana State Sycamores,Belmont Bruins,81,80,61.0,26.0,12.0,14.0,63.0,17.0,10.0,16.0
401830218,2025-12-29,2026,0,40,71,339,Bradley Braves,Evansville Purple Aces,76,68,64.0,21.0,11.0,5.0,62.0,14.0,10.0,11.0
401830252,2025-12-29,2026,0,40,2181,2287,Drake Bulldogs,Illinois State Redbirds,56,73,56.0,18.0,7.0,9.0,41.0,12.0,4.0,23.0
401830253,2025-12-29,2026,0,40,93,79,Murray State Racers,Southern Illinois Salukis,84,81,57.0,21.0,7.0,14.0,68.0,17.0,14.0,13.0
401830254,2025-12-29,2026,0,40,2460,2674,Northern Iowa Panthers,Valparaiso Beacons,58,48,43.0,18.0,4.0,10.0,58.0,14.0,15.0,8.0
401831555,2025-12-29,2026,0,40,6,2920,South Alabama Jaguars,Mobile Rams,85,52,57.0,28.0,5.0,9.0,61.0,7.0,6.0,14.0
401806414,2025-12-30,2026,0,40,2635,2634,Tennessee Tech Golden Eagles,Tennessee State Tigers,76,88,57.0,13.0,8.0,15.0,70.0,7.0,14.0,11.0
401809224,2025-12-30,2026,0,40,2643,2193,The Citadel Bulldogs,East Tennessee State Buccaneers,49,74,52.0,13.0,11.0,17.0,52.0,19.0,10.0,11.0
401813285,2025-12-30,2026,0,40,2415,111199,Morgan State Bears,Penn State Brandywine Lions,92,55,56.0,22.0,9.0,9.0,55.0,18.0,10.0,12.0
401814494,2025-12-30,2026,0,40,189,193,Bowling Green Falcons,Miami (OH) RedHawks,83,93,63.0,23.0,10.0,13.0,55.0,24.0,8.0,16.0
401814495,2025-12-30,2026,0,40,2117,195,Central Michigan Chippewas,Ohio Bobcats,64,80,58.0,23.0,8.0,15.0,60.0,34.0,10.0,12.0
401814496,2025-12-30,2026,0,40,2199,113,Eastern Michigan Eagles,Massachusetts Minutemen,80,74,55.0,39.0,10.0,9.0,70.0,18.0,12.0,7.0
401814497,2025-12-30,2026,0,40,2649,2711,Toledo Rockets,Western Michigan Broncos,84,79,65.0,36.0,21.0,10.0,69.0,14.0,18.0,13.0
401820495,2025-12-30,2026,0,40,2916,2545,Incarnate Word Cardinals,SE Louisiana Lions,79,70,63.0,16.0,10.0,12.0,65.0,20.0,14.0,12.0
401820558,2025-12-30,2026,0,40,2005,2751,Air Force Falcons,Wyoming Cowboys,56,68,44.0,20.0,4.0,19.0,48.0,27.0,12.0,20.0
401820632,2025-12-30,2026,0,40,311,554,Maine Black Bears,Maine Fort Kent Bengals,104,66,68.0,14.0,6.0,13.0,62.0,14.0,11.0,25.0
401820634,2025-12-30,2026,0,40,25,97,California Golden Bears,Louisville Cardinals,70,90,59.0,27.0,8.0,8.0,69.0,14.0,15.0,10.0
401820635,2025-12-30,2026,0,40,24,87,Stanford Cardinal,Notre Dame Fighting Irish,40,47,56.0,12.0,10.0,6.0,56.0,14.0,16.0,12.0
401820637,2025-12-30,2026,0,40,2390,221,Miami Hurricanes,Pittsburgh Panthers,76,69,58.0,26.0,15.0,10.0,60.0,17.0,8.0,7.0
401820639,2025-12-30,2026,0,40,153,52,North Carolina Tar Heels,Florida State Seminoles,79,66,68.0,20.0,16.0,8.0,66.0,14.0,12.0,9.0
401822316,2025-12-30,2026,0,40,275,270,Wisconsin Badgers,Milwaukee Panthers,80,60,57.0,32.0,7.0,9.0,63.0,21.0,13.0,15.0
401822877,2025-12-30,2026,0,40,269,2550,Marquette Golden Eagles,Seton Hall Pirates,73,79,63.0,27.0,12.0,8.0,64.0,29.0,20.0,13.0
401822878,2025-12-30,2026,0,40,156,2086,Creighton Bluejays,Butler Bulldogs,89,85,63.0,15.0,10.0,12.0,75.0,19.0,21.0,10.0
401823334,2025-12-30,2026,0,40,299,124946,Long Beach State Beach,Lincoln (CA) Oaklanders,113,66,76.0,11.0,11.0,10.0,62.0,11.0,6.0,20.0
401823770,2025-12-30,2026,0,40,23,21,San José State Spartans,San Diego State Aztecs,68,81,58.0,24.0,12.0,18.0,53.0,26.0,11.0,16.0
401823821,2025-12-30,2026,0,40,68,167,Boise State Broncos,New Mexico Lobos,62,53,56.0,25.0,8.0,9.0,65.0,16.0,9.0,8.0
401826770,2025-12-30,2026,0,45,163,261,Princeton Tigers,Vermont Catamounts,75,69,54.0,19.0,7.0,11.0,61.0,16.0,11.0,10.0
401826776,2025-12-30,2026,0,40,158,160,Nebraska Cornhuskers,New Hampshire Wildcats,86,55,59.0,35.0,16.0,10.0,56.0,17.0,12.0,16.0
401826936,2025-12-30,2026,0,40,77,47,Northwestern Wildcats,Howard Bison,80,60,56.0,34.0,13.0,5.0,55.0,13.0,12.0,14.0
401827010,2025-12-30,2026,0,40,2640,2281,Texas Southern Tigers,Huston Tillotson Rams,80,56,54.0,38.0,16.0,17.0,63.0,18.0,9.0,13.0
401827094,2025-12-30,2026,0,40,2755,2113,Grambling Tigers,Centenary (LA) Gentlemen,90,58,67.0,21.0,14.0,10.0,56.0,15.0,5.0,17.0
401827199,2025-12-30,2026,0,40,2010,2225,Alabama A&M Bulldogs,Fisk Bulldogs,90,58,61.0,27.0,11.0,11.0,66.0,19.0,14.0,12.0
401827914,2025-12-30,2026,0,40,278,328,Fresno State Bulldogs,Utah State Aggies,63,72,58.0,22.0,10.0,18.0,55.0,22.0,10.0,20.0
401828151,2025-12-30,2026,0,40,2429,218,Charlotte 49ers,Temple Owls,73,76,50.0,28.0,8.0,11.0,53.0,24.0,5.0,10.0
401828273,2025-12-30,2026,0,40,2579,399,South Carolina Gamecocks,UAlbany Great Danes,96,67,55.0,17.0,8.0,9.0,62.0,8.0,17.0,15.0
401828343,2025-12-30,2026,0,50,2166,2184,Davidson Wildcats,Duquesne Dukes,83,89,76.0,15.0,10.0,6.0,69.0,21.0,14.0,12.0
401829169,2025-12-30,2026,0,40,301,2250,San Diego Toreros,Gonzaga Bulldogs,93,99,63.0,23.0,6.0,11.0,69.0,24.0,15.0,15.0
401829170,2025-12-30,2026,0,40,2351,279,Loyola Marymount Lions,Pacific Tigers,80,71,55.0,23.0,6.0,10.0,60.0,26.0,16.0,13.0
401829171,2025-12-30,2026,0,40,2492,2608,Pepperdine Waves,Saint Mary's Gaels,45,72,55.0,4.0,8.0,13.0,53.0,10.0,7.0,10.0
401829172,2025-12-30,2026,0,40,204,2539,Oregon State Beavers,San Francisco Dons,70,62,46.0,14.0,1.0,10.0,53.0,22.0,8.0,9.0
401829173,2025-12-30,2026,0,40,2501,2541,Portland Pilots,Santa Clara Broncos,85,92,58.0,16.0,10.0,15.0,63.0,17.0,13.0,14.0
401829174,2025-12-30,2026,0,40,2547,265,Seattle U Redhawks,Washington State Cougars,69,55,47.0,25.0,2.0,11.0,64.0,23.0,25.0,19.0
401829283,2025-12-30,2026,0,40,2633,2569,Tennessee Volunteers,South Carolina State Bulldogs,105,54,64.0,33.0,20.0,10.0,55.0,20.0,6.0,10.0
401829292,2025-12-30,2026,0,40,36,2440,Colorado State Rams,Nevada Wolf Pack,62,75,51.0,29.0,12.0,10.0,52.0,31.0,11.0,8.0
401829485,2025-12-30,2026,0,40,2032,2033,Arkansas State Red Wolves,Arkansas Tech Wonder Boys,107,63,62.0,24.0,9.0,12.0,52.0,16.0,12.0,27.0
401808588,2025-12-31,2026,0,40,295,2026,Old Dominion Monarchs,App State Mountaineers,73,81,59.0,22.0,10.0,8.0,54.0,28.0,13.0,11.0
401808589,2025-12-31,2026,0,40,276,2247,Marshall Thundering Herd,Georgia State Panthers,84,80,59.0,22.0,9.0,15.0,62.0,23.0,12.0,13.0
401808590,2025-12-31,2026,0,40,309,6,Louisiana Ragin' Cajuns,South Alabama Jaguars,58,63,57.0,7.0,12.0,8.0,45.0,20.0,10.0,11.0
401808591,2025-12-31,2026,0,40,2653,326,Troy Trojans,Texas State Bobcats,100,80,57.0,32.0,13.0,8.0,63.0,14.0,14.0,13.0
401808705,2025-12-31,2026,0,40,2837,2320,East Texas A&M Lions,Lamar Cardinals,62,69,51.0,16.0,9.0,16.0,64.0,17.0,14.0,9.0
401808903,2025-12-31,2026,0,40,357,2443,Texas A&M-Corpus Christi Islanders,LSU New Orleans Privateers,83,69,72.0,25.0,24.0,9.0,51.0,29.0,12.0,16.0
401808921,2025-12-31,2026,0,40,292,2447,UT Rio Grande Valley Vaqueros,Nicholls Colonels,69,71,56.0,14.0,12.0,19.0,51.0,24.0,9.0,16.0
401808936,2025-12-31,2026,0,40,2466,2617,Northwestern State Demons,Stephen F. Austin Lumberjacks,64,74,53.0,25.0,5.0,7.0,58.0,20.0,12.0,9.0
401809223,2025-12-31,2026,0,40,231,2382,Furman Paladins,Mercer Bears,74,72,59.0,22.0,13.0,11.0,70.0,9.0,14.0,7.0
401809225,2025-12-31,2026,0,40,2717,2747,Western Carolina Catamounts,Wofford Terriers,74,79,64.0,29.0,20.0,14.0,56.0,23.0,8.0,12.0
401811989,2025-12-31,2026,0,40,2448,111,North Carolina A&T Aggies,Northeastern Huskies,74,85,50.0,32.0,12.0,11.0,56.0,27.0,9.0,7.0
401811990,2025-12-31,2026,0,40,2729,2619,William & Mary Tribe,Stony Brook Seawolves,76,57,51.0,20.0,8.0,12.0,63.0,9.0,15.0,13.0
401811991,2025-12-31,2026,0,40,350,2182,UNC Wilmington Seahawks,Drexel Dragons,65,53,52.0,28.0,11.0,6.0,55.0,19.0,15.0,11.0
401811992,2025-12-31,2026,0,40,2261,119,Hampton Pirates,Towson Tigers,63,62,48.0,20.0,10.0,12.0,55.0,26.0,15.0,9.0
401811993,2025-12-31,2026,0,40,2405,2097,Monmouth Hawks,Campbell Fighting Camels,65,68,53.0,26.0,10.0,7.0,52.0,30.0,14.0,15.0
401811994,2025-12-31,2026,0,40,2210,232,Elon Phoenix,Charleston Cougars,81,85,68.0,20.0,10.0,6.0,59.0,29.0,11.0,12.0
401812584,2025-12-31,2026,0,40,219,2885,Pennsylvania Quakers,NJIT Highlanders,80,61,60.0,19.0,11.0,11.0,62.0,12.0,11.0,14.0
401814493,2025-12-31,2026,0,40,2459,2084,Northern Illinois Huskies,Buffalo Bulls,67,81,56.0,16.0,10.0,14.0,55.0,23.0,11.0,14.0
401818329,2025-12-31,2026,0,40,2449,233,North Dakota State Bison,South Dakota Coyotes,84,61,60.0,17.0,12.0,8.0,50.0,15.0,9.0,15.0
401818330,2025-12-31,2026,0,40,2172,140,Denver Pioneers,Kansas City Roos,87,74,62.0,26.0,9.0,6.0,61.0,23.0,13.0,10.0
401818538,2025-12-31,2026,0,40,171,3183,Columbia Lions,Penn State Abington Nittany Lions,106,51,76.0,19.0,23.0,11.0,55.0,29.0,8.0,10.0
401818558,2025-12-31,2026,0,40,225,353,Brown Bears,Johnson & Wales Griffins,105,47,73.0,23.0,18.0,7.0,54.0,9.0,1.0,17.0
401820160,2025-12-31,2026,0,40,2426,104,Navy Midshipmen,Boston University Terriers,82,77,53.0,30.0,10.0,9.0,59.0,12.0,4.0,8.0
401820193,2025-12-31,2026,0,40,44,2352,American University Eagles,Loyola Maryland Greyhounds,84,69,59.0,9.0,5.0,9.0,49.0,21.0,11.0,19.0
401820636,2025-12-31,2026,0,40,150,59,Duke Blue Devils,Georgia Tech Yellow Jackets,85,79,64.0,35.0,21.0,12.0,54.0,13.0,5.0,17.0
401820638,2025-12-31,2026,0,40,152,154,NC State Wolfpack,Wake Forest Demon Deacons,70,57,59.0,17.0,10.0,15.0,59.0,13.0,10.0,16.0
401820640,2025-12-31,2026,0,40,183,228,Syracuse Orange,Clemson Tigers,61,64,45.0,24.0,5.0,15.0,56.0,12.0,7.0,12.0
401820641,2025-12-31,2026,0,55,259,258,Virginia Tech Hokies,Virginia Cavaliers,95,85,82.0,41.0,20.0,14.0,89.0,15.0,17.0,17.0
401822879,2025-12-31,2026,0,40,46,2599,Georgetown Hoyas,St. John's Red Storm,83,95,61.0,23.0,14.0,12.0,60.0,26.0,14.0,11.0
401822880,2025-12-31,2026,0,40,2752,41,Xavier Musketeers,UConn Huskies,67,90,56.0,22.0,5.0,11.0,62.0,14.0,10.0,14.0
401822881,2025-12-31,2026,0,40,222,305,Villanova Wildcats,DePaul Blue Demons,71,66,58.0,31.0,15.0,8.0,60.0,12.0,12.0,14.0
401823874,2025-12-31,2026,0,40,2241,2127,Gardner-Webb Runnin' Bulldogs,Charleston Southern Buccaneers,79,89,59.0,33.0,11.0,10.0,57.0,31.0,10.0,12.0
401823895,2025-12-31,2026,0,40,2427,2272,UNC Asheville Bulldogs,High Point Panthers,69,87,56.0,24.0,8.0,8.0,47.0,26.0,4.0,11.0
401823896,2025-12-31,2026,0,40,2908,2515,South Carolina Upstate Spartans,Radford Highlanders,69,76,66.0,16.0,15.0,14.0,58.0,24.0,10.0,14.0
401823897,2025-12-31,2026,0,40,2344,2737,Longwood Lancers,Winthrop Eagles,82,70,58.0,21.0,14.0,13.0,62.0,32.0,17.0,8.0
401824384,2025-12-31,2026,0,40,107,2083,Holy Cross Crusaders,Bucknell Bison,65,58,46.0,26.0,8.0,11.0,59.0,5.0,11.0,13.0
401826817,2025-12-31,2026,0,45,2329,349,Lehigh Mountain Hawks,Army Black Knights,78,85,62.0,23.0,4.0,9.0,57.0,37.0,14.0,16.0
401828150,2025-12-31,2026,0,40,5,2724,UAB Blazers,Wichita State Shockers,70,75,57.0,24.0,10.0,7.0,61.0,16.0,15.0,11.0
401828152,2025-12-31,2026,0,40,151,2655,East Carolina Pirates,Tulane Green Wave,70,79,64.0,19.0,14.0,8.0,53.0,27.0,13.0,12.0
401828153,2025-12-31,2026,0,40,2226,2636,Florida Atlantic Owls,UTSA Roadrunners,110,70,65.0,20.0,10.0,15.0,61.0,30.0,10.0,15.0
401828154,2025-12-31,2026,0,40,235,249,Memphis Tigers,North Texas Mean Green,57,48,51.0,15.0,13.0,20.0,55.0,8.0,9.0,18.0
401828155,2025-12-31,2026,0,40,202,242,Tulsa Golden Hurricane,Rice Owls,97,48,60.0,12.0,11.0,10.0,57.0,17.0,12.0,12.0
401828344,2025-12-31,2026,0,40,2168,2230,Dayton Flyers,Fordham Rams,63,56,54.0,18.0,8.0,8.0,60.0,8.0,16.0,15.0
401828345,2025-12-31,2026,0,40,2325,2244,La Salle Explorers,George Mason Patriots,75,80,62.0,27.0,14.0,4.0,56.0,28.0,8.0,0.0
401828346,2025-12-31,2026,0,40,257,45,Richmond Spiders,George Washington Revolutionaries,85,99,57.0,21.0,10.0,8.0,58.0,15.0,9.0,10.0
401828347,2025-12-31,2026,0,40,227,2350,Rhode Island Rams,Loyola Chicago Ramblers,57,61,58.0,17.0,13.0,12.0,48.0,10.0,11.0,24.0
401828348,2025-12-31,2026,0,40,2670,179,VCU Rams,St. Bonaventure Bonnies,89,82,53.0,28.0,5.0,7.0,61.0,15.0,11.0,10.0
401828349,2025-12-31,2026,0,40,139,2603,Saint Louis Billikens,Saint Joseph's Hawks,102,79,60.0,11.0,7.0,7.0,62.0,24.0,14.0,6.0
401829407,2025-12-31,2026,0,40,322,2142,Lafayette Leopards,Colgate Raiders,77,85,54.0,28.0,6.0,12.0,57.0,33.0,8.0,9.0
401805157,2026-01-01,2026,0,40,2000,3101,Abilene Christian Wildcats,Utah Tech Trailblazers,64,79,50.0,19.0,9.0,19.0,50.0,12.0,7.0,16.0
401805158,2026-01-01,2026,0,40,2627,3084,Tarleton State Texans,Utah Valley Wolverines,85,91,62.0,32.0,10.0,9.0,53.0,36.0,11.0,17.0
401805159,2026-01-01,2026,0,40,250,2856,UT Arlington Mavericks,California Baptist Lancers,63,51,55.0,23.0,12.0,10.0,47.0,14.0,7.0,17.0
401806415,2026-01-01,2026,0,40,2546,2197,Southeast Missouri State Redhawks,Eastern Illinois Panthers,68,59,60.0,20.0,11.0,10.0,54.0,22.0,5.0,12.0
401806416,2026-01-01,2026,0,40,2815,2413,Lindenwood Lions,Morehead State Eagles,77,64,55.0,22.0,5.0,10.0,60.0,15.0,12.0,13.0
401806417,2026-01-01,2026,0,40,2031,2635,Little Rock Trojans,Tennessee Tech Golden Eagles,77,58,53.0,22.0,7.0,11.0,65.0,17.0,21.0,16.0
401806418,2026-01-01,2026,0,40,2565,88,SIU Edwardsville Cougars,Southern Indiana Screaming Eagles,59,55,53.0,26.0,15.0,15.0,52.0,25.0,14.0,17.0
401806419,2026-01-01,2026,0,40,2630,2710,UT Martin Skyhawks,Western Illinois Leathernecks,67,60,57.0,31.0,15.0,7.0,65.0,11.0,19.0,13.0
401807661,2026-01-01,2026,0,40,2698,91,West Georgia Wolves,Bellarmine Knights,87,85,72.0,21.0,18.0,5.0,50.0,34.0,5.0,7.0
401807662,2026-01-01,2026,0,40,2511,2198,Queens University Royals,Eastern Kentucky Colonels,91,89,61.0,31.0,10.0,6.0,61.0,21.0,8.0,5.0
401807663,2026-01-01,2026,0,40,2110,526,Central Arkansas Bears,Florida Gulf Coast Eagles,85,83,58.0,20.0,11.0,7.0,54.0,12.0,5.0,10.0
401807664,2026-01-01,2026,0,40,288,294,Lipscomb Bisons,Jacksonville Dolphins,76,57,55.0,11.0,6.0,4.0,51.0,12.0,12.0,15.0
401807665,2026-01-01,2026,0,40,2046,2454,Austin Peay Governors,North Florida Ospreys,102,83,76.0,23.0,16.0,6.0,58.0,27.0,7.0,15.0
401807666,2026-01-01,2026,0,40,2453,56,North Alabama Lions,Stetson Hatters,67,70,61.0,16.0,14.0,12.0,50.0,19.0,7.0,13.0
401808487,2026-01-01,2026,0,40,304,16,Idaho State Bengals,Sacramento State Hornets,97,84,65.0,27.0,9.0,10.0,63.0,37.0,10.0,12.0
401808501,2026-01-01,2026,0,40,149,2464,Montana Grizzlies,Northern Arizona Lumberjacks,78,64,52.0,14.0,5.0,13.0,54.0,15.0,10.0,13.0
401808513,2026-01-01,2026,0,40,147,2458,Montana State Bobcats,Northern Colorado Bears,89,75,63.0,18.0,7.0,7.0,64.0,13.0,11.0,13.0
401808537,2026-01-01,2026,0,45,2692,2502,Weber State Wildcats,Portland State Vikings,90,95,67.0,42.0,13.0,10.0,75.0,29.0,16.0,12.0
401808592,2026-01-01,2026,0,45,324,290,Coastal Carolina Chanticleers,Georgia Southern Eagles,81,82,71.0,27.0,20.0,12.0,64.0,32.0,12.0,10.0
401808593,2026-01-01,2026,0,40,2433,2572,UL Monroe Warhawks,Southern Miss Golden Eagles,73,87,62.0,22.0,6.0,12.0,61.0,15.0,10.0,17.0
401809086,2026-01-01,2026,0,40,13,28,Cal Poly Mustangs,UC San Diego Tritons,67,65,66.0,14.0,16.0,9.0,65.0,13.0,15.0,11.0
401809107,2026-01-01,2026,0,40,2934,300,Cal State Bakersfield Roadrunners,UC Irvine Anteaters,77,81,72.0,18.0,20.0,9.0,52.0,25.0,9.0,15.0
401809124,2026-01-01,2026,0,40,302,2463,UC Davis Aggies,Cal State Northridge Matadors,89,80,59.0,18.0,7.0,15.0,62.0,26.0,13.0,16.0
401809140,2026-01-01,2026,0,40,27,62,UC Riverside Highlanders,Hawai'i Rainbow Warriors,45,88,50.0,15.0,6.0,11.0,62.0,14.0,16.0,12.0
401809226,2026-01-01,2026,0,40,2430,236,UNC Greensboro Spartans,Chattanooga Mocs,77,72,54.0,31.0,14.0,12.0,59.0,9.0,5.0,9.0
401809227,2026-01-01,2026,0,40,2678,2535,VMI Keydets,Samford Bulldogs,58,78,62.0,12.0,10.0,10.0,56.0,27.0,10.0,8.0
401817601,2026-01-01,2026,0,40,2870,2739,Purdue Fort Wayne Mastodons,Green Bay Phoenix,54,72,54.0,8.0,5.0,11.0,44.0,25.0,7.0,11.0
401817602,2026-01-01,2026,0,40,2750,270,Wright State Raiders,Milwaukee Panthers,76,70,58.0,25.0,13.0,8.0,65.0,11.0,11.0,6.0
401817603,2026-01-01,2026,0,40,94,85,Northern Kentucky Norse,IU Indianapolis Jaguars,81,72,55.0,25.0,9.0,11.0,64.0,6.0,10.0,15.0
401817604,2026-01-01,2026,0,40,2754,2473,Youngstown State Penguins,Oakland Golden Grizzlies,83,85,68.0,20.0,18.0,7.0,47.0,34.0,7.0,9.0
401818331,2026-01-01,2026,0,40,155,198,North Dakota Fighting Hawks,Oral Roberts Golden Eagles,72,61,53.0,34.0,13.0,14.0,56.0,19.0,9.0,12.0
401818332,2026-01-01,2026,0,40,2571,2437,South Dakota State Jackrabbits,Omaha Mavericks,84,69,65.0,21.0,15.0,10.0,64.0,19.0,7.0,4.0
401823177,2026-01-01,2026,0,40,2239,2540,Cal State Fullerton Titans,UC Santa Barbara Gauchos,95,84,54.0,37.0,5.0,10.0,57.0,10.0,10.0,24.0
401830201,2026-01-01,2026,0,40,2057,71,Belmont Bruins,Bradley Braves,88,78,51.0,30.0,12.0,16.0,61.0,17.0,15.0,16.0
401830255,2026-01-01,2026,0,40,2287,339,Illinois State Redbirds,Evansville Purple Aces,73,47,58.0,19.0,5.0,9.0,51.0,13.0,8.0,23.0
401830256,2026-01-01,2026,0,40,82,93,UIC Flames,Murray State Racers,77,81,64.0,26.0,18.0,15.0,67.0,22.0,18.0,14.0
401830257,2026-01-01,2026,0,40,2460,282,Northern Iowa Panthers,Indiana State Sycamores,75,66,57.0,15.0,10.0,9.0,55.0,4.0,2.0,11.0
401830258,2026-01-01,2026,0,40,79,2674,Southern Illinois Salukis,Valparaiso Beacons,75,70,55.0,42.0,10.0,9.0,66.0,29.0,14.0,10.0
401831278,2026-01-01,2026,0,40,159,111948,Dartmouth Big Green,Elms Blazers,107,43,71.0,17.0,15.0,9.0,70.0,2.0,8.0,9.0
401804855,2026-01-02,2026,0,40,2229,166,Florida International Panthers,New Mexico State Aggies,89,74,59.0,26.0,14.0,13.0,57.0,12.0,6.0,15.0
401804856,2026-01-02,2026,0,40,2623,2638,Missouri State Bears,UTEP Miners,79,55,49.0,26.0,12.0,10.0,48.0,20.0,12.0,11.0
401804857,2026-01-02,2026,0,40,98,2534,Western Kentucky Hilltoppers,Sam Houston Bearkats,102,91,74.0,27.0,22.0,13.0,73.0,19.0,17.0,12.0
401804858,2026-01-02,2026,0,40,2393,2348,Middle Tennessee Blue Raiders,Louisiana Tech Bulldogs,88,51,58.0,8.0,10.0,7.0,44.0,19.0,8.0,13.0
401804859,2026-01-02,2026,0,40,48,55,Delaware Blue Hens,Jacksonville State Gamecocks,64,67,55.0,6.0,6.0,8.0,44.0,26.0,7.0,11.0
401804860,2026-01-02,2026,0,40,2335,338,Liberty Flames,Kennesaw State Owls,81,73,53.0,24.0,4.0,12.0,80.0,13.0,25.0,13.0
401808873,2026-01-02,2026,0,40,2377,2320,McNeese Cowboys,Lamar Cardinals,82,70,48.0,40.0,14.0,8.0,54.0,31.0,19.0,10.0
401812315,2026-01-02,2026,0,40,2385,161,Mercyhurst Lakers,Fairleigh Dickinson Knights,67,74,52.0,20.0,8.0,12.0,48.0,16.0,8.0,15.0
401812334,2026-01-02,2026,0,40,2598,2330,Saint Francis Red Wolves,Le Moyne Dolphins,58,84,59.0,20.0,12.0,10.0,58.0,14.0,11.0,14.0
401812365,2026-01-02,2026,0,40,112358,2115,Long Island University Sharks,Central Connecticut Blue Devils,84,78,62.0,20.0,19.0,5.0,53.0,16.0,9.0,8.0
401812401,2026-01-02,2026,0,40,284,2441,Stonehill Skyhawks,New Haven Chargers,55,70,57.0,12.0,9.0,12.0,58.0,9.0,4.0,8.0
401812411,2026-01-02,2026,0,40,2130,2681,Chicago State Cougars,Wagner Seahawks,72,79,59.0,27.0,12.0,5.0,53.0,30.0,12.0,8.0
401813300,2026-01-02,2026,0,40,2363,2514,Manhattan Jaspers,Quinnipiac Bobcats,80,79,62.0,16.0,9.0,11.0,65.0,10.0,13.0,15.0
401813329,2026-01-02,2026,0,40,2612,2368,Saint Peter's Peacocks,Marist Red Foxes,69,59,57.0,28.0,14.0,12.0,56.0,23.0,9.0,12.0
401813358,2026-01-02,2026,0,40,2099,2217,Canisius Golden Griffins,Fairfield Stags,85,81,57.0,27.0,10.0,6.0,66.0,23.0,17.0,8.0
401813384,2026-01-02,2026,0,40,315,2529,Niagara Purple Eagles,Sacred Heart Pioneers,64,61,47.0,12.0,5.0,9.0,53.0,18.0,16.0,14.0
401813408,2026-01-02,2026,0,40,2771,116,Merrimack Warriors,Mount St. Mary's Mountaineers,75,65,46.0,40.0,6.0,10.0,57.0,28.0,16.0,16.0
401813422,2026-01-02,2026,0,40,314,2561,Iona Gaels,Siena Saints,75,72,56.0,13.0,6.0,16.0,66.0,11.0,9.0,9.0
401817605,2026-01-02,2026,0,40,2174,2523,Detroit Mercy Titans,Robert Morris Colonials,77,85,52.0,26.0,10.0,14.0,55.0,32.0,15.0,13.0
401820642,2026-01-02,2026,0,40,25,87,California Golden Bears,Notre Dame Fighting Irish,72,71,64.0,12.0,9.0,3.0,55.0,26.0,12.0,7.0
401820643,2026-01-02,2026,0,40,24,97,Stanford Cardinal,Louisville Cardinals,80,76,54.0,31.0,14.0,9.0,60.0,21.0,18.0,12.0
401825410,2026-01-02,2026,0,40,120,2483,Maryland Terrapins,Oregon Ducks,54,64,65.0,14.0,16.0,10.0,47.0,21.0,7.0,14.0
401825411,2026-01-02,2026,0,40,130,30,Michigan Wolverines,USC Trojans,96,66,65.0,39.0,11.0,11.0,58.0,33.0,11.0,21.0
401825412,2026-01-02,2026,0,40,158,127,Nebraska Cornhuskers,Michigan State Spartans,58,56,57.0,13.0,8.0,8.0,50.0,15.0,11.0,21.0
401825413,2026-01-02,2026,0,40,164,194,Rutgers Scarlet Knights,Ohio State Buckeyes,73,80,64.0,17.0,18.0,8.0,52.0,23.0,13.0,12.0
401827592,2026-01-02,2026,0,40,66,277,Iowa State Cyclones,West Virginia Mountaineers,80,59,55.0,15.0,12.0,11.0,49.0,12.0,7.0,12.0
401829175,2026-01-02,2026,0,40,265,2351,Washington State Cougars,Loyola Marymount Lions,78,76,55.0,13.0,5.0,12.0,61.0,20.0,7.0,8.0
401829176,2026-01-02,2026,0,40,279,204,Pacific Tigers,Oregon State Beavers,84,53,50.0,24.0,10.0,10.0,53.0,11.0,7.0,12.0
401829177,2026-01-02,2026,0,40,2541,2492,Santa Clara Broncos,Pepperdine Waves,82,63,67.0,12.0,9.0,12.0,54.0,22.0,10.0,19.0
401829178,2026-01-02,2026,0,40,2608,2501,Saint Mary's Gaels,Portland Pilots,78,57,53.0,21.0,9.0,10.0,61.0,15.0,13.0,9.0
401829179,2026-01-02,2026,0,40,2539,301,San Francisco Dons,San Diego Toreros,74,64,65.0,17.0,12.0,11.0,58.0,12.0,3.0,10.0
401829180,2026-01-02,2026,0,45,2250,2547,Gonzaga Bulldogs,Seattle U Redhawks,80,72,59.0,25.0,8.0,12.0,72.0,12.0,15.0,14.0
401830010,2026-01-02,2026,0,40,172,108820,Cornell Big Red,Alfred State Pioneers,133,65,78.0,14.0,14.0,12.0,77.0,5.0,10.0,15.0
401805160,2026-01-03,2026,0,40,2000,3084,Abilene Christian Wildcats,Utah Valley Wolverines,85,68,63.0,13.0,9.0,10.0,47.0,16.0,8.0,22.0
401805161,2026-01-03,2026,0,45,2627,2856,Tarleton State Texans,California Baptist Lancers,81,76,51.0,39.0,7.0,14.0,54.0,18.0,11.0,21.0
401805162,2026-01-03,2026,0,40,253,250,Southern Utah Thunderbirds,UT Arlington Mavericks,77,86,58.0,21.0,8.0,14.0,54.0,25.0,7.0,13.0
401806420,2026-01-03,2026,0,40,2630,2197,UT Martin Skyhawks,Eastern Illinois Panthers,65,61,48.0,26.0,11.0,18.0,57.0,23.0,13.0,12.0
401806421,2026-01-03,2026,0,40,2815,88,Lindenwood Lions,Southern Indiana Screaming Eagles,83,80,71.0,12.0,18.0,12.0,63.0,14.0,11.0,14.0
401806422,2026-01-03,2026,0,40,2031,2634,Little Rock Trojans,Tennessee State Tigers,79,84,59.0,29.0,13.0,14.0,68.0,21.0,14.0,11.0
401806423,2026-01-03,2026,0,40,2565,2413,SIU Edwardsville Cougars,Morehead State Eagles,72,73,59.0,16.0,13.0,9.0,47.0,22.0,8.0,15.0
401806424,2026-01-03,2026,0,40,2546,2710,Southeast Missouri State Redhawks,Western Illinois Leathernecks,73,50,52.0,19.0,8.0,11.0,43.0,26.0,6.0,17.0
401807667,2026-01-03,2026,0,40,2511,91,Queens University Royals,Bellarmine Knights,98,76,67.0,13.0,13.0,12.0,48.0,25.0,3.0,14.0
401807668,2026-01-03,2026,0,40,2698,2198,West Georgia Wolves,Eastern Kentucky Colonels,88,76,63.0,22.0,13.0,9.0,68.0,10.0,12.0,9.0
401807669,2026-01-03,2026,0,40,2453,526,North Alabama Lions,Florida Gulf Coast Eagles,55,72,52.0,27.0,6.0,10.0,60.0,9.0,9.0,13.0
401807670,2026-01-03,2026,0,40,2046,294,Austin Peay Governors,Jacksonville Dolphins,71,68,60.0,22.0,9.0,8.0,51.0,20.0,9.0,17.0
401807671,2026-01-03,2026,0,40,288,2454,Lipscomb Bisons,North Florida Ospreys,82,74,71.0,22.0,18.0,6.0,70.0,4.0,13.0,13.0
401807672,2026-01-03,2026,0,40,2110,56,Central Arkansas Bears,Stetson Hatters,93,73,61.0,23.0,14.0,11.0,51.0,21.0,9.0,15.0
401808145,2026-01-03,2026,0,40,8,2633,Arkansas Razorbacks,Tennessee Volunteers,86,75,59.0,33.0,12.0,14.0,59.0,23.0,11.0,14.0
401808146,2026-01-03,2026,0,45,61,2,Georgia Bulldogs,Auburn Tigers,104,100,65.0,35.0,10.0,11.0,75.0,36.0,23.0,13.0
401808147,2026-01-03,2026,0,40,142,57,Missouri Tigers,Florida Gators,76,74,55.0,30.0,11.0,10.0,63.0,20.0,13.0,8.0
401808148,2026-01-03,2026,0,40,2579,238,South Carolina Gamecocks,Vanderbilt Commodores,71,83,58.0,18.0,5.0,4.0,57.0,18.0,8.0,7.0
401808149,2026-01-03,2026,0,40,245,99,Texas A&M Aggies,LSU Tigers,75,72,62.0,21.0,15.0,15.0,54.0,20.0,7.0,16.0
401808150,2026-01-03,2026,0,45,251,344,Texas Longhorns,Mississippi State Bulldogs,98,101,65.0,40.0,12.0,10.0,76.0,31.0,19.0,11.0
401808151,2026-01-03,2026,0,40,201,145,Oklahoma Sooners,Ole Miss Rebels,86,70,61.0,19.0,10.0,7.0,61.0,20.0,10.0,7.0
401808152,2026-01-03,2026,0,40,333,96,Alabama Crimson Tide,Kentucky Wildcats,89,74,67.0,16.0,14.0,10.0,59.0,29.0,12.0,12.0
401808453,2026-01-03,2026,0,40,70,331,Idaho Vandals,Eastern Washington Eagles,84,81,53.0,29.0,12.0,13.0,70.0,25.0,26.0,15.0
401808488,2026-01-03,2026,0,45,304,2502,Idaho State Bengals,Portland State Vikings,87,93,60.0,30.0,11.0,10.0,60.0,26.0,6.0,8.0
401808502,2026-01-03,2026,0,40,149,2458,Montana Grizzlies,Northern Colorado Bears,88,79,52.0,38.0,5.0,11.0,71.0,21.0,14.0,10.0
401808514,2026-01-03,2026,0,40,147,2464,Montana State Bobcats,Northern Arizona Lumberjacks,77,68,56.0,14.0,10.0,8.0,59.0,11.0,7.0,8.0
401808541,2026-01-03,2026,0,40,2692,16,Weber State Wildcats,Sacramento State Hornets,95,82,59.0,34.0,11.0,12.0,65.0,24.0,13.0,15.0
401808594,2026-01-03,2026,0,40,276,2026,Marshall Thundering Herd,App State Mountaineers,88,81,55.0,25.0,6.0,8.0,59.0,31.0,13.0,11.0
401808595,2026-01-03,2026,0,40,295,290,Old Dominion Monarchs,Georgia Southern Eagles,86,93,75.0,25.0,13.0,8.0,66.0,30.0,12.0,11.0
401808596,2026-01-03,2026,0,40,324,2247,Coastal Carolina Chanticleers,Georgia State Panthers,71,89,61.0,17.0,16.0,12.0,59.0,14.0,8.0,7.0
401808597,2026-01-03,2026,0,40,2032,256,Arkansas State Red Wolves,James Madison Dukes,74,78,70.0,27.0,20.0,8.0,51.0,26.0,7.0,15.0
401808598,2026-01-03,2026,0,40,309,2572,Louisiana Ragin' Cajuns,Southern Miss Golden Eagles,67,74,55.0,16.0,9.0,14.0,45.0,30.0,8.0,17.0
401808599,2026-01-03,2026,0,40,2653,6,Troy Trojans,South Alabama Jaguars,59,49,61.0,7.0,15.0,9.0,50.0,21.0,11.0,10.0
401808600,2026-01-03,2026,0,40,2433,326,UL Monroe Warhawks,Texas State Bobcats,79,84,56.0,16.0,4.0,14.0,70.0,12.0,16.0,13.0
401808706,2026-01-03,2026,0,40,2447,2837,Nicholls Colonels,East Texas A&M Lions,80,58,65.0,22.0,16.0,14.0,55.0,11.0,10.0,24.0
401808904,2026-01-03,2026,0,40,2466,2443,Northwestern State Demons,LSU New Orleans Privateers,74,68,56.0,26.0,12.0,10.0,61.0,13.0,13.0,11.0
401808956,2026-01-03,2026,0,40,2545,2617,SE Louisiana Lions,Stephen F. Austin Lumberjacks,63,73,57.0,11.0,8.0,12.0,62.0,19.0,16.0,12.0
401808977,2026-01-03,2026,0,40,292,357,UT Rio Grande Valley Vaqueros,Texas A&M-Corpus Christi Islanders,59,63,51.0,22.0,9.0,11.0,51.0,24.0,12.0,12.0
401809087,2026-01-03,2026,0,40,28,62,UC San Diego Tritons,Hawai'i Rainbow Warriors,83,73,64.0,15.0,10.0,8.0,53.0,19.0,7.0,11.0
401809108,2026-01-03,2026,0,40,2239,300,Cal State Fullerton Titans,UC Irvine Anteaters,64,86,67.0,12.0,14.0,10.0,57.0,19.0,11.0,15.0
401809125,2026-01-03,2026,0,40,302,2934,UC Davis Aggies,Cal State Bakersfield Roadrunners,79,81,51.0,36.0,11.0,14.0,62.0,26.0,12.0,10.0
401809155,2026-01-03,2026,0,40,299,13,Long Beach State Beach,Cal Poly Mustangs,74,66,58.0,17.0,7.0,12.0,56.0,25.0,8.0,11.0
401809228,2026-01-03,2026,0,40,2193,2382,East Tennessee State Buccaneers,Mercer Bears,77,71,57.0,27.0,16.0,12.0,58.0,17.0,11.0,13.0
401809229,2026-01-03,2026,0,45,231,2717,Furman Paladins,Western Carolina Catamounts,77,80,65.0,17.0,11.0,10.0,68.0,16.0,17.0,12.0
401809230,2026-01-03,2026,0,40,2643,2747,The Citadel Bulldogs,Wofford Terriers,86,95,56.0,16.0,11.0,13.0,61.0,20.0,13.0,10.0
401809231,2026-01-03,2026,0,40,2430,2535,UNC Greensboro Spartans,Samford Bulldogs,89,82,59.0,30.0,10.0,2.0,60.0,24.0,12.0,6.0
401809232,2026-01-03,2026,0,40,2678,236,VMI Keydets,Chattanooga Mocs,79,71,55.0,29.0,12.0,12.0,54.0,24.0,7.0,12.0
401811995,2026-01-03,2026,0,40,2097,111,Campbell Fighting Camels,Northeastern Huskies,97,82,58.0,31.0,9.0,9.0,59.0,12.0,4.0,11.0
401811996,2026-01-03,2026,0,40,2182,2275,Drexel Dragons,Hofstra Pride,67,70,60.0,20.0,12.0,3.0,51.0,17.0,10.0,9.0
401811997,2026-01-03,2026,0,40,119,2405,Towson Tigers,Monmouth Hawks,48,62,66.0,6.0,16.0,11.0,47.0,19.0,8.0,15.0
401811999,2026-01-03,2026,0,40,350,2261,UNC Wilmington Seahawks,Hampton Pirates,49,45,49.0,21.0,11.0,11.0,57.0,9.0,9.0,8.0
401812000,2026-01-03,2026,0,40,2619,2448,Stony Brook Seawolves,North Carolina A&T Aggies,81,80,58.0,14.0,7.0,8.0,68.0,19.0,23.0,11.0
401812106,2026-01-03,2026,0,40,2349,399,UMass Lowell River Hawks,UAlbany Great Danes,83,71,67.0,17.0,18.0,9.0,62.0,13.0,11.0,11.0
401812107,2026-01-03,2026,0,40,311,2803,Maine Black Bears,Bryant Bulldogs,51,56,57.0,24.0,15.0,15.0,60.0,18.0,16.0,16.0
401812108,2026-01-03,2026,0,40,2066,2885,Binghamton Bearcats,NJIT Highlanders,65,73,39.0,26.0,3.0,14.0,54.0,22.0,12.0,10.0
401812109,2026-01-03,2026,0,40,160,261,New Hampshire Wildcats,Vermont Catamounts,61,80,52.0,10.0,7.0,14.0,60.0,9.0,8.0,8.0
401814498,2026-01-03,2026,0,40,193,2006,Miami (OH) RedHawks,Akron Zips,76,73,53.0,30.0,11.0,15.0,64.0,10.0,12.0,15.0
401814499,2026-01-03,2026,0,40,2084,2050,Buffalo Bulls,Ball State Cardinals,85,72,51.0,18.0,8.0,13.0,55.0,23.0,13.0,12.0
401814500,2026-01-03,2026,0,45,113,189,Massachusetts Minutemen,Bowling Green Falcons,100,101,57.0,35.0,6.0,18.0,62.0,45.0,5.0,10.0
401814501,2026-01-03,2026,0,40,2309,2459,Kent State Golden Flashes,Northern Illinois Huskies,77,73,53.0,40.0,13.0,14.0,51.0,30.0,14.0,22.0
401814502,2026-01-03,2026,0,40,2199,195,Eastern Michigan Eagles,Ohio Bobcats,67,68,52.0,27.0,12.0,11.0,58.0,15.0,10.0,14.0
401814503,2026-01-03,2026,0,40,2117,2649,Central Michigan Chippewas,Toledo Rockets,75,78,60.0,12.0,4.0,9.0,60.0,32.0,13.0,7.0
401818373,2026-01-03,2026,0,45,155,2571,North Dakota Fighting Hawks,South Dakota State Jackrabbits,90,87,67.0,18.0,17.0,10.0,60.0,23.0,13.0,13.0
401818374,2026-01-03,2026,0,50,2449,198,North Dakota State Bison,Oral Roberts Golden Eagles,79,77,67.0,31.0,23.0,16.0,68.0,13.0,13.0,14.0
401818375,2026-01-03,2026,0,40,2437,140,Omaha Mavericks,Kansas City Roos,66,73,54.0,11.0,6.0,15.0,56.0,22.0,6.0,7.0
401820161,2026-01-03,2026,0,40,107,2426,Holy Cross Crusaders,Navy Midshipmen,58,65,55.0,14.0,12.0,12.0,50.0,18.0,8.0,10.0
401820194,2026-01-03,2026,0,40,2352,322,Loyola Maryland Greyhounds,Lafayette Leopards,64,79,61.0,11.0,9.0,9.0,58.0,15.0,9.0,8.0
401820476,2026-01-03,2026,0,40,2916,2277,Incarnate Word Cardinals,Houston Christian Huskies,73,56,62.0,12.0,8.0,8.0,60.0,11.0,13.0,14.0
401820559,2026-01-03,2026,0,40,2439,2005,UNLV Rebels,Air Force Falcons,67,39,60.0,20.0,15.0,11.0,54.0,13.0,8.0,13.0
401820644,2026-01-03,2026,0,40,52,150,Florida State Seminoles,Duke Blue Devils,87,91,58.0,16.0,9.0,13.0,53.0,25.0,10.0,15.0
401820645,2026-01-03,2026,0,40,59,103,Georgia Tech Yellow Jackets,Boston College Eagles,65,53,53.0,29.0,11.0,14.0,66.0,20.0,14.0,10.0
401820646,2026-01-03,2026,0,40,152,258,NC State Wolfpack,Virginia Cavaliers,61,76,50.0,25.0,7.0,10.0,52.0,15.0,9.0,14.0
401820647,2026-01-03,2026,0,40,221,228,Pittsburgh Panthers,Clemson Tigers,68,73,52.0,22.0,6.0,11.0,45.0,25.0,4.0,14.0
401820648,2026-01-03,2026,0,40,2567,153,SMU Mustangs,North Carolina Tar Heels,97,83,60.0,16.0,6.0,7.0,60.0,19.0,9.0,10.0
401820649,2026-01-03,2026,0,40,154,259,Wake Forest Demon Deacons,Virginia Tech Hokies,81,78,67.0,16.0,13.0,11.0,53.0,25.0,8.0,19.0
401822767,2026-01-03,2026,0,40,2169,2154,Delaware State Hornets,Coppin State Eagles,51,53,57.0,13.0,13.0,15.0,49.0,15.0,9.0,19.0
401822882,2026-01-03,2026,0,40,2599,2507,St. John's Red Storm,Providence Friars,71,77,71.0,37.0,25.0,12.0,64.0,28.0,15.0,12.0
401822883,2026-01-03,2026,0,40,2086,222,Butler Bulldogs,Villanova Wildcats,67,85,63.0,14.0,13.0,14.0,58.0,20.0,7.0,11.0
401822884,2026-01-03,2026,0,40,305,2752,DePaul Blue Demons,Xavier Musketeers,86,77,52.0,31.0,8.0,10.0,69.0,14.0,15.0,8.0
401823045,2026-01-03,2026,0,40,2379,2415,Maryland Eastern Shore Hawks,Morgan State Bears,66,49,54.0,27.0,12.0,12.0,51.0,16.0,7.0,15.0
401823265,2026-01-03,2026,0,40,2463,2540,Cal State Northridge Matadors,UC Santa Barbara Gauchos,74,65,49.0,37.0,11.0,16.0,61.0,20.0,10.0,14.0
401823771,2026-01-03,2026,0,55,21,68,San Diego State Aztecs,Boise State Broncos,110,107,73.0,32.0,8.0,14.0,79.0,31.0,13.0,17.0
401823792,2026-01-03,2026,0,40,2253,36,Grand Canyon Lopes,Colorado State Rams,60,70,56.0,13.0,10.0,10.0,51.0,25.0,13.0,13.0
401823898,2026-01-03,2026,0,40,2737,2241,Winthrop Eagles,Gardner-Webb Runnin' Bulldogs,88,77,62.0,32.0,18.0,8.0,57.0,19.0,5.0,7.0
401823899,2026-01-03,2026,0,40,2272,2344,High Point Panthers,Longwood Lancers,80,67,53.0,22.0,6.0,10.0,55.0,12.0,11.0,15.0
401823900,2026-01-03,2026,0,40,2127,2427,Charleston Southern Buccaneers,UNC Asheville Bulldogs,86,83,57.0,29.0,14.0,16.0,64.0,39.0,19.0,8.0
401823901,2026-01-03,2026,0,40,2506,2908,Presbyterian Blue Hose,South Carolina Upstate Spartans,86,77,47.0,43.0,9.0,9.0,54.0,22.0,5.0,13.0
401824364,2026-01-03,2026,0,40,104,44,Boston University Terriers,American University Eagles,62,64,53.0,17.0,10.0,8.0,49.0,12.0,4.0,8.0
401825414,2026-01-03,2026,0,40,2294,26,Iowa Hawkeyes,UCLA Bruins,74,61,47.0,26.0,11.0,14.0,56.0,12.0,12.0,12.0
401825415,2026-01-03,2026,0,40,77,135,Northwestern Wildcats,Minnesota Golden Gophers,78,84,57.0,20.0,5.0,4.0,51.0,26.0,8.0,11.0
401825416,2026-01-03,2026,0,40,213,356,Penn State Nittany Lions,Illinois Fighting Illini,65,73,69.0,14.0,14.0,7.0,56.0,28.0,13.0,10.0
401825417,2026-01-03,2026,0,40,275,2509,Wisconsin Badgers,Purdue Boilermakers,73,89,57.0,26.0,10.0,11.0,71.0,19.0,14.0,7.0
401826818,2026-01-03,2026,0,40,349,2142,Army Black Knights,Colgate Raiders,69,76,55.0,20.0,12.0,8.0,58.0,16.0,11.0,7.0
401827021,2026-01-03,2026,0,40,2582,2640,Southern Jaguars,Texas Southern Tigers,84,73,55.0,34.0,5.0,12.0,53.0,32.0,6.0,17.0
401827047,2026-01-03,2026,0,40,2755,2504,Grambling Tigers,Prairie View A&M Panthers,76,72,49.0,35.0,11.0,20.0,57.0,27.0,13.0,18.0
401827114,2026-01-03,2026,0,40,2065,50,Bethune-Cookman Wildcats,Florida A&M Rattlers,87,83,52.0,34.0,6.0,10.0,58.0,22.0,8.0,11.0
401827136,2026-01-03,2026,0,40,2029,2010,Arkansas-Pine Bluff Golden Lions,Alabama A&M Bulldogs,95,83,56.0,26.0,14.0,10.0,58.0,28.0,18.0,10.0
401827159,2026-01-03,2026,0,40,2400,2011,Mississippi Valley State Delta Devils,Alabama State Hornets,69,89,50.0,25.0,6.0,18.0,51.0,30.0,9.0,16.0
401827593,2026-01-03,2026,0,40,9,38,Arizona State Sun Devils,Colorado Buffaloes,89,95,68.0,27.0,12.0,14.0,59.0,38.0,14.0,15.0
401827594,2026-01-03,2026,0,40,2116,2305,UCF Knights,Kansas Jayhawks,81,75,64.0,26.0,13.0,6.0,58.0,23.0,11.0,12.0
401827595,2026-01-03,2026,0,40,2132,248,Cincinnati Bearcats,Houston Cougars,60,67,49.0,16.0,7.0,15.0,63.0,9.0,12.0,8.0
401827596,2026-01-03,2026,0,40,2306,252,Kansas State Wildcats,BYU Cougars,73,83,67.0,19.0,11.0,12.0,63.0,27.0,16.0,19.0
401827597,2026-01-03,2026,0,40,2628,239,TCU Horned Frogs,Baylor Bears,69,63,60.0,23.0,19.0,11.0,59.0,18.0,13.0,11.0
401827598,2026-01-03,2026,0,40,2641,197,Texas Tech Red Raiders,Oklahoma State Cowboys,102,80,77.0,14.0,14.0,7.0,67.0,19.0,8.0,8.0
401827599,2026-01-03,2026,0,40,254,12,Utah Utes,Arizona Wildcats,78,97,70.0,12.0,10.0,12.0,69.0,21.0,14.0,9.0
401827935,2026-01-03,2026,0,40,328,23,Utah State Aggies,San José State Spartans,96,78,54.0,26.0,10.0,8.0,56.0,22.0,12.0,10.0
401828156,2026-01-03,2026,0,50,2429,2724,Charlotte 49ers,Wichita State Shockers,104,100,66.0,38.0,17.0,9.0,75.0,22.0,23.0,11.0
401828157,2026-01-03,2026,0,40,242,235,Rice Owls,Memphis Tigers,70,76,52.0,30.0,15.0,14.0,49.0,30.0,13.0,15.0
401828158,2026-01-03,2026,0,40,218,2636,Temple Owls,UTSA Roadrunners,76,57,65.0,23.0,21.0,9.0,55.0,20.0,12.0,14.0
401828350,2026-01-03,2026,0,40,2603,2166,Saint Joseph's Hawks,Davidson Wildcats,56,62,50.0,21.0,9.0,11.0,49.0,16.0,11.0,14.0
401828351,2026-01-03,2026,0,40,2350,2168,Loyola Chicago Ramblers,Dayton Flyers,68,70,66.0,5.0,16.0,15.0,56.0,25.0,7.0,6.0
401828352,2026-01-03,2026,0,40,2184,2670,Duquesne Dukes,VCU Rams,80,93,53.0,25.0,6.0,13.0,54.0,31.0,10.0,12.0
401828353,2026-01-03,2026,0,40,2244,227,George Mason Patriots,Rhode Island Rams,61,50,44.0,26.0,4.0,9.0,54.0,9.0,8.0,13.0
401828354,2026-01-03,2026,0,40,45,2325,George Washington Revolutionaries,La Salle Explorers,77,55,62.0,12.0,14.0,11.0,55.0,15.0,7.0,10.0
401828663,2026-01-03,2026,0,40,2296,2016,Jackson State Tigers,Alcorn State Braves,89,86,55.0,25.0,7.0,10.0,62.0,24.0,13.0,10.0
401828724,2026-01-03,2026,0,40,2428,2450,North Carolina Central Eagles,Norfolk State Spartans,69,67,62.0,25.0,19.0,13.0,62.0,20.0,17.0,12.0
401828925,2026-01-03,2026,0,40,278,2440,Fresno State Bulldogs,Nevada Wolf Pack,65,66,54.0,11.0,10.0,15.0,56.0,18.0,9.0,10.0
401829284,2026-01-03,2026,0,40,2569,47,South Carolina State Bulldogs,Howard Bison,58,57,45.0,20.0,9.0,21.0,52.0,33.0,8.0,13.0
401829396,2026-01-03,2026,0,40,2083,2329,Bucknell Bison,Lehigh Mountain Hawks,72,65,65.0,18.0,13.0,12.0,47.0,21.0,4.0,21.0
401830320,2026-01-03,2026,0,40,167,2751,New Mexico Lobos,Wyoming Cowboys,78,58,64.0,12.0,17.0,9.0,53.0,13.0,12.0,13.0
401804861,2026-01-04,2026,0,40,2623,166,Missouri State Bears,New Mexico State Aggies,89,82,54.0,39.0,14.0,13.0,61.0,23.0,13.0,12.0
401804862,2026-01-04,2026,0,40,2229,2638,Florida International Panthers,UTEP Miners,76,64,55.0,27.0,13.0,12.0,62.0,12.0,13.0,12.0
401804863,2026-01-04,2026,0,40,2393,2534,Middle Tennessee Blue Raiders,Sam Houston Bearkats,68,67,62.0,10.0,9.0,10.0,56.0,12.0,10.0,17.0
401804864,2026-01-04,2026,0,40,98,2348,Western Kentucky Hilltoppers,Louisiana Tech Bulldogs,66,61,53.0,25.0,11.0,10.0,63.0,19.0,15.0,9.0
401804865,2026-01-04,2026,0,40,2335,55,Liberty Flames,Jacksonville State Gamecocks,78,69,54.0,28.0,10.0,7.0,57.0,19.0,12.0,9.0
401804866,2026-01-04,2026,0,40,48,338,Delaware Blue Hens,Kennesaw State Owls,67,52,52.0,17.0,6.0,10.0,60.0,12.0,15.0,13.0
401812316,2026-01-04,2026,0,40,2598,161,Saint Francis Red Wolves,Fairleigh Dickinson Knights,85,82,54.0,30.0,7.0,11.0,54.0,33.0,7.0,9.0
401812335,2026-01-04,2026,0,40,2385,2330,Mercyhurst Lakers,Le Moyne Dolphins,74,60,57.0,19.0,13.0,9.0,61.0,14.0,14.0,12.0
401812366,2026-01-04,2026,0,40,2130,112358,Chicago State Cougars,Long Island University Sharks,55,74,62.0,16.0,14.0,9.0,53.0,12.0,11.0,17.0
401812402,2026-01-04,2026,0,40,2681,284,Wagner Seahawks,Stonehill Skyhawks,60,69,57.0,9.0,11.0,10.0,54.0,19.0,9.0,8.0
401812653,2026-01-04,2026,0,40,2115,2441,Central Connecticut Blue Devils,New Haven Chargers,72,61,54.0,7.0,7.0,9.0,59.0,3.0,14.0,11.0
401813311,2026-01-04,2026,0,40,2771,2363,Merrimack Warriors,Manhattan Jaspers,73,66,54.0,20.0,5.0,9.0,66.0,8.0,12.0,9.0
401813330,2026-01-04,2026,0,40,2368,314,Marist Red Foxes,Iona Gaels,83,38,68.0,15.0,11.0,6.0,44.0,17.0,5.0,24.0
401813359,2026-01-04,2026,0,40,2099,2529,Canisius Golden Griffins,Sacred Heart Pioneers,82,78,46.0,37.0,6.0,11.0,49.0,28.0,6.0,12.0
401813385,2026-01-04,2026,0,40,315,2217,Niagara Purple Eagles,Fairfield Stags,75,83,57.0,4.0,7.0,9.0,57.0,21.0,12.0,5.0
401813409,2026-01-04,2026,0,40,2514,116,Quinnipiac Bobcats,Mount St. Mary's Mountaineers,80,69,57.0,27.0,11.0,11.0,68.0,10.0,14.0,13.0
401813423,2026-01-04,2026,0,40,2520,2561,Rider Broncs,Siena Saints,65,74,58.0,13.0,11.0,7.0,56.0,22.0,18.0,11.0
401817606,2026-01-04,2026,0,40,85,2750,IU Indianapolis Jaguars,Wright State Raiders,77,81,64.0,11.0,12.0,11.0,46.0,25.0,9.0,17.0
401817607,2026-01-04,2026,0,40,2870,325,Purdue Fort Wayne Mastodons,Cleveland State Vikings,74,71,58.0,21.0,8.0,8.0,60.0,11.0,14.0,15.0
401817608,2026-01-04,2026,0,40,94,2754,Northern Kentucky Norse,Youngstown State Penguins,94,79,58.0,32.0,9.0,14.0,70.0,23.0,12.0,10.0
401817609,2026-01-04,2026,0,40,2473,2523,Oakland Golden Grizzlies,Robert Morris Colonials,96,73,56.0,37.0,10.0,6.0,61.0,17.0,12.0,10.0
401818376,2026-01-04,2026,0,40,2900,2172,St. Thomas Tommies,Denver Pioneers,92,88,67.0,29.0,16.0,7.0,55.0,30.0,9.0,11.0
401822885,2026-01-04,2026,0,40,41,269,UConn Huskies,Marquette Golden Eagles,73,57,63.0,21.0,17.0,11.0,62.0,19.0,12.0,11.0
401822886,2026-01-04,2026,0,40,2550,156,Seton Hall Pirates,Creighton Bluejays,56,54,53.0,19.0,6.0,8.0,55.0,16.0,11.0,11.0
401825418,2026-01-04,2026,0,40,84,264,Indiana Hoosiers,Washington Huskies,90,80,60.0,20.0,11.0,4.0,57.0,25.0,8.0,4.0
401828159,2026-01-04,2026,0,50,58,5,South Florida Bulls,UAB Blazers,106,109,81.0,36.0,17.0,14.0,82.0,43.0,12.0,8.0
401828160,2026-01-04,2026,0,40,2655,2226,Tulane Green Wave,Florida Atlantic Owls,69,66,60.0,15.0,8.0,11.0,58.0,15.0,14.0,18.0
401828161,2026-01-04,2026,0,40,249,202,North Texas Mean Green,Tulsa Golden Hurricane,72,67,54.0,18.0,9.0,8.0,47.0,25.0,9.0,13.0
401828355,2026-01-04,2026,0,40,2230,257,Fordham Rams,Richmond Spiders,75,83,57.0,24.0,18.0,13.0,57.0,18.0,7.0,4.0
401829181,2026-01-04,2026,0,40,2250,2351,Gonzaga Bulldogs,Loyola Marymount Lions,82,47,67.0,10.0,11.0,8.0,63.0,7.0,10.0,13.0
401829182,2026-01-04,2026,0,40,265,204,Washington State Cougars,Oregon State Beavers,81,67,58.0,22.0,14.0,12.0,50.0,21.0,6.0,10.0
401829183,2026-01-04,2026,0,40,279,2492,Pacific Tigers,Pepperdine Waves,74,69,51.0,13.0,9.0,18.0,57.0,15.0,8.0,11.0
401829184,2026-01-04,2026,0,40,2539,2501,San Francisco Dons,Portland Pilots,73,68,58.0,34.0,20.0,10.0,51.0,19.0,6.0,17.0
401829185,2026-01-04,2026,0,40,2541,301,Santa Clara Broncos,San Diego Toreros,98,70,74.0,10.0,19.0,14.0,60.0,13.0,7.0,16.0
401829186,2026-01-04,2026,0,40,2608,2547,Saint Mary's Gaels,Seattle U Redhawks,93,76,63.0,19.0,17.0,9.0,64.0,7.0,7.0,5.0
401830202,2026-01-04,2026,0,40,2057,79,Belmont Bruins,Southern Illinois Salukis,67,68,50.0,20.0,7.0,16.0,60.0,13.0,14.0,18.0
401830235,2026-01-04,2026,0,40,93,71,Murray State Racers,Bradley Braves,86,66,59.0,14.0,9.0,12.0,70.0,16.0,13.0,4.0
401830259,2026-01-04,2026,0,40,2181,282,Drake Bulldogs,Indiana State Sycamores,74,72,59.0,9.0,10.0,9.0,51.0,19.0,10.0,14.0
401830260,2026-01-04,2026,0,40,339,2460,Evansville Purple Aces,Northern Iowa Panthers,48,62,45.0,13.0,2.0,15.0,48.0,11.0,6.0,16.0
401830261,2026-01-04,2026,0,40,2674,82,Valparaiso Beacons,UIC Flames,66,59,41.0,40.0,9.0,11.0,48.0,17.0,10.0,16.0
401808707,2026-01-05,2026,0,40,2443,2837,LSU New Orleans Privateers,East Texas A&M Lions,83,73,65.0,30.0,18.0,9.0,64.0,18.0,11.0,10.0
401808874,2026-01-05,2026,0,40,2377,2617,McNeese Cowboys,Stephen F. Austin Lumberjacks,66,64,63.0,13.0,17.0,7.0,58.0,7.0,14.0,15.0
401808922,2026-01-05,2026,0,40,2447,2466,Nicholls Colonels,Northwestern State Demons,74,72,54.0,31.0,9.0,10.0,56.0,21.0,9.0,12.0
401808957,2026-01-05,2026,0,40,2545,2320,SE Louisiana Lions,Lamar Cardinals,60,52,45.0,31.0,8.0,8.0,53.0,21.0,16.0,12.0
401808978,2026-01-05,2026,0,40,292,2916,UT Rio Grande Valley Vaqueros,Incarnate Word Cardinals,80,67,61.0,15.0,14.0,10.0,66.0,20.0,18.0,8.0
401811998,2026-01-05,2026,0,40,232,2729,Charleston Cougars,William & Mary Tribe,88,79,58.0,29.0,8.0,19.0,77.0,25.0,13.0,6.0
401812585,2026-01-05,2026,0,40,163,219,Princeton Tigers,Pennsylvania Quakers,78,76,52.0,23.0,6.0,10.0,57.0,19.0,13.0,13.0
401812613,2026-01-05,2026,0,40,108,159,Harvard Crimson,Dartmouth Big Green,68,76,62.0,15.0,13.0,8.0,46.0,29.0,7.0,11.0
401817610,2026-01-05,2026,0,40,2739,270,Green Bay Phoenix,Milwaukee Panthers,79,76,45.0,29.0,3.0,8.0,54.0,17.0,9.0,10.0
401818307,2026-01-05,2026,0,40,225,43,Brown Bears,Yale Bulldogs,53,70,65.0,10.0,13.0,13.0,54.0,20.0,9.0,15.0
401818539,2026-01-05,2026,0,40,172,171,Cornell Big Red,Columbia Lions,99,104,75.0,20.0,14.0,12.0,60.0,33.0,9.0,16.0
401820477,2026-01-05,2026,0,40,2277,357,Houston Christian Huskies,Texas A&M-Corpus Christi Islanders,65,81,55.0,19.0,11.0,17.0,65.0,15.0,15.0,11.0
401825419,2026-01-05,2026,0,40,127,30,Michigan State Spartans,USC Trojans,80,51,60.0,18.0,10.0,12.0,55.0,16.0,8.0,17.0
401825420,2026-01-05,2026,0,40,194,158,Ohio State Buckeyes,Nebraska Cornhuskers,69,72,57.0,13.0,4.0,8.0,57.0,17.0,8.0,12.0
401825421,2026-01-05,2026,0,45,164,2483,Rutgers Scarlet Knights,Oregon Ducks,88,85,60.0,34.0,10.0,7.0,66.0,16.0,16.0,17.0
401827022,2026-01-05,2026,0,40,2582,2504,Southern Jaguars,Prairie View A&M Panthers,85,89,60.0,35.0,14.0,13.0,59.0,24.0,7.0,13.0
401827095,2026-01-05,2026,0,40,2755,2640,Grambling Tigers,Texas Southern Tigers,84,67,55.0,27.0,12.0,12.0,59.0,12.0,9.0,16.0
401827137,2026-01-05,2026,0,40,2029,2011,Arkansas-Pine Bluff Golden Lions,Alabama State Hornets,90,79,51.0,41.0,12.0,16.0,61.0,26.0,9.0,11.0
401827201,2026-01-05,2026,0,40,2400,2010,Mississippi Valley State Delta Devils,Alabama A&M Bulldogs,51,71,51.0,18.0,7.0,18.0,50.0,30.0,11.0,17.0
401806425,2026-01-06,2026,0,40,2565,2815,SIU Edwardsville Cougars,Lindenwood Lions,66,62,52.0,22.0,8.0,15.0,66.0,15.0,16.0,13.0
401808153,2026-01-06,2026,0,40,57,61,Florida Gators,Georgia Bulldogs,92,77,75.0,23.0,22.0,13.0,70.0,23.0,11.0,9.0
401808156,2026-01-06,2026,0,40,2,245,Auburn Tigers,Texas A&M Aggies,88,90,65.0,31.0,19.0,13.0,61.0,20.0,12.0,14.0
401808158,2026-01-06,2026,0,40,99,2579,LSU Tigers,South Carolina Gamecocks,68,78,62.0,14.0,17.0,14.0,53.0,21.0,7.0,6.0
401808160,2026-01-06,2026,0,40,2633,251,Tennessee Volunteers,Texas Longhorns,85,71,55.0,29.0,15.0,13.0,57.0,20.0,15.0,16.0
401814504,2026-01-06,2026,0,40,2309,189,Kent State Golden Flashes,Bowling Green Falcons,96,93,63.0,19.0,10.0,10.0,57.0,31.0,12.0,9.0
401814505,2026-01-06,2026,0,40,2006,2117,Akron Zips,Central Michigan Chippewas,82,69,58.0,9.0,11.0,19.0,47.0,27.0,5.0,17.0
401814506,2026-01-06,2026,0,40,2050,2199,Ball State Cardinals,Eastern Michigan Eagles,52,74,51.0,15.0,7.0,7.0,50.0,6.0,10.0,14.0
401814507,2026-01-06,2026,0,40,195,113,Ohio Bobcats,Massachusetts Minutemen,86,83,58.0,21.0,6.0,12.0,65.0,17.0,11.0,12.0
401814508,2026-01-06,2026,0,40,2459,2649,Northern Illinois Huskies,Toledo Rockets,61,75,56.0,11.0,12.0,21.0,58.0,19.0,8.0,13.0
401814509,2026-01-06,2026,0,40,193,2711,Miami (OH) RedHawks,Western Michigan Broncos,87,76,54.0,34.0,11.0,14.0,66.0,22.0,13.0,11.0
401820560,2026-01-06,2026,0,40,2005,328,Air Force Falcons,Utah State Aggies,62,99,51.0,19.0,7.0,13.0,65.0,17.0,14.0,7.0
401820650,2026-01-06,2026,0,40,97,150,Louisville Cardinals,Duke Blue Devils,73,84,65.0,12.0,10.0,14.0,57.0,28.0,8.0,12.0
401820651,2026-01-06,2026,0,40,103,152,Boston College Eagles,NC State Wolfpack,71,79,45.0,22.0,10.0,16.0,62.0,12.0,12.0,4.0
401820653,2026-01-06,2026,0,40,59,183,Georgia Tech Yellow Jackets,Syracuse Orange,72,82,64.0,26.0,11.0,9.0,61.0,31.0,14.0,15.0
401822887,2026-01-06,2026,0,40,305,46,DePaul Blue Demons,Georgetown Hoyas,56,50,51.0,21.0,10.0,15.0,53.0,31.0,14.0,13.0
401822888,2026-01-06,2026,0,40,2086,2599,Butler Bulldogs,St. John's Red Storm,70,84,48.0,18.0,6.0,21.0,66.0,15.0,7.0,5.0
401823772,2026-01-06,2026,0,40,2440,21,Nevada Wolf Pack,San Diego State Aztecs,68,73,59.0,20.0,13.0,9.0,54.0,19.0,12.0,13.0
401825422,2026-01-06,2026,0,40,135,2294,Minnesota Golden Gophers,Iowa Hawkeyes,70,67,47.0,28.0,3.0,10.0,63.0,13.0,14.0,14.0
401825423,2026-01-06,2026,0,40,213,130,Penn State Nittany Lions,Michigan Wolverines,72,74,66.0,23.0,15.0,10.0,57.0,19.0,7.0,12.0
401825424,2026-01-06,2026,0,40,275,26,Wisconsin Badgers,UCLA Bruins,80,72,55.0,27.0,6.0,8.0,61.0,23.0,9.0,10.0
401827600,2026-01-06,2026,0,40,248,2641,Houston Cougars,Texas Tech Red Raiders,69,65,61.0,22.0,12.0,6.0,56.0,11.0,8.0,14.0
401827601,2026-01-06,2026,0,45,2305,2628,Kansas Jayhawks,TCU Horned Frogs,104,100,63.0,40.0,9.0,13.0,75.0,24.0,16.0,16.0
401827602,2026-01-06,2026,0,40,197,2116,Oklahoma State Cowboys,UCF Knights,87,76,53.0,35.0,5.0,16.0,72.0,23.0,13.0,11.0
401827603,2026-01-06,2026,0,40,277,2132,West Virginia Mountaineers,Cincinnati Bearcats,62,60,48.0,13.0,6.0,15.0,62.0,9.0,10.0,8.0
401828356,2026-01-06,2026,0,40,2168,45,Dayton Flyers,George Washington Revolutionaries,79,72,55.0,30.0,11.0,11.0,52.0,20.0,14.0,22.0
401828926,2026-01-06,2026,0,40,23,278,San José State Spartans,Fresno State Bulldogs,55,70,55.0,7.0,6.0,11.0,52.0,14.0,11.0,16.0
401830321,2026-01-06,2026,0,40,36,167,Colorado State Rams,New Mexico Lobos,70,80,59.0,11.0,11.0,14.0,53.0,21.0,9.0,10.0
401830822,2026-01-06,2026,0,40,2751,2439,Wyoming Cowboys,UNLV Rebels,98,66,60.0,29.0,14.0,14.0,48.0,45.0,11.0,12.0
401804867,2026-01-07,2026,0,40,55,2229,Jacksonville State Gamecocks,Florida International Panthers,71,64,49.0,20.0,10.0,16.0,49.0,19.0,5.0,12.0
401804868,2026-01-07,2026,0,40,338,2623,Kennesaw State Owls,Missouri State Bears,90,80,52.0,32.0,10.0,18.0,65.0,31.0,19.0,13.0
401808154,2026-01-07,2026,0,40,344,201,Mississippi State Bulldogs,Oklahoma Sooners,72,53,59.0,28.0,17.0,9.0,55.0,25.0,13.0,13.0
401808155,2026-01-07,2026,0,40,238,333,Vanderbilt Commodores,Alabama Crimson Tide,96,90,59.0,50.0,8.0,8.0,70.0,38.0,18.0,13.0
401808157,2026-01-07,2026,0,40,96,142,Kentucky Wildcats,Missouri Tigers,68,73,51.0,24.0,8.0,13.0,52.0,18.0,4.0,12.0
401808159,2026-01-07,2026,0,40,145,8,Ole Miss Rebels,Arkansas Razorbacks,87,94,61.0,21.0,8.0,10.0,60.0,30.0,14.0,11.0
401808601,2026-01-07,2026,0,40,256,276,James Madison Dukes,Marshall Thundering Herd,64,66,60.0,13.0,14.0,11.0,60.0,16.0,13.0,6.0
401808602,2026-01-07,2026,0,40,2032,2653,Arkansas State Red Wolves,Troy Trojans,86,74,58.0,29.0,13.0,16.0,65.0,18.0,9.0,11.0
401809313,2026-01-07,2026,0,40,236,231,Chattanooga Mocs,Furman Paladins,67,78,64.0,8.0,10.0,12.0,57.0,20.0,10.0,11.0
401809314,2026-01-07,2026,0,40,2193,2678,East Tennessee State Buccaneers,VMI Keydets,81,67,52.0,19.0,5.0,10.0,59.0,27.0,11.0,6.0
401809315,2026-01-07,2026,0,40,2382,2643,Mercer Bears,The Citadel Bulldogs,101,63,58.0,20.0,12.0,11.0,50.0,12.0,9.0,18.0
401809316,2026-01-07,2026,0,40,2535,2717,Samford Bulldogs,Western Carolina Catamounts,82,77,58.0,21.0,8.0,7.0,61.0,25.0,15.0,10.0
401809317,2026-01-07,2026,0,40,2747,2430,Wofford Terriers,UNC Greensboro Spartans,97,85,66.0,26.0,12.0,4.0,61.0,21.0,12.0,9.0
401817611,2026-01-07,2026,0,40,2754,2870,Youngstown State Penguins,Purdue Fort Wayne Mastodons,69,71,60.0,14.0,15.0,16.0,53.0,22.0,9.0,11.0
401818377,2026-01-07,2026,0,40,2900,233,St. Thomas Tommies,South Dakota Coyotes,99,86,59.0,21.0,5.0,9.0,59.0,17.0,9.0,16.0
401820162,2026-01-07,2026,0,40,2426,2083,Navy Midshipmen,Bucknell Bison,76,55,55.0,18.0,12.0,14.0,53.0,14.0,7.0,13.0
401820195,2026-01-07,2026,0,45,349,2352,Army Black Knights,Loyola Maryland Greyhounds,76,84,72.0,14.0,13.0,7.0,68.0,23.0,17.0,11.0
401820652,2026-01-07,2026,0,40,228,2567,Clemson Tigers,SMU Mustangs,74,70,56.0,24.0,11.0,9.0,51.0,29.0,12.0,13.0
401820654,2026-01-07,2026,0,40,258,25,Virginia Cavaliers,California Golden Bears,84,60,60.0,23.0,13.0,11.0,54.0,22.0,6.0,9.0
401820655,2026-01-07,2026,0,40,259,24,Virginia Tech Hokies,Stanford Cardinal,68,69,53.0,25.0,14.0,9.0,58.0,9.0,10.0,8.0
401820656,2026-01-07,2026,0,40,154,2390,Wake Forest Demon Deacons,Miami Hurricanes,77,81,54.0,14.0,4.0,12.0,54.0,30.0,13.0,13.0
401822889,2026-01-07,2026,0,45,2507,41,Providence Friars,UConn Huskies,98,103,64.0,27.0,10.0,17.0,71.0,18.0,10.0,12.0
401822890,2026-01-07,2026,0,40,269,2752,Marquette Golden Eagles,Xavier Musketeers,66,65,65.0,18.0,19.0,15.0,59.0,14.0,10.0,16.0
401822891,2026-01-07,2026,0,40,222,156,Villanova Wildcats,Creighton Bluejays,72,76,66.0,11.0,12.0,6.0,58.0,16.0,13.0,8.0
401823793,2026-01-07,2026,0,40,68,2253,Boise State Broncos,Grand Canyon Lopes,58,75,49.0,25.0,7.0,14.0,60.0,12.0,10.0,12.0
401823902,2026-01-07,2026,0,40,2737,2127,Winthrop Eagles,Charleston Southern Buccaneers,81,77,73.0,31.0,18.0,10.0,69.0,23.0,14.0,9.0
401823903,2026-01-07,2026,0,40,2272,2241,High Point Panthers,Gardner-Webb Runnin' Bulldogs,104,49,73.0,26.0,16.0,9.0,62.0,6.0,8.0,24.0
401823904,2026-01-07,2026,0,40,2427,2344,UNC Asheville Bulldogs,Longwood Lancers,72,61,55.0,21.0,14.0,11.0,55.0,20.0,9.0,10.0
401823905,2026-01-07,2026,0,40,2515,2506,Radford Highlanders,Presbyterian Blue Hose,80,61,54.0,16.0,7.0,7.0,57.0,18.0,13.0,9.0
401824365,2026-01-07,2026,0,40,322,104,Lafayette Leopards,Boston University Terriers,67,83,61.0,16.0,7.0,5.0,58.0,15.0,9.0,9.0
401824385,2026-01-07,2026,0,40,2329,107,Lehigh Mountain Hawks,Holy Cross Crusaders,66,58,53.0,9.0,6.0,12.0,55.0,10.0,5.0,9.0
401825425,2026-01-07,2026,0,40,120,84,Maryland Terrapins,Indiana Hoosiers,66,84,61.0,17.0,12.0,11.0,60.0,26.0,14.0,11.0
401825426,2026-01-07,2026,0,40,2509,264,Purdue Boilermakers,Washington Huskies,81,73,60.0,12.0,11.0,14.0,63.0,12.0,9.0,13.0
401827604,2026-01-07,2026,0,40,12,2306,Arizona Wildcats,Kansas State Wildcats,101,76,69.0,39.0,15.0,8.0,77.0,19.0,12.0,10.0
401827605,2026-01-07,2026,0,40,239,66,Baylor Bears,Iowa State Cyclones,60,70,62.0,29.0,21.0,14.0,64.0,20.0,16.0,12.0
401827606,2026-01-07,2026,0,40,252,9,BYU Cougars,Arizona State Sun Devils,104,76,61.0,25.0,11.0,16.0,74.0,18.0,20.0,15.0
401827607,2026-01-07,2026,0,40,38,254,Colorado Buffaloes,Utah Utes,85,73,62.0,21.0,13.0,11.0,66.0,23.0,14.0,7.0
401828162,2026-01-07,2026,0,40,5,2226,UAB Blazers,Florida Atlantic Owls,71,76,60.0,28.0,11.0,12.0,61.0,24.0,11.0,12.0
401828163,2026-01-07,2026,0,40,2636,2429,UTSA Roadrunners,Charlotte 49ers,58,74,59.0,12.0,8.0,8.0,61.0,15.0,15.0,11.0
401828164,2026-01-07,2026,0,40,218,151,Temple Owls,East Carolina Pirates,75,67,55.0,26.0,11.0,10.0,52.0,21.0,10.0,12.0
401828165,2026-01-07,2026,0,40,2724,242,Wichita State Shockers,Rice Owls,64,66,57.0,31.0,15.0,7.0,58.0,16.0,10.0,10.0
401828166,2026-01-07,2026,0,40,249,58,North Texas Mean Green,South Florida Bulls,70,74,59.0,20.0,13.0,13.0,47.0,36.0,13.0,17.0
401828357,2026-01-07,2026,0,40,2350,2166,Loyola Chicago Ramblers,Davidson Wildcats,64,79,59.0,21.0,14.0,12.0,58.0,17.0,10.0,10.0
401828358,2026-01-07,2026,0,45,2603,2184,Saint Joseph's Hawks,Duquesne Dukes,97,90,68.0,29.0,13.0,11.0,74.0,15.0,14.0,14.0
401828359,2026-01-07,2026,0,40,2230,2244,Fordham Rams,George Mason Patriots,58,67,67.0,10.0,19.0,9.0,48.0,26.0,6.0,9.0
401828360,2026-01-07,2026,0,40,227,2325,Rhode Island Rams,La Salle Explorers,72,79,58.0,18.0,16.0,16.0,41.0,33.0,8.0,13.0
401828361,2026-01-07,2026,0,40,179,257,St. Bonaventure Bonnies,Richmond Spiders,80,89,71.0,13.0,14.0,7.0,55.0,30.0,10.0,10.0
401828362,2026-01-07,2026,0,40,2670,139,VCU Rams,Saint Louis Billikens,62,71,63.0,24.0,9.0,12.0,63.0,16.0,6.0,12.0
401828673,2026-01-07,2026,0,40,2142,44,Colgate Raiders,American University Eagles,64,62,51.0,23.0,13.0,10.0,52.0,6.0,6.0,11.0
401830203,2026-01-07,2026,0,40,2460,2057,Northern Iowa Panthers,Belmont Bruins,65,78,59.0,10.0,8.0,3.0,50.0,15.0,5.0,6.0
401830234,2026-01-07,2026,0,40,71,2181,Bradley Braves,Drake Bulldogs,93,66,61.0,28.0,8.0,8.0,53.0,28.0,6.0,14.0
401830262,2026-01-07,2026,0,40,339,93,Evansville Purple Aces,Murray State Racers,69,79,53.0,19.0,5.0,15.0,59.0,27.0,10.0,9.0
401830263,2026-01-07,2026,0,40,82,79,UIC Flames,Southern Illinois Salukis,70,57,60.0,22.0,15.0,9.0,53.0,4.0,5.0,15.0
401830264,2026-01-07,2026,0,40,2674,2287,Valparaiso Beacons,Illinois State Redbirds,77,71,41.0,35.0,4.0,11.0,62.0,23.0,17.0,9.0
401804869,2026-01-08,2026,0,40,166,98,New Mexico State Aggies,Western Kentucky Hilltoppers,80,64,56.0,34.0,17.0,11.0,68.0,23.0,18.0,5.0
401804870,2026-01-08,2026,0,45,2638,2393,UTEP Miners,Middle Tennessee Blue Raiders,83,80,58.0,36.0,13.0,9.0,59.0,17.0,7.0,12.0
401804871,2026-01-08,2026,0,40,2348,2335,Louisiana Tech Bulldogs,Liberty Flames,56,72,60.0,11.0,11.0,8.0,54.0,16.0,9.0,7.0
401804872,2026-01-08,2026,0,40,2534,48,Sam Houston Bearkats,Delaware Blue Hens,72,60,64.0,18.0,15.0,6.0,53.0,12.0,6.0,9.0
401805163,2026-01-08,2026,0,40,2627,2000,Tarleton State Texans,Abilene Christian Wildcats,80,84,56.0,29.0,11.0,14.0,52.0,26.0,10.0,18.0
401805164,2026-01-08,2026,0,40,2856,3101,California Baptist Lancers,Utah Tech Trailblazers,84,72,60.0,26.0,17.0,7.0,54.0,18.0,9.0,9.0
401805165,2026-01-08,2026,0,40,3084,253,Utah Valley Wolverines,Southern Utah Thunderbirds,89,72,66.0,16.0,16.0,15.0,60.0,19.0,10.0,14.0
401806426,2026-01-08,2026,0,40,2197,2635,Eastern Illinois Panthers,Tennessee Tech Golden Eagles,71,61,57.0,18.0,11.0,8.0,46.0,21.0,9.0,15.0
401806427,2026-01-08,2026,0,40,2565,2031,SIU Edwardsville Cougars,Little Rock Trojans,70,73,54.0,16.0,15.0,16.0,60.0,25.0,16.0,7.0
401806428,2026-01-08,2026,0,40,2413,2630,Morehead State Eagles,UT Martin Skyhawks,68,76,57.0,19.0,18.0,13.0,53.0,27.0,13.0,10.0
401806429,2026-01-08,2026,0,40,88,2546,Southern Indiana Screaming Eagles,Southeast Missouri State Redhawks,76,84,55.0,27.0,12.0,15.0,54.0,28.0,7.0,9.0
401806430,2026-01-08,2026,0,40,2710,2634,Western Illinois Leathernecks,Tennessee State Tigers,68,90,55.0,34.0,11.0,11.0,61.0,23.0,10.0,11.0
401807673,2026-01-08,2026,0,40,526,2046,Florida Gulf Coast Eagles,Austin Peay Governors,71,82,56.0,17.0,9.0,15.0,57.0,25.0,11.0,10.0
401807674,2026-01-08,2026,0,45,91,2110,Bellarmine Knights,Central Arkansas Bears,84,78,60.0,14.0,5.0,12.0,74.0,16.0,16.0,9.0
401807675,2026-01-08,2026,0,40,56,288,Stetson Hatters,Lipscomb Bisons,91,83,55.0,29.0,4.0,11.0,57.0,24.0,5.0,14.0
401807676,2026-01-08,2026,0,40,2198,2453,Eastern Kentucky Colonels,North Alabama Lions,88,80,63.0,23.0,15.0,6.0,53.0,25.0,7.0,9.0
401807677,2026-01-08,2026,0,40,294,2511,Jacksonville Dolphins,Queens University Royals,51,77,52.0,20.0,11.0,13.0,55.0,17.0,7.0,11.0
401807678,2026-01-08,2026,0,40,2454,2698,North Florida Ospreys,West Georgia Wolves,73,85,63.0,11.0,10.0,13.0,62.0,20.0,9.0,9.0
401808454,2026-01-08,2026,0,40,331,147,Eastern Washington Eagles,Montana State Bobcats,64,68,61.0,17.0,14.0,10.0,48.0,21.0,11.0,17.0
401808471,2026-01-08,2026,0,40,70,149,Idaho Vandals,Montana Grizzlies,73,79,64.0,29.0,17.0,8.0,52.0,22.0,4.0,13.0
401808489,2026-01-08,2026,0,40,2458,304,Northern Colorado Bears,Idaho State Bengals,85,72,56.0,15.0,7.0,8.0,57.0,23.0,12.0,10.0
401808523,2026-01-08,2026,0,40,2464,2692,Northern Arizona Lumberjacks,Weber State Wildcats,65,78,55.0,17.0,8.0,8.0,67.0,7.0,13.0,5.0
401808603,2026-01-08,2026,0,40,324,295,Coastal Carolina Chanticleers,Old Dominion Monarchs,66,70,58.0,18.0,7.0,10.0,64.0,13.0,14.0,12.0
401808604,2026-01-08,2026,0,40,2247,2026,Georgia State Panthers,App State Mountaineers,50,52,58.0,13.0,8.0,7.0,61.0,10.0,17.0,12.0
401808605,2026-01-08,2026,0,40,309,2433,Louisiana Ragin' Cajuns,UL Monroe Warhawks,85,79,68.0,15.0,18.0,15.0,52.0,22.0,4.0,12.0
401808606,2026-01-08,2026,0,45,2572,326,Southern Miss Golden Eagles,Texas State Bobcats,80,70,60.0,24.0,9.0,15.0,63.0,22.0,11.0,14.0
401809088,2026-01-08,2026,0,40,28,2239,UC San Diego Tritons,Cal State Fullerton Titans,71,88,55.0,20.0,12.0,17.0,58.0,24.0,6.0,6.0
401809109,2026-01-08,2026,0,40,300,299,UC Irvine Anteaters,Long Beach State Beach,74,64,56.0,28.0,8.0,9.0,60.0,13.0,7.0,13.0
401809126,2026-01-08,2026,0,40,2540,302,UC Santa Barbara Gauchos,UC Davis Aggies,86,93,53.0,25.0,4.0,9.0,58.0,24.0,8.0,11.0
401809156,2026-01-08,2026,0,40,2463,13,Cal State Northridge Matadors,Cal Poly Mustangs,95,90,67.0,27.0,15.0,14.0,70.0,21.0,10.0,13.0
401812001,2026-01-08,2026,0,40,2182,2619,Drexel Dragons,Stony Brook Seawolves,56,37,49.0,10.0,9.0,13.0,59.0,11.0,16.0,8.0
401812002,2026-01-08,2026,0,40,119,2275,Towson Tigers,Hofstra Pride,67,78,59.0,25.0,15.0,13.0,52.0,32.0,10.0,8.0
401812003,2026-01-08,2026,0,40,2405,2729,Monmouth Hawks,William & Mary Tribe,81,70,64.0,17.0,12.0,11.0,62.0,15.0,13.0,17.0
401812004,2026-01-08,2026,0,40,2097,2261,Campbell Fighting Camels,Hampton Pirates,86,72,55.0,38.0,12.0,13.0,52.0,26.0,11.0,21.0
401812005,2026-01-08,2026,0,40,2448,2210,North Carolina A&T Aggies,Elon Phoenix,64,69,64.0,9.0,14.0,13.0,60.0,22.0,11.0,9.0
401812006,2026-01-08,2026,0,40,111,350,Northeastern Huskies,UNC Wilmington Seahawks,78,87,61.0,24.0,8.0,7.0,57.0,34.0,12.0,13.0
401812110,2026-01-08,2026,0,40,261,2066,Vermont Catamounts,Binghamton Bearcats,60,59,48.0,24.0,8.0,8.0,55.0,14.0,5.0,7.0
401812111,2026-01-08,2026,0,40,2378,311,UMBC Retrievers,Maine Black Bears,69,62,56.0,23.0,10.0,8.0,59.0,11.0,8.0,9.0
401812112,2026-01-08,2026,0,40,2803,2349,Bryant Bulldogs,UMass Lowell River Hawks,63,77,59.0,9.0,9.0,9.0,57.0,17.0,10.0,11.0
401812113,2026-01-08,2026,0,40,2885,160,NJIT Highlanders,New Hampshire Wildcats,80,76,65.0,23.0,13.0,8.0,52.0,30.0,9.0,15.0
401812317,2026-01-08,2026,0,40,161,2130,Fairleigh Dickinson Knights,Chicago State Cougars,70,63,47.0,34.0,12.0,14.0,49.0,17.0,3.0,13.0
401812336,2026-01-08,2026,0,40,2330,2441,Le Moyne Dolphins,New Haven Chargers,73,47,50.0,24.0,8.0,8.0,47.0,19.0,8.0,13.0
401812367,2026-01-08,2026,0,40,112358,2385,Long Island University Sharks,Mercyhurst Lakers,60,58,54.0,19.0,13.0,11.0,55.0,7.0,9.0,10.0
401812389,2026-01-08,2026,0,40,2681,2598,Wagner Seahawks,Saint Francis Red Wolves,69,71,59.0,19.0,15.0,13.0,53.0,19.0,9.0,11.0
401812403,2026-01-08,2026,0,40,2115,284,Central Connecticut Blue Devils,Stonehill Skyhawks,76,69,47.0,24.0,6.0,13.0,60.0,11.0,11.0,13.0
401818378,2026-01-08,2026,0,40,2437,155,Omaha Mavericks,North Dakota Fighting Hawks,90,79,45.0,35.0,6.0,13.0,60.0,30.0,13.0,7.0
401818379,2026-01-08,2026,0,40,140,2449,Kansas City Roos,North Dakota State Bison,73,97,55.0,17.0,12.0,17.0,66.0,19.0,15.0,9.0
401818380,2026-01-08,2026,0,40,2571,2172,South Dakota State Jackrabbits,Denver Pioneers,87,79,62.0,25.0,14.0,9.0,69.0,15.0,14.0,8.0
401823741,2026-01-08,2026,0,40,2934,27,Cal State Bakersfield Roadrunners,UC Riverside Highlanders,67,66,62.0,20.0,17.0,15.0,56.0,16.0,9.0,16.0
401825427,2026-01-08,2026,0,40,356,164,Illinois Fighting Illini,Rutgers Scarlet Knights,81,55,59.0,21.0,12.0,7.0,63.0,8.0,9.0,7.0
401825428,2026-01-08,2026,0,40,127,77,Michigan State Spartans,Northwestern Wildcats,76,66,49.0,33.0,11.0,15.0,58.0,20.0,8.0,6.0
401825429,2026-01-08,2026,0,40,2483,194,Oregon Ducks,Ohio State Buckeyes,62,72,61.0,20.0,15.0,7.0,53.0,23.0,13.0,12.0
401829187,2026-01-08,2026,0,45,2501,279,Portland Pilots,Pacific Tigers,90,89,66.0,18.0,13.0,14.0,66.0,26.0,17.0,10.0
401829188,2026-01-08,2026,0,40,301,2492,San Diego Toreros,Pepperdine Waves,83,63,59.0,12.0,8.0,11.0,45.0,29.0,7.0,15.0
401829189,2026-01-08,2026,0,50,2351,2539,Loyola Marymount Lions,San Francisco Dons,84,82,74.0,9.0,6.0,8.0,71.0,25.0,16.0,13.0
401829190,2026-01-08,2026,0,40,2250,2541,Gonzaga Bulldogs,Santa Clara Broncos,89,77,59.0,21.0,10.0,13.0,65.0,16.0,13.0,15.0
401829191,2026-01-08,2026,0,40,204,2547,Oregon State Beavers,Seattle U Redhawks,68,55,56.0,29.0,15.0,14.0,60.0,24.0,15.0,11.0
401813301,2026-01-09,2026,0,40,2363,2099,Manhattan Jaspers,Canisius Golden Griffins,64,70,61.0,10.0,9.0,11.0,62.0,18.0,14.0,9.0
401813331,2026-01-09,2026,0,40,2529,2368,Sacred Heart Pioneers,Marist Red Foxes,72,76,52.0,22.0,11.0,14.0,55.0,14.0,9.0,9.0
401813386,2026-01-09,2026,0,40,314,315,Iona Gaels,Niagara Purple Eagles,71,53,58.0,13.0,13.0,9.0,60.0,9.0,10.0,7.0
401813410,2026-01-09,2026,0,40,116,2612,Mount St. Mary's Mountaineers,Saint Peter's Peacocks,70,65,50.0,32.0,11.0,14.0,63.0,29.0,20.0,12.0
401813424,2026-01-09,2026,0,40,2561,2771,Siena Saints,Merrimack Warriors,59,63,58.0,9.0,18.0,10.0,51.0,13.0,10.0,7.0
401814510,2026-01-09,2026,0,40,189,2006,Bowling Green Falcons,Akron Zips,67,77,61.0,14.0,11.0,15.0,62.0,18.0,12.0,14.0
401814515,2026-01-09,2026,0,40,2649,193,Toledo Rockets,Miami (OH) RedHawks,73,87,62.0,20.0,12.0,11.0,63.0,8.0,8.0,10.0
401817612,2026-01-09,2026,0,40,2739,85,Green Bay Phoenix,IU Indianapolis Jaguars,75,59,52.0,26.0,9.0,16.0,69.0,10.0,10.0,9.0
401817613,2026-01-09,2026,0,40,270,94,Milwaukee Panthers,Northern Kentucky Norse,67,85,56.0,19.0,10.0,9.0,65.0,16.0,18.0,9.0
401817614,2026-01-09,2026,0,40,2174,2750,Detroit Mercy Titans,Wright State Raiders,82,84,60.0,31.0,14.0,10.0,52.0,28.0,7.0,12.0
401817615,2026-01-09,2026,0,40,2473,325,Oakland Golden Grizzlies,Cleveland State Vikings,97,74,75.0,27.0,24.0,12.0,75.0,10.0,18.0,12.0
401823007,2026-01-09,2026,0,40,2754,131761,Youngstown State Penguins,Bryant & Stratton (OH) Bobcats,99,61,63.0,27.0,17.0,10.0,71.0,7.0,14.0,8.0
401823316,2026-01-09,2026,0,40,2217,2520,Fairfield Stags,Rider Broncs,68,62,62.0,22.0,17.0,6.0,55.0,18.0,10.0,10.0
401825430,2026-01-09,2026,0,45,135,30,Minnesota Golden Gophers,USC Trojans,69,70,62.0,15.0,15.0,11.0,57.0,17.0,15.0,16.0
401830827,2026-01-09,2026,0,40,36,2439,Colorado State Rams,UNLV Rebels,70,62,46.0,30.0,12.0,15.0,49.0,25.0,12.0,16.0
401804873,2026-01-10,2026,0,40,338,55,Kennesaw State Owls,Jacksonville State Gamecocks,88,82,57.0,34.0,11.0,10.0,58.0,27.0,10.0,12.0
401804874,2026-01-10,2026,0,40,2638,98,UTEP Miners,Western Kentucky Hilltoppers,56,68,53.0,22.0,10.0,15.0,64.0,22.0,17.0,10.0
401804875,2026-01-10,2026,0,40,166,2393,New Mexico State Aggies,Middle Tennessee Blue Raiders,55,59,52.0,22.0,8.0,11.0,50.0,24.0,6.0,9.0
401804876,2026-01-10,2026,0,40,2623,2229,Missouri State Bears,Florida International Panthers,79,71,53.0,31.0,12.0,16.0,63.0,19.0,12.0,11.0
401804877,2026-01-10,2026,0,40,2534,2335,Sam Houston Bearkats,Liberty Flames,74,82,62.0,14.0,14.0,16.0,51.0,23.0,2.0,12.0
401804878,2026-01-10,2026,0,45,2348,48,Louisiana Tech Bulldogs,Delaware Blue Hens,70,68,56.0,30.0,13.0,10.0,52.0,15.0,6.0,12.0
401805166,2026-01-10,2026,0,40,250,2000,UT Arlington Mavericks,Abilene Christian Wildcats,82,72,51.0,29.0,11.0,13.0,45.0,32.0,7.0,12.0
401805167,2026-01-10,2026,0,40,3084,3101,Utah Valley Wolverines,Utah Tech Trailblazers,92,76,62.0,27.0,10.0,14.0,55.0,20.0,9.0,19.0
401805168,2026-01-10,2026,0,40,2856,253,California Baptist Lancers,Southern Utah Thunderbirds,58,55,68.0,19.0,22.0,6.0,57.0,12.0,14.0,12.0
401806431,2026-01-10,2026,0,40,2197,2634,Eastern Illinois Panthers,Tennessee State Tigers,74,70,61.0,11.0,11.0,11.0,59.0,22.0,11.0,12.0
401806432,2026-01-10,2026,0,40,2815,2031,Lindenwood Lions,Little Rock Trojans,74,82,57.0,14.0,10.0,16.0,62.0,14.0,14.0,13.0
401806433,2026-01-10,2026,0,40,2413,2546,Morehead State Eagles,Southeast Missouri State Redhawks,71,69,47.0,18.0,8.0,12.0,57.0,21.0,11.0,5.0
401806434,2026-01-10,2026,0,40,88,2630,Southern Indiana Screaming Eagles,UT Martin Skyhawks,56,73,51.0,29.0,13.0,12.0,55.0,20.0,17.0,14.0
401806435,2026-01-10,2026,0,40,2710,2635,Western Illinois Leathernecks,Tennessee Tech Golden Eagles,54,59,45.0,22.0,9.0,15.0,57.0,14.0,11.0,11.0
401807679,2026-01-10,2026,0,40,56,2046,Stetson Hatters,Austin Peay Governors,69,81,64.0,11.0,13.0,14.0,58.0,32.0,8.0,5.0
401807680,2026-01-10,2026,0,45,2198,2110,Eastern Kentucky Colonels,Central Arkansas Bears,79,75,64.0,7.0,10.0,13.0,63.0,15.0,12.0,13.0
401807681,2026-01-10,2026,0,40,526,288,Florida Gulf Coast Eagles,Lipscomb Bisons,77,84,59.0,19.0,8.0,11.0,55.0,21.0,7.0,14.0
401807682,2026-01-10,2026,0,40,91,2453,Bellarmine Knights,North Alabama Lions,73,82,52.0,13.0,5.0,8.0,50.0,22.0,10.0,9.0
401807683,2026-01-10,2026,0,40,2454,2511,North Florida Ospreys,Queens University Royals,82,89,67.0,12.0,8.0,9.0,65.0,24.0,14.0,9.0
401807684,2026-01-10,2026,0,40,294,2698,Jacksonville Dolphins,West Georgia Wolves,75,43,50.0,15.0,3.0,5.0,39.0,22.0,5.0,15.0
401808161,2026-01-10,2026,0,40,2,8,Auburn Tigers,Arkansas Razorbacks,95,73,60.0,24.0,9.0,10.0,58.0,21.0,8.0,11.0
401808162,2026-01-10,2026,0,40,57,2633,Florida Gators,Tennessee Volunteers,91,67,64.0,25.0,12.0,10.0,49.0,29.0,6.0,18.0
401808163,2026-01-10,2026,0,40,96,344,Kentucky Wildcats,Mississippi State Bulldogs,92,68,67.0,14.0,14.0,9.0,56.0,14.0,9.0,15.0
401808164,2026-01-10,2026,0,40,145,142,Ole Miss Rebels,Missouri Tigers,76,69,61.0,19.0,10.0,7.0,51.0,24.0,9.0,13.0
401808165,2026-01-10,2026,0,40,2579,61,South Carolina Gamecocks,Georgia Bulldogs,70,75,58.0,21.0,9.0,9.0,62.0,22.0,11.0,8.0
401808166,2026-01-10,2026,0,40,245,201,Texas A&M Aggies,Oklahoma Sooners,83,76,62.0,25.0,12.0,8.0,62.0,16.0,16.0,17.0
401808167,2026-01-10,2026,0,40,238,99,Vanderbilt Commodores,LSU Tigers,84,73,63.0,29.0,12.0,7.0,59.0,17.0,10.0,14.0
401808168,2026-01-10,2026,0,40,333,251,Alabama Crimson Tide,Texas Longhorns,88,92,66.0,27.0,13.0,7.0,66.0,32.0,18.0,7.0
401808455,2026-01-10,2026,0,40,331,149,Eastern Washington Eagles,Montana Grizzlies,66,65,56.0,7.0,5.0,9.0,52.0,18.0,9.0,12.0
401808472,2026-01-10,2026,0,40,70,147,Idaho Vandals,Montana State Bobcats,92,89,68.0,14.0,12.0,5.0,55.0,21.0,8.0,12.0
401808490,2026-01-10,2026,0,40,2464,304,Northern Arizona Lumberjacks,Idaho State Bengals,79,81,52.0,26.0,11.0,11.0,52.0,21.0,12.0,14.0
401808531,2026-01-10,2026,0,40,2458,2692,Northern Colorado Bears,Weber State Wildcats,71,76,59.0,20.0,14.0,11.0,53.0,33.0,10.0,9.0
401808538,2026-01-10,2026,0,40,2502,16,Portland State Vikings,Sacramento State Hornets,96,69,64.0,20.0,13.0,11.0,62.0,28.0,7.0,5.0
401808607,2026-01-10,2026,0,40,324,2026,Coastal Carolina Chanticleers,App State Mountaineers,67,62,52.0,11.0,7.0,7.0,58.0,17.0,12.0,4.0
401808608,2026-01-10,2026,0,40,2247,276,Georgia State Panthers,Marshall Thundering Herd,81,73,54.0,39.0,14.0,14.0,61.0,22.0,14.0,17.0
401808609,2026-01-10,2026,0,40,256,295,James Madison Dukes,Old Dominion Monarchs,70,69,49.0,25.0,8.0,16.0,62.0,20.0,9.0,7.0
401808610,2026-01-10,2026,0,40,6,290,South Alabama Jaguars,Georgia Southern Eagles,87,71,54.0,25.0,8.0,14.0,64.0,22.0,11.0,10.0
401808611,2026-01-10,2026,0,40,2032,326,Arkansas State Red Wolves,Texas State Bobcats,83,82,64.0,32.0,19.0,17.0,61.0,19.0,8.0,16.0
401808612,2026-01-10,2026,0,40,2572,2433,Southern Miss Golden Eagles,UL Monroe Warhawks,70,60,57.0,24.0,9.0,9.0,58.0,16.0,12.0,14.0
401808613,2026-01-10,2026,0,40,309,2653,Louisiana Ragin' Cajuns,Troy Trojans,70,90,54.0,13.0,6.0,10.0,63.0,11.0,18.0,13.0
401808708,2026-01-10,2026,0,40,2837,292,East Texas A&M Lions,UT Rio Grande Valley Vaqueros,77,69,58.0,13.0,10.0,12.0,56.0,13.0,9.0,12.0
401808875,2026-01-10,2026,0,40,2377,2545,McNeese Cowboys,SE Louisiana Lions,73,61,58.0,15.0,13.0,10.0,44.0,28.0,11.0,17.0
401808905,2026-01-10,2026,0,40,2443,2447,LSU New Orleans Privateers,Nicholls Colonels,77,90,52.0,24.0,16.0,15.0,64.0,12.0,14.0,7.0
401808937,2026-01-10,2026,0,40,2466,357,Northwestern State Demons,Texas A&M-Corpus Christi Islanders,79,78,48.0,24.0,7.0,16.0,53.0,28.0,8.0,9.0
401808968,2026-01-10,2026,0,40,2617,2277,Stephen F. Austin Lumberjacks,Houston Christian Huskies,85,67,68.0,12.0,18.0,6.0,49.0,17.0,8.0,14.0
401809089,2026-01-10,2026,0,40,27,28,UC Riverside Highlanders,UC San Diego Tritons,66,69,57.0,20.0,13.0,13.0,48.0,25.0,9.0,12.0
401809110,2026-01-10,2026,0,40,62,300,Hawai'i Rainbow Warriors,UC Irvine Anteaters,67,66,64.0,13.0,13.0,14.0,67.0,15.0,18.0,15.0
401809127,2026-01-10,2026,0,40,13,302,Cal Poly Mustangs,UC Davis Aggies,84,78,57.0,28.0,7.0,10.0,63.0,20.0,9.0,11.0
401809318,2026-01-10,2026,0,40,236,2535,Chattanooga Mocs,Samford Bulldogs,88,79,61.0,24.0,3.0,3.0,54.0,36.0,5.0,8.0
401809319,2026-01-10,2026,0,40,2193,2430,East Tennessee State Buccaneers,UNC Greensboro Spartans,86,60,62.0,8.0,3.0,8.0,53.0,25.0,13.0,21.0
401809320,2026-01-10,2026,0,40,231,2678,Furman Paladins,VMI Keydets,69,48,56.0,18.0,18.0,20.0,56.0,13.0,13.0,16.0
401809321,2026-01-10,2026,0,40,2382,2747,Mercer Bears,Wofford Terriers,109,97,55.0,31.0,7.0,13.0,68.0,22.0,13.0,12.0
401809322,2026-01-10,2026,0,45,2643,2717,The Citadel Bulldogs,Western Carolina Catamounts,79,77,58.0,28.0,14.0,11.0,68.0,16.0,12.0,8.0
401812007,2026-01-10,2026,0,45,2275,2405,Hofstra Pride,Monmouth Hawks,67,64,59.0,33.0,16.0,12.0,57.0,23.0,8.0,12.0
401812008,2026-01-10,2026,0,40,111,119,Northeastern Huskies,Towson Tigers,78,87,59.0,21.0,7.0,8.0,56.0,18.0,13.0,16.0
401812009,2026-01-10,2026,0,40,2182,2729,Drexel Dragons,William & Mary Tribe,64,58,47.0,13.0,8.0,19.0,60.0,12.0,10.0,13.0
401812010,2026-01-10,2026,0,40,232,2261,Charleston Cougars,Hampton Pirates,74,70,45.0,30.0,4.0,8.0,68.0,14.0,20.0,8.0
401812011,2026-01-10,2026,0,40,2210,2097,Elon Phoenix,Campbell Fighting Camels,83,82,62.0,10.0,9.0,10.0,61.0,17.0,10.0,8.0
401812012,2026-01-10,2026,0,40,2619,350,Stony Brook Seawolves,UNC Wilmington Seahawks,71,75,60.0,6.0,7.0,10.0,59.0,15.0,11.0,10.0
401812114,2026-01-10,2026,0,40,399,2803,UAlbany Great Danes,Bryant Bulldogs,71,46,53.0,15.0,12.0,8.0,55.0,16.0,14.0,9.0
401812115,2026-01-10,2026,0,40,2885,311,NJIT Highlanders,Maine Black Bears,70,74,56.0,26.0,10.0,6.0,45.0,24.0,5.0,13.0
401812116,2026-01-10,2026,0,40,2066,2349,Binghamton Bearcats,UMass Lowell River Hawks,68,73,54.0,19.0,6.0,13.0,49.0,30.0,6.0,11.0
401812117,2026-01-10,2026,0,40,2378,160,UMBC Retrievers,New Hampshire Wildcats,75,74,54.0,16.0,3.0,4.0,59.0,11.0,11.0,10.0
401812318,2026-01-10,2026,0,40,2441,161,New Haven Chargers,Fairleigh Dickinson Knights,65,55,42.0,26.0,3.0,11.0,56.0,18.0,11.0,9.0
401812337,2026-01-10,2026,0,40,2330,2115,Le Moyne Dolphins,Central Connecticut Blue Devils,59,69,62.0,16.0,11.0,13.0,59.0,26.0,13.0,12.0
401812368,2026-01-10,2026,0,40,112358,2598,Long Island University Sharks,Saint Francis Red Wolves,67,63,61.0,25.0,21.0,19.0,53.0,14.0,3.0,15.0
401812404,2026-01-10,2026,0,45,284,2130,Stonehill Skyhawks,Chicago State Cougars,85,82,61.0,21.0,16.0,17.0,64.0,21.0,5.0,6.0
401812412,2026-01-10,2026,0,40,2681,2385,Wagner Seahawks,Mercyhurst Lakers,69,70,58.0,16.0,11.0,12.0,49.0,21.0,1.0,5.0
401812586,2026-01-10,2026,0,40,219,225,Pennsylvania Quakers,Brown Bears,81,73,56.0,29.0,11.0,9.0,60.0,12.0,9.0,11.0
401812614,2026-01-10,2026,0,40,171,108,Columbia Lions,Harvard Crimson,54,79,56.0,11.0,14.0,14.0,55.0,11.0,10.0,9.0
401814511,2026-01-10,2026,0,40,113,2050,Massachusetts Minutemen,Ball State Cardinals,79,71,52.0,29.0,9.0,12.0,56.0,18.0,6.0,10.0
401814512,2026-01-10,2026,0,40,195,2084,Ohio Bobcats,Buffalo Bulls,91,80,57.0,20.0,11.0,18.0,67.0,22.0,15.0,11.0
401814513,2026-01-10,2026,0,40,2711,2199,Western Michigan Broncos,Eastern Michigan Eagles,79,62,51.0,27.0,11.0,14.0,56.0,10.0,6.0,11.0
401814514,2026-01-10,2026,0,40,2117,2309,Central Michigan Chippewas,Kent State Golden Flashes,87,85,70.0,23.0,17.0,7.0,73.0,17.0,22.0,15.0
401818308,2026-01-10,2026,0,40,163,43,Princeton Tigers,Yale Bulldogs,76,60,48.0,23.0,8.0,12.0,65.0,15.0,13.0,8.0
401818381,2026-01-10,2026,0,40,140,155,Kansas City Roos,North Dakota Fighting Hawks,79,81,50.0,14.0,9.0,18.0,62.0,24.0,13.0,5.0
401818382,2026-01-10,2026,0,40,2437,2449,Omaha Mavericks,North Dakota State Bison,76,78,53.0,14.0,10.0,12.0,54.0,11.0,5.0,8.0
401818383,2026-01-10,2026,0,40,233,2172,South Dakota Coyotes,Denver Pioneers,82,72,57.0,22.0,7.0,9.0,65.0,13.0,11.0,11.0
401818384,2026-01-10,2026,0,40,198,2900,Oral Roberts Golden Eagles,St. Thomas Tommies,71,82,54.0,22.0,8.0,9.0,56.0,31.0,10.0,6.0
401820163,2026-01-10,2026,0,40,2426,322,Navy Midshipmen,Lafayette Leopards,76,50,51.0,27.0,7.0,10.0,53.0,17.0,8.0,14.0
401820196,2026-01-10,2026,0,40,2083,2352,Bucknell Bison,Loyola Maryland Greyhounds,70,67,59.0,16.0,12.0,14.0,60.0,9.0,11.0,15.0
401820496,2026-01-10,2026,0,40,2320,2916,Lamar Cardinals,Incarnate Word Cardinals,63,51,55.0,16.0,13.0,13.0,52.0,16.0,11.0,12.0
401820561,2026-01-10,2026,0,40,2005,167,Air Force Falcons,New Mexico Lobos,49,91,45.0,17.0,6.0,21.0,67.0,16.0,14.0,9.0
401820657,2026-01-10,2026,0,40,150,2567,Duke Blue Devils,SMU Mustangs,82,75,51.0,27.0,8.0,13.0,53.0,9.0,8.0,21.0
401820658,2026-01-10,2026,0,40,52,152,Florida State Seminoles,NC State Wolfpack,69,113,56.0,29.0,6.0,13.0,69.0,23.0,11.0,9.0
401820659,2026-01-10,2026,0,40,97,103,Louisville Cardinals,Boston College Eagles,75,62,51.0,25.0,6.0,13.0,63.0,16.0,7.0,6.0
401820660,2026-01-10,2026,0,40,2390,59,Miami Hurricanes,Georgia Tech Yellow Jackets,91,81,58.0,32.0,8.0,8.0,57.0,27.0,8.0,14.0
401820661,2026-01-10,2026,0,40,153,154,North Carolina Tar Heels,Wake Forest Demon Deacons,87,84,55.0,30.0,13.0,14.0,64.0,11.0,10.0,13.0
401820662,2026-01-10,2026,0,40,87,228,Notre Dame Fighting Irish,Clemson Tigers,61,76,47.0,18.0,6.0,14.0,58.0,18.0,8.0,6.0
401820663,2026-01-10,2026,0,40,221,183,Pittsburgh Panthers,Syracuse Orange,72,83,64.0,11.0,14.0,12.0,52.0,18.0,6.0,11.0
401820664,2026-01-10,2026,0,40,258,24,Virginia Cavaliers,Stanford Cardinal,70,55,57.0,17.0,12.0,9.0,56.0,17.0,12.0,13.0
401820665,2026-01-10,2026,0,40,259,25,Virginia Tech Hokies,California Golden Bears,78,75,53.0,31.0,11.0,10.0,56.0,21.0,12.0,13.0
401822768,2026-01-10,2026,0,40,2154,2428,Coppin State Eagles,North Carolina Central Eagles,77,88,54.0,12.0,8.0,13.0,48.0,36.0,8.0,9.0
401822892,2026-01-10,2026,0,40,156,2599,Creighton Bluejays,St. John's Red Storm,73,90,50.0,20.0,2.0,9.0,65.0,18.0,12.0,6.0
401822893,2026-01-10,2026,0,40,41,305,UConn Huskies,DePaul Blue Demons,72,60,50.0,19.0,8.0,14.0,47.0,17.0,6.0,15.0
401822894,2026-01-10,2026,0,40,46,2550,Georgetown Hoyas,Seton Hall Pirates,67,76,62.0,21.0,14.0,12.0,57.0,33.0,14.0,11.0
401822895,2026-01-10,2026,0,40,269,222,Marquette Golden Eagles,Villanova Wildcats,73,76,57.0,15.0,10.0,9.0,56.0,7.0,6.0,10.0
401822896,2026-01-10,2026,0,40,2752,2507,Xavier Musketeers,Providence Friars,97,84,75.0,15.0,6.0,4.0,69.0,21.0,8.0,9.0
401823046,2026-01-10,2026,0,40,2379,47,Maryland Eastern Shore Hawks,Howard Bison,69,57,50.0,22.0,5.0,18.0,58.0,11.0,11.0,22.0
401823178,2026-01-10,2026,0,40,2239,2463,Cal State Fullerton Titans,Cal State Northridge Matadors,86,79,60.0,28.0,8.0,11.0,69.0,16.0,11.0,14.0
401823335,2026-01-10,2026,0,40,299,2934,Long Beach State Beach,Cal State Bakersfield Roadrunners,81,75,53.0,29.0,7.0,16.0,60.0,20.0,8.0,14.0
401823773,2026-01-10,2026,0,40,21,278,San Diego State Aztecs,Fresno State Bulldogs,71,52,70.0,12.0,13.0,11.0,59.0,7.0,5.0,17.0
401823794,2026-01-10,2026,0,40,2253,23,Grand Canyon Lopes,San José State Spartans,76,58,57.0,18.0,9.0,14.0,52.0,22.0,7.0,14.0
401823822,2026-01-10,2026,0,40,68,328,Boise State Broncos,Utah State Aggies,68,93,57.0,25.0,14.0,12.0,58.0,21.0,12.0,8.0
401823906,2026-01-10,2026,0,45,2127,2272,Charleston Southern Buccaneers,High Point Panthers,82,84,70.0,15.0,8.0,12.0,69.0,40.0,16.0,9.0
401823907,2026-01-10,2026,0,40,2344,2506,Longwood Lancers,Presbyterian Blue Hose,77,70,58.0,14.0,12.0,10.0,50.0,16.0,7.0,13.0
401823908,2026-01-10,2026,0,40,2515,2427,Radford Highlanders,UNC Asheville Bulldogs,72,91,59.0,32.0,9.0,7.0,58.0,29.0,10.0,13.0
401823909,2026-01-10,2026,0,40,2908,2737,South Carolina Upstate Spartans,Winthrop Eagles,50,71,55.0,14.0,7.0,14.0,62.0,19.0,18.0,12.0
401824366,2026-01-10,2026,0,40,104,349,Boston University Terriers,Army Black Knights,100,91,51.0,21.0,4.0,11.0,66.0,15.0,11.0,7.0
401824386,2026-01-10,2026,0,40,44,107,American University Eagles,Holy Cross Crusaders,73,84,58.0,26.0,10.0,10.0,51.0,33.0,5.0,10.0
401825431,2026-01-10,2026,0,40,84,158,Indiana Hoosiers,Nebraska Cornhuskers,77,83,56.0,17.0,10.0,14.0,60.0,14.0,9.0,8.0
401825432,2026-01-10,2026,0,40,130,275,Michigan Wolverines,Wisconsin Badgers,88,91,62.0,24.0,9.0,9.0,58.0,23.0,8.0,10.0
401825433,2026-01-10,2026,0,40,2509,213,Purdue Boilermakers,Penn State Nittany Lions,93,85,66.0,14.0,8.0,3.0,56.0,10.0,5.0,10.0
401825434,2026-01-10,2026,0,40,26,120,UCLA Bruins,Maryland Terrapins,67,55,51.0,27.0,5.0,6.0,66.0,15.0,20.0,13.0
401827023,2026-01-10,2026,0,40,50,2582,Florida A&M Rattlers,Southern Jaguars,67,59,52.0,20.0,12.0,18.0,52.0,27.0,12.0,14.0
401827048,2026-01-10,2026,0,40,2504,2400,Prairie View A&M Panthers,Mississippi Valley State Delta Devils,70,69,51.0,36.0,7.0,11.0,56.0,19.0,13.0,18.0
401827096,2026-01-10,2026,0,40,2065,2755,Bethune-Cookman Wildcats,Grambling Tigers,74,65,61.0,22.0,13.0,17.0,56.0,22.0,10.0,18.0
401827138,2026-01-10,2026,0,40,2640,2029,Texas Southern Tigers,Arkansas-Pine Bluff Golden Lions,66,74,59.0,23.0,10.0,11.0,57.0,16.0,7.0,10.0
401827161,2026-01-10,2026,0,40,2011,2296,Alabama State Hornets,Jackson State Tigers,64,75,73.0,21.0,26.0,19.0,58.0,32.0,13.0,15.0
401827202,2026-01-10,2026,0,40,2010,2016,Alabama A&M Bulldogs,Alcorn State Braves,62,64,56.0,17.0,11.0,12.0,58.0,13.0,9.0,9.0
401827608,2026-01-10,2026,0,40,9,2306,Arizona State Sun Devils,Kansas State Wildcats,87,84,64.0,32.0,18.0,15.0,70.0,21.0,16.0,13.0
401827609,2026-01-10,2026,0,40,239,248,Baylor Bears,Houston Cougars,55,77,41.0,31.0,10.0,16.0,74.0,13.0,23.0,5.0
401827610,2026-01-10,2026,0,40,38,2641,Colorado Buffaloes,Texas Tech Red Raiders,71,73,58.0,22.0,7.0,7.0,70.0,10.0,16.0,9.0
401827611,2026-01-10,2026,0,40,66,197,Iowa State Cyclones,Oklahoma State Cowboys,83,71,58.0,30.0,9.0,10.0,48.0,26.0,3.0,15.0
401827612,2026-01-10,2026,0,40,2628,12,TCU Horned Frogs,Arizona Wildcats,73,86,59.0,24.0,8.0,12.0,67.0,15.0,10.0,10.0
401827613,2026-01-10,2026,0,40,254,252,Utah Utes,BYU Cougars,84,89,65.0,21.0,10.0,9.0,64.0,29.0,16.0,11.0
401827614,2026-01-10,2026,0,40,277,2305,West Virginia Mountaineers,Kansas Jayhawks,86,75,56.0,29.0,11.0,9.0,61.0,18.0,10.0,6.0
401828167,2026-01-10,2026,0,40,202,58,Tulsa Golden Hurricane,South Florida Bulls,78,93,48.0,39.0,6.0,13.0,67.0,19.0,14.0,11.0
401828168,2026-01-10,2026,0,40,2636,2655,UTSA Roadrunners,Tulane Green Wave,52,85,53.0,19.0,10.0,16.0,66.0,7.0,10.0,10.0
401828363,2026-01-10,2026,0,40,2166,227,Davidson Wildcats,Rhode Island Rams,45,70,43.0,19.0,4.0,13.0,48.0,10.0,3.0,10.0
401828364,2026-01-10,2026,0,40,179,2230,St. Bonaventure Bonnies,Fordham Rams,77,81,59.0,10.0,9.0,11.0,58.0,18.0,8.0,9.0
401828365,2026-01-10,2026,0,40,2244,2670,George Mason Patriots,VCU Rams,86,80,55.0,24.0,6.0,7.0,57.0,25.0,11.0,8.0
401828366,2026-01-10,2026,0,40,45,2350,George Washington Revolutionaries,Loyola Chicago Ramblers,101,66,72.0,19.0,13.0,8.0,65.0,12.0,14.0,20.0
401828367,2026-01-10,2026,0,40,2325,139,La Salle Explorers,Saint Louis Billikens,72,84,55.0,39.0,13.0,7.0,51.0,22.0,8.0,14.0
401828688,2026-01-10,2026,0,40,2415,2569,Morgan State Bears,South Carolina State Bulldogs,72,67,55.0,28.0,11.0,8.0,53.0,19.0,12.0,18.0
401828725,2026-01-10,2026,0,40,2169,2450,Delaware State Hornets,Norfolk State Spartans,64,66,54.0,11.0,8.0,19.0,47.0,21.0,6.0,20.0
401829192,2026-01-10,2026,0,40,2541,2351,Santa Clara Broncos,Loyola Marymount Lions,103,72,78.0,21.0,18.0,7.0,59.0,20.0,8.0,16.0
401829193,2026-01-10,2026,0,40,2501,204,Portland Pilots,Oregon State Beavers,82,76,54.0,34.0,11.0,7.0,47.0,33.0,6.0,9.0
401829194,2026-01-10,2026,0,40,279,301,Pacific Tigers,San Diego Toreros,77,70,66.0,28.0,21.0,11.0,59.0,18.0,9.0,12.0
401829195,2026-01-10,2026,0,40,2492,2539,Pepperdine Waves,San Francisco Dons,60,80,59.0,29.0,13.0,6.0,66.0,10.0,16.0,12.0
401829196,2026-01-10,2026,0,40,2608,265,Saint Mary's Gaels,Washington State Cougars,88,82,56.0,20.0,8.0,14.0,55.0,19.0,7.0,13.0
401829293,2026-01-10,2026,0,40,2440,2751,Nevada Wolf Pack,Wyoming Cowboys,92,83,51.0,24.0,9.0,8.0,50.0,31.0,9.0,6.0
401829408,2026-01-10,2026,0,40,2142,2329,Colgate Raiders,Lehigh Mountain Hawks,77,78,58.0,21.0,12.0,10.0,59.0,26.0,14.0,7.0
401830011,2026-01-10,2026,0,40,172,159,Cornell Big Red,Dartmouth Big Green,91,102,65.0,24.0,12.0,12.0,68.0,19.0,8.0,5.0
401830204,2026-01-10,2026,0,40,2181,2057,Drake Bulldogs,Belmont Bruins,76,78,57.0,14.0,8.0,17.0,63.0,25.0,16.0,14.0
401830233,2026-01-10,2026,0,40,71,2460,Bradley Braves,Northern Iowa Panthers,75,69,58.0,28.0,9.0,5.0,59.0,18.0,6.0,5.0
401830265,2026-01-10,2026,0,45,2287,82,Illinois State Redbirds,UIC Flames,59,63,62.0,22.0,15.0,12.0,61.0,11.0,12.0,15.0
401830266,2026-01-10,2026,0,40,282,339,Indiana State Sycamores,Evansville Purple Aces,69,72,66.0,17.0,14.0,11.0,58.0,4.0,2.0,15.0
401830267,2026-01-10,2026,0,40,93,2674,Murray State Racers,Valparaiso Beacons,92,79,65.0,23.0,12.0,11.0,58.0,22.0,10.0,16.0
401813302,2026-01-11,2026,0,40,2363,315,Manhattan Jaspers,Niagara Purple Eagles,79,70,56.0,21.0,11.0,5.0,55.0,7.0,8.0,10.0
401813332,2026-01-11,2026,0,40,2520,2368,Rider Broncs,Marist Red Foxes,49,71,47.0,21.0,3.0,12.0,63.0,6.0,8.0,9.0
401813360,2026-01-11,2026,0,40,314,2099,Iona Gaels,Canisius Golden Griffins,74,48,54.0,6.0,8.0,13.0,61.0,8.0,10.0,6.0
401813411,2026-01-11,2026,0,40,116,2561,Mount St. Mary's Mountaineers,Siena Saints,50,67,51.0,20.0,14.0,15.0,55.0,20.0,11.0,8.0
401817616,2026-01-11,2026,0,40,270,85,Milwaukee Panthers,IU Indianapolis Jaguars,95,83,58.0,25.0,14.0,12.0,64.0,14.0,9.0,9.0
401817617,2026-01-11,2026,0,40,2523,2870,Robert Morris Colonials,Purdue Fort Wayne Mastodons,74,79,63.0,10.0,14.0,11.0,51.0,17.0,7.0,12.0
401817618,2026-01-11,2026,0,40,2739,94,Green Bay Phoenix,Northern Kentucky Norse,80,78,52.0,15.0,9.0,9.0,58.0,20.0,9.0,3.0
401817619,2026-01-11,2026,0,40,2473,2750,Oakland Golden Grizzlies,Wright State Raiders,84,94,58.0,32.0,7.0,6.0,59.0,15.0,10.0,18.0
401817620,2026-01-11,2026,0,40,2174,325,Detroit Mercy Titans,Cleveland State Vikings,94,84,65.0,31.0,20.0,16.0,58.0,24.0,8.0,14.0
401820587,2026-01-11,2026,0,40,2529,2514,Sacred Heart Pioneers,Quinnipiac Bobcats,60,70,55.0,14.0,12.0,15.0,61.0,14.0,10.0,7.0
401823846,2026-01-11,2026,0,40,2612,2771,Saint Peter's Peacocks,Merrimack Warriors,76,63,48.0,30.0,15.0,14.0,52.0,21.0,12.0,12.0
401825435,2026-01-11,2026,0,40,2294,356,Iowa Hawkeyes,Illinois Fighting Illini,69,75,66.0,6.0,10.0,8.0,57.0,11.0,9.0,12.0
401825436,2026-01-11,2026,0,45,164,77,Rutgers Scarlet Knights,Northwestern Wildcats,77,75,64.0,27.0,13.0,6.0,63.0,29.0,11.0,6.0
401825437,2026-01-11,2026,0,40,264,194,Washington Huskies,Ohio State Buckeyes,81,74,56.0,23.0,9.0,7.0,63.0,15.0,17.0,11.0
401827615,2026-01-11,2026,0,40,2116,2132,UCF Knights,Cincinnati Bearcats,73,72,52.0,9.0,4.0,14.0,67.0,8.0,10.0,7.0
401828169,2026-01-11,2026,0,45,151,5,East Carolina Pirates,UAB Blazers,85,87,70.0,23.0,14.0,17.0,77.0,21.0,12.0,8.0
401828170,2026-01-11,2026,0,40,242,2429,Rice Owls,Charlotte 49ers,73,74,59.0,30.0,18.0,10.0,46.0,27.0,8.0,13.0
401828171,2026-01-11,2026,0,40,2226,235,Florida Atlantic Owls,Memphis Tigers,89,78,69.0,16.0,14.0,15.0,62.0,16.0,5.0,14.0
401828172,2026-01-11,2026,0,40,2724,249,Wichita State Shockers,North Texas Mean Green,78,67,51.0,29.0,12.0,18.0,64.0,22.0,15.0,12.0
401828368,2026-01-11,2026,0,40,257,2603,Richmond Spiders,Saint Joseph's Hawks,65,67,64.0,16.0,8.0,7.0,64.0,6.0,9.0,11.0
401808709,2026-01-12,2026,0,40,2837,357,East Texas A&M Lions,Texas A&M-Corpus Christi Islanders,50,61,55.0,22.0,12.0,14.0,49.0,24.0,9.0,15.0
401808876,2026-01-12,2026,0,40,2377,2447,McNeese Cowboys,Nicholls Colonels,94,68,62.0,22.0,8.0,11.0,59.0,14.0,11.0,19.0
401808906,2026-01-12,2026,0,40,2545,2443,SE Louisiana Lions,LSU New Orleans Privateers,76,79,61.0,39.0,19.0,9.0,47.0,39.0,12.0,16.0
401808938,2026-01-12,2026,0,40,2466,292,Northwestern State Demons,UT Rio Grande Valley Vaqueros,64,63,49.0,23.0,7.0,13.0,53.0,7.0,4.0,14.0
401808969,2026-01-12,2026,0,40,2617,2916,Stephen F. Austin Lumberjacks,Incarnate Word Cardinals,56,46,61.0,22.0,15.0,11.0,55.0,15.0,8.0,12.0
401820164,2026-01-12,2026,0,40,44,2426,American University Eagles,Navy Midshipmen,65,51,66.0,9.0,15.0,7.0,46.0,24.0,9.0,14.0
401820478,2026-01-12,2026,0,40,2320,2277,Lamar Cardinals,Houston Christian Huskies,64,56,44.0,23.0,8.0,16.0,53.0,23.0,14.0,12.0
401822769,2026-01-12,2026,0,40,2154,2569,Coppin State Eagles,South Carolina State Bulldogs,72,74,50.0,35.0,15.0,14.0,43.0,34.0,7.0,13.0
401823047,2026-01-12,2026,0,40,2450,2379,Norfolk State Spartans,Maryland Eastern Shore Hawks,70,74,48.0,33.0,10.0,9.0,49.0,37.0,11.0,9.0
401827024,2026-01-12,2026,0,40,2065,2582,Bethune-Cookman Wildcats,Southern Jaguars,73,77,54.0,21.0,8.0,16.0,66.0,30.0,17.0,10.0
401827049,2026-01-12,2026,0,40,2504,2029,Prairie View A&M Panthers,Arkansas-Pine Bluff Golden Lions,73,61,56.0,31.0,11.0,7.0,60.0,23.0,13.0,14.0
401827097,2026-01-12,2026,0,40,50,2755,Florida A&M Rattlers,Grambling Tigers,91,84,53.0,26.0,10.0,17.0,55.0,26.0,7.0,12.0
401827162,2026-01-12,2026,0,40,2011,2016,Alabama State Hornets,Alcorn State Braves,81,66,50.0,26.0,8.0,16.0,61.0,16.0,10.0,14.0
401827203,2026-01-12,2026,0,40,2010,2296,Alabama A&M Bulldogs,Jackson State Tigers,100,91,56.0,43.0,8.0,13.0,63.0,31.0,6.0,10.0
401828689,2026-01-12,2026,0,40,2415,2428,Morgan State Bears,North Carolina Central Eagles,78,89,55.0,33.0,12.0,11.0,47.0,33.0,4.0,9.0
401829500,2026-01-12,2026,0,40,2640,2400,Texas Southern Tigers,Mississippi Valley State Delta Devils,84,51,58.0,12.0,9.0,15.0,54.0,16.0,12.0,17.0
401830239,2026-01-12,2026,0,40,47,2169,Howard Bison,Delaware State Hornets,84,58,53.0,27.0,11.0,9.0,49.0,21.0,10.0,15.0
401806436,2026-01-13,2026,0,40,2197,2710,Eastern Illinois Panthers,Western Illinois Leathernecks,57,55,51.0,23.0,9.0,12.0,60.0,18.0,14.0,13.0
401808170,2026-01-13,2026,0,40,344,333,Mississippi State Bulldogs,Alabama Crimson Tide,82,97,76.0,25.0,15.0,4.0,66.0,33.0,10.0,5.0
401808172,2026-01-13,2026,0,40,201,57,Oklahoma Sooners,Florida Gators,79,96,60.0,24.0,11.0,11.0,71.0,19.0,17.0,7.0
401808175,2026-01-13,2026,0,50,2633,245,Tennessee Volunteers,Texas A&M Aggies,87,82,67.0,42.0,24.0,19.0,66.0,32.0,10.0,13.0
401814516,2026-01-13,2026,0,40,2006,2050,Akron Zips,Ball State Cardinals,87,77,63.0,16.0,9.0,8.0,56.0,19.0,7.0,10.0
401814517,2026-01-13,2026,0,40,193,2117,Miami (OH) RedHawks,Central Michigan Chippewas,100,61,53.0,28.0,5.0,9.0,59.0,12.0,10.0,15.0
401814518,2026-01-13,2026,0,40,2084,2309,Buffalo Bulls,Kent State Golden Flashes,81,87,58.0,27.0,6.0,5.0,63.0,18.0,13.0,12.0
401814519,2026-01-13,2026,0,40,2199,2459,Eastern Michigan Eagles,Northern Illinois Huskies,77,59,61.0,15.0,5.0,10.0,59.0,19.0,10.0,14.0
401814520,2026-01-13,2026,0,40,2649,195,Toledo Rockets,Ohio Bobcats,101,85,63.0,17.0,11.0,9.0,64.0,19.0,14.0,11.0
401814521,2026-01-13,2026,0,40,2711,113,Western Michigan Broncos,Massachusetts Minutemen,82,85,61.0,16.0,12.0,10.0,61.0,20.0,12.0,10.0
401820562,2026-01-13,2026,0,40,23,2005,San José State Spartans,Air Force Falcons,70,62,49.0,24.0,8.0,9.0,47.0,15.0,9.0,16.0
401820667,2026-01-13,2026,0,40,228,103,Clemson Tigers,Boston College Eagles,74,50,54.0,23.0,10.0,10.0,47.0,13.0,6.0,19.0
401820669,2026-01-13,2026,0,40,97,258,Louisville Cardinals,Virginia Cavaliers,70,79,67.0,18.0,17.0,8.0,53.0,29.0,14.0,13.0
401820670,2026-01-13,2026,0,40,87,2390,Notre Dame Fighting Irish,Miami Hurricanes,69,81,53.0,18.0,12.0,18.0,58.0,21.0,8.0,8.0
401820673,2026-01-13,2026,0,40,183,52,Syracuse Orange,Florida State Seminoles,94,86,62.0,15.0,11.0,14.0,62.0,27.0,15.0,14.0
401822897,2026-01-13,2026,0,40,2599,269,St. John's Red Storm,Marquette Golden Eagles,92,68,65.0,24.0,13.0,12.0,49.0,27.0,7.0,19.0
401822898,2026-01-13,2026,0,45,156,46,Creighton Bluejays,Georgetown Hoyas,86,83,61.0,11.0,7.0,6.0,58.0,14.0,9.0,8.0
401822899,2026-01-13,2026,0,40,2507,222,Providence Friars,Villanova Wildcats,82,88,56.0,17.0,7.0,13.0,64.0,18.0,14.0,10.0
401822900,2026-01-13,2026,0,40,2550,41,Seton Hall Pirates,UConn Huskies,64,69,58.0,25.0,20.0,14.0,49.0,26.0,13.0,17.0
401823795,2026-01-13,2026,0,40,167,2253,New Mexico Lobos,Grand Canyon Lopes,87,64,55.0,28.0,6.0,11.0,65.0,15.0,8.0,9.0
401823823,2026-01-13,2026,0,45,2439,68,UNLV Rebels,Boise State Broncos,89,85,66.0,28.0,14.0,13.0,61.0,29.0,8.0,15.0
401825438,2026-01-13,2026,0,40,127,84,Michigan State Spartans,Indiana Hoosiers,81,60,53.0,24.0,13.0,15.0,49.0,11.0,5.0,14.0
401825439,2026-01-13,2026,0,40,135,275,Minnesota Golden Gophers,Wisconsin Badgers,75,78,52.0,24.0,4.0,5.0,55.0,18.0,6.0,7.0
401825440,2026-01-13,2026,0,40,158,2483,Nebraska Cornhuskers,Oregon Ducks,90,55,60.0,11.0,8.0,6.0,48.0,17.0,7.0,16.0
401825441,2026-01-13,2026,0,40,30,120,USC Trojans,Maryland Terrapins,88,71,66.0,16.0,13.0,6.0,48.0,27.0,4.0,12.0
401827616,2026-01-13,2026,0,40,248,277,Houston Cougars,West Virginia Mountaineers,77,48,58.0,21.0,12.0,7.0,46.0,10.0,6.0,15.0
401827617,2026-01-13,2026,0,40,2305,66,Kansas Jayhawks,Iowa State Cyclones,84,63,61.0,12.0,11.0,9.0,65.0,11.0,17.0,12.0
401827618,2026-01-13,2026,0,40,197,239,Oklahoma State Cowboys,Baylor Bears,79,94,67.0,12.0,15.0,10.0,59.0,14.0,9.0,12.0
401828369,2026-01-13,2026,0,40,2184,2168,Duquesne Dukes,Dayton Flyers,65,71,51.0,22.0,8.0,12.0,46.0,28.0,6.0,10.0
401828370,2026-01-13,2026,0,40,2350,2244,Loyola Chicago Ramblers,George Mason Patriots,74,82,54.0,18.0,8.0,9.0,57.0,26.0,13.0,7.0
401828927,2026-01-13,2026,0,40,278,36,Fresno State Bulldogs,Colorado State Rams,79,69,53.0,24.0,9.0,7.0,56.0,12.0,10.0,11.0
401829201,2026-01-13,2026,0,40,2539,2608,San Francisco Dons,Saint Mary's Gaels,68,82,59.0,13.0,6.0,9.0,53.0,25.0,9.0,10.0
401830205,2026-01-13,2026,0,40,2057,2674,Belmont Bruins,Valparaiso Beacons,78,74,57.0,6.0,5.0,9.0,62.0,15.0,14.0,11.0
401830232,2026-01-13,2026,0,45,339,71,Evansville Purple Aces,Bradley Braves,90,94,55.0,31.0,8.0,15.0,68.0,26.0,11.0,6.0
401830268,2026-01-13,2026,0,40,2460,82,Northern Iowa Panthers,UIC Flames,61,69,56.0,16.0,12.0,11.0,53.0,18.0,5.0,6.0
401804879,2026-01-14,2026,0,40,55,2534,Jacksonville State Gamecocks,Sam Houston Bearkats,62,77,55.0,19.0,11.0,9.0,54.0,7.0,7.0,12.0
401804880,2026-01-14,2026,0,40,338,2229,Kennesaw State Owls,Florida International Panthers,89,86,65.0,29.0,16.0,11.0,71.0,25.0,19.0,10.0
401804881,2026-01-14,2026,0,40,2348,2393,Louisiana Tech Bulldogs,Middle Tennessee Blue Raiders,59,58,58.0,21.0,9.0,7.0,54.0,18.0,12.0,13.0
401804882,2026-01-14,2026,0,40,98,2623,Western Kentucky Hilltoppers,Missouri State Bears,87,72,55.0,29.0,11.0,8.0,57.0,20.0,12.0,12.0
401808169,2026-01-14,2026,0,40,99,96,LSU Tigers,Kentucky Wildcats,74,75,47.0,28.0,7.0,12.0,56.0,22.0,7.0,9.0
401808171,2026-01-14,2026,0,40,142,2,Missouri Tigers,Auburn Tigers,84,74,48.0,31.0,7.0,13.0,59.0,28.0,15.0,11.0
401808173,2026-01-14,2026,0,40,8,2579,Arkansas Razorbacks,South Carolina Gamecocks,108,74,73.0,17.0,12.0,4.0,63.0,14.0,13.0,16.0
401808174,2026-01-14,2026,0,45,61,145,Georgia Bulldogs,Ole Miss Rebels,95,97,72.0,34.0,21.0,9.0,70.0,19.0,12.0,9.0
401808176,2026-01-14,2026,0,40,251,238,Texas Longhorns,Vanderbilt Commodores,80,64,51.0,22.0,11.0,15.0,60.0,15.0,10.0,10.0
401808614,2026-01-14,2026,0,40,276,324,Marshall Thundering Herd,Coastal Carolina Chanticleers,83,85,68.0,16.0,12.0,6.0,53.0,17.0,4.0,12.0
401808615,2026-01-14,2026,0,40,2653,2572,Troy Trojans,Southern Miss Golden Eagles,91,65,65.0,17.0,12.0,8.0,57.0,18.0,12.0,18.0
401808616,2026-01-14,2026,0,40,326,309,Texas State Bobcats,Louisiana Ragin' Cajuns,59,54,50.0,10.0,7.0,13.0,48.0,19.0,5.0,9.0
401809323,2026-01-14,2026,0,40,2535,231,Samford Bulldogs,Furman Paladins,73,77,57.0,23.0,6.0,9.0,67.0,16.0,15.0,10.0
401809324,2026-01-14,2026,0,40,2717,2193,Western Carolina Catamounts,East Tennessee State Buccaneers,72,68,56.0,12.0,12.0,14.0,57.0,23.0,11.0,5.0
401809325,2026-01-14,2026,0,40,2747,236,Wofford Terriers,Chattanooga Mocs,67,76,60.0,25.0,9.0,7.0,53.0,19.0,4.0,10.0
401813312,2026-01-14,2026,0,40,2217,2363,Fairfield Stags,Manhattan Jaspers,98,62,63.0,22.0,11.0,10.0,56.0,24.0,9.0,13.0
401813361,2026-01-14,2026,0,40,2099,315,Canisius Golden Griffins,Niagara Purple Eagles,54,59,55.0,16.0,16.0,11.0,48.0,18.0,8.0,10.0
401813425,2026-01-14,2026,0,40,2561,2529,Siena Saints,Sacred Heart Pioneers,80,86,71.0,10.0,12.0,3.0,70.0,13.0,13.0,5.0
401818385,2026-01-14,2026,0,40,2449,2571,North Dakota State Bison,South Dakota State Jackrabbits,76,65,56.0,12.0,6.0,9.0,55.0,12.0,7.0,11.0
401818386,2026-01-14,2026,0,40,2172,198,Denver Pioneers,Oral Roberts Golden Eagles,98,87,59.0,26.0,10.0,9.0,67.0,20.0,13.0,6.0
401820197,2026-01-14,2026,0,40,2352,2142,Loyola Maryland Greyhounds,Colgate Raiders,80,86,66.0,23.0,11.0,6.0,60.0,22.0,7.0,9.0
401820588,2026-01-14,2026,0,40,2514,2612,Quinnipiac Bobcats,Saint Peter's Peacocks,70,74,59.0,24.0,9.0,10.0,50.0,26.0,7.0,13.0
401820666,2026-01-14,2026,0,40,25,150,California Golden Bears,Duke Blue Devils,56,71,52.0,17.0,6.0,11.0,62.0,17.0,16.0,10.0
401820668,2026-01-14,2026,0,40,59,221,Georgia Tech Yellow Jackets,Pittsburgh Panthers,66,89,60.0,15.0,14.0,15.0,64.0,12.0,11.0,9.0
401820671,2026-01-14,2026,0,40,2567,259,SMU Mustangs,Virginia Tech Hokies,77,76,60.0,23.0,11.0,11.0,61.0,18.0,12.0,10.0
401820672,2026-01-14,2026,0,40,24,153,Stanford Cardinal,North Carolina Tar Heels,95,90,56.0,23.0,2.0,8.0,55.0,32.0,8.0,11.0
401822901,2026-01-14,2026,0,40,2752,2086,Xavier Musketeers,Butler Bulldogs,89,75,74.0,12.0,16.0,9.0,60.0,19.0,9.0,13.0
401823854,2026-01-14,2026,0,40,2520,314,Rider Broncs,Iona Gaels,72,68,52.0,28.0,16.0,10.0,61.0,12.0,9.0,4.0
401823910,2026-01-14,2026,0,40,2737,2272,Winthrop Eagles,High Point Panthers,92,75,56.0,33.0,11.0,9.0,61.0,28.0,13.0,10.0
401823911,2026-01-14,2026,0,40,2241,2515,Gardner-Webb Runnin' Bulldogs,Radford Highlanders,80,89,54.0,26.0,6.0,10.0,67.0,29.0,18.0,8.0
401823912,2026-01-14,2026,0,40,2506,2427,Presbyterian Blue Hose,UNC Asheville Bulldogs,71,70,48.0,27.0,8.0,13.0,55.0,24.0,11.0,10.0
401823913,2026-01-14,2026,0,45,2127,2908,Charleston Southern Buccaneers,South Carolina Upstate Spartans,81,86,62.0,25.0,7.0,12.0,76.0,25.0,16.0,8.0
401824367,2026-01-14,2026,0,45,104,2329,Boston University Terriers,Lehigh Mountain Hawks,91,93,60.0,26.0,6.0,11.0,63.0,23.0,3.0,6.0
401824387,2026-01-14,2026,0,40,107,349,Holy Cross Crusaders,Army Black Knights,82,75,56.0,17.0,4.0,8.0,67.0,11.0,14.0,9.0
401825442,2026-01-14,2026,0,40,77,356,Northwestern Wildcats,Illinois Fighting Illini,68,79,56.0,17.0,13.0,7.0,63.0,8.0,14.0,8.0
401825443,2026-01-14,2026,0,40,213,26,Penn State Nittany Lions,UCLA Bruins,60,71,46.0,17.0,6.0,12.0,47.0,21.0,11.0,14.0
401825444,2026-01-14,2026,0,40,2509,2294,Purdue Boilermakers,Iowa Hawkeyes,79,72,51.0,22.0,6.0,9.0,51.0,10.0,5.0,13.0
401825445,2026-01-14,2026,0,40,264,130,Washington Huskies,Michigan Wolverines,72,82,72.0,11.0,16.0,12.0,69.0,17.0,16.0,8.0
401827619,2026-01-14,2026,0,40,12,9,Arizona Wildcats,Arizona State Sun Devils,89,82,59.0,26.0,11.0,9.0,67.0,11.0,10.0,9.0
401827620,2026-01-14,2026,0,40,252,2628,BYU Cougars,TCU Horned Frogs,76,70,68.0,29.0,21.0,9.0,61.0,18.0,9.0,9.0
401827621,2026-01-14,2026,0,40,2132,38,Cincinnati Bearcats,Colorado Buffaloes,77,68,56.0,35.0,8.0,10.0,56.0,15.0,9.0,17.0
401827622,2026-01-14,2026,0,40,2306,2116,Kansas State Wildcats,UCF Knights,73,82,65.0,15.0,8.0,12.0,61.0,18.0,7.0,10.0
401827623,2026-01-14,2026,0,40,2641,254,Texas Tech Red Raiders,Utah Utes,88,74,70.0,5.0,13.0,11.0,58.0,17.0,6.0,13.0
401828173,2026-01-14,2026,0,40,2655,5,Tulane Green Wave,UAB Blazers,69,82,60.0,19.0,8.0,10.0,65.0,18.0,15.0,10.0
401828174,2026-01-14,2026,0,40,2429,202,Charlotte 49ers,Tulsa Golden Hurricane,74,86,55.0,17.0,5.0,8.0,57.0,22.0,11.0,11.0
401828175,2026-01-14,2026,0,40,58,151,South Florida Bulls,East Carolina Pirates,82,71,65.0,26.0,11.0,7.0,61.0,25.0,9.0,11.0
401828176,2026-01-14,2026,0,40,235,218,Memphis Tigers,Temple Owls,55,53,59.0,15.0,11.0,11.0,53.0,19.0,13.0,14.0
401828177,2026-01-14,2026,0,40,2636,242,UTSA Roadrunners,Rice Owls,73,89,62.0,13.0,15.0,9.0,54.0,19.0,11.0,9.0
401828371,2026-01-14,2026,0,40,45,2166,George Washington Revolutionaries,Davidson Wildcats,79,84,72.0,21.0,19.0,5.0,54.0,27.0,13.0,11.0
401828372,2026-01-14,2026,0,40,139,2230,Saint Louis Billikens,Fordham Rams,78,56,55.0,14.0,8.0,6.0,64.0,13.0,16.0,8.0
401828373,2026-01-14,2026,0,40,257,2325,Richmond Spiders,La Salle Explorers,74,53,57.0,14.0,5.0,6.0,62.0,9.0,8.0,9.0
401828374,2026-01-14,2026,0,40,227,2670,Rhode Island Rams,VCU Rams,75,84,53.0,24.0,8.0,13.0,55.0,28.0,8.0,5.0
401828375,2026-01-14,2026,0,40,2603,179,Saint Joseph's Hawks,St. Bonaventure Bonnies,68,64,55.0,16.0,9.0,13.0,67.0,12.0,17.0,10.0
401829198,2026-01-14,2026,0,40,204,2351,Oregon State Beavers,Loyola Marymount Lions,76,70,57.0,31.0,11.0,9.0,55.0,25.0,11.0,15.0
401829199,2026-01-14,2026,0,40,2541,279,Santa Clara Broncos,Pacific Tigers,85,69,60.0,19.0,9.0,7.0,48.0,13.0,11.0,21.0
401829200,2026-01-14,2026,0,40,2492,2501,Pepperdine Waves,Portland Pilots,67,63,53.0,20.0,9.0,13.0,66.0,9.0,14.0,12.0
401829294,2026-01-14,2026,0,40,328,2440,Utah State Aggies,Nevada Wolf Pack,71,62,49.0,24.0,7.0,11.0,61.0,17.0,16.0,14.0
401829397,2026-01-14,2026,0,40,2083,322,Bucknell Bison,Lafayette Leopards,76,69,51.0,14.0,7.0,15.0,56.0,13.0,7.0,11.0
401830269,2026-01-14,2026,0,45,79,2181,Southern Illinois Salukis,Drake Bulldogs,73,76,75.0,24.0,15.0,8.0,62.0,25.0,9.0,14.0
401830270,2026-01-14,2026,0,40,282,2287,Indiana State Sycamores,Illinois State Redbirds,94,89,57.0,30.0,8.0,6.0,56.0,24.0,7.0,8.0
401830823,2026-01-14,2026,0,40,2751,21,Wyoming Cowboys,San Diego State Aztecs,57,74,55.0,19.0,9.0,11.0,56.0,14.0,5.0,8.0
401804883,2026-01-15,2026,0,40,2335,166,Liberty Flames,New Mexico State Aggies,73,71,48.0,18.0,5.0,6.0,61.0,4.0,11.0,7.0
401804884,2026-01-15,2026,0,40,48,2638,Delaware Blue Hens,UTEP Miners,69,70,54.0,21.0,11.0,8.0,60.0,9.0,6.0,4.0
401805169,2026-01-15,2026,0,40,2000,2856,Abilene Christian Wildcats,California Baptist Lancers,58,74,51.0,25.0,7.0,8.0,56.0,21.0,12.0,10.0
401805170,2026-01-15,2026,0,45,253,2627,Southern Utah Thunderbirds,Tarleton State Texans,106,105,63.0,42.0,12.0,18.0,74.0,28.0,11.0,16.0
401805171,2026-01-15,2026,0,40,3101,250,Utah Tech Trailblazers,UT Arlington Mavericks,52,56,66.0,18.0,16.0,8.0,56.0,21.0,13.0,16.0
401806437,2026-01-15,2026,0,40,2031,2197,Little Rock Trojans,Eastern Illinois Panthers,74,63,58.0,17.0,15.0,12.0,53.0,10.0,9.0,17.0
401806438,2026-01-15,2026,0,40,2546,2815,Southeast Missouri State Redhawks,Lindenwood Lions,76,88,70.0,26.0,12.0,14.0,59.0,35.0,13.0,16.0
401806439,2026-01-15,2026,0,45,2634,2413,Tennessee State Tigers,Morehead State Eagles,105,100,64.0,26.0,10.0,11.0,68.0,34.0,14.0,8.0
401806440,2026-01-15,2026,0,40,2630,2565,UT Martin Skyhawks,SIU Edwardsville Cougars,65,59,53.0,26.0,14.0,11.0,62.0,16.0,11.0,6.0
401806441,2026-01-15,2026,0,40,2635,88,Tennessee Tech Golden Eagles,Southern Indiana Screaming Eagles,54,71,60.0,15.0,12.0,13.0,71.0,19.0,15.0,3.0
401807685,2026-01-15,2026,0,40,288,91,Lipscomb Bisons,Bellarmine Knights,81,71,57.0,23.0,15.0,12.0,62.0,30.0,14.0,6.0
401807686,2026-01-15,2026,0,40,2046,2198,Austin Peay Governors,Eastern Kentucky Colonels,74,72,61.0,17.0,16.0,10.0,49.0,9.0,8.0,17.0
401807687,2026-01-15,2026,0,40,2110,294,Central Arkansas Bears,Jacksonville Dolphins,62,60,48.0,21.0,10.0,10.0,63.0,17.0,17.0,6.0
401807688,2026-01-15,2026,0,40,2453,2454,North Alabama Lions,North Florida Ospreys,91,105,64.0,20.0,12.0,9.0,66.0,19.0,12.0,7.0
401807689,2026-01-15,2026,0,40,526,2511,Florida Gulf Coast Eagles,Queens University Royals,74,85,66.0,22.0,12.0,7.0,60.0,28.0,11.0,8.0
401807690,2026-01-15,2026,0,40,56,2698,Stetson Hatters,West Georgia Wolves,95,86,51.0,28.0,6.0,15.0,72.0,17.0,16.0,9.0
401808456,2026-01-15,2026,0,40,2692,331,Weber State Wildcats,Eastern Washington Eagles,91,80,61.0,30.0,13.0,13.0,56.0,27.0,9.0,15.0
401808473,2026-01-15,2026,0,40,304,70,Idaho State Bengals,Idaho Vandals,76,68,51.0,25.0,7.0,9.0,53.0,31.0,8.0,9.0
401808524,2026-01-15,2026,0,40,16,2464,Sacramento State Hornets,Northern Arizona Lumberjacks,83,69,59.0,20.0,9.0,7.0,58.0,13.0,11.0,13.0
401808532,2026-01-15,2026,0,40,2502,2458,Portland State Vikings,Northern Colorado Bears,76,73,53.0,28.0,11.0,17.0,53.0,19.0,4.0,14.0
401808617,2026-01-15,2026,0,40,2026,256,App State Mountaineers,James Madison Dukes,80,65,59.0,8.0,10.0,6.0,60.0,16.0,15.0,6.0
401808618,2026-01-15,2026,0,40,290,295,Georgia Southern Eagles,Old Dominion Monarchs,87,84,58.0,28.0,11.0,11.0,65.0,15.0,12.0,11.0
401808619,2026-01-15,2026,0,45,6,2032,South Alabama Jaguars,Arkansas State Red Wolves,91,87,69.0,30.0,6.0,5.0,72.0,15.0,16.0,19.0
401809090,2026-01-15,2026,0,40,28,2463,UC San Diego Tritons,Cal State Northridge Matadors,79,84,67.0,19.0,9.0,6.0,64.0,29.0,13.0,7.0
401809128,2026-01-15,2026,0,40,302,2239,UC Davis Aggies,Cal State Fullerton Titans,74,69,52.0,31.0,12.0,20.0,56.0,32.0,12.0,15.0
401809141,2026-01-15,2026,0,40,13,62,Cal Poly Mustangs,Hawai'i Rainbow Warriors,66,86,61.0,17.0,14.0,23.0,66.0,14.0,10.0,15.0
401809326,2026-01-15,2026,0,45,2430,2643,UNC Greensboro Spartans,The Citadel Bulldogs,69,66,65.0,19.0,15.0,9.0,60.0,11.0,8.0,12.0
401809327,2026-01-15,2026,0,40,2678,2382,VMI Keydets,Mercer Bears,67,77,63.0,4.0,11.0,12.0,63.0,24.0,22.0,14.0
401812013,2026-01-15,2026,0,40,2619,2275,Stony Brook Seawolves,Hofstra Pride,76,71,57.0,15.0,12.0,7.0,61.0,11.0,14.0,7.0
401812014,2026-01-15,2026,0,40,2405,2182,Monmouth Hawks,Drexel Dragons,51,73,53.0,18.0,15.0,14.0,52.0,16.0,14.0,13.0
401812015,2026-01-15,2026,0,40,2729,2448,William & Mary Tribe,North Carolina A&T Aggies,97,89,57.0,31.0,6.0,10.0,54.0,23.0,6.0,18.0
401812016,2026-01-15,2026,0,40,111,2210,Northeastern Huskies,Elon Phoenix,85,78,71.0,11.0,10.0,11.0,55.0,18.0,8.0,18.0
401812017,2026-01-15,2026,0,40,119,232,Towson Tigers,Charleston Cougars,61,52,62.0,17.0,12.0,11.0,62.0,9.0,15.0,15.0
401812118,2026-01-15,2026,0,40,399,2066,UAlbany Great Danes,Binghamton Bearcats,69,53,57.0,10.0,12.0,13.0,53.0,16.0,8.0,11.0
401812119,2026-01-15,2026,0,40,261,311,Vermont Catamounts,Maine Black Bears,67,62,51.0,14.0,4.0,8.0,53.0,25.0,5.0,2.0
401812120,2026-01-15,2026,0,45,2803,2378,Bryant Bulldogs,UMBC Retrievers,79,74,60.0,12.0,12.0,15.0,53.0,20.0,5.0,11.0
401812121,2026-01-15,2026,0,40,2349,2885,UMass Lowell River Hawks,NJIT Highlanders,64,73,58.0,25.0,12.0,12.0,61.0,24.0,9.0,7.0
401817621,2026-01-15,2026,0,40,325,2739,Cleveland State Vikings,Green Bay Phoenix,73,88,45.0,24.0,4.0,9.0,50.0,17.0,5.0,8.0
401817622,2026-01-15,2026,0,40,94,2174,Northern Kentucky Norse,Detroit Mercy Titans,96,71,59.0,31.0,7.0,9.0,78.0,9.0,15.0,7.0
401817623,2026-01-15,2026,0,40,270,2473,Milwaukee Panthers,Oakland Golden Grizzlies,60,73,70.0,18.0,18.0,13.0,59.0,24.0,11.0,16.0
401817624,2026-01-15,2026,0,40,2750,2754,Wright State Raiders,Youngstown State Penguins,93,83,60.0,28.0,15.0,7.0,62.0,14.0,13.0,10.0
401817625,2026-01-15,2026,0,45,85,2523,IU Indianapolis Jaguars,Robert Morris Colonials,96,93,64.0,35.0,11.0,8.0,59.0,27.0,10.0,18.0
401818387,2026-01-15,2026,0,40,155,2900,North Dakota Fighting Hawks,St. Thomas Tommies,80,91,55.0,30.0,10.0,15.0,43.0,34.0,3.0,15.0
401818388,2026-01-15,2026,0,40,233,140,South Dakota Coyotes,Kansas City Roos,99,83,67.0,25.0,12.0,10.0,71.0,18.0,12.0,8.0
401823336,2026-01-15,2026,0,40,299,27,Long Beach State Beach,UC Riverside Highlanders,88,73,58.0,20.0,8.0,8.0,63.0,24.0,13.0,7.0
401823742,2026-01-15,2026,0,40,2934,2540,Cal State Bakersfield Roadrunners,UC Santa Barbara Gauchos,69,75,55.0,21.0,11.0,8.0,47.0,29.0,10.0,11.0
401828178,2026-01-15,2026,0,40,2226,2724,Florida Atlantic Owls,Wichita State Shockers,85,67,59.0,19.0,10.0,12.0,63.0,23.0,16.0,12.0
401829197,2026-01-15,2026,0,40,265,2250,Washington State Cougars,Gonzaga Bulldogs,65,86,52.0,20.0,10.0,17.0,68.0,17.0,17.0,8.0
401829202,2026-01-15,2026,0,40,2547,301,Seattle U Redhawks,San Diego Toreros,75,64,52.0,25.0,6.0,14.0,60.0,14.0,10.0,16.0
401814524,2026-01-16,2026,0,40,2050,195,Ball State Cardinals,Ohio Bobcats,76,71,51.0,31.0,9.0,10.0,54.0,19.0,8.0,12.0
401814526,2026-01-16,2026,0,40,2309,2649,Kent State Golden Flashes,Toledo Rockets,87,84,57.0,36.0,13.0,9.0,59.0,29.0,10.0,11.0
401822902,2026-01-16,2026,0,40,305,269,DePaul Blue Demons,Marquette Golden Eagles,80,75,65.0,13.0,15.0,8.0,60.0,13.0,8.0,7.0
401822903,2026-01-16,2026,0,40,2507,156,Providence Friars,Creighton Bluejays,93,88,69.0,35.0,19.0,10.0,66.0,29.0,14.0,10.0
401827624,2026-01-16,2026,0,40,2305,239,Kansas Jayhawks,Baylor Bears,80,62,63.0,13.0,7.0,4.0,61.0,10.0,11.0,11.0
401828376,2026-01-16,2026,0,40,2168,2350,Dayton Flyers,Loyola Chicago Ramblers,78,51,52.0,28.0,7.0,11.0,57.0,16.0,16.0,19.0
401830828,2026-01-16,2026,0,40,68,36,Boise State Broncos,Colorado State Rams,79,73,49.0,27.0,11.0,11.0,47.0,14.0,6.0,15.0
401804885,2026-01-17,2026,0,40,48,166,Delaware Blue Hens,New Mexico State Aggies,68,97,52.0,18.0,6.0,6.0,63.0,11.0,9.0,4.0
401804886,2026-01-17,2026,0,40,2335,2638,Liberty Flames,UTEP Miners,80,69,54.0,11.0,4.0,6.0,51.0,4.0,3.0,13.0
401804887,2026-01-17,2026,0,40,2229,2534,Florida International Panthers,Sam Houston Bearkats,63,76,51.0,39.0,13.0,18.0,59.0,26.0,13.0,17.0
401804888,2026-01-17,2026,0,40,55,2348,Jacksonville State Gamecocks,Louisiana Tech Bulldogs,64,60,49.0,18.0,9.0,11.0,56.0,13.0,15.0,10.0
401804889,2026-01-17,2026,0,40,98,338,Western Kentucky Hilltoppers,Kennesaw State Owls,65,81,68.0,23.0,14.0,8.0,59.0,29.0,12.0,11.0
401804890,2026-01-17,2026,0,50,2393,2623,Middle Tennessee Blue Raiders,Missouri State Bears,90,87,55.0,23.0,9.0,18.0,69.0,26.0,15.0,11.0
401805172,2026-01-17,2026,0,40,253,2000,Southern Utah Thunderbirds,Abilene Christian Wildcats,74,52,58.0,14.0,11.0,17.0,63.0,25.0,18.0,15.0
401805173,2026-01-17,2026,0,40,3101,2627,Utah Tech Trailblazers,Tarleton State Texans,75,71,48.0,23.0,6.0,16.0,70.0,22.0,18.0,8.0
401805174,2026-01-17,2026,0,40,3084,250,Utah Valley Wolverines,UT Arlington Mavericks,86,74,60.0,28.0,15.0,11.0,56.0,26.0,14.0,15.0
401806442,2026-01-17,2026,0,40,2630,2815,UT Martin Skyhawks,Lindenwood Lions,69,55,61.0,11.0,12.0,17.0,53.0,27.0,12.0,17.0
401806443,2026-01-17,2026,0,40,2031,2710,Little Rock Trojans,Western Illinois Leathernecks,86,79,63.0,15.0,9.0,7.0,66.0,23.0,18.0,8.0
401806444,2026-01-17,2026,0,40,2635,2413,Tennessee Tech Golden Eagles,Morehead State Eagles,70,76,57.0,22.0,12.0,8.0,65.0,18.0,17.0,7.0
401806445,2026-01-17,2026,0,40,2546,2565,Southeast Missouri State Redhawks,SIU Edwardsville Cougars,55,68,46.0,23.0,6.0,13.0,51.0,17.0,7.0,11.0
401806446,2026-01-17,2026,0,40,2634,88,Tennessee State Tigers,Southern Indiana Screaming Eagles,73,67,63.0,14.0,8.0,5.0,65.0,9.0,14.0,13.0
401807691,2026-01-17,2026,0,40,288,2046,Lipscomb Bisons,Austin Peay Governors,82,78,63.0,15.0,8.0,12.0,64.0,16.0,10.0,14.0
401807692,2026-01-17,2026,0,40,2198,91,Eastern Kentucky Colonels,Bellarmine Knights,89,69,53.0,21.0,12.0,12.0,50.0,29.0,9.0,9.0
401807693,2026-01-17,2026,0,40,2453,294,North Alabama Lions,Jacksonville Dolphins,68,90,48.0,30.0,6.0,10.0,59.0,18.0,9.0,10.0
401807694,2026-01-17,2026,0,40,2110,2454,Central Arkansas Bears,North Florida Ospreys,98,69,70.0,18.0,15.0,7.0,55.0,18.0,7.0,14.0
401807695,2026-01-17,2026,0,40,56,2511,Stetson Hatters,Queens University Royals,81,87,54.0,34.0,12.0,11.0,66.0,19.0,12.0,7.0
401807696,2026-01-17,2026,0,40,526,2698,Florida Gulf Coast Eagles,West Georgia Wolves,90,72,49.0,36.0,8.0,12.0,64.0,19.0,11.0,9.0
401808177,2026-01-17,2026,0,40,2,2579,Auburn Tigers,South Carolina Gamecocks,71,67,56.0,30.0,11.0,11.0,58.0,20.0,13.0,15.0
401808178,2026-01-17,2026,0,40,61,8,Georgia Bulldogs,Arkansas Razorbacks,90,76,69.0,16.0,9.0,17.0,72.0,16.0,16.0,18.0
401808179,2026-01-17,2026,0,40,99,142,LSU Tigers,Missouri Tigers,78,70,59.0,23.0,16.0,7.0,46.0,30.0,9.0,12.0
401808180,2026-01-17,2026,0,40,344,145,Mississippi State Bulldogs,Ole Miss Rebels,67,68,65.0,23.0,14.0,8.0,71.0,10.0,11.0,5.0
401808181,2026-01-17,2026,0,40,2633,96,Tennessee Volunteers,Kentucky Wildcats,78,80,53.0,29.0,16.0,12.0,59.0,21.0,14.0,9.0
401808182,2026-01-17,2026,0,40,238,57,Vanderbilt Commodores,Florida Gators,94,98,65.0,22.0,6.0,4.0,61.0,30.0,13.0,10.0
401808183,2026-01-17,2026,0,40,251,245,Texas Longhorns,Texas A&M Aggies,70,74,53.0,26.0,11.0,8.0,53.0,19.0,6.0,6.0
401808184,2026-01-17,2026,0,40,201,333,Oklahoma Sooners,Alabama Crimson Tide,81,83,72.0,22.0,17.0,9.0,66.0,26.0,14.0,11.0
401808457,2026-01-17,2026,0,40,304,331,Idaho State Bengals,Eastern Washington Eagles,66,84,56.0,21.0,11.0,8.0,50.0,34.0,6.0,12.0
401808474,2026-01-17,2026,0,40,2692,70,Weber State Wildcats,Idaho Vandals,67,75,56.0,39.0,15.0,17.0,55.0,26.0,7.0,16.0
401808503,2026-01-17,2026,0,40,147,149,Montana State Bobcats,Montana Grizzlies,76,67,60.0,22.0,10.0,10.0,53.0,14.0,3.0,15.0
401808525,2026-01-17,2026,0,40,2502,2464,Portland State Vikings,Northern Arizona Lumberjacks,63,52,54.0,19.0,14.0,12.0,46.0,15.0,4.0,13.0
401808533,2026-01-17,2026,0,45,16,2458,Sacramento State Hornets,Northern Colorado Bears,93,89,69.0,34.0,13.0,8.0,68.0,13.0,8.0,14.0
401808620,2026-01-17,2026,0,40,2026,295,App State Mountaineers,Old Dominion Monarchs,73,75,56.0,25.0,10.0,7.0,49.0,23.0,5.0,10.0
401808621,2026-01-17,2026,0,40,276,256,Marshall Thundering Herd,James Madison Dukes,77,72,59.0,28.0,18.0,13.0,61.0,20.0,15.0,14.0
401808622,2026-01-17,2026,0,45,290,324,Georgia Southern Eagles,Coastal Carolina Chanticleers,75,79,70.0,28.0,15.0,5.0,55.0,38.0,13.0,15.0
401808623,2026-01-17,2026,0,40,2433,2247,UL Monroe Warhawks,Georgia State Panthers,57,77,62.0,10.0,11.0,11.0,60.0,10.0,7.0,9.0
401808624,2026-01-17,2026,0,40,6,309,South Alabama Jaguars,Louisiana Ragin' Cajuns,56,59,53.0,10.0,10.0,8.0,55.0,4.0,5.0,7.0
401808625,2026-01-17,2026,0,40,326,2572,Texas State Bobcats,Southern Miss Golden Eagles,74,67,42.0,35.0,6.0,18.0,52.0,24.0,5.0,14.0
401808626,2026-01-17,2026,0,40,2653,2032,Troy Trojans,Arkansas State Red Wolves,99,74,61.0,21.0,11.0,7.0,61.0,22.0,14.0,9.0
401808710,2026-01-17,2026,0,40,2277,2837,Houston Christian Huskies,East Texas A&M Lions,81,70,52.0,30.0,12.0,14.0,59.0,16.0,12.0,14.0
401808877,2026-01-17,2026,0,40,292,2377,UT Rio Grande Valley Vaqueros,McNeese Cowboys,79,76,48.0,18.0,6.0,13.0,63.0,24.0,16.0,7.0
401808907,2026-01-17,2026,0,40,2443,2617,LSU New Orleans Privateers,Stephen F. Austin Lumberjacks,79,84,63.0,11.0,11.0,12.0,62.0,30.0,14.0,5.0
401808923,2026-01-17,2026,0,40,2447,2320,Nicholls Colonels,Lamar Cardinals,80,90,54.0,24.0,9.0,13.0,53.0,16.0,8.0,15.0
401808939,2026-01-17,2026,0,40,2916,2466,Incarnate Word Cardinals,Northwestern State Demons,76,74,49.0,25.0,9.0,13.0,47.0,25.0,5.0,13.0
401808958,2026-01-17,2026,0,40,357,2545,Texas A&M-Corpus Christi Islanders,SE Louisiana Lions,68,56,49.0,24.0,9.0,18.0,52.0,13.0,6.0,19.0
401809091,2026-01-17,2026,0,40,2934,28,Cal State Bakersfield Roadrunners,UC San Diego Tritons,62,83,56.0,27.0,13.0,15.0,63.0,20.0,9.0,8.0
401809111,2026-01-17,2026,0,40,302,300,UC Davis Aggies,UC Irvine Anteaters,75,72,57.0,30.0,13.0,10.0,58.0,13.0,9.0,14.0
401809142,2026-01-17,2026,0,40,2540,62,UC Santa Barbara Gauchos,Hawai'i Rainbow Warriors,77,62,53.0,15.0,9.0,12.0,53.0,13.0,11.0,13.0
401809328,2026-01-17,2026,0,40,231,2747,Furman Paladins,Wofford Terriers,70,74,57.0,15.0,13.0,12.0,58.0,13.0,8.0,8.0
401809329,2026-01-17,2026,0,40,2535,2193,Samford Bulldogs,East Tennessee State Buccaneers,75,76,55.0,13.0,6.0,6.0,49.0,17.0,4.0,6.0
401809330,2026-01-17,2026,0,40,2430,2382,UNC Greensboro Spartans,Mercer Bears,92,102,63.0,23.0,8.0,7.0,51.0,41.0,11.0,15.0
401809331,2026-01-17,2026,0,40,2678,2643,VMI Keydets,The Citadel Bulldogs,68,82,49.0,28.0,6.0,11.0,50.0,32.0,10.0,13.0
401809332,2026-01-17,2026,0,40,2717,236,Western Carolina Catamounts,Chattanooga Mocs,82,90,66.0,21.0,16.0,6.0,53.0,19.0,5.0,7.0
401812020,2026-01-17,2026,0,40,2275,2210,Hofstra Pride,Elon Phoenix,85,89,59.0,21.0,13.0,11.0,56.0,27.0,10.0,7.0
401812021,2026-01-17,2026,0,50,2619,232,Stony Brook Seawolves,Charleston Cougars,112,106,73.0,31.0,9.0,8.0,70.0,36.0,11.0,10.0
401812022,2026-01-17,2026,0,40,350,2097,UNC Wilmington Seahawks,Campbell Fighting Camels,78,75,58.0,25.0,10.0,7.0,53.0,24.0,10.0,14.0
401812319,2026-01-17,2026,0,40,161,112358,Fairleigh Dickinson Knights,Long Island University Sharks,59,66,55.0,26.0,14.0,12.0,56.0,10.0,11.0,14.0
401812338,2026-01-17,2026,0,40,2130,2330,Chicago State Cougars,Le Moyne Dolphins,57,72,54.0,9.0,4.0,14.0,50.0,22.0,5.0,14.0
401812390,2026-01-17,2026,0,40,2598,2115,Saint Francis Red Wolves,Central Connecticut Blue Devils,90,98,67.0,22.0,16.0,6.0,50.0,34.0,4.0,7.0
401812405,2026-01-17,2026,0,45,2385,284,Mercyhurst Lakers,Stonehill Skyhawks,57,62,68.0,13.0,13.0,9.0,52.0,24.0,9.0,15.0
401812413,2026-01-17,2026,0,40,2441,2681,New Haven Chargers,Wagner Seahawks,80,74,49.0,14.0,5.0,9.0,55.0,7.0,14.0,17.0
401812587,2026-01-17,2026,0,40,159,219,Dartmouth Big Green,Pennsylvania Quakers,74,84,61.0,26.0,10.0,11.0,64.0,31.0,13.0,5.0
401812615,2026-01-17,2026,0,45,108,163,Harvard Crimson,Princeton Tigers,87,80,65.0,23.0,13.0,5.0,65.0,22.0,16.0,8.0
401813303,2026-01-17,2026,0,40,2363,2561,Manhattan Jaspers,Siena Saints,59,74,59.0,12.0,9.0,8.0,57.0,3.0,9.0,12.0
401813333,2026-01-17,2026,0,40,2368,2217,Marist Red Foxes,Fairfield Stags,82,67,53.0,21.0,10.0,13.0,57.0,27.0,13.0,10.0
401813362,2026-01-17,2026,0,40,2099,116,Canisius Golden Griffins,Mount St. Mary's Mountaineers,68,78,60.0,7.0,6.0,10.0,52.0,17.0,8.0,15.0
401814522,2026-01-17,2026,0,45,193,2084,Miami (OH) RedHawks,Buffalo Bulls,105,102,66.0,26.0,5.0,11.0,65.0,23.0,8.0,15.0
401814523,2026-01-17,2026,0,40,189,2199,Bowling Green Falcons,Eastern Michigan Eagles,85,79,57.0,21.0,9.0,10.0,59.0,14.0,10.0,9.0
401814525,2026-01-17,2026,0,40,2459,113,Northern Illinois Huskies,Massachusetts Minutemen,70,68,58.0,30.0,15.0,14.0,52.0,30.0,10.0,18.0
401814527,2026-01-17,2026,0,40,2006,2711,Akron Zips,Western Michigan Broncos,104,89,67.0,9.0,12.0,8.0,61.0,14.0,11.0,12.0
401817626,2026-01-17,2026,0,40,85,2174,IU Indianapolis Jaguars,Detroit Mercy Titans,77,80,69.0,10.0,13.0,13.0,61.0,30.0,13.0,14.0
401817627,2026-01-17,2026,0,40,325,2754,Cleveland State Vikings,Youngstown State Penguins,80,78,39.0,39.0,4.0,15.0,73.0,16.0,20.0,9.0
401817628,2026-01-17,2026,0,45,94,2523,Northern Kentucky Norse,Robert Morris Colonials,89,92,66.0,37.0,12.0,14.0,65.0,31.0,13.0,16.0
401818309,2026-01-17,2026,0,40,43,172,Yale Bulldogs,Cornell Big Red,102,68,64.0,18.0,7.0,5.0,68.0,15.0,13.0,9.0
401818389,2026-01-17,2026,0,40,155,233,North Dakota Fighting Hawks,South Dakota Coyotes,96,80,73.0,7.0,13.0,6.0,53.0,24.0,7.0,13.0
401818390,2026-01-17,2026,0,40,198,2437,Oral Roberts Golden Eagles,Omaha Mavericks,62,73,49.0,25.0,7.0,12.0,56.0,18.0,4.0,8.0
401818391,2026-01-17,2026,0,40,2449,2900,North Dakota State Bison,St. Thomas Tommies,68,65,65.0,15.0,15.0,13.0,52.0,17.0,6.0,15.0
401818392,2026-01-17,2026,0,40,2571,140,South Dakota State Jackrabbits,Kansas City Roos,90,62,60.0,15.0,10.0,9.0,58.0,13.0,11.0,11.0
401818540,2026-01-17,2026,0,45,225,171,Brown Bears,Columbia Lions,86,80,57.0,34.0,9.0,9.0,67.0,21.0,17.0,13.0
401820165,2026-01-17,2026,0,50,2329,2426,Lehigh Mountain Hawks,Navy Midshipmen,79,82,69.0,16.0,6.0,8.0,69.0,20.0,19.0,16.0
401820198,2026-01-17,2026,0,40,2352,104,Loyola Maryland Greyhounds,Boston University Terriers,74,57,61.0,21.0,9.0,8.0,55.0,17.0,8.0,16.0
401820563,2026-01-17,2026,0,40,2005,2440,Air Force Falcons,Nevada Wolf Pack,66,81,56.0,6.0,4.0,14.0,51.0,21.0,8.0,15.0
401820589,2026-01-17,2026,0,40,2771,2514,Merrimack Warriors,Quinnipiac Bobcats,83,71,50.0,27.0,8.0,12.0,55.0,26.0,9.0,9.0
401820674,2026-01-17,2026,0,45,103,183,Boston College Eagles,Syracuse Orange,81,73,63.0,29.0,10.0,8.0,59.0,22.0,9.0,18.0
401820675,2026-01-17,2026,0,40,25,153,California Golden Bears,North Carolina Tar Heels,84,78,58.0,16.0,8.0,13.0,56.0,28.0,10.0,11.0
401820676,2026-01-17,2026,0,40,228,2390,Clemson Tigers,Miami Hurricanes,69,59,51.0,10.0,4.0,12.0,54.0,14.0,11.0,16.0
401820677,2026-01-17,2026,0,40,52,154,Florida State Seminoles,Wake Forest Demon Deacons,68,69,58.0,19.0,16.0,16.0,63.0,12.0,9.0,5.0
401820678,2026-01-17,2026,0,40,152,59,NC State Wolfpack,Georgia Tech Yellow Jackets,74,78,62.0,25.0,9.0,9.0,52.0,28.0,8.0,17.0
401820679,2026-01-17,2026,0,40,221,97,Pittsburgh Panthers,Louisville Cardinals,59,100,55.0,16.0,8.0,10.0,57.0,15.0,6.0,8.0
401820680,2026-01-17,2026,0,40,2567,258,SMU Mustangs,Virginia Cavaliers,68,72,61.0,14.0,12.0,8.0,60.0,12.0,16.0,11.0
401820681,2026-01-17,2026,0,40,24,150,Stanford Cardinal,Duke Blue Devils,50,80,54.0,10.0,13.0,18.0,50.0,28.0,11.0,10.0
401820682,2026-01-17,2026,0,40,259,87,Virginia Tech Hokies,Notre Dame Fighting Irish,89,76,53.0,32.0,9.0,12.0,61.0,21.0,13.0,13.0
401822770,2026-01-17,2026,0,40,2379,2154,Maryland Eastern Shore Hawks,Coppin State Eagles,70,67,49.0,19.0,10.0,12.0,48.0,21.0,16.0,20.0
401822904,2026-01-17,2026,0,40,46,41,Georgetown Hoyas,UConn Huskies,62,64,57.0,9.0,15.0,13.0,58.0,24.0,16.0,6.0
401822905,2026-01-17,2026,0,40,222,2599,Villanova Wildcats,St. John's Red Storm,79,86,54.0,24.0,7.0,14.0,58.0,31.0,12.0,9.0
401822906,2026-01-17,2026,0,40,2550,2086,Seton Hall Pirates,Butler Bulldogs,66,77,64.0,25.0,21.0,13.0,44.0,41.0,5.0,8.0
401823179,2026-01-17,2026,0,40,27,2239,UC Riverside Highlanders,Cal State Fullerton Titans,81,72,55.0,22.0,6.0,17.0,60.0,31.0,10.0,14.0
401823266,2026-01-17,2026,0,40,2463,299,Cal State Northridge Matadors,Long Beach State Beach,80,87,66.0,29.0,15.0,15.0,58.0,28.0,6.0,13.0
401823775,2026-01-17,2026,0,40,21,167,San Diego State Aztecs,New Mexico Lobos,83,79,55.0,30.0,8.0,16.0,61.0,21.0,9.0,17.0
401823796,2026-01-17,2026,0,40,2253,328,Grand Canyon Lopes,Utah State Aggies,84,74,53.0,33.0,13.0,11.0,69.0,23.0,22.0,7.0
401823847,2026-01-17,2026,0,40,2612,2520,Saint Peter's Peacocks,Rider Broncs,69,58,61.0,14.0,16.0,9.0,58.0,14.0,18.0,17.0
401823914,2026-01-17,2026,0,40,2515,2344,Radford Highlanders,Longwood Lancers,85,83,53.0,31.0,8.0,11.0,58.0,18.0,13.0,15.0
401823915,2026-01-17,2026,0,40,2241,2506,Gardner-Webb Runnin' Bulldogs,Presbyterian Blue Hose,55,92,49.0,20.0,6.0,17.0,60.0,22.0,9.0,9.0
401823916,2026-01-17,2026,0,40,2272,2908,High Point Panthers,South Carolina Upstate Spartans,89,69,64.0,21.0,12.0,5.0,63.0,16.0,17.0,15.0
401823917,2026-01-17,2026,0,40,2427,2737,UNC Asheville Bulldogs,Winthrop Eagles,67,69,62.0,25.0,13.0,10.0,52.0,30.0,12.0,15.0
401824388,2026-01-17,2026,0,40,322,107,Lafayette Leopards,Holy Cross Crusaders,74,55,63.0,24.0,15.0,5.0,51.0,20.0,6.0,11.0
401825446,2026-01-17,2026,0,40,356,135,Illinois Fighting Illini,Minnesota Golden Gophers,77,67,59.0,19.0,17.0,10.0,65.0,3.0,11.0,7.0
401825447,2026-01-17,2026,0,40,84,2294,Indiana Hoosiers,Iowa Hawkeyes,57,74,52.0,15.0,12.0,9.0,46.0,23.0,6.0,8.0
401825448,2026-01-17,2026,0,40,77,158,Northwestern Wildcats,Nebraska Cornhuskers,58,77,54.0,10.0,9.0,11.0,53.0,15.0,6.0,5.0
401825449,2026-01-17,2026,0,40,194,26,Ohio State Buckeyes,UCLA Bruins,86,74,53.0,25.0,12.0,10.0,62.0,19.0,14.0,5.0
401825450,2026-01-17,2026,0,40,2483,130,Oregon Ducks,Michigan Wolverines,71,81,64.0,16.0,15.0,11.0,51.0,30.0,12.0,14.0
401825451,2026-01-17,2026,0,40,30,2509,USC Trojans,Purdue Boilermakers,64,69,61.0,14.0,10.0,13.0,55.0,22.0,6.0,8.0
401825452,2026-01-17,2026,0,40,264,127,Washington Huskies,Michigan State Spartans,63,80,53.0,13.0,3.0,12.0,65.0,18.0,13.0,5.0
401825453,2026-01-17,2026,0,40,275,164,Wisconsin Badgers,Rutgers Scarlet Knights,96,87,60.0,29.0,8.0,9.0,63.0,19.0,11.0,10.0
401827025,2026-01-17,2026,0,40,2755,2582,Grambling Tigers,Southern Jaguars,53,71,44.0,32.0,12.0,23.0,56.0,22.0,10.0,13.0
401827050,2026-01-17,2026,0,40,2296,2504,Jackson State Tigers,Prairie View A&M Panthers,82,78,64.0,20.0,16.0,17.0,58.0,35.0,12.0,11.0
401827115,2026-01-17,2026,0,40,2400,2065,Mississippi Valley State Delta Devils,Bethune-Cookman Wildcats,63,79,57.0,23.0,4.0,6.0,48.0,19.0,8.0,14.0
401827140,2026-01-17,2026,0,40,2029,50,Arkansas-Pine Bluff Golden Lions,Florida A&M Rattlers,67,71,48.0,19.0,5.0,13.0,49.0,24.0,10.0,16.0
401827625,2026-01-17,2026,0,40,2116,12,UCF Knights,Arizona Wildcats,77,84,70.0,14.0,14.0,13.0,55.0,33.0,9.0,12.0
401827626,2026-01-17,2026,0,40,2132,66,Cincinnati Bearcats,Iowa State Cyclones,79,70,69.0,12.0,15.0,8.0,51.0,27.0,11.0,12.0
401827627,2026-01-17,2026,0,40,197,2306,Oklahoma State Cowboys,Kansas State Wildcats,84,83,68.0,24.0,16.0,7.0,66.0,5.0,13.0,16.0
401827628,2026-01-17,2026,0,40,2641,252,Texas Tech Red Raiders,BYU Cougars,84,71,59.0,23.0,10.0,10.0,64.0,14.0,12.0,12.0
401827629,2026-01-17,2026,0,40,254,2628,Utah Utes,TCU Horned Frogs,82,79,59.0,22.0,14.0,13.0,60.0,22.0,10.0,8.0
401827630,2026-01-17,2026,0,40,277,38,West Virginia Mountaineers,Colorado Buffaloes,72,61,50.0,22.0,11.0,9.0,56.0,14.0,9.0,6.0
401828377,2026-01-17,2026,0,40,2230,2184,Fordham Rams,Duquesne Dukes,63,74,70.0,15.0,19.0,13.0,51.0,27.0,6.0,13.0
401828378,2026-01-17,2026,0,40,2325,179,La Salle Explorers,St. Bonaventure Bonnies,78,74,43.0,20.0,7.0,17.0,61.0,9.0,12.0,11.0
401828379,2026-01-17,2026,0,40,139,257,Saint Louis Billikens,Richmond Spiders,88,63,61.0,23.0,12.0,9.0,59.0,21.0,9.0,10.0
401828690,2026-01-17,2026,0,40,2169,2415,Delaware State Hornets,Morgan State Bears,79,80,53.0,39.0,11.0,11.0,60.0,27.0,9.0,11.0
401828726,2026-01-17,2026,0,40,2569,2450,South Carolina State Bulldogs,Norfolk State Spartans,82,89,61.0,22.0,15.0,15.0,43.0,47.0,8.0,15.0
401828928,2026-01-17,2026,0,40,278,2751,Fresno State Bulldogs,Wyoming Cowboys,63,60,51.0,27.0,11.0,8.0,54.0,12.0,13.0,14.0
401829203,2026-01-17,2026,0,40,2547,2250,Seattle U Redhawks,Gonzaga Bulldogs,50,71,53.0,11.0,6.0,18.0,60.0,13.0,13.0,15.0
401829204,2026-01-17,2026,0,40,204,279,Oregon State Beavers,Pacific Tigers,64,81,45.0,27.0,5.0,9.0,57.0,15.0,9.0,7.0
401829205,2026-01-17,2026,0,40,2351,2501,Loyola Marymount Lions,Portland Pilots,58,71,57.0,18.0,10.0,15.0,56.0,20.0,9.0,12.0
401829206,2026-01-17,2026,0,40,2541,2608,Santa Clara Broncos,Saint Mary's Gaels,62,54,54.0,20.0,7.0,10.0,58.0,22.0,14.0,13.0
401829328,2026-01-17,2026,0,40,23,2439,San José State Spartans,UNLV Rebels,62,76,46.0,21.0,13.0,12.0,50.0,12.0,5.0,7.0
401829401,2026-01-17,2026,0,40,2142,2083,Colgate Raiders,Bucknell Bison,95,76,60.0,22.0,10.0,10.0,55.0,24.0,5.0,11.0
401829501,2026-01-17,2026,0,40,2016,2640,Alcorn State Braves,Texas Southern Tigers,71,72,52.0,23.0,9.0,11.0,50.0,33.0,10.0,9.0
401830206,2026-01-17,2026,0,40,79,2057,Southern Illinois Salukis,Belmont Bruins,68,73,58.0,20.0,10.0,12.0,62.0,23.0,13.0,9.0
401830231,2026-01-17,2026,0,40,2287,71,Illinois State Redbirds,Bradley Braves,88,62,64.0,13.0,13.0,8.0,57.0,23.0,12.0,12.0
401830240,2026-01-17,2026,0,40,2428,47,North Carolina Central Eagles,Howard Bison,69,83,58.0,15.0,11.0,14.0,66.0,15.0,17.0,13.0
401830271,2026-01-17,2026,0,40,82,2181,UIC Flames,Drake Bulldogs,74,67,51.0,38.0,13.0,9.0,59.0,18.0,10.0,10.0
401830272,2026-01-17,2026,0,40,93,282,Murray State Racers,Indiana State Sycamores,85,81,62.0,23.0,13.0,11.0,66.0,15.0,12.0,12.0
401830273,2026-01-17,2026,0,40,2674,2460,Valparaiso Beacons,Northern Iowa Panthers,54,44,51.0,20.0,8.0,7.0,57.0,7.0,10.0,8.0
401831990,2026-01-17,2026,0,40,301,3246,San Diego Toreros,Bethesda Flames,113,67,65.0,29.0,16.0,18.0,67.0,12.0,10.0,17.0
401817629,2026-01-18,2026,0,40,2870,270,Purdue Fort Wayne Mastodons,Milwaukee Panthers,100,82,64.0,19.0,7.0,7.0,60.0,21.0,10.0,13.0
401817630,2026-01-18,2026,0,40,2739,2473,Green Bay Phoenix,Oakland Golden Grizzlies,63,88,54.0,14.0,8.0,11.0,61.0,26.0,18.0,9.0
401825454,2026-01-18,2026,0,40,120,213,Maryland Terrapins,Penn State Nittany Lions,96,73,61.0,17.0,12.0,11.0,50.0,21.0,4.0,7.0
401826819,2026-01-18,2026,0,40,349,44,Army Black Knights,American University Eagles,67,78,59.0,9.0,12.0,10.0,51.0,21.0,10.0,14.0
401827631,2026-01-18,2026,0,40,248,9,Houston Cougars,Arizona State Sun Devils,103,73,71.0,12.0,15.0,10.0,54.0,24.0,13.0,17.0
401828179,2026-01-18,2026,0,40,5,202,UAB Blazers,Tulsa Golden Hurricane,77,99,64.0,22.0,9.0,5.0,64.0,10.0,6.0,10.0
401828180,2026-01-18,2026,0,40,151,2429,East Carolina Pirates,Charlotte 49ers,70,73,61.0,18.0,9.0,5.0,48.0,13.0,6.0,18.0
401828181,2026-01-18,2026,0,40,218,2226,Temple Owls,Florida Atlantic Owls,73,79,57.0,32.0,10.0,15.0,67.0,24.0,10.0,12.0
401828182,2026-01-18,2026,0,40,235,2636,Memphis Tigers,UTSA Roadrunners,95,69,64.0,18.0,12.0,12.0,65.0,9.0,14.0,17.0
401828183,2026-01-18,2026,0,40,2655,249,Tulane Green Wave,North Texas Mean Green,63,71,48.0,33.0,8.0,11.0,57.0,27.0,17.0,15.0
401828184,2026-01-18,2026,0,45,58,2724,South Florida Bulls,Wichita State Shockers,85,86,72.0,22.0,16.0,11.0,72.0,23.0,18.0,11.0
401829207,2026-01-18,2026,0,40,2539,265,San Francisco Dons,Washington State Cougars,85,80,54.0,18.0,10.0,12.0,59.0,3.0,6.0,10.0
401843145,2026-01-18,2026,0,40,2197,2070,Eastern Illinois Panthers,Blackburn Beavers,105,49,62.0,15.0,10.0,11.0,51.0,1.0,4.0,23.0
401808504,2026-01-19,2026,0,40,2464,149,Northern Arizona Lumberjacks,Montana Grizzlies,72,98,53.0,16.0,6.0,7.0,53.0,16.0,6.0,7.0
401808515,2026-01-19,2026,0,40,2458,147,Northern Colorado Bears,Montana State Bobcats,68,73,70.0,3.0,18.0,12.0,54.0,21.0,5.0,7.0
401808711,2026-01-19,2026,0,40,2916,2837,Incarnate Word Cardinals,East Texas A&M Lions,58,80,61.0,16.0,14.0,6.0,54.0,17.0,8.0,6.0
401808878,2026-01-19,2026,0,40,357,2377,Texas A&M-Corpus Christi Islanders,McNeese Cowboys,53,69,41.0,24.0,5.0,12.0,49.0,26.0,14.0,11.0
401808908,2026-01-19,2026,0,40,2443,2320,LSU New Orleans Privateers,Lamar Cardinals,89,76,54.0,41.0,13.0,13.0,71.0,16.0,19.0,11.0
401808924,2026-01-19,2026,0,40,2447,2617,Nicholls Colonels,Stephen F. Austin Lumberjacks,62,79,64.0,17.0,16.0,10.0,57.0,20.0,14.0,13.0
401808940,2026-01-19,2026,0,40,2277,2466,Houston Christian Huskies,Northwestern State Demons,82,80,45.0,22.0,11.0,10.0,48.0,24.0,11.0,8.0
401808959,2026-01-19,2026,0,40,292,2545,UT Rio Grande Valley Vaqueros,SE Louisiana Lions,68,65,52.0,25.0,9.0,10.0,57.0,18.0,9.0,10.0
401812018,2026-01-19,2026,0,40,2405,111,Monmouth Hawks,Northeastern Huskies,81,68,69.0,12.0,14.0,9.0,62.0,14.0,13.0,18.0
401812019,2026-01-19,2026,0,40,119,2182,Towson Tigers,Drexel Dragons,59,58,61.0,21.0,18.0,10.0,50.0,4.0,2.0,13.0
401812023,2026-01-19,2026,0,40,2261,2448,Hampton Pirates,North Carolina A&T Aggies,82,61,66.0,16.0,13.0,4.0,57.0,13.0,9.0,10.0
401812122,2026-01-19,2026,0,40,2885,2803,NJIT Highlanders,Bryant Bulldogs,79,55,52.0,22.0,8.0,8.0,48.0,24.0,9.0,12.0
401812123,2026-01-19,2026,0,40,2066,2378,Binghamton Bearcats,UMBC Retrievers,60,78,55.0,15.0,7.0,8.0,57.0,12.0,4.0,5.0
401812124,2026-01-19,2026,0,40,311,160,Maine Black Bears,New Hampshire Wildcats,48,65,41.0,23.0,1.0,13.0,59.0,15.0,11.0,9.0
401812125,2026-01-19,2026,0,40,399,261,UAlbany Great Danes,Vermont Catamounts,75,68,54.0,24.0,6.0,9.0,55.0,15.0,7.0,13.0
401812320,2026-01-19,2026,0,40,161,2681,Fairleigh Dickinson Knights,Wagner Seahawks,68,61,44.0,25.0,12.0,14.0,48.0,16.0,5.0,8.0
401812339,2026-01-19,2026,0,40,2330,112358,Le Moyne Dolphins,Long Island University Sharks,83,77,43.0,31.0,2.0,14.0,73.0,12.0,18.0,12.0
401812391,2026-01-19,2026,0,40,2598,284,Saint Francis Red Wolves,Stonehill Skyhawks,63,61,57.0,28.0,10.0,7.0,44.0,21.0,7.0,21.0
401812588,2026-01-19,2026,0,40,108,219,Harvard Crimson,Pennsylvania Quakers,64,63,54.0,8.0,8.0,12.0,54.0,17.0,10.0,11.0
401812654,2026-01-19,2026,0,40,2385,2115,Mercyhurst Lakers,Central Connecticut Blue Devils,79,61,60.0,4.0,9.0,8.0,60.0,15.0,15.0,10.0
401813313,2026-01-19,2026,0,45,2514,2363,Quinnipiac Bobcats,Manhattan Jaspers,98,92,66.0,32.0,15.0,13.0,71.0,23.0,12.0,11.0
401813334,2026-01-19,2026,0,40,2368,2771,Marist Red Foxes,Merrimack Warriors,55,68,52.0,22.0,12.0,13.0,44.0,27.0,3.0,12.0
401813387,2026-01-19,2026,0,40,315,116,Niagara Purple Eagles,Mount St. Mary's Mountaineers,58,68,59.0,15.0,18.0,13.0,52.0,21.0,11.0,10.0
401813426,2026-01-19,2026,0,40,2561,2217,Siena Saints,Fairfield Stags,85,77,46.0,19.0,4.0,13.0,58.0,13.0,8.0,9.0
401818310,2026-01-19,2026,0,40,43,171,Yale Bulldogs,Columbia Lions,91,74,61.0,19.0,14.0,8.0,49.0,25.0,8.0,12.0
401818559,2026-01-19,2026,0,40,225,172,Brown Bears,Cornell Big Red,67,89,56.0,11.0,5.0,15.0,58.0,21.0,8.0,10.0
401820199,2026-01-19,2026,0,40,2329,2352,Lehigh Mountain Hawks,Loyola Maryland Greyhounds,88,81,54.0,20.0,4.0,9.0,62.0,16.0,10.0,8.0
401822348,2026-01-19,2026,0,40,2130,2441,Chicago State Cougars,New Haven Chargers,56,62,53.0,8.0,8.0,10.0,48.0,14.0,13.0,17.0
401822907,2026-01-19,2026,0,45,269,2507,Marquette Golden Eagles,Providence Friars,105,104,73.0,30.0,13.0,6.0,64.0,33.0,14.0,17.0
401823732,2026-01-19,2026,0,40,2520,2529,Rider Broncs,Sacred Heart Pioneers,85,105,71.0,17.0,9.0,8.0,59.0,26.0,4.0,9.0
401823848,2026-01-19,2026,0,40,2612,314,Saint Peter's Peacocks,Iona Gaels,77,63,48.0,36.0,10.0,13.0,56.0,22.0,7.0,9.0
401826865,2026-01-19,2026,0,40,159,163,Dartmouth Big Green,Princeton Tigers,71,69,58.0,15.0,11.0,8.0,57.0,11.0,4.0,2.0
401827051,2026-01-19,2026,0,40,2016,2504,Alcorn State Braves,Prairie View A&M Panthers,76,75,70.0,16.0,20.0,13.0,54.0,19.0,4.0,10.0
401827141,2026-01-19,2026,0,45,2029,2065,Arkansas-Pine Bluff Golden Lions,Bethune-Cookman Wildcats,82,87,56.0,30.0,8.0,17.0,57.0,41.0,15.0,17.0
401827163,2026-01-19,2026,1,40,2011,2010,Alabama State Hornets,Alabama A&M Bulldogs,69,73,55.0,17.0,11.0,20.0,51.0,29.0,6.0,12.0
401828380,2026-01-19,2026,0,40,2244,45,George Mason Patriots,George Washington Revolutionaries,69,64,49.0,20.0,4.0,13.0,57.0,11.0,7.0,12.0
401828381,2026-01-19,2026,0,40,2670,2603,VCU Rams,Saint Joseph's Hawks,79,72,63.0,20.0,11.0,10.0,55.0,19.0,8.0,18.0
401828664,2026-01-19,2026,0,40,2296,2640,Jackson State Tigers,Texas Southern Tigers,94,89,58.0,28.0,8.0,10.0,65.0,24.0,15.0,11.0
401828727,2026-01-19,2026,0,40,2450,2207,Norfolk State Spartans,Elizabeth City State Vikings,86,61,57.0,26.0,9.0,9.0,56.0,17.0,8.0,15.0
401830241,2026-01-19,2026,0,40,47,60,Howard Bison,Morehouse Maroon Tigers,78,69,66.0,26.0,17.0,6.0,57.0,17.0,6.0,10.0
401830344,2026-01-19,2026,0,40,2400,50,Mississippi Valley State Delta Devils,Florida A&M Rattlers,48,62,54.0,14.0,8.0,11.0,50.0,15.0,11.0,19.0
401806447,2026-01-20,2026,0,40,2546,2630,Southeast Missouri State Redhawks,UT Martin Skyhawks,66,50,58.0,17.0,14.0,12.0,49.0,22.0,16.0,21.0
401808186,2026-01-20,2026,0,40,145,2,Ole Miss Rebels,Auburn Tigers,66,78,61.0,15.0,8.0,6.0,51.0,39.0,13.0,9.0
401808188,2026-01-20,2026,0,40,8,238,Arkansas Razorbacks,Vanderbilt Commodores,93,68,64.0,12.0,10.0,7.0,58.0,19.0,9.0,10.0
401808189,2026-01-20,2026,0,40,57,99,Florida Gators,LSU Tigers,79,61,68.0,27.0,24.0,10.0,56.0,15.0,7.0,11.0
401808190,2026-01-20,2026,0,40,142,61,Missouri Tigers,Georgia Bulldogs,72,74,67.0,12.0,15.0,12.0,65.0,21.0,19.0,10.0
401808191,2026-01-20,2026,0,40,2579,201,South Carolina Gamecocks,Oklahoma Sooners,85,76,55.0,28.0,9.0,12.0,63.0,22.0,12.0,11.0
401814528,2026-01-20,2026,0,40,2084,2006,Buffalo Bulls,Akron Zips,63,82,65.0,13.0,14.0,13.0,58.0,19.0,10.0,13.0
401814529,2026-01-20,2026,0,40,2117,2050,Central Michigan Chippewas,Ball State Cardinals,67,68,52.0,10.0,10.0,12.0,62.0,11.0,13.0,5.0
401814530,2026-01-20,2026,0,40,2711,189,Western Michigan Broncos,Bowling Green Falcons,54,72,56.0,13.0,11.0,15.0,56.0,27.0,10.0,8.0
401814531,2026-01-20,2026,0,45,2309,193,Kent State Golden Flashes,Miami (OH) RedHawks,101,107,68.0,31.0,17.0,16.0,70.0,34.0,9.0,6.0
401814532,2026-01-20,2026,0,40,195,2459,Ohio Bobcats,Northern Illinois Huskies,80,77,54.0,25.0,7.0,14.0,53.0,27.0,10.0,17.0
401814533,2026-01-20,2026,0,40,113,2649,Massachusetts Minutemen,Toledo Rockets,84,82,61.0,22.0,15.0,14.0,51.0,25.0,7.0,15.0
401820564,2026-01-20,2026,0,40,36,2005,Colorado State Rams,Air Force Falcons,81,52,54.0,23.0,7.0,6.0,53.0,12.0,6.0,14.0
401820683,2026-01-20,2026,0,40,154,2567,Wake Forest Demon Deacons,SMU Mustangs,79,91,64.0,18.0,8.0,11.0,64.0,18.0,11.0,14.0
401820685,2026-01-20,2026,0,45,228,152,Clemson Tigers,NC State Wolfpack,76,80,58.0,24.0,9.0,13.0,57.0,25.0,6.0,7.0
401820686,2026-01-20,2026,0,40,2390,52,Miami Hurricanes,Florida State Seminoles,63,65,57.0,15.0,9.0,14.0,53.0,15.0,4.0,13.0
401822908,2026-01-20,2026,0,40,2086,305,Butler Bulldogs,DePaul Blue Demons,87,80,51.0,31.0,8.0,12.0,63.0,21.0,11.0,12.0
401822909,2026-01-20,2026,0,40,2599,2550,St. John's Red Storm,Seton Hall Pirates,65,60,59.0,30.0,20.0,12.0,58.0,20.0,18.0,13.0
401823825,2026-01-20,2026,0,40,2751,68,Wyoming Cowboys,Boise State Broncos,65,81,51.0,18.0,7.0,11.0,59.0,13.0,7.0,8.0
401825455,2026-01-20,2026,0,40,2294,164,Iowa Hawkeyes,Rutgers Scarlet Knights,68,62,51.0,16.0,7.0,12.0,44.0,24.0,9.0,19.0
401825456,2026-01-20,2026,0,40,130,84,Michigan Wolverines,Indiana Hoosiers,86,72,53.0,33.0,12.0,13.0,57.0,18.0,5.0,10.0
401825457,2026-01-20,2026,0,45,194,135,Ohio State Buckeyes,Minnesota Golden Gophers,82,74,65.0,18.0,13.0,10.0,58.0,25.0,9.0,9.0
401825458,2026-01-20,2026,0,40,2483,127,Oregon Ducks,Michigan State Spartans,52,68,51.0,11.0,7.0,10.0,49.0,9.0,6.0,12.0
401825459,2026-01-20,2026,0,40,26,2509,UCLA Bruins,Purdue Boilermakers,69,67,51.0,3.0,4.0,10.0,60.0,7.0,13.0,8.0
401827632,2026-01-20,2026,0,40,239,2641,Baylor Bears,Texas Tech Red Raiders,73,92,57.0,20.0,11.0,11.0,55.0,11.0,5.0,13.0
401827633,2026-01-20,2026,0,40,38,2305,Colorado Buffaloes,Kansas Jayhawks,69,75,70.0,16.0,12.0,3.0,52.0,24.0,9.0,12.0
401827634,2026-01-20,2026,0,40,66,2116,Iowa State Cyclones,UCF Knights,87,57,65.0,21.0,15.0,5.0,57.0,6.0,13.0,19.0
401827635,2026-01-20,2026,0,40,2306,254,Kansas State Wildcats,Utah Utes,81,78,62.0,10.0,7.0,10.0,65.0,10.0,10.0,9.0
401827636,2026-01-20,2026,0,40,2628,197,TCU Horned Frogs,Oklahoma State Cowboys,68,65,61.0,12.0,13.0,14.0,62.0,10.0,12.0,14.0
401827948,2026-01-20,2026,0,40,328,2439,Utah State Aggies,UNLV Rebels,76,86,58.0,31.0,13.0,8.0,58.0,25.0,13.0,12.0
401828382,2026-01-20,2026,0,40,2184,139,Duquesne Dukes,Saint Louis Billikens,77,81,66.0,31.0,17.0,14.0,57.0,25.0,9.0,16.0
401828383,2026-01-20,2026,0,40,179,2350,St. Bonaventure Bonnies,Loyola Chicago Ramblers,84,70,63.0,20.0,8.0,4.0,55.0,15.0,9.0,16.0
401829285,2026-01-20,2026,0,40,2569,108806,South Carolina State Bulldogs,Mid Atlantic Christian Mustangs,56,50,53.0,28.0,15.0,18.0,59.0,8.0,6.0,18.0
401829315,2026-01-20,2026,0,40,2440,23,Nevada Wolf Pack,San José State Spartans,87,54,57.0,21.0,11.0,5.0,58.0,17.0,11.0,7.0
401830274,2026-01-20,2026,0,40,82,339,UIC Flames,Evansville Purple Aces,76,49,60.0,20.0,11.0,9.0,53.0,12.0,11.0,19.0
401856166,2026-01-20,2026,0,40,2415,3229,Morgan State Bears,Virginia Lynchburg Dragons,128,53,80.0,14.0,12.0,9.0,55.0,32.0,3.0,14.0
401804891,2026-01-21,2026,0,40,2534,338,Sam Houston Bearkats,Kennesaw State Owls,93,87,63.0,19.0,7.0,9.0,72.0,19.0,16.0,8.0
401804892,2026-01-21,2026,0,40,98,2335,Western Kentucky Hilltoppers,Liberty Flames,69,76,57.0,17.0,12.0,13.0,45.0,24.0,4.0,11.0
401805175,2026-01-21,2026,0,40,250,2627,UT Arlington Mavericks,Tarleton State Texans,71,64,43.0,35.0,8.0,14.0,53.0,19.0,11.0,18.0
401805176,2026-01-21,2026,0,40,2856,3101,California Baptist Lancers,Utah Tech Trailblazers,73,64,59.0,21.0,13.0,7.0,62.0,10.0,12.0,6.0
401805177,2026-01-21,2026,0,40,253,3084,Southern Utah Thunderbirds,Utah Valley Wolverines,84,70,55.0,19.0,11.0,17.0,70.0,20.0,18.0,10.0
401807697,2026-01-21,2026,0,40,2511,2453,Queens University Royals,North Alabama Lions,87,62,56.0,25.0,12.0,11.0,54.0,22.0,12.0,16.0
401808185,2026-01-21,2026,0,40,96,251,Kentucky Wildcats,Texas Longhorns,85,80,58.0,35.0,13.0,8.0,64.0,20.0,13.0,8.0
401808187,2026-01-21,2026,0,40,245,344,Texas A&M Aggies,Mississippi State Bulldogs,88,68,68.0,24.0,11.0,3.0,60.0,15.0,11.0,13.0
401808627,2026-01-21,2026,0,50,295,2653,Old Dominion Monarchs,Troy Trojans,77,83,64.0,25.0,7.0,12.0,65.0,34.0,12.0,13.0
401809333,2026-01-21,2026,0,40,236,2193,Chattanooga Mocs,East Tennessee State Buccaneers,66,67,53.0,11.0,6.0,14.0,66.0,11.0,13.0,10.0
401809334,2026-01-21,2026,0,40,2382,2717,Mercer Bears,Western Carolina Catamounts,88,76,68.0,28.0,20.0,7.0,65.0,15.0,17.0,16.0
401809335,2026-01-21,2026,0,45,2643,231,The Citadel Bulldogs,Furman Paladins,77,75,57.0,30.0,12.0,10.0,65.0,16.0,12.0,10.0
401809336,2026-01-21,2026,0,40,2678,2430,VMI Keydets,UNC Greensboro Spartans,78,85,61.0,22.0,12.0,7.0,57.0,33.0,12.0,5.0
401809337,2026-01-21,2026,0,40,2747,2535,Wofford Terriers,Samford Bulldogs,88,78,50.0,24.0,3.0,7.0,59.0,14.0,8.0,8.0
401817631,2026-01-21,2026,0,40,2473,85,Oakland Golden Grizzlies,IU Indianapolis Jaguars,85,103,60.0,30.0,13.0,10.0,75.0,3.0,15.0,10.0
401817632,2026-01-21,2026,0,40,2174,2870,Detroit Mercy Titans,Purdue Fort Wayne Mastodons,76,83,63.0,18.0,11.0,12.0,63.0,24.0,9.0,6.0
401817633,2026-01-21,2026,0,40,2750,325,Wright State Raiders,Cleveland State Vikings,79,85,66.0,18.0,12.0,7.0,53.0,22.0,4.0,9.0
401818393,2026-01-21,2026,0,40,2437,233,Omaha Mavericks,South Dakota Coyotes,64,68,56.0,22.0,8.0,14.0,48.0,21.0,3.0,17.0
401820166,2026-01-21,2026,0,40,2426,107,Navy Midshipmen,Holy Cross Crusaders,85,68,52.0,27.0,5.0,6.0,54.0,12.0,8.0,13.0
401820684,2026-01-21,2026,0,40,103,221,Boston College Eagles,Pittsburgh Panthers,65,62,55.0,13.0,6.0,9.0,63.0,17.0,15.0,7.0
401820687,2026-01-21,2026,0,40,153,87,North Carolina Tar Heels,Notre Dame Fighting Irish,91,69,61.0,23.0,10.0,8.0,75.0,13.0,18.0,5.0
401820688,2026-01-21,2026,0,40,183,259,Syracuse Orange,Virginia Tech Hokies,74,76,61.0,14.0,11.0,14.0,51.0,36.0,8.0,10.0
401822910,2026-01-21,2026,0,40,156,2752,Creighton Bluejays,Xavier Musketeers,94,93,59.0,24.0,6.0,9.0,65.0,8.0,6.0,9.0
401822911,2026-01-21,2026,0,40,222,46,Villanova Wildcats,Georgetown Hoyas,66,51,59.0,15.0,11.0,9.0,50.0,14.0,12.0,17.0
401823776,2026-01-21,2026,0,40,2253,21,Grand Canyon Lopes,San Diego State Aztecs,70,69,50.0,28.0,9.0,17.0,62.0,19.0,11.0,10.0
401823918,2026-01-21,2026,0,40,2506,2127,Presbyterian Blue Hose,Charleston Southern Buccaneers,87,83,53.0,36.0,6.0,9.0,69.0,8.0,10.0,11.0
401823919,2026-01-21,2026,0,40,2344,2241,Longwood Lancers,Gardner-Webb Runnin' Bulldogs,91,56,65.0,15.0,15.0,12.0,57.0,12.0,13.0,21.0
401823920,2026-01-21,2026,0,40,2737,2515,Winthrop Eagles,Radford Highlanders,76,75,55.0,19.0,8.0,12.0,45.0,24.0,6.0,19.0
401823921,2026-01-21,2026,0,40,2908,2427,South Carolina Upstate Spartans,UNC Asheville Bulldogs,69,83,61.0,15.0,10.0,8.0,56.0,22.0,8.0,9.0
401824368,2026-01-21,2026,0,45,104,322,Boston University Terriers,Lafayette Leopards,77,73,57.0,16.0,6.0,14.0,69.0,9.0,10.0,8.0
401825460,2026-01-21,2026,0,40,356,120,Illinois Fighting Illini,Maryland Terrapins,89,70,62.0,28.0,15.0,7.0,65.0,16.0,9.0,5.0
401825461,2026-01-21,2026,0,40,158,264,Nebraska Cornhuskers,Washington Huskies,76,66,55.0,12.0,4.0,8.0,61.0,10.0,10.0,8.0
401825462,2026-01-21,2026,0,40,30,77,USC Trojans,Northwestern Wildcats,68,74,52.0,43.0,12.0,6.0,62.0,18.0,8.0,6.0
401826820,2026-01-21,2026,0,45,2083,349,Bucknell Bison,Army Black Knights,84,87,60.0,23.0,9.0,9.0,59.0,21.0,12.0,12.0
401827637,2026-01-21,2026,0,40,12,2132,Arizona Wildcats,Cincinnati Bearcats,77,51,63.0,28.0,18.0,6.0,56.0,14.0,11.0,14.0
401827638,2026-01-21,2026,0,40,9,277,Arizona State Sun Devils,West Virginia Mountaineers,63,75,51.0,18.0,8.0,13.0,53.0,13.0,6.0,13.0
401828185,2026-01-21,2026,0,40,2724,151,Wichita State Shockers,East Carolina Pirates,77,60,64.0,19.0,17.0,8.0,63.0,19.0,12.0,6.0
401828186,2026-01-21,2026,0,40,2226,2655,Florida Atlantic Owls,Tulane Green Wave,79,74,52.0,29.0,6.0,11.0,52.0,27.0,6.0,13.0
401828187,2026-01-21,2026,0,40,202,235,Tulsa Golden Hurricane,Memphis Tigers,83,66,55.0,36.0,15.0,8.0,60.0,14.0,15.0,15.0
401828188,2026-01-21,2026,0,40,242,218,Rice Owls,Temple Owls,65,69,57.0,7.0,10.0,11.0,58.0,17.0,11.0,6.0
401828189,2026-01-21,2026,0,40,249,2636,North Texas Mean Green,UTSA Roadrunners,81,62,62.0,26.0,20.0,13.0,50.0,24.0,8.0,15.0
401828384,2026-01-21,2026,0,40,2166,2230,Davidson Wildcats,Fordham Rams,68,63,58.0,19.0,13.0,11.0,50.0,7.0,6.0,18.0
401828385,2026-01-21,2026,0,40,2325,2168,La Salle Explorers,Dayton Flyers,67,64,47.0,28.0,10.0,15.0,54.0,18.0,12.0,13.0
401828386,2026-01-21,2026,0,40,257,227,Richmond Spiders,Rhode Island Rams,68,69,52.0,19.0,6.0,13.0,56.0,26.0,14.0,15.0
401828674,2026-01-21,2026,0,40,44,2142,American University Eagles,Colgate Raiders,70,66,53.0,14.0,11.0,19.0,52.0,23.0,9.0,13.0
401828929,2026-01-21,2026,0,40,167,278,New Mexico Lobos,Fresno State Bulldogs,83,74,75.0,15.0,13.0,10.0,54.0,26.0,10.0,22.0
401829208,2026-01-21,2026,0,40,2547,2351,Seattle U Redhawks,Loyola Marymount Lions,69,59,61.0,17.0,8.0,7.0,47.0,16.0,5.0,20.0
401829209,2026-01-21,2026,0,40,2608,204,Saint Mary's Gaels,Oregon State Beavers,81,51,58.0,23.0,13.0,7.0,49.0,27.0,8.0,9.0
401829210,2026-01-21,2026,0,40,2250,2492,Gonzaga Bulldogs,Pepperdine Waves,84,60,66.0,24.0,15.0,7.0,58.0,14.0,10.0,15.0
401829211,2026-01-21,2026,0,40,301,265,San Diego Toreros,Washington State Cougars,96,92,71.0,13.0,15.0,6.0,64.0,25.0,14.0,10.0
401830230,2026-01-21,2026,0,40,71,282,Bradley Braves,Indiana State Sycamores,75,68,63.0,31.0,11.0,3.0,52.0,10.0,3.0,19.0
401830275,2026-01-21,2026,0,40,2181,93,Drake Bulldogs,Murray State Racers,101,90,64.0,41.0,11.0,9.0,68.0,30.0,11.0,11.0
401830276,2026-01-21,2026,0,40,2287,2460,Illinois State Redbirds,Northern Iowa Panthers,59,54,48.0,18.0,10.0,17.0,57.0,14.0,7.0,9.0
401830277,2026-01-21,2026,0,40,2674,79,Valparaiso Beacons,Southern Illinois Salukis,69,63,43.0,30.0,4.0,10.0,51.0,30.0,12.0,11.0
401804893,2026-01-22,2026,0,40,2638,2229,UTEP Miners,Florida International Panthers,83,77,60.0,14.0,9.0,16.0,54.0,27.0,10.0,13.0
401804894,2026-01-22,2026,0,40,166,2623,New Mexico State Aggies,Missouri State Bears,75,84,62.0,20.0,11.0,5.0,53.0,27.0,13.0,11.0
401806448,2026-01-22,2026,0,45,88,2197,Southern Indiana Screaming Eagles,Eastern Illinois Panthers,51,59,57.0,27.0,14.0,17.0,55.0,22.0,7.0,13.0
401806449,2026-01-22,2026,0,40,2815,2635,Lindenwood Lions,Tennessee Tech Golden Eagles,89,68,60.0,20.0,10.0,18.0,60.0,30.0,15.0,16.0
401806450,2026-01-22,2026,0,40,2546,2031,Southeast Missouri State Redhawks,Little Rock Trojans,70,65,53.0,21.0,6.0,11.0,60.0,17.0,8.0,8.0
401806451,2026-01-22,2026,0,40,2413,2710,Morehead State Eagles,Western Illinois Leathernecks,71,66,66.0,20.0,21.0,10.0,61.0,13.0,10.0,7.0
401806452,2026-01-22,2026,0,40,2565,2634,SIU Edwardsville Cougars,Tennessee State Tigers,74,66,48.0,25.0,10.0,13.0,67.0,22.0,21.0,7.0
401807698,2026-01-22,2026,0,40,294,91,Jacksonville Dolphins,Bellarmine Knights,70,77,50.0,17.0,5.0,8.0,52.0,14.0,6.0,11.0
401807699,2026-01-22,2026,0,40,2698,2110,West Georgia Wolves,Central Arkansas Bears,65,86,47.0,18.0,10.0,22.0,57.0,11.0,3.0,8.0
401807700,2026-01-22,2026,0,40,2454,2198,North Florida Ospreys,Eastern Kentucky Colonels,87,85,63.0,17.0,12.0,12.0,67.0,15.0,14.0,11.0
401807701,2026-01-22,2026,0,40,2046,526,Austin Peay Governors,Florida Gulf Coast Eagles,83,62,64.0,15.0,12.0,8.0,59.0,9.0,14.0,18.0
401807702,2026-01-22,2026,0,45,288,56,Lipscomb Bisons,Stetson Hatters,79,74,71.0,19.0,8.0,10.0,65.0,15.0,11.0,18.0
401808458,2026-01-22,2026,0,40,331,2502,Eastern Washington Eagles,Portland State Vikings,61,65,52.0,23.0,8.0,13.0,56.0,13.0,8.0,13.0
401808475,2026-01-22,2026,0,40,70,16,Idaho Vandals,Sacramento State Hornets,86,76,59.0,16.0,8.0,12.0,71.0,17.0,15.0,9.0
401808491,2026-01-22,2026,0,40,147,304,Montana State Bobcats,Idaho State Bengals,74,62,64.0,10.0,12.0,6.0,54.0,18.0,9.0,9.0
401808505,2026-01-22,2026,0,40,149,2692,Montana Grizzlies,Weber State Wildcats,81,65,50.0,10.0,5.0,15.0,51.0,20.0,7.0,11.0
401808628,2026-01-22,2026,0,40,2026,309,App State Mountaineers,Louisiana Ragin' Cajuns,72,58,48.0,15.0,10.0,13.0,58.0,9.0,8.0,6.0
401808629,2026-01-22,2026,0,40,324,326,Coastal Carolina Chanticleers,Texas State Bobcats,72,70,53.0,29.0,7.0,9.0,66.0,21.0,12.0,4.0
401808630,2026-01-22,2026,0,40,290,2032,Georgia Southern Eagles,Arkansas State Red Wolves,68,85,66.0,26.0,16.0,12.0,57.0,23.0,10.0,17.0
401808631,2026-01-22,2026,0,40,2247,2572,Georgia State Panthers,Southern Miss Golden Eagles,69,62,56.0,29.0,12.0,14.0,58.0,19.0,6.0,11.0
401808632,2026-01-22,2026,0,40,256,6,James Madison Dukes,South Alabama Jaguars,83,90,55.0,25.0,7.0,17.0,63.0,39.0,10.0,3.0
401808633,2026-01-22,2026,0,40,276,2433,Marshall Thundering Herd,UL Monroe Warhawks,115,60,76.0,9.0,19.0,13.0,59.0,29.0,11.0,12.0
401809092,2026-01-22,2026,0,40,302,28,UC Davis Aggies,UC San Diego Tritons,74,80,67.0,21.0,12.0,11.0,55.0,27.0,11.0,16.0
401809112,2026-01-22,2026,0,40,27,300,UC Riverside Highlanders,UC Irvine Anteaters,66,80,64.0,16.0,15.0,14.0,59.0,31.0,17.0,14.0
401809143,2026-01-22,2026,0,40,62,2934,Hawai'i Rainbow Warriors,Cal State Bakersfield Roadrunners,98,71,65.0,34.0,17.0,13.0,57.0,39.0,5.0,7.0
401809157,2026-01-22,2026,0,40,2540,13,UC Santa Barbara Gauchos,Cal Poly Mustangs,107,67,63.0,11.0,10.0,9.0,49.0,20.0,5.0,13.0
401812024,2026-01-22,2026,0,40,111,2619,Northeastern Huskies,Stony Brook Seawolves,80,95,65.0,19.0,10.0,8.0,56.0,20.0,10.0,15.0
401812025,2026-01-22,2026,0,40,2448,2275,North Carolina A&T Aggies,Hofstra Pride,79,78,56.0,35.0,16.0,9.0,61.0,20.0,10.0,6.0
401812026,2026-01-22,2026,0,40,2261,2405,Hampton Pirates,Monmouth Hawks,65,63,51.0,22.0,10.0,12.0,55.0,12.0,11.0,16.0
401812027,2026-01-22,2026,0,40,2210,119,Elon Phoenix,Towson Tigers,59,72,51.0,16.0,11.0,13.0,66.0,16.0,21.0,5.0
401812028,2026-01-22,2026,0,40,232,2097,Charleston Cougars,Campbell Fighting Camels,87,83,54.0,29.0,9.0,14.0,66.0,12.0,12.0,13.0
401812029,2026-01-22,2026,0,40,2729,350,William & Mary Tribe,UNC Wilmington Seahawks,77,70,57.0,22.0,6.0,10.0,58.0,33.0,14.0,14.0
401812126,2026-01-22,2026,0,40,311,399,Maine Black Bears,UAlbany Great Danes,52,49,46.0,18.0,5.0,7.0,53.0,8.0,12.0,12.0
401812127,2026-01-22,2026,0,55,160,2066,New Hampshire Wildcats,Binghamton Bearcats,88,82,79.0,29.0,18.0,11.0,67.0,18.0,9.0,16.0
401812128,2026-01-22,2026,0,40,2378,2885,UMBC Retrievers,NJIT Highlanders,87,74,56.0,30.0,6.0,6.0,64.0,23.0,15.0,10.0
401812129,2026-01-22,2026,0,40,2349,261,UMass Lowell River Hawks,Vermont Catamounts,68,77,59.0,15.0,12.0,14.0,64.0,8.0,8.0,7.0
401813335,2026-01-22,2026,0,40,2561,2368,Siena Saints,Marist Red Foxes,69,50,54.0,14.0,8.0,8.0,53.0,5.0,3.0,8.0
401813363,2026-01-22,2026,0,40,2529,2099,Sacred Heart Pioneers,Canisius Golden Griffins,69,66,58.0,12.0,7.0,12.0,63.0,7.0,8.0,11.0
401813388,2026-01-22,2026,0,40,2217,315,Fairfield Stags,Niagara Purple Eagles,62,61,61.0,9.0,13.0,12.0,56.0,8.0,6.0,12.0
401813412,2026-01-22,2026,0,40,116,2514,Mount St. Mary's Mountaineers,Quinnipiac Bobcats,62,77,47.0,21.0,5.0,16.0,61.0,19.0,7.0,9.0
401817634,2026-01-22,2026,0,40,2754,2739,Youngstown State Penguins,Green Bay Phoenix,88,81,54.0,22.0,10.0,10.0,54.0,19.0,7.0,12.0
401817635,2026-01-22,2026,0,40,2523,270,Robert Morris Colonials,Milwaukee Panthers,88,76,53.0,27.0,12.0,16.0,59.0,20.0,8.0,10.0
401818394,2026-01-22,2026,0,40,198,155,Oral Roberts Golden Eagles,North Dakota Fighting Hawks,62,79,48.0,27.0,13.0,18.0,61.0,18.0,10.0,6.0
401818395,2026-01-22,2026,0,40,2172,2449,Denver Pioneers,North Dakota State Bison,77,82,64.0,4.0,8.0,8.0,59.0,15.0,10.0,8.0
401818396,2026-01-22,2026,0,40,2900,2571,St. Thomas Tommies,South Dakota State Jackrabbits,74,69,52.0,24.0,7.0,14.0,60.0,13.0,10.0,13.0
401823180,2026-01-22,2026,0,40,2239,299,Cal State Fullerton Titans,Long Beach State Beach,71,61,49.0,19.0,5.0,13.0,54.0,17.0,9.0,17.0
401824311,2026-01-22,2026,0,40,314,2771,Iona Gaels,Merrimack Warriors,61,60,54.0,15.0,11.0,11.0,54.0,12.0,13.0,13.0
401825463,2026-01-22,2026,0,40,213,275,Penn State Nittany Lions,Wisconsin Badgers,71,98,64.0,23.0,11.0,7.0,71.0,15.0,14.0,7.0
401828190,2026-01-22,2026,0,40,5,58,UAB Blazers,South Florida Bulls,69,82,75.0,25.0,20.0,10.0,65.0,21.0,16.0,16.0
401804895,2026-01-23,2026,0,40,2348,338,Louisiana Tech Bulldogs,Kennesaw State Owls,82,76,55.0,24.0,11.0,11.0,53.0,33.0,13.0,9.0
401804897,2026-01-23,2026,0,40,55,2393,Jacksonville State Gamecocks,Middle Tennessee Blue Raiders,75,58,51.0,19.0,7.0,9.0,55.0,14.0,10.0,8.0
401806457,2026-01-23,2026,0,40,88,2710,Southern Indiana Screaming Eagles,Western Illinois Leathernecks,96,64,67.0,16.0,12.0,12.0,60.0,24.0,8.0,9.0
401807706,2026-01-23,2026,0,40,288,526,Lipscomb Bisons,Florida Gulf Coast Eagles,86,71,55.0,16.0,10.0,10.0,56.0,20.0,11.0,9.0
401807708,2026-01-23,2026,0,40,2046,56,Austin Peay Governors,Stetson Hatters,73,65,59.0,16.0,12.0,12.0,56.0,20.0,10.0,12.0
401808634,2026-01-23,2026,0,40,2026,2433,App State Mountaineers,UL Monroe Warhawks,59,43,70.0,9.0,16.0,11.0,59.0,17.0,10.0,12.0
401809338,2026-01-23,2026,0,40,2193,2643,East Tennessee State Buccaneers,The Citadel Bulldogs,84,55,55.0,17.0,8.0,8.0,53.0,15.0,5.0,10.0
401809340,2026-01-23,2026,0,40,2430,231,UNC Greensboro Spartans,Furman Paladins,66,89,53.0,18.0,7.0,9.0,58.0,12.0,5.0,5.0
401812321,2026-01-23,2026,0,40,2115,161,Central Connecticut Blue Devils,Fairleigh Dickinson Knights,66,76,52.0,13.0,10.0,11.0,54.0,11.0,6.0,5.0
401812340,2026-01-23,2026,0,40,2330,2681,Le Moyne Dolphins,Wagner Seahawks,69,67,52.0,34.0,15.0,8.0,53.0,12.0,10.0,12.0
401812369,2026-01-23,2026,0,40,284,112358,Stonehill Skyhawks,Long Island University Sharks,63,66,56.0,10.0,10.0,15.0,57.0,17.0,7.0,6.0
401812392,2026-01-23,2026,0,40,2598,2130,Saint Francis Red Wolves,Chicago State Cougars,81,60,51.0,16.0,6.0,13.0,67.0,11.0,17.0,13.0
401814534,2026-01-23,2026,0,40,195,2006,Ohio Bobcats,Akron Zips,65,86,61.0,27.0,10.0,9.0,61.0,26.0,11.0,12.0
401814538,2026-01-23,2026,0,40,2084,113,Buffalo Bulls,Massachusetts Minutemen,67,68,52.0,14.0,5.0,12.0,58.0,16.0,12.0,13.0
401820217,2026-01-23,2026,0,40,2441,2385,New Haven Chargers,Mercyhurst Lakers,57,61,43.0,17.0,6.0,14.0,49.0,7.0,3.0,9.0
401822912,2026-01-23,2026,0,40,2086,269,Butler Bulldogs,Marquette Golden Eagles,87,76,57.0,31.0,13.0,11.0,63.0,14.0,13.0,14.0
401823922,2026-01-23,2026,0,45,2344,2127,Longwood Lancers,Charleston Southern Buccaneers,81,79,56.0,34.0,7.0,17.0,63.0,20.0,13.0,22.0
401823923,2026-01-23,2026,0,40,2515,2272,Radford Highlanders,High Point Panthers,83,93,59.0,18.0,10.0,18.0,55.0,33.0,6.0,7.0
401823924,2026-01-23,2026,0,40,2241,2908,Gardner-Webb Runnin' Bulldogs,South Carolina Upstate Spartans,67,65,60.0,13.0,12.0,12.0,56.0,22.0,11.0,11.0
401825464,2026-01-23,2026,0,40,130,194,Michigan Wolverines,Ohio State Buckeyes,74,62,52.0,25.0,12.0,14.0,59.0,9.0,12.0,13.0
401825465,2026-01-23,2026,0,40,164,84,Rutgers Scarlet Knights,Indiana Hoosiers,59,82,58.0,14.0,9.0,5.0,60.0,7.0,11.0,5.0
401828191,2026-01-23,2026,0,40,249,151,North Texas Mean Green,East Carolina Pirates,59,63,63.0,16.0,12.0,7.0,47.0,23.0,13.0,18.0
401828194,2026-01-23,2026,0,40,2429,2655,Charlotte 49ers,Tulane Green Wave,73,70,51.0,18.0,10.0,17.0,51.0,24.0,2.0,9.0
401828387,2026-01-23,2026,0,40,179,139,St. Bonaventure Bonnies,Saint Louis Billikens,62,97,61.0,24.0,12.0,11.0,64.0,9.0,9.0,10.0
401830829,2026-01-23,2026,0,40,36,328,Colorado State Rams,Utah State Aggies,61,65,43.0,10.0,7.0,21.0,56.0,5.0,6.0,10.0
401804896,2026-01-24,2026,0,40,2534,98,Sam Houston Bearkats,Western Kentucky Hilltoppers,73,58,59.0,20.0,11.0,9.0,51.0,16.0,10.0,19.0
401804898,2026-01-24,2026,0,40,166,2229,New Mexico State Aggies,Florida International Panthers,78,81,72.0,27.0,22.0,15.0,62.0,28.0,8.0,6.0
401804899,2026-01-24,2026,0,40,2638,2623,UTEP Miners,Missouri State Bears,57,62,50.0,15.0,3.0,10.0,45.0,23.0,6.0,15.0
401804900,2026-01-24,2026,0,40,2335,48,Liberty Flames,Delaware Blue Hens,67,51,51.0,13.0,5.0,6.0,41.0,13.0,1.0,16.0
401805179,2026-01-24,2026,0,40,3101,253,Utah Tech Trailblazers,Southern Utah Thunderbirds,102,91,72.0,20.0,12.0,3.0,58.0,30.0,9.0,9.0
401805180,2026-01-24,2026,0,45,2856,3084,California Baptist Lancers,Utah Valley Wolverines,78,71,52.0,31.0,9.0,17.0,61.0,32.0,13.0,14.0
401806453,2026-01-24,2026,0,40,2413,2197,Morehead State Eagles,Eastern Illinois Panthers,73,68,46.0,24.0,12.0,17.0,58.0,24.0,19.0,12.0
401806454,2026-01-24,2026,0,40,2815,2634,Lindenwood Lions,Tennessee State Tigers,86,96,58.0,22.0,7.0,16.0,68.0,10.0,9.0,15.0
401806456,2026-01-24,2026,0,40,2565,2635,SIU Edwardsville Cougars,Tennessee Tech Golden Eagles,62,58,55.0,15.0,12.0,8.0,58.0,15.0,13.0,6.0
401807703,2026-01-24,2026,0,45,2454,91,North Florida Ospreys,Bellarmine Knights,117,114,63.0,23.0,6.0,9.0,72.0,20.0,6.0,6.0
401807705,2026-01-24,2026,0,45,294,2198,Jacksonville Dolphins,Eastern Kentucky Colonels,81,76,52.0,30.0,11.0,14.0,52.0,28.0,12.0,15.0
401807707,2026-01-24,2026,0,40,2698,2511,West Georgia Wolves,Queens University Royals,74,66,57.0,22.0,13.0,12.0,60.0,17.0,13.0,12.0
401808192,2026-01-24,2026,0,40,8,99,Arkansas Razorbacks,LSU Tigers,85,81,60.0,18.0,8.0,8.0,61.0,25.0,13.0,9.0
401808193,2026-01-24,2026,0,40,57,2,Florida Gators,Auburn Tigers,67,76,59.0,27.0,17.0,11.0,54.0,21.0,8.0,9.0
401808194,2026-01-24,2026,0,40,96,145,Kentucky Wildcats,Ole Miss Rebels,72,63,50.0,38.0,14.0,12.0,65.0,21.0,17.0,10.0
401808195,2026-01-24,2026,0,40,344,238,Mississippi State Bulldogs,Vanderbilt Commodores,56,88,58.0,17.0,9.0,17.0,65.0,11.0,5.0,9.0
401808196,2026-01-24,2026,0,45,142,201,Missouri Tigers,Oklahoma Sooners,88,87,65.0,33.0,17.0,12.0,54.0,30.0,5.0,12.0
401808197,2026-01-24,2026,0,40,245,2579,Texas A&M Aggies,South Carolina Gamecocks,92,69,69.0,10.0,13.0,9.0,61.0,12.0,7.0,10.0
401808198,2026-01-24,2026,0,40,251,61,Texas Longhorns,Georgia Bulldogs,87,67,60.0,12.0,11.0,12.0,51.0,25.0,11.0,13.0
401808199,2026-01-24,2026,0,40,333,2633,Alabama Crimson Tide,Tennessee Volunteers,73,79,58.0,24.0,10.0,7.0,60.0,25.0,14.0,10.0
401808459,2026-01-24,2026,0,40,331,16,Eastern Washington Eagles,Sacramento State Hornets,75,67,57.0,18.0,10.0,10.0,44.0,28.0,5.0,12.0
401808476,2026-01-24,2026,0,40,70,2502,Idaho Vandals,Portland State Vikings,66,69,51.0,25.0,9.0,13.0,54.0,16.0,4.0,10.0
401808492,2026-01-24,2026,0,40,149,304,Montana Grizzlies,Idaho State Bengals,69,60,57.0,9.0,5.0,11.0,58.0,15.0,11.0,13.0
401808516,2026-01-24,2026,0,40,147,2692,Montana State Bobcats,Weber State Wildcats,91,88,58.0,21.0,9.0,12.0,60.0,19.0,7.0,8.0
401808526,2026-01-24,2026,0,40,2464,2458,Northern Arizona Lumberjacks,Northern Colorado Bears,81,77,49.0,19.0,4.0,8.0,58.0,7.0,14.0,15.0
401808635,2026-01-24,2026,0,40,324,2572,Coastal Carolina Chanticleers,Southern Miss Golden Eagles,85,67,51.0,17.0,6.0,15.0,54.0,23.0,5.0,7.0
401808636,2026-01-24,2026,0,40,290,2653,Georgia Southern Eagles,Troy Trojans,78,83,56.0,17.0,9.0,8.0,57.0,24.0,17.0,13.0
401808637,2026-01-24,2026,0,40,2247,2032,Georgia State Panthers,Arkansas State Red Wolves,82,81,53.0,22.0,4.0,7.0,57.0,19.0,12.0,14.0
401808638,2026-01-24,2026,0,40,256,326,James Madison Dukes,Texas State Bobcats,82,57,57.0,11.0,10.0,11.0,57.0,21.0,11.0,7.0
401808879,2026-01-24,2026,0,40,2377,2443,McNeese Cowboys,LSU New Orleans Privateers,82,63,63.0,30.0,19.0,10.0,44.0,25.0,8.0,23.0
401808925,2026-01-24,2026,0,40,2545,2447,SE Louisiana Lions,Nicholls Colonels,67,61,53.0,29.0,15.0,18.0,56.0,24.0,10.0,14.0
401808970,2026-01-24,2026,0,40,2320,2617,Lamar Cardinals,Stephen F. Austin Lumberjacks,81,88,61.0,15.0,12.0,11.0,57.0,21.0,6.0,6.0
401808979,2026-01-24,2026,0,40,2277,292,Houston Christian Huskies,UT Rio Grande Valley Vaqueros,51,68,47.0,8.0,9.0,19.0,53.0,4.0,5.0,11.0
401809093,2026-01-24,2026,0,40,28,300,UC San Diego Tritons,UC Irvine Anteaters,59,61,65.0,9.0,8.0,9.0,62.0,13.0,8.0,10.0
401809129,2026-01-24,2026,0,40,302,27,UC Davis Aggies,UC Riverside Highlanders,74,66,50.0,25.0,7.0,13.0,57.0,19.0,10.0,13.0
401809144,2026-01-24,2026,0,40,62,2463,Hawai'i Rainbow Warriors,Cal State Northridge Matadors,89,68,60.0,29.0,13.0,17.0,71.0,19.0,17.0,14.0
401809158,2026-01-24,2026,0,40,13,2239,Cal Poly Mustangs,Cal State Fullerton Titans,78,93,62.0,15.0,15.0,19.0,64.0,26.0,13.0,11.0
401809339,2026-01-24,2026,0,40,2535,236,Samford Bulldogs,Chattanooga Mocs,75,64,52.0,36.0,9.0,4.0,48.0,21.0,5.0,7.0
401809341,2026-01-24,2026,0,40,2717,2678,Western Carolina Catamounts,VMI Keydets,88,58,72.0,3.0,20.0,4.0,53.0,6.0,5.0,8.0
401809342,2026-01-24,2026,0,40,2747,2382,Wofford Terriers,Mercer Bears,80,77,64.0,15.0,13.0,11.0,59.0,22.0,9.0,10.0
401812030,2026-01-24,2026,0,40,2182,111,Drexel Dragons,Northeastern Huskies,83,78,58.0,28.0,9.0,7.0,62.0,18.0,9.0,8.0
401812031,2026-01-24,2026,0,40,2729,2275,William & Mary Tribe,Hofstra Pride,89,82,71.0,13.0,16.0,5.0,69.0,15.0,16.0,8.0
401812032,2026-01-24,2026,0,40,2097,2405,Campbell Fighting Camels,Monmouth Hawks,73,88,61.0,26.0,10.0,8.0,55.0,25.0,11.0,17.0
401812033,2026-01-24,2026,0,40,2448,119,North Carolina A&T Aggies,Towson Tigers,80,73,47.0,33.0,6.0,15.0,56.0,29.0,10.0,11.0
401812034,2026-01-24,2026,0,40,232,2210,Charleston Cougars,Elon Phoenix,80,70,55.0,26.0,12.0,16.0,63.0,18.0,11.0,12.0
401812035,2026-01-24,2026,0,40,2261,350,Hampton Pirates,UNC Wilmington Seahawks,67,75,58.0,8.0,10.0,8.0,49.0,27.0,10.0,8.0
401812130,2026-01-24,2026,0,40,160,399,New Hampshire Wildcats,UAlbany Great Danes,80,72,55.0,17.0,9.0,11.0,48.0,23.0,10.0,16.0
401812131,2026-01-24,2026,0,40,311,2066,Maine Black Bears,Binghamton Bearcats,79,63,52.0,12.0,5.0,7.0,44.0,16.0,4.0,16.0
401812132,2026-01-24,2026,0,40,2378,2349,UMBC Retrievers,UMass Lowell River Hawks,79,56,55.0,20.0,6.0,9.0,62.0,9.0,10.0,9.0
401812133,2026-01-24,2026,0,40,2803,261,Bryant Bulldogs,Vermont Catamounts,52,62,47.0,22.0,11.0,8.0,52.0,20.0,16.0,6.0
401812589,2026-01-24,2026,0,40,219,43,Pennsylvania Quakers,Yale Bulldogs,60,77,55.0,18.0,9.0,11.0,61.0,16.0,14.0,13.0
401812616,2026-01-24,2026,0,40,108,172,Harvard Crimson,Cornell Big Red,79,86,55.0,18.0,8.0,9.0,51.0,26.0,8.0,11.0
401813314,2026-01-24,2026,0,40,314,2363,Iona Gaels,Manhattan Jaspers,66,57,56.0,16.0,12.0,12.0,60.0,15.0,12.0,11.0
401813336,2026-01-24,2026,0,40,2368,2514,Marist Red Foxes,Quinnipiac Bobcats,71,64,51.0,16.0,4.0,12.0,62.0,18.0,12.0,7.0
401813364,2026-01-24,2026,0,40,2217,2099,Fairfield Stags,Canisius Golden Griffins,61,55,55.0,16.0,15.0,12.0,65.0,8.0,20.0,14.0
401813389,2026-01-24,2026,0,40,2529,315,Sacred Heart Pioneers,Niagara Purple Eagles,71,70,54.0,16.0,4.0,9.0,53.0,7.0,5.0,14.0
401813413,2026-01-24,2026,0,40,116,2520,Mount St. Mary's Mountaineers,Rider Broncs,71,61,46.0,23.0,8.0,12.0,63.0,19.0,19.0,8.0
401814535,2026-01-24,2026,0,40,2649,189,Toledo Rockets,Bowling Green Falcons,73,72,67.0,12.0,11.0,7.0,55.0,12.0,10.0,16.0
401814536,2026-01-24,2026,0,40,2711,2117,Western Michigan Broncos,Central Michigan Chippewas,77,65,54.0,33.0,10.0,7.0,58.0,26.0,12.0,11.0
401814537,2026-01-24,2026,0,50,2199,2309,Eastern Michigan Eagles,Kent State Golden Flashes,75,76,77.0,17.0,16.0,9.0,58.0,28.0,11.0,18.0
401814539,2026-01-24,2026,0,40,2050,2459,Ball State Cardinals,Northern Illinois Huskies,58,53,47.0,18.0,5.0,8.0,52.0,17.0,10.0,11.0
401817636,2026-01-24,2026,0,40,2523,2739,Robert Morris Colonials,Green Bay Phoenix,67,71,57.0,12.0,11.0,10.0,53.0,13.0,7.0,10.0
401817637,2026-01-24,2026,0,40,2754,270,Youngstown State Penguins,Milwaukee Panthers,64,65,53.0,20.0,11.0,16.0,58.0,16.0,9.0,11.0
401817638,2026-01-24,2026,0,40,2750,94,Wright State Raiders,Northern Kentucky Norse,88,80,54.0,36.0,12.0,10.0,58.0,16.0,8.0,14.0
401817639,2026-01-24,2026,0,40,2174,2473,Detroit Mercy Titans,Oakland Golden Grizzlies,87,95,68.0,8.0,13.0,11.0,61.0,26.0,10.0,5.0
401818397,2026-01-24,2026,0,40,2172,155,Denver Pioneers,North Dakota Fighting Hawks,86,93,56.0,27.0,8.0,13.0,60.0,32.0,12.0,9.0
401818398,2026-01-24,2026,0,40,198,2449,Oral Roberts Golden Eagles,North Dakota State Bison,58,86,51.0,9.0,7.0,14.0,61.0,9.0,9.0,6.0
401818399,2026-01-24,2026,0,40,140,2437,Kansas City Roos,Omaha Mavericks,60,77,60.0,15.0,9.0,15.0,60.0,22.0,13.0,17.0
401818400,2026-01-24,2026,0,40,233,2900,South Dakota Coyotes,St. Thomas Tommies,78,90,59.0,24.0,7.0,7.0,56.0,26.0,10.0,10.0
401818541,2026-01-24,2026,0,40,159,171,Dartmouth Big Green,Columbia Lions,69,79,59.0,19.0,8.0,10.0,61.0,29.0,11.0,9.0
401818560,2026-01-24,2026,0,40,163,225,Princeton Tigers,Brown Bears,63,53,56.0,22.0,11.0,7.0,61.0,13.0,12.0,10.0
401820167,2026-01-24,2026,0,40,2426,349,Navy Midshipmen,Army Black Knights,84,56,50.0,20.0,10.0,13.0,53.0,12.0,8.0,13.0
401820200,2026-01-24,2026,0,40,2352,2083,Loyola Maryland Greyhounds,Bucknell Bison,67,62,48.0,22.0,9.0,14.0,59.0,11.0,10.0,9.0
401820491,2026-01-24,2026,0,40,2916,357,Incarnate Word Cardinals,Texas A&M-Corpus Christi Islanders,71,79,58.0,15.0,12.0,17.0,48.0,36.0,13.0,15.0
401820565,2026-01-24,2026,0,40,68,2005,Boise State Broncos,Air Force Falcons,96,54,58.0,25.0,11.0,4.0,48.0,11.0,4.0,12.0
401820689,2026-01-24,2026,0,40,150,154,Duke Blue Devils,Wake Forest Demon Deacons,90,69,62.0,24.0,16.0,9.0,54.0,13.0,6.0,9.0
401820690,2026-01-24,2026,0,40,59,228,Georgia Tech Yellow Jackets,Clemson Tigers,63,77,57.0,17.0,9.0,9.0,61.0,13.0,9.0,10.0
401820691,2026-01-24,2026,0,40,97,259,Louisville Cardinals,Virginia Tech Hokies,85,71,66.0,13.0,15.0,15.0,62.0,8.0,9.0,13.0
401820692,2026-01-24,2026,0,40,87,103,Notre Dame Fighting Irish,Boston College Eagles,68,64,59.0,22.0,13.0,8.0,58.0,14.0,10.0,9.0
401820693,2026-01-24,2026,0,40,221,152,Pittsburgh Panthers,NC State Wolfpack,72,81,68.0,25.0,26.0,14.0,55.0,27.0,8.0,8.0
401820694,2026-01-24,2026,0,40,2567,52,SMU Mustangs,Florida State Seminoles,83,80,63.0,23.0,13.0,7.0,71.0,15.0,18.0,8.0
401820695,2026-01-24,2026,0,40,24,25,Stanford Cardinal,California Golden Bears,66,78,66.0,31.0,16.0,7.0,58.0,25.0,9.0,10.0
401820696,2026-01-24,2026,0,40,183,2390,Syracuse Orange,Miami Hurricanes,76,85,61.0,15.0,5.0,6.0,54.0,15.0,8.0,16.0
401820697,2026-01-24,2026,0,40,258,153,Virginia Cavaliers,North Carolina Tar Heels,80,85,64.0,20.0,16.0,11.0,61.0,22.0,8.0,4.0
401822771,2026-01-24,2026,0,40,2450,2154,Norfolk State Spartans,Coppin State Eagles,103,76,49.0,43.0,9.0,19.0,56.0,38.0,12.0,19.0
401822913,2026-01-24,2026,0,45,41,222,UConn Huskies,Villanova Wildcats,75,67,61.0,22.0,16.0,9.0,59.0,22.0,16.0,11.0
401822914,2026-01-24,2026,0,40,2752,2599,Xavier Musketeers,St. John's Red Storm,83,88,61.0,19.0,5.0,12.0,68.0,23.0,13.0,10.0
401822915,2026-01-24,2026,0,40,305,2550,DePaul Blue Demons,Seton Hall Pirates,67,60,42.0,34.0,7.0,13.0,61.0,17.0,10.0,10.0
401822916,2026-01-24,2026,0,40,2507,46,Providence Friars,Georgetown Hoyas,78,81,57.0,21.0,11.0,8.0,62.0,11.0,9.0,7.0
401823337,2026-01-24,2026,0,40,299,2540,Long Beach State Beach,UC Santa Barbara Gauchos,71,74,51.0,16.0,4.0,8.0,56.0,16.0,9.0,8.0
401823777,2026-01-24,2026,0,40,2439,21,UNLV Rebels,San Diego State Aztecs,71,82,51.0,22.0,7.0,13.0,46.0,26.0,3.0,13.0
401823797,2026-01-24,2026,0,40,278,2253,Fresno State Bulldogs,Grand Canyon Lopes,57,68,53.0,26.0,9.0,12.0,58.0,25.0,17.0,11.0
401823849,2026-01-24,2026,0,40,2771,2612,Merrimack Warriors,Saint Peter's Peacocks,67,59,47.0,25.0,7.0,11.0,64.0,24.0,28.0,16.0
401823925,2026-01-24,2026,0,40,2506,2737,Presbyterian Blue Hose,Winthrop Eagles,72,82,56.0,25.0,9.0,14.0,63.0,35.0,15.0,5.0
401824369,2026-01-24,2026,0,45,2142,104,Colgate Raiders,Boston University Terriers,80,79,64.0,12.0,12.0,14.0,53.0,27.0,5.0,13.0
401824389,2026-01-24,2026,0,40,107,44,Holy Cross Crusaders,American University Eagles,67,76,52.0,14.0,7.0,14.0,59.0,12.0,8.0,7.0
401825466,2026-01-24,2026,0,40,127,120,Michigan State Spartans,Maryland Terrapins,91,48,56.0,19.0,9.0,8.0,54.0,11.0,9.0,11.0
401825467,2026-01-24,2026,0,40,135,158,Minnesota Golden Gophers,Nebraska Cornhuskers,57,76,53.0,12.0,7.0,13.0,61.0,9.0,8.0,8.0
401825468,2026-01-24,2026,0,40,2509,356,Purdue Boilermakers,Illinois Fighting Illini,82,88,58.0,11.0,3.0,3.0,56.0,22.0,13.0,10.0
401825469,2026-01-24,2026,0,40,26,77,UCLA Bruins,Northwestern Wildcats,71,64,53.0,21.0,8.0,10.0,53.0,20.0,8.0,9.0
401827026,2026-01-24,2026,0,40,2582,2029,Southern Jaguars,Arkansas-Pine Bluff Golden Lions,74,75,58.0,26.0,15.0,13.0,51.0,28.0,6.0,12.0
401827052,2026-01-24,2026,0,40,2504,2011,Prairie View A&M Panthers,Alabama State Hornets,80,95,54.0,34.0,8.0,23.0,66.0,23.0,8.0,14.0
401827117,2026-01-24,2026,0,40,2065,2296,Bethune-Cookman Wildcats,Jackson State Tigers,85,48,67.0,22.0,15.0,11.0,67.0,10.0,11.0,13.0
401827204,2026-01-24,2026,0,40,2640,2010,Texas Southern Tigers,Alabama A&M Bulldogs,89,74,58.0,24.0,8.0,7.0,52.0,20.0,7.0,12.0
401827639,2026-01-24,2026,0,40,12,277,Arizona Wildcats,West Virginia Mountaineers,88,53,59.0,23.0,8.0,5.0,64.0,4.0,8.0,11.0
401827640,2026-01-24,2026,0,40,9,2132,Arizona State Sun Devils,Cincinnati Bearcats,82,68,57.0,21.0,8.0,11.0,60.0,15.0,13.0,15.0
401827641,2026-01-24,2026,0,40,239,2628,Baylor Bears,TCU Horned Frogs,90,97,56.0,36.0,12.0,18.0,54.0,43.0,6.0,11.0
401827642,2026-01-24,2026,0,40,252,254,BYU Cougars,Utah Utes,91,78,60.0,23.0,14.0,8.0,59.0,11.0,6.0,6.0
401827643,2026-01-24,2026,0,40,38,2116,Colorado Buffaloes,UCF Knights,86,95,56.0,22.0,4.0,9.0,54.0,21.0,7.0,12.0
401827644,2026-01-24,2026,0,40,2306,2305,Kansas State Wildcats,Kansas Jayhawks,62,86,61.0,14.0,13.0,8.0,58.0,24.0,12.0,10.0
401827645,2026-01-24,2026,0,40,197,66,Oklahoma State Cowboys,Iowa State Cyclones,71,84,56.0,23.0,11.0,14.0,51.0,27.0,11.0,18.0
401827646,2026-01-24,2026,0,40,2641,248,Texas Tech Red Raiders,Houston Cougars,90,86,62.0,30.0,21.0,10.0,60.0,21.0,11.0,6.0
401828192,2026-01-24,2026,0,40,2724,235,Wichita State Shockers,Memphis Tigers,74,59,67.0,8.0,12.0,13.0,59.0,11.0,9.0,17.0
401828193,2026-01-24,2026,0,40,2636,218,UTSA Roadrunners,Temple Owls,64,70,64.0,8.0,15.0,11.0,54.0,22.0,12.0,9.0
401828196,2026-01-24,2026,0,40,242,202,Rice Owls,Tulsa Golden Hurricane,81,87,60.0,14.0,13.0,13.0,56.0,28.0,13.0,10.0
401828388,2026-01-24,2026,0,40,2166,2670,Davidson Wildcats,VCU Rams,69,75,58.0,14.0,10.0,7.0,51.0,20.0,11.0,12.0
401828389,2026-01-24,2026,0,40,2603,2168,Saint Joseph's Hawks,Dayton Flyers,81,74,60.0,26.0,10.0,12.0,64.0,15.0,11.0,15.0
401828390,2026-01-24,2026,0,40,2350,2184,Loyola Chicago Ramblers,Duquesne Dukes,59,71,53.0,19.0,6.0,11.0,53.0,22.0,5.0,10.0
401828391,2026-01-24,2026,0,40,227,2244,Rhode Island Rams,George Mason Patriots,74,65,50.0,29.0,7.0,4.0,47.0,24.0,9.0,9.0
401828392,2026-01-24,2026,0,40,45,257,George Washington Revolutionaries,Richmond Spiders,85,69,60.0,15.0,11.0,11.0,61.0,14.0,12.0,11.0
401828691,2026-01-24,2026,0,40,47,2415,Howard Bison,Morgan State Bears,77,78,68.0,40.0,25.0,17.0,70.0,29.0,18.0,17.0
401829212,2026-01-24,2026,0,40,265,2492,Washington State Cougars,Pepperdine Waves,95,79,64.0,15.0,13.0,12.0,56.0,15.0,6.0,15.0
401829213,2026-01-24,2026,0,40,2501,2608,Portland Pilots,Saint Mary's Gaels,69,75,55.0,17.0,7.0,9.0,55.0,18.0,11.0,12.0
401829214,2026-01-24,2026,0,40,2250,2539,Gonzaga Bulldogs,San Francisco Dons,68,66,61.0,22.0,10.0,7.0,55.0,13.0,9.0,15.0
401829215,2026-01-24,2026,0,40,301,2541,San Diego Toreros,Santa Clara Broncos,73,85,71.0,19.0,17.0,12.0,52.0,17.0,7.0,21.0
401829216,2026-01-24,2026,0,40,279,2547,Pacific Tigers,Seattle U Redhawks,56,54,52.0,14.0,11.0,15.0,49.0,10.0,4.0,13.0
401829316,2026-01-24,2026,0,40,167,2440,New Mexico Lobos,Nevada Wolf Pack,80,73,62.0,27.0,13.0,9.0,60.0,21.0,12.0,12.0
401829329,2026-01-24,2026,0,40,2751,23,Wyoming Cowboys,San José State Spartans,66,62,49.0,27.0,11.0,11.0,55.0,16.0,6.0,8.0
401829417,2026-01-24,2026,0,40,2329,322,Lehigh Mountain Hawks,Lafayette Leopards,64,59,52.0,13.0,8.0,16.0,58.0,19.0,11.0,9.0
401829687,2026-01-24,2026,0,40,50,2016,Florida A&M Rattlers,Alcorn State Braves,66,58,49.0,14.0,9.0,19.0,51.0,15.0,8.0,17.0
401830207,2026-01-24,2026,0,40,2057,2287,Belmont Bruins,Illinois State Redbirds,80,69,50.0,21.0,3.0,14.0,58.0,20.0,13.0,14.0
401830229,2026-01-24,2026,0,40,71,82,Bradley Braves,UIC Flames,70,85,52.0,22.0,7.0,9.0,60.0,16.0,11.0,10.0
401830278,2026-01-24,2026,0,40,282,2181,Indiana State Sycamores,Drake Bulldogs,62,76,56.0,17.0,8.0,18.0,62.0,24.0,10.0,9.0
401830279,2026-01-24,2026,0,40,2460,93,Northern Iowa Panthers,Murray State Racers,81,76,54.0,21.0,6.0,8.0,62.0,20.0,14.0,9.0
401820218,2026-01-25,2026,0,40,2385,2130,Mercyhurst Lakers,Chicago State Cougars,61,59,50.0,7.0,7.0,12.0,56.0,11.0,10.0,6.0
401825470,2026-01-25,2026,0,40,264,2483,Washington Huskies,Oregon Ducks,72,57,65.0,13.0,18.0,11.0,42.0,28.0,1.0,10.0
401825471,2026-01-25,2026,0,40,275,30,Wisconsin Badgers,USC Trojans,71,73,67.0,20.0,18.0,6.0,61.0,23.0,13.0,5.0
401828195,2026-01-25,2026,0,40,58,2226,South Florida Bulls,Florida Atlantic Owls,89,75,68.0,31.0,21.0,10.0,66.0,19.0,15.0,10.0
401808980,2026-01-26,2026,0,40,357,292,Texas A&M-Corpus Christi Islanders,UT Rio Grande Valley Vaqueros,55,64,47.0,41.0,15.0,13.0,49.0,25.0,11.0,13.0
401812322,2026-01-26,2026,0,40,161,2330,Fairleigh Dickinson Knights,Le Moyne Dolphins,74,87,65.0,31.0,17.0,5.0,43.0,28.0,3.0,12.0
401812406,2026-01-26,2026,0,40,284,2115,Stonehill Skyhawks,Central Connecticut Blue Devils,61,59,52.0,24.0,10.0,13.0,55.0,4.0,5.0,13.0
401820698,2026-01-26,2026,0,40,150,97,Duke Blue Devils,Louisville Cardinals,83,52,61.0,18.0,15.0,12.0,54.0,13.0,9.0,12.0
401820816,2026-01-26,2026,0,40,252,12,BYU Cougars,Arizona Wildcats,83,86,72.0,19.0,16.0,12.0,53.0,32.0,7.0,13.0
401825472,2026-01-26,2026,0,40,194,213,Ohio State Buckeyes,Penn State Nittany Lions,84,78,54.0,21.0,5.0,9.0,50.0,21.0,9.0,18.0
401827118,2026-01-26,2026,0,40,2065,2016,Bethune-Cookman Wildcats,Alcorn State Braves,82,73,55.0,26.0,8.0,12.0,67.0,12.0,12.0,9.0
401828665,2026-01-26,2026,0,40,50,2296,Florida A&M Rattlers,Jackson State Tigers,65,66,59.0,17.0,12.0,9.0,52.0,21.0,13.0,11.0
401828692,2026-01-26,2026,0,40,2450,2415,Norfolk State Spartans,Morgan State Bears,78,79,70.0,27.0,16.0,9.0,54.0,26.0,4.0,14.0
401829286,2026-01-26,2026,0,40,2569,2169,South Carolina State Bulldogs,Delaware State Hornets,70,64,46.0,28.0,5.0,12.0,57.0,26.0,9.0,11.0
401808204,2026-01-27,2026,0,40,333,142,Alabama Crimson Tide,Missouri Tigers,90,64,62.0,26.0,8.0,7.0,66.0,23.0,15.0,13.0
401808205,2026-01-27,2026,0,40,238,96,Vanderbilt Commodores,Kentucky Wildcats,80,55,62.0,25.0,13.0,9.0,59.0,19.0,13.0,15.0
401808206,2026-01-27,2026,0,40,201,8,Oklahoma Sooners,Arkansas Razorbacks,79,83,63.0,12.0,11.0,12.0,63.0,13.0,7.0,6.0
401808880,2026-01-27,2026,0,40,2545,2377,SE Louisiana Lions,McNeese Cowboys,66,76,39.0,36.0,7.0,18.0,49.0,29.0,9.0,12.0
401808909,2026-01-27,2026,0,40,2447,2443,Nicholls Colonels,LSU New Orleans Privateers,62,80,61.0,15.0,9.0,14.0,57.0,26.0,14.0,18.0
401808941,2026-01-27,2026,0,40,2617,2466,Stephen F. Austin Lumberjacks,Northwestern State Demons,69,67,61.0,18.0,9.0,10.0,68.0,13.0,12.0,10.0
401814540,2026-01-27,2026,0,40,189,2084,Bowling Green Falcons,Buffalo Bulls,78,89,62.0,15.0,11.0,10.0,52.0,22.0,6.0,9.0
401814541,2026-01-27,2026,0,40,2117,2199,Central Michigan Chippewas,Eastern Michigan Eagles,100,65,64.0,26.0,9.0,9.0,51.0,21.0,5.0,19.0
401814542,2026-01-27,2026,0,40,2309,195,Kent State Golden Flashes,Ohio Bobcats,72,57,53.0,35.0,17.0,20.0,64.0,17.0,11.0,10.0
401814543,2026-01-27,2026,0,40,193,113,Miami (OH) RedHawks,Massachusetts Minutemen,86,84,51.0,38.0,11.0,9.0,61.0,17.0,12.0,10.0
401814544,2026-01-27,2026,0,40,2006,2649,Akron Zips,Toledo Rockets,91,81,68.0,14.0,17.0,12.0,56.0,13.0,7.0,15.0
401814545,2026-01-27,2026,0,40,2459,2711,Northern Illinois Huskies,Western Michigan Broncos,85,65,64.0,10.0,17.0,9.0,52.0,27.0,15.0,11.0
401820479,2026-01-27,2026,0,40,2277,2916,Houston Christian Huskies,Incarnate Word Cardinals,81,75,54.0,37.0,15.0,14.0,58.0,22.0,15.0,20.0
401820699,2026-01-27,2026,0,40,259,59,Virginia Tech Hokies,Georgia Tech Yellow Jackets,71,65,65.0,26.0,14.0,8.0,57.0,17.0,10.0,14.0
401820702,2026-01-27,2026,0,40,152,183,NC State Wolfpack,Syracuse Orange,88,68,65.0,18.0,15.0,11.0,67.0,16.0,15.0,11.0
401820703,2026-01-27,2026,0,50,87,258,Notre Dame Fighting Irish,Virginia Cavaliers,97,100,61.0,34.0,9.0,10.0,65.0,35.0,14.0,11.0
401820704,2026-01-27,2026,0,45,221,154,Pittsburgh Panthers,Wake Forest Demon Deacons,80,76,68.0,25.0,16.0,8.0,59.0,19.0,9.0,13.0
401822917,2026-01-27,2026,0,40,269,156,Marquette Golden Eagles,Creighton Bluejays,86,62,59.0,19.0,6.0,6.0,64.0,4.0,10.0,14.0
401822918,2026-01-27,2026,0,40,41,2507,UConn Huskies,Providence Friars,87,81,65.0,28.0,15.0,10.0,54.0,31.0,9.0,11.0
401823798,2026-01-27,2026,0,45,2440,2253,Nevada Wolf Pack,Grand Canyon Lopes,66,60,64.0,26.0,13.0,9.0,58.0,15.0,8.0,15.0
401823826,2026-01-27,2026,0,40,23,68,San José State Spartans,Boise State Broncos,58,89,53.0,18.0,8.0,12.0,56.0,25.0,10.0,10.0
401825473,2026-01-27,2026,0,40,84,2509,Indiana Hoosiers,Purdue Boilermakers,72,67,50.0,19.0,6.0,8.0,54.0,15.0,9.0,10.0
401825474,2026-01-27,2026,0,40,130,158,Michigan Wolverines,Nebraska Cornhuskers,75,72,53.0,23.0,9.0,19.0,63.0,4.0,7.0,11.0
401825475,2026-01-27,2026,0,45,164,127,Rutgers Scarlet Knights,Michigan State Spartans,79,88,62.0,23.0,6.0,5.0,57.0,26.0,13.0,15.0
401827164,2026-01-27,2026,0,40,2640,2011,Texas Southern Tigers,Alabama State Hornets,96,64,60.0,26.0,11.0,11.0,64.0,29.0,14.0,10.0
401827647,2026-01-27,2026,0,40,2116,9,UCF Knights,Arizona State Sun Devils,79,76,65.0,19.0,13.0,9.0,55.0,20.0,5.0,10.0
401827648,2026-01-27,2026,0,40,277,2306,West Virginia Mountaineers,Kansas State Wildcats,59,54,55.0,9.0,10.0,13.0,56.0,4.0,7.0,10.0
401828393,2026-01-27,2026,0,45,2168,227,Dayton Flyers,Rhode Island Rams,76,81,43.0,33.0,7.0,23.0,53.0,36.0,10.0,15.0
401828394,2026-01-27,2026,0,40,139,45,Saint Louis Billikens,George Washington Revolutionaries,79,76,63.0,22.0,13.0,14.0,65.0,21.0,12.0,14.0
401828395,2026-01-27,2026,0,40,2350,2603,Loyola Chicago Ramblers,Saint Joseph's Hawks,64,85,66.0,11.0,15.0,10.0,64.0,6.0,9.0,8.0
401828396,2026-01-27,2026,0,40,2670,257,VCU Rams,Richmond Spiders,77,69,53.0,27.0,12.0,7.0,57.0,14.0,12.0,9.0
401830281,2026-01-27,2026,0,40,82,282,UIC Flames,Indiana State Sycamores,76,74,59.0,20.0,12.0,11.0,57.0,8.0,14.0,21.0
401830322,2026-01-27,2026,0,40,2439,167,UNLV Rebels,New Mexico Lobos,61,89,59.0,17.0,7.0,16.0,65.0,18.0,10.0,10.0
401858319,2026-01-27,2026,0,40,2504,2010,Prairie View A&M Panthers,Alabama A&M Bulldogs,60,80,66.0,12.0,15.0,11.0,58.0,13.0,7.0,12.0
401858320,2026-01-27,2026,0,40,2320,2837,Lamar Cardinals,East Texas A&M Lions,82,61,64.0,14.0,16.0,13.0,64.0,17.0,13.0,9.0
401804902,2026-01-28,2026,0,40,2638,2348,UTEP Miners,Louisiana Tech Bulldogs,59,69,54.0,19.0,9.0,11.0,53.0,18.0,13.0,16.0
401804903,2026-01-28,2026,0,40,2623,2534,Missouri State Bears,Sam Houston Bearkats,71,80,56.0,18.0,9.0,12.0,57.0,19.0,10.0,14.0
401804904,2026-01-28,2026,0,40,338,98,Kennesaw State Owls,Western Kentucky Hilltoppers,72,69,53.0,30.0,11.0,13.0,69.0,25.0,16.0,8.0
401804905,2026-01-28,2026,0,40,166,48,New Mexico State Aggies,Delaware Blue Hens,64,73,58.0,8.0,12.0,10.0,47.0,15.0,4.0,10.0
401804906,2026-01-28,2026,0,40,2229,55,Florida International Panthers,Jacksonville State Gamecocks,74,78,59.0,22.0,8.0,19.0,54.0,32.0,6.0,16.0
401807709,2026-01-28,2026,0,40,2198,2046,Eastern Kentucky Colonels,Austin Peay Governors,82,90,72.0,27.0,21.0,9.0,45.0,38.0,5.0,17.0
401807710,2026-01-28,2026,0,40,2511,2110,Queens University Royals,Central Arkansas Bears,90,100,58.0,21.0,5.0,11.0,55.0,34.0,6.0,9.0
401807711,2026-01-28,2026,0,40,91,2698,Bellarmine Knights,West Georgia Wolves,77,74,56.0,12.0,7.0,7.0,58.0,8.0,10.0,10.0
401808200,2026-01-28,2026,0,40,2,251,Auburn Tigers,Texas Longhorns,88,82,47.0,39.0,6.0,3.0,50.0,23.0,7.0,11.0
401808201,2026-01-28,2026,0,45,61,2633,Georgia Bulldogs,Tennessee Volunteers,85,86,61.0,20.0,7.0,6.0,71.0,25.0,26.0,12.0
401808202,2026-01-28,2026,0,40,99,344,LSU Tigers,Mississippi State Bulldogs,66,80,58.0,23.0,8.0,7.0,55.0,20.0,13.0,16.0
401808203,2026-01-28,2026,0,40,2579,57,South Carolina Gamecocks,Florida Gators,48,95,58.0,17.0,7.0,10.0,61.0,14.0,8.0,11.0
401808641,2026-01-28,2026,0,40,2032,295,Arkansas State Red Wolves,Old Dominion Monarchs,71,75,60.0,17.0,11.0,15.0,62.0,14.0,5.0,9.0
401808642,2026-01-28,2026,0,40,326,276,Texas State Bobcats,Marshall Thundering Herd,72,68,58.0,19.0,11.0,13.0,62.0,12.0,6.0,7.0
401817641,2026-01-28,2026,0,40,2523,85,Robert Morris Colonials,IU Indianapolis Jaguars,74,58,57.0,8.0,14.0,12.0,56.0,5.0,8.0,10.0
401817642,2026-01-28,2026,0,40,2870,2473,Purdue Fort Wayne Mastodons,Oakland Golden Grizzlies,65,74,69.0,7.0,9.0,8.0,59.0,20.0,11.0,10.0
401818401,2026-01-28,2026,0,40,2437,2571,Omaha Mavericks,South Dakota State Jackrabbits,80,71,59.0,22.0,8.0,8.0,61.0,25.0,14.0,12.0
401818402,2026-01-28,2026,0,40,140,2172,Kansas City Roos,Denver Pioneers,61,69,63.0,16.0,11.0,8.0,68.0,19.0,20.0,10.0
401820168,2026-01-28,2026,0,40,104,2426,Boston University Terriers,Navy Midshipmen,50,58,50.0,9.0,12.0,14.0,51.0,2.0,7.0,11.0
401820201,2026-01-28,2026,0,40,2352,44,Loyola Maryland Greyhounds,American University Eagles,77,68,57.0,29.0,9.0,12.0,57.0,16.0,2.0,12.0
401820700,2026-01-28,2026,0,40,52,25,Florida State Seminoles,California Golden Bears,63,61,63.0,21.0,12.0,7.0,58.0,15.0,8.0,11.0
401820701,2026-01-28,2026,0,40,2390,24,Miami Hurricanes,Stanford Cardinal,79,70,57.0,31.0,15.0,9.0,62.0,10.0,13.0,14.0
401822919,2026-01-28,2026,0,40,2599,2086,St. John's Red Storm,Butler Bulldogs,92,70,64.0,14.0,13.0,5.0,55.0,30.0,13.0,6.0
401822920,2026-01-28,2026,0,40,46,305,Georgetown Hoyas,DePaul Blue Demons,70,61,47.0,18.0,6.0,10.0,58.0,5.0,13.0,11.0
401822921,2026-01-28,2026,0,40,2550,2752,Seton Hall Pirates,Xavier Musketeers,86,68,70.0,28.0,21.0,10.0,57.0,10.0,8.0,19.0
401824390,2026-01-28,2026,0,40,2142,107,Colgate Raiders,Holy Cross Crusaders,79,74,64.0,12.0,10.0,6.0,57.0,10.0,2.0,7.0
401825476,2026-01-28,2026,0,40,2294,30,Iowa Hawkeyes,USC Trojans,73,72,55.0,22.0,12.0,15.0,53.0,16.0,8.0,15.0
401825477,2026-01-28,2026,0,40,2483,26,Oregon Ducks,UCLA Bruins,57,73,59.0,9.0,11.0,10.0,58.0,23.0,12.0,4.0
401825478,2026-01-28,2026,0,40,275,135,Wisconsin Badgers,Minnesota Golden Gophers,67,63,48.0,22.0,5.0,13.0,50.0,11.0,5.0,11.0
401826827,2026-01-28,2026,0,40,349,2329,Army Black Knights,Lehigh Mountain Hawks,67,64,63.0,8.0,11.0,12.0,56.0,17.0,9.0,12.0
401827027,2026-01-28,2026,0,40,2582,2400,Southern Jaguars,Mississippi Valley State Delta Devils,80,69,53.0,29.0,9.0,12.0,63.0,8.0,12.0,14.0
401827649,2026-01-28,2026,0,40,2132,239,Cincinnati Bearcats,Baylor Bears,67,57,62.0,14.0,8.0,8.0,65.0,9.0,11.0,10.0
401827650,2026-01-28,2026,0,40,2628,248,TCU Horned Frogs,Houston Cougars,70,79,53.0,25.0,7.0,12.0,54.0,24.0,6.0,11.0
401828197,2026-01-28,2026,0,40,2636,5,UTSA Roadrunners,UAB Blazers,73,83,66.0,17.0,11.0,9.0,57.0,32.0,10.0,7.0
401828198,2026-01-28,2026,0,45,218,2429,Temple Owls,Charlotte 49ers,76,80,48.0,29.0,10.0,6.0,54.0,28.0,17.0,8.0
401828199,2026-01-28,2026,0,40,151,242,East Carolina Pirates,Rice Owls,77,83,60.0,26.0,11.0,9.0,57.0,25.0,12.0,13.0
401828200,2026-01-28,2026,0,40,202,249,Tulsa Golden Hurricane,North Texas Mean Green,82,66,55.0,21.0,9.0,13.0,63.0,22.0,13.0,12.0
401828201,2026-01-28,2026,0,40,2655,58,Tulane Green Wave,South Florida Bulls,83,97,62.0,24.0,8.0,11.0,65.0,35.0,17.0,10.0
401828397,2026-01-28,2026,0,40,2244,2166,George Mason Patriots,Davidson Wildcats,60,52,47.0,22.0,12.0,13.0,55.0,6.0,12.0,12.0
401828398,2026-01-28,2026,0,40,2184,179,Duquesne Dukes,St. Bonaventure Bonnies,79,87,64.0,22.0,13.0,9.0,52.0,26.0,4.0,7.0
401828399,2026-01-28,2026,0,40,2230,2325,Fordham Rams,La Salle Explorers,64,58,58.0,8.0,11.0,9.0,59.0,18.0,14.0,9.0
401829217,2026-01-28,2026,0,40,2351,204,Loyola Marymount Lions,Oregon State Beavers,69,72,59.0,11.0,8.0,9.0,53.0,14.0,9.0,16.0
401829218,2026-01-28,2026,0,40,279,2501,Pacific Tigers,Portland Pilots,74,51,57.0,13.0,11.0,12.0,42.0,28.0,6.0,14.0
401829219,2026-01-28,2026,0,45,2492,301,Pepperdine Waves,San Diego Toreros,88,92,70.0,29.0,14.0,11.0,71.0,25.0,15.0,12.0
401829220,2026-01-28,2026,0,40,2541,2539,Santa Clara Broncos,San Francisco Dons,88,73,65.0,13.0,9.0,7.0,56.0,23.0,12.0,14.0
401829221,2026-01-28,2026,0,40,265,2547,Washington State Cougars,Seattle U Redhawks,70,58,45.0,19.0,6.0,19.0,61.0,17.0,10.0,10.0
401829398,2026-01-28,2026,0,40,322,2083,Lafayette Leopards,Bucknell Bison,81,79,52.0,31.0,11.0,8.0,52.0,32.0,10.0,10.0
401830208,2026-01-28,2026,0,40,2674,2057,Valparaiso Beacons,Belmont Bruins,77,78,61.0,21.0,11.0,9.0,50.0,20.0,7.0,15.0
401830282,2026-01-28,2026,0,40,2181,339,Drake Bulldogs,Evansville Purple Aces,82,78,51.0,38.0,9.0,7.0,55.0,12.0,5.0,11.0
401830283,2026-01-28,2026,0,40,93,2287,Murray State Racers,Illinois State Redbirds,65,70,60.0,17.0,7.0,8.0,56.0,14.0,6.0,12.0
401830284,2026-01-28,2026,0,40,79,2460,Southern Illinois Salukis,Northern Iowa Panthers,65,50,53.0,19.0,8.0,10.0,47.0,13.0,3.0,17.0
401830824,2026-01-28,2026,0,40,328,2751,Utah State Aggies,Wyoming Cowboys,94,62,60.0,21.0,9.0,5.0,60.0,18.0,16.0,13.0
401830830,2026-01-28,2026,0,40,21,36,San Diego State Aztecs,Colorado State Rams,73,50,50.0,17.0,9.0,12.0,48.0,14.0,11.0,17.0
401804901,2026-01-29,2026,0,40,2393,2335,Middle Tennessee Blue Raiders,Liberty Flames,65,81,54.0,16.0,12.0,11.0,52.0,10.0,0.0,5.0
401805181,2026-01-29,2026,0,40,2000,3101,Abilene Christian Wildcats,Utah Tech Trailblazers,70,76,60.0,15.0,11.0,16.0,49.0,30.0,9.0,21.0
401805182,2026-01-29,2026,0,40,2627,3084,Tarleton State Texans,Utah Valley Wolverines,55,83,53.0,29.0,13.0,19.0,54.0,16.0,10.0,20.0
401805183,2026-01-29,2026,0,40,250,253,UT Arlington Mavericks,Southern Utah Thunderbirds,80,61,67.0,22.0,21.0,12.0,56.0,26.0,8.0,12.0
401806461,2026-01-29,2026,0,40,2634,2031,Tennessee State Tigers,Little Rock Trojans,70,63,52.0,23.0,9.0,14.0,67.0,9.0,14.0,13.0
401806462,2026-01-29,2026,0,40,2413,2565,Morehead State Eagles,SIU Edwardsville Cougars,67,65,53.0,24.0,9.0,8.0,58.0,10.0,8.0,11.0
401806463,2026-01-29,2026,0,40,2710,2546,Western Illinois Leathernecks,Southeast Missouri State Redhawks,74,78,55.0,29.0,8.0,7.0,46.0,33.0,4.0,13.0
401807712,2026-01-29,2026,0,40,294,288,Jacksonville Dolphins,Lipscomb Bisons,70,65,53.0,15.0,8.0,7.0,55.0,10.0,5.0,7.0
401807713,2026-01-29,2026,0,40,526,2453,Florida Gulf Coast Eagles,North Alabama Lions,72,64,60.0,11.0,11.0,13.0,52.0,24.0,9.0,11.0
401807714,2026-01-29,2026,0,40,2454,56,North Florida Ospreys,Stetson Hatters,77,84,60.0,17.0,9.0,11.0,66.0,20.0,13.0,6.0
401808460,2026-01-29,2026,0,40,2464,331,Northern Arizona Lumberjacks,Eastern Washington Eagles,92,86,52.0,28.0,7.0,5.0,58.0,28.0,17.0,12.0
401808477,2026-01-29,2026,0,40,2458,70,Northern Colorado Bears,Idaho Vandals,91,83,57.0,33.0,6.0,11.0,64.0,28.0,9.0,6.0
401808506,2026-01-29,2026,0,40,2502,149,Portland State Vikings,Montana Grizzlies,60,64,47.0,30.0,10.0,17.0,45.0,25.0,5.0,17.0
401808517,2026-01-29,2026,0,40,16,147,Sacramento State Hornets,Montana State Bobcats,83,80,57.0,14.0,3.0,11.0,64.0,19.0,14.0,13.0
401808643,2026-01-29,2026,0,40,2572,2026,Southern Miss Golden Eagles,App State Mountaineers,63,70,58.0,26.0,15.0,12.0,51.0,29.0,8.0,9.0
401808644,2026-01-29,2026,0,40,6,324,South Alabama Jaguars,Coastal Carolina Chanticleers,53,48,54.0,10.0,4.0,4.0,59.0,7.0,12.0,11.0
401808645,2026-01-29,2026,0,40,309,2247,Louisiana Ragin' Cajuns,Georgia State Panthers,82,72,56.0,21.0,12.0,11.0,55.0,35.0,13.0,6.0
401808647,2026-01-29,2026,0,40,2653,256,Troy Trojans,James Madison Dukes,64,73,61.0,18.0,10.0,6.0,54.0,20.0,10.0,13.0
401809094,2026-01-29,2026,0,40,28,2540,UC San Diego Tritons,UC Santa Barbara Gauchos,48,62,50.0,12.0,9.0,19.0,51.0,20.0,7.0,12.0
401809113,2026-01-29,2026,0,45,300,62,UC Irvine Anteaters,Hawai'i Rainbow Warriors,87,76,70.0,29.0,14.0,16.0,69.0,19.0,9.0,15.0
401809130,2026-01-29,2026,0,40,2463,302,Cal State Northridge Matadors,UC Davis Aggies,94,78,68.0,23.0,10.0,13.0,63.0,25.0,10.0,13.0
401809159,2026-01-29,2026,0,40,2934,13,Cal State Bakersfield Roadrunners,Cal Poly Mustangs,79,104,66.0,14.0,14.0,17.0,65.0,20.0,14.0,19.0
401809343,2026-01-29,2026,0,40,236,2747,Chattanooga Mocs,Wofford Terriers,55,81,56.0,19.0,10.0,10.0,70.0,20.0,18.0,6.0
401809344,2026-01-29,2026,0,40,2193,2717,East Tennessee State Buccaneers,Western Carolina Catamounts,88,90,53.0,35.0,8.0,6.0,56.0,28.0,11.0,11.0
401809345,2026-01-29,2026,0,40,231,2535,Furman Paladins,Samford Bulldogs,78,73,48.0,20.0,7.0,14.0,66.0,22.0,16.0,4.0
401809346,2026-01-29,2026,0,40,2382,2430,Mercer Bears,UNC Greensboro Spartans,95,77,68.0,21.0,14.0,9.0,70.0,18.0,15.0,9.0
401809347,2026-01-29,2026,0,40,2643,2678,The Citadel Bulldogs,VMI Keydets,80,56,61.0,15.0,14.0,9.0,54.0,10.0,7.0,11.0
401812036,2026-01-29,2026,0,40,2275,232,Hofstra Pride,Charleston Cougars,64,66,78.0,5.0,22.0,10.0,66.0,22.0,17.0,9.0
401812037,2026-01-29,2026,0,40,119,350,Towson Tigers,UNC Wilmington Seahawks,73,82,54.0,23.0,5.0,5.0,58.0,24.0,10.0,4.0
401812038,2026-01-29,2026,0,45,2405,2448,Monmouth Hawks,North Carolina A&T Aggies,83,81,65.0,25.0,11.0,8.0,60.0,23.0,12.0,16.0
401812039,2026-01-29,2026,0,40,2182,2261,Drexel Dragons,Hampton Pirates,58,51,48.0,22.0,9.0,12.0,59.0,12.0,15.0,13.0
401812040,2026-01-29,2026,0,40,2210,2729,Elon Phoenix,William & Mary Tribe,79,76,61.0,14.0,10.0,7.0,58.0,14.0,9.0,13.0
401812041,2026-01-29,2026,0,40,2097,2619,Campbell Fighting Camels,Stony Brook Seawolves,69,81,56.0,16.0,7.0,11.0,59.0,18.0,12.0,10.0
401812134,2026-01-29,2026,0,40,2066,2803,Binghamton Bearcats,Bryant Bulldogs,63,60,54.0,17.0,9.0,6.0,54.0,21.0,10.0,5.0
401812135,2026-01-29,2026,0,40,261,2378,Vermont Catamounts,UMBC Retrievers,64,55,49.0,22.0,5.0,9.0,52.0,21.0,5.0,7.0
401812136,2026-01-29,2026,0,40,160,2349,New Hampshire Wildcats,UMass Lowell River Hawks,66,61,61.0,17.0,9.0,10.0,61.0,13.0,10.0,11.0
401812137,2026-01-29,2026,0,40,399,2885,UAlbany Great Danes,NJIT Highlanders,68,77,65.0,14.0,12.0,10.0,60.0,16.0,11.0,9.0
401812323,2026-01-29,2026,0,40,284,161,Stonehill Skyhawks,Fairleigh Dickinson Knights,58,57,54.0,13.0,10.0,10.0,65.0,2.0,13.0,7.0
401812341,2026-01-29,2026,0,40,112358,2330,Long Island University Sharks,Le Moyne Dolphins,83,61,56.0,26.0,7.0,15.0,56.0,27.0,10.0,16.0
401812414,2026-01-29,2026,0,40,2681,2115,Wagner Seahawks,Central Connecticut Blue Devils,55,62,54.0,22.0,12.0,7.0,49.0,16.0,5.0,9.0
401818403,2026-01-29,2026,0,40,2900,155,St. Thomas Tommies,North Dakota Fighting Hawks,80,81,57.0,23.0,9.0,10.0,62.0,15.0,9.0,8.0
401818404,2026-01-29,2026,0,40,233,198,South Dakota Coyotes,Oral Roberts Golden Eagles,77,69,57.0,37.0,10.0,5.0,64.0,15.0,9.0,10.0
401820219,2026-01-29,2026,0,40,2385,2441,Mercyhurst Lakers,New Haven Chargers,70,51,60.0,15.0,10.0,4.0,47.0,23.0,6.0,9.0
401822363,2026-01-29,2026,0,40,2197,2630,Eastern Illinois Panthers,UT Martin Skyhawks,68,76,59.0,29.0,13.0,8.0,49.0,20.0,11.0,20.0
401822398,2026-01-29,2026,0,40,88,2815,Southern Indiana Screaming Eagles,Lindenwood Lions,60,73,68.0,22.0,21.0,21.0,63.0,27.0,14.0,15.0
401823338,2026-01-29,2026,0,40,27,299,UC Riverside Highlanders,Long Beach State Beach,71,61,59.0,27.0,14.0,13.0,55.0,20.0,13.0,16.0
401823926,2026-01-29,2026,0,40,2427,2241,UNC Asheville Bulldogs,Gardner-Webb Runnin' Bulldogs,69,50,53.0,21.0,13.0,9.0,52.0,7.0,8.0,13.0
401823927,2026-01-29,2026,0,40,2908,2344,South Carolina Upstate Spartans,Longwood Lancers,65,60,56.0,16.0,10.0,18.0,61.0,9.0,13.0,17.0
401823928,2026-01-29,2026,0,40,2272,2506,High Point Panthers,Presbyterian Blue Hose,84,81,67.0,28.0,15.0,4.0,52.0,24.0,10.0,15.0
401823929,2026-01-29,2026,0,40,2127,2515,Charleston Southern Buccaneers,Radford Highlanders,75,84,61.0,36.0,14.0,16.0,57.0,33.0,10.0,14.0
401825479,2026-01-29,2026,0,40,356,264,Illinois Fighting Illini,Washington Huskies,75,66,63.0,16.0,14.0,5.0,58.0,8.0,11.0,10.0
401825480,2026-01-29,2026,0,40,77,213,Northwestern Wildcats,Penn State Nittany Lions,94,73,63.0,9.0,9.0,9.0,51.0,20.0,3.0,11.0
401827651,2026-01-29,2026,0,40,66,38,Iowa State Cyclones,Colorado Buffaloes,97,67,57.0,24.0,9.0,9.0,54.0,19.0,5.0,10.0
401828202,2026-01-29,2026,0,40,235,2226,Memphis Tigers,Florida Atlantic Owls,92,65,67.0,19.0,12.0,13.0,52.0,39.0,16.0,24.0
401812590,2026-01-30,2026,0,40,171,219,Columbia Lions,Pennsylvania Quakers,72,67,56.0,6.0,9.0,18.0,63.0,11.0,10.0,8.0
401812617,2026-01-30,2026,0,40,225,108,Brown Bears,Harvard Crimson,59,69,53.0,17.0,10.0,10.0,35.0,29.0,2.0,14.0
401813304,2026-01-30,2026,0,40,2363,2520,Manhattan Jaspers,Rider Broncs,95,90,58.0,22.0,9.0,8.0,60.0,30.0,13.0,6.0
401813337,2026-01-30,2026,0,45,2099,2368,Canisius Golden Griffins,Marist Red Foxes,86,88,63.0,26.0,13.0,13.0,54.0,28.0,8.0,13.0
401813390,2026-01-30,2026,0,40,315,2561,Niagara Purple Eagles,Siena Saints,79,82,54.0,13.0,7.0,10.0,46.0,23.0,4.0,10.0
401813414,2026-01-30,2026,0,40,2612,116,Saint Peter's Peacocks,Mount St. Mary's Mountaineers,66,58,59.0,19.0,15.0,9.0,49.0,19.0,13.0,16.0
401814549,2026-01-30,2026,0,40,2006,2309,Akron Zips,Kent State Golden Flashes,69,52,60.0,12.0,10.0,13.0,67.0,21.0,24.0,15.0
401817643,2026-01-30,2026,0,40,2754,85,Youngstown State Penguins,IU Indianapolis Jaguars,85,76,49.0,29.0,7.0,17.0,64.0,10.0,9.0,14.0
401817644,2026-01-30,2026,0,40,2174,94,Detroit Mercy Titans,Northern Kentucky Norse,90,77,54.0,28.0,11.0,15.0,63.0,27.0,14.0,8.0
401817645,2026-01-30,2026,0,40,270,2750,Milwaukee Panthers,Wright State Raiders,69,76,69.0,12.0,14.0,10.0,61.0,23.0,11.0,14.0
401817646,2026-01-30,2026,0,40,2739,325,Green Bay Phoenix,Cleveland State Vikings,82,89,59.0,20.0,11.0,8.0,51.0,26.0,9.0,11.0
401818311,2026-01-30,2026,0,40,43,159,Yale Bulldogs,Dartmouth Big Green,83,68,58.0,9.0,7.0,9.0,60.0,7.0,9.0,10.0
401820590,2026-01-30,2026,0,40,2514,2529,Quinnipiac Bobcats,Sacred Heart Pioneers,91,98,69.0,24.0,14.0,9.0,60.0,31.0,6.0,7.0
401822922,2026-01-30,2026,0,40,222,2507,Villanova Wildcats,Providence Friars,87,73,59.0,22.0,5.0,5.0,58.0,14.0,11.0,14.0
401823317,2026-01-30,2026,0,40,314,2217,Iona Gaels,Fairfield Stags,70,71,55.0,17.0,11.0,11.0,65.0,14.0,21.0,11.0
401823799,2026-01-30,2026,0,40,2253,68,Grand Canyon Lopes,Boise State Broncos,86,69,49.0,23.0,2.0,9.0,53.0,25.0,10.0,11.0
401825481,2026-01-30,2026,0,40,127,130,Michigan State Spartans,Michigan Wolverines,71,83,60.0,27.0,15.0,14.0,59.0,26.0,11.0,13.0
401826866,2026-01-30,2026,0,40,172,163,Cornell Big Red,Princeton Tigers,87,64,55.0,9.0,8.0,12.0,60.0,12.0,16.0,10.0
401828204,2026-01-30,2026,0,40,2429,242,Charlotte 49ers,Rice Owls,80,70,47.0,32.0,11.0,11.0,62.0,21.0,22.0,10.0
401828400,2026-01-30,2026,0,40,139,2168,Saint Louis Billikens,Dayton Flyers,102,71,56.0,23.0,6.0,13.0,55.0,16.0,6.0,15.0
401828401,2026-01-30,2026,0,40,2670,2350,VCU Rams,Loyola Chicago Ramblers,89,75,59.0,29.0,11.0,7.0,60.0,16.0,13.0,13.0
401829317,2026-01-30,2026,0,40,2440,2439,Nevada Wolf Pack,UNLV Rebels,89,76,50.0,31.0,5.0,7.0,61.0,11.0,9.0,10.0
401858731,2026-01-30,2026,1,40,2433,290,UL Monroe Warhawks,Georgia Southern Eagles,76,79,54.0,27.0,9.0,15.0,54.0,34.0,9.0,14.0
401804907,2026-01-31,2026,0,40,338,166,Kennesaw State Owls,New Mexico State Aggies,76,53,52.0,36.0,10.0,8.0,48.0,35.0,10.0,12.0
401804908,2026-01-31,2026,0,40,2534,2348,Sam Houston Bearkats,Louisiana Tech Bulldogs,83,67,55.0,36.0,13.0,6.0,59.0,19.0,15.0,12.0
401804909,2026-01-31,2026,0,40,2623,55,Missouri State Bears,Jacksonville State Gamecocks,74,67,58.0,21.0,12.0,12.0,54.0,27.0,16.0,18.0
401804910,2026-01-31,2026,0,40,2393,98,Middle Tennessee Blue Raiders,Western Kentucky Hilltoppers,60,65,50.0,29.0,10.0,12.0,64.0,10.0,10.0,8.0
401804911,2026-01-31,2026,0,40,2638,48,UTEP Miners,Delaware Blue Hens,70,55,57.0,25.0,13.0,6.0,49.0,29.0,14.0,14.0
401805184,2026-01-31,2026,0,40,2000,253,Abilene Christian Wildcats,Southern Utah Thunderbirds,76,79,60.0,12.0,7.0,9.0,43.0,21.0,6.0,22.0
401805185,2026-01-31,2026,0,40,2627,3101,Tarleton State Texans,Utah Tech Trailblazers,59,65,61.0,17.0,17.0,13.0,50.0,8.0,6.0,14.0
401805186,2026-01-31,2026,0,45,250,2856,UT Arlington Mavericks,California Baptist Lancers,77,87,71.0,21.0,15.0,13.0,61.0,36.0,11.0,10.0
401806464,2026-01-31,2026,0,40,2197,2546,Eastern Illinois Panthers,Southeast Missouri State Redhawks,59,77,51.0,15.0,6.0,14.0,58.0,11.0,9.0,10.0
401806465,2026-01-31,2026,0,40,2413,2815,Morehead State Eagles,Lindenwood Lions,78,79,57.0,30.0,9.0,9.0,52.0,29.0,8.0,16.0
401806466,2026-01-31,2026,0,40,2635,2031,Tennessee Tech Golden Eagles,Little Rock Trojans,87,77,56.0,21.0,18.0,21.0,57.0,15.0,6.0,9.0
401806467,2026-01-31,2026,0,40,88,2565,Southern Indiana Screaming Eagles,SIU Edwardsville Cougars,46,58,53.0,13.0,11.0,12.0,46.0,18.0,7.0,13.0
401806468,2026-01-31,2026,0,40,2710,2630,Western Illinois Leathernecks,UT Martin Skyhawks,44,84,49.0,18.0,6.0,14.0,60.0,17.0,13.0,9.0
401807715,2026-01-31,2026,0,40,2698,2046,West Georgia Wolves,Austin Peay Governors,78,81,64.0,25.0,8.0,8.0,52.0,41.0,8.0,10.0
401807716,2026-01-31,2026,0,40,2110,2198,Central Arkansas Bears,Eastern Kentucky Colonels,90,81,67.0,26.0,9.0,6.0,57.0,26.0,9.0,15.0
401807717,2026-01-31,2026,0,40,294,526,Jacksonville Dolphins,Florida Gulf Coast Eagles,49,68,54.0,15.0,10.0,16.0,52.0,25.0,8.0,9.0
401807718,2026-01-31,2026,0,40,2454,288,North Florida Ospreys,Lipscomb Bisons,94,100,65.0,16.0,13.0,13.0,66.0,13.0,5.0,6.0
401807719,2026-01-31,2026,0,40,56,2453,Stetson Hatters,North Alabama Lions,66,68,57.0,16.0,12.0,11.0,52.0,18.0,9.0,11.0
401807720,2026-01-31,2026,0,40,91,2511,Bellarmine Knights,Queens University Royals,78,75,53.0,18.0,8.0,10.0,62.0,14.0,13.0,8.0
401808207,2026-01-31,2026,0,40,8,96,Arkansas Razorbacks,Kentucky Wildcats,77,85,59.0,26.0,9.0,4.0,56.0,30.0,10.0,7.0
401808209,2026-01-31,2026,0,40,61,245,Georgia Bulldogs,Texas A&M Aggies,77,92,78.0,10.0,16.0,10.0,67.0,20.0,14.0,14.0
401808210,2026-01-31,2026,0,40,238,145,Vanderbilt Commodores,Ole Miss Rebels,71,68,55.0,21.0,12.0,11.0,52.0,25.0,11.0,11.0
401808211,2026-01-31,2026,0,40,142,344,Missouri Tigers,Mississippi State Bulldogs,84,79,58.0,33.0,12.0,10.0,65.0,18.0,13.0,14.0
401808212,2026-01-31,2026,0,45,2579,99,South Carolina Gamecocks,LSU Tigers,87,92,69.0,31.0,14.0,6.0,60.0,25.0,9.0,11.0
401808213,2026-01-31,2026,0,40,2633,2,Tennessee Volunteers,Auburn Tigers,77,69,54.0,31.0,17.0,15.0,63.0,20.0,12.0,10.0
401808214,2026-01-31,2026,0,40,201,251,Oklahoma Sooners,Texas Longhorns,69,79,61.0,16.0,10.0,9.0,50.0,15.0,5.0,14.0
401808461,2026-01-31,2026,0,40,2458,331,Northern Colorado Bears,Eastern Washington Eagles,74,71,70.0,11.0,13.0,4.0,58.0,10.0,6.0,12.0
401808478,2026-01-31,2026,0,40,2464,70,Northern Arizona Lumberjacks,Idaho Vandals,62,79,53.0,18.0,7.0,11.0,57.0,9.0,5.0,9.0
401808493,2026-01-31,2026,0,40,2692,304,Weber State Wildcats,Idaho State Bengals,81,79,59.0,20.0,12.0,11.0,54.0,15.0,5.0,11.0
401808507,2026-01-31,2026,0,40,16,149,Sacramento State Hornets,Montana Grizzlies,86,79,59.0,24.0,8.0,10.0,58.0,21.0,12.0,16.0
401808518,2026-01-31,2026,0,40,2502,147,Portland State Vikings,Montana State Bobcats,63,54,53.0,12.0,11.0,14.0,56.0,13.0,14.0,13.0
401808648,2026-01-31,2026,0,40,2653,2026,Troy Trojans,App State Mountaineers,44,66,55.0,4.0,8.0,9.0,53.0,8.0,9.0,12.0
401808650,2026-01-31,2026,0,40,309,290,Louisiana Ragin' Cajuns,Georgia Southern Eagles,69,60,50.0,14.0,6.0,10.0,52.0,15.0,10.0,14.0
401808651,2026-01-31,2026,0,40,6,2247,South Alabama Jaguars,Georgia State Panthers,69,67,54.0,19.0,9.0,5.0,60.0,15.0,16.0,10.0
401808652,2026-01-31,2026,0,40,2572,256,Southern Miss Golden Eagles,James Madison Dukes,73,65,46.0,34.0,7.0,11.0,53.0,26.0,9.0,11.0
401808653,2026-01-31,2026,0,40,2032,276,Arkansas State Red Wolves,Marshall Thundering Herd,61,70,58.0,25.0,18.0,12.0,55.0,15.0,11.0,12.0
401808654,2026-01-31,2026,0,40,326,295,Texas State Bobcats,Old Dominion Monarchs,81,64,59.0,25.0,11.0,8.0,61.0,22.0,15.0,14.0
401808714,2026-01-31,2026,0,40,2837,2447,East Texas A&M Lions,Nicholls Colonels,68,72,59.0,20.0,13.0,14.0,52.0,25.0,6.0,11.0
401808881,2026-01-31,2026,0,40,2320,2377,Lamar Cardinals,McNeese Cowboys,63,64,61.0,12.0,20.0,10.0,54.0,19.0,12.0,7.0
401808910,2026-01-31,2026,0,40,2443,2466,LSU New Orleans Privateers,Northwestern State Demons,75,64,54.0,27.0,13.0,13.0,61.0,9.0,8.0,11.0
401808960,2026-01-31,2026,0,40,2617,2545,Stephen F. Austin Lumberjacks,SE Louisiana Lions,85,58,56.0,11.0,9.0,9.0,47.0,17.0,8.0,13.0
401808981,2026-01-31,2026,0,40,2916,292,Incarnate Word Cardinals,UT Rio Grande Valley Vaqueros,93,106,59.0,22.0,11.0,14.0,61.0,22.0,6.0,6.0
401809095,2026-01-31,2026,0,40,2463,28,Cal State Northridge Matadors,UC San Diego Tritons,81,64,62.0,23.0,14.0,16.0,70.0,18.0,14.0,11.0
401809131,2026-01-31,2026,0,40,2934,302,Cal State Bakersfield Roadrunners,UC Davis Aggies,72,80,54.0,20.0,8.0,15.0,54.0,31.0,10.0,10.0
401809145,2026-01-31,2026,0,40,299,62,Long Beach State Beach,Hawai'i Rainbow Warriors,82,89,68.0,20.0,16.0,11.0,50.0,29.0,5.0,13.0
401809160,2026-01-31,2026,0,40,27,13,UC Riverside Highlanders,Cal Poly Mustangs,87,94,66.0,26.0,21.0,18.0,64.0,21.0,12.0,12.0
401809349,2026-01-31,2026,0,40,2382,2678,Mercer Bears,VMI Keydets,95,81,64.0,29.0,15.0,10.0,62.0,16.0,8.0,11.0
401809350,2026-01-31,2026,0,45,2643,2430,The Citadel Bulldogs,UNC Greensboro Spartans,71,66,62.0,20.0,11.0,6.0,57.0,23.0,11.0,12.0
401812042,2026-01-31,2026,0,40,2210,2619,Elon Phoenix,Stony Brook Seawolves,68,72,60.0,18.0,13.0,12.0,61.0,20.0,13.0,13.0
401812043,2026-01-31,2026,0,40,2405,2275,Monmouth Hawks,Hofstra Pride,57,73,60.0,11.0,7.0,6.0,52.0,10.0,10.0,19.0
401812044,2026-01-31,2026,0,40,119,2261,Towson Tigers,Hampton Pirates,82,50,54.0,25.0,8.0,9.0,58.0,18.0,11.0,9.0
401812045,2026-01-31,2026,0,40,2182,2448,Drexel Dragons,North Carolina A&T Aggies,61,60,61.0,2.0,10.0,11.0,53.0,15.0,5.0,10.0
401812046,2026-01-31,2026,0,40,2729,2097,William & Mary Tribe,Campbell Fighting Camels,96,104,50.0,43.0,6.0,14.0,65.0,30.0,12.0,12.0
401812047,2026-01-31,2026,0,40,111,232,Northeastern Huskies,Charleston Cougars,84,89,73.0,5.0,13.0,5.0,62.0,26.0,9.0,5.0
401812138,2026-01-31,2026,0,40,2349,311,UMass Lowell River Hawks,Maine Black Bears,91,77,62.0,15.0,17.0,18.0,57.0,19.0,1.0,7.0
401812139,2026-01-31,2026,0,40,399,2378,UAlbany Great Danes,UMBC Retrievers,65,68,60.0,8.0,12.0,13.0,45.0,27.0,5.0,9.0
401812140,2026-01-31,2026,0,40,2803,160,Bryant Bulldogs,New Hampshire Wildcats,92,84,56.0,37.0,11.0,12.0,60.0,28.0,9.0,9.0
401812141,2026-01-31,2026,0,40,261,2885,Vermont Catamounts,NJIT Highlanders,77,79,63.0,25.0,12.0,8.0,60.0,19.0,10.0,9.0
401812324,2026-01-31,2026,0,45,2681,161,Wagner Seahawks,Fairleigh Dickinson Knights,75,72,59.0,23.0,11.0,9.0,60.0,11.0,7.0,11.0
401812342,2026-01-31,2026,0,40,2330,284,Le Moyne Dolphins,Stonehill Skyhawks,54,65,60.0,13.0,6.0,12.0,64.0,18.0,10.0,8.0
401812371,2026-01-31,2026,0,40,2115,112358,Central Connecticut Blue Devils,Long Island University Sharks,59,80,59.0,16.0,11.0,11.0,54.0,25.0,9.0,9.0
401812395,2026-01-31,2026,0,40,2598,2441,Saint Francis Red Wolves,New Haven Chargers,69,81,56.0,18.0,8.0,10.0,48.0,27.0,5.0,10.0
401812591,2026-01-31,2026,0,40,172,219,Cornell Big Red,Pennsylvania Quakers,81,91,62.0,19.0,9.0,9.0,54.0,30.0,9.0,14.0
401812618,2026-01-31,2026,0,40,43,108,Yale Bulldogs,Harvard Crimson,65,67,56.0,11.0,9.0,6.0,47.0,18.0,6.0,8.0
401814546,2026-01-31,2026,0,40,2649,2050,Toledo Rockets,Ball State Cardinals,73,55,56.0,14.0,7.0,13.0,51.0,27.0,11.0,14.0
401814547,2026-01-31,2026,0,40,2117,189,Central Michigan Chippewas,Bowling Green Falcons,62,59,60.0,15.0,12.0,13.0,67.0,12.0,11.0,11.0
401814548,2026-01-31,2026,0,40,113,2199,Massachusetts Minutemen,Eastern Michigan Eagles,70,67,50.0,35.0,9.0,7.0,49.0,18.0,6.0,14.0
401814550,2026-01-31,2026,0,40,193,2459,Miami (OH) RedHawks,Northern Illinois Huskies,85,61,64.0,20.0,10.0,9.0,55.0,17.0,6.0,17.0
401814551,2026-01-31,2026,0,40,2084,195,Buffalo Bulls,Ohio Bobcats,83,95,52.0,27.0,6.0,13.0,66.0,26.0,13.0,6.0
401817647,2026-01-31,2026,0,40,2870,2523,Purdue Fort Wayne Mastodons,Robert Morris Colonials,83,71,56.0,20.0,4.0,8.0,61.0,9.0,11.0,16.0
401818405,2026-01-31,2026,0,45,233,2449,South Dakota Coyotes,North Dakota State Bison,84,89,57.0,23.0,6.0,11.0,64.0,11.0,9.0,15.0
401818406,2026-01-31,2026,0,40,2172,2437,Denver Pioneers,Omaha Mavericks,82,84,67.0,13.0,7.0,5.0,65.0,22.0,11.0,8.0
401818407,2026-01-31,2026,0,40,2571,198,South Dakota State Jackrabbits,Oral Roberts Golden Eagles,95,72,67.0,12.0,10.0,10.0,63.0,27.0,11.0,9.0
401818542,2026-01-31,2026,0,40,171,163,Columbia Lions,Princeton Tigers,68,80,68.0,17.0,20.0,6.0,49.0,21.0,6.0,9.0
401818561,2026-01-31,2026,0,45,225,159,Brown Bears,Dartmouth Big Green,70,77,71.0,17.0,20.0,15.0,52.0,28.0,4.0,14.0
401820169,2026-01-31,2026,0,40,2426,2352,Navy Midshipmen,Loyola Maryland Greyhounds,87,71,58.0,10.0,10.0,11.0,62.0,10.0,12.0,12.0
401820220,2026-01-31,2026,0,40,2130,2385,Chicago State Cougars,Mercyhurst Lakers,78,74,56.0,30.0,13.0,10.0,60.0,14.0,11.0,10.0
401820480,2026-01-31,2026,0,40,357,2277,Texas A&M-Corpus Christi Islanders,Houston Christian Huskies,73,71,50.0,21.0,10.0,11.0,49.0,20.0,10.0,12.0
401820566,2026-01-31,2026,0,40,2005,278,Air Force Falcons,Fresno State Bulldogs,62,79,59.0,10.0,8.0,17.0,60.0,17.0,8.0,10.0
401820705,2026-01-31,2026,0,40,103,258,Boston College Eagles,Virginia Cavaliers,66,73,51.0,26.0,8.0,10.0,64.0,18.0,14.0,7.0
401820706,2026-01-31,2026,0,40,183,87,Syracuse Orange,Notre Dame Fighting Irish,86,72,56.0,21.0,6.0,6.0,53.0,20.0,4.0,10.0
401820707,2026-01-31,2026,0,40,228,221,Clemson Tigers,Pittsburgh Panthers,63,52,41.0,20.0,5.0,11.0,53.0,11.0,16.0,14.0
401820708,2026-01-31,2026,0,40,52,24,Florida State Seminoles,Stanford Cardinal,88,80,53.0,29.0,6.0,9.0,67.0,9.0,14.0,11.0
401820709,2026-01-31,2026,0,40,59,153,Georgia Tech Yellow Jackets,North Carolina Tar Heels,75,91,60.0,17.0,9.0,12.0,79.0,12.0,14.0,2.0
401820710,2026-01-31,2026,0,40,97,2567,Louisville Cardinals,SMU Mustangs,88,74,63.0,23.0,9.0,11.0,62.0,9.0,9.0,16.0
401820711,2026-01-31,2026,0,40,2390,25,Miami Hurricanes,California Golden Bears,85,86,51.0,33.0,7.0,7.0,53.0,32.0,7.0,7.0
401820712,2026-01-31,2026,0,40,259,150,Virginia Tech Hokies,Duke Blue Devils,58,72,55.0,6.0,11.0,10.0,59.0,7.0,12.0,8.0
401820713,2026-01-31,2026,0,40,154,152,Wake Forest Demon Deacons,NC State Wolfpack,78,96,53.0,24.0,5.0,9.0,61.0,18.0,7.0,8.0
401822773,2026-01-31,2026,0,40,2154,2415,Coppin State Eagles,Morgan State Bears,80,89,60.0,35.0,15.0,14.0,56.0,38.0,12.0,14.0
401822923,2026-01-31,2026,0,40,156,41,Creighton Bluejays,UConn Huskies,58,85,44.0,24.0,6.0,10.0,61.0,7.0,13.0,8.0
401822924,2026-01-31,2026,0,40,2086,46,Butler Bulldogs,Georgetown Hoyas,64,77,63.0,18.0,13.0,7.0,51.0,14.0,4.0,10.0
401822925,2026-01-31,2026,0,40,2550,269,Seton Hall Pirates,Marquette Golden Eagles,69,64,57.0,9.0,12.0,14.0,51.0,9.0,10.0,16.0
401822926,2026-01-31,2026,0,40,2752,305,Xavier Musketeers,DePaul Blue Demons,68,66,50.0,19.0,5.0,10.0,59.0,1.0,7.0,11.0
401823050,2026-01-31,2026,0,40,2169,2379,Delaware State Hornets,Maryland Eastern Shore Hawks,65,57,45.0,23.0,4.0,9.0,46.0,14.0,3.0,12.0
401823181,2026-01-31,2026,0,40,2540,2239,UC Santa Barbara Gauchos,Cal State Fullerton Titans,83,69,60.0,17.0,11.0,16.0,55.0,18.0,5.0,15.0
401823779,2026-01-31,2026,0,40,328,21,Utah State Aggies,San Diego State Aztecs,71,66,64.0,23.0,15.0,18.0,57.0,18.0,6.0,13.0
401823931,2026-01-31,2026,0,40,2344,2272,Longwood Lancers,High Point Panthers,59,71,53.0,9.0,12.0,18.0,50.0,21.0,5.0,8.0
401823932,2026-01-31,2026,0,50,2506,2515,Presbyterian Blue Hose,Radford Highlanders,84,93,63.0,21.0,13.0,22.0,72.0,29.0,12.0,9.0
401823933,2026-01-31,2026,0,40,2737,2427,Winthrop Eagles,UNC Asheville Bulldogs,84,71,51.0,28.0,11.0,12.0,54.0,24.0,9.0,8.0
401824370,2026-01-31,2026,0,50,2083,104,Bucknell Bison,Boston University Terriers,103,97,62.0,33.0,9.0,8.0,68.0,29.0,12.0,7.0
401824391,2026-01-31,2026,0,40,349,107,Army Black Knights,Holy Cross Crusaders,69,68,62.0,16.0,17.0,15.0,60.0,19.0,10.0,9.0
401825482,2026-01-31,2026,0,40,77,264,Northwestern Wildcats,Washington Huskies,62,76,57.0,18.0,10.0,11.0,65.0,8.0,16.0,11.0
401825483,2026-01-31,2026,0,50,26,84,UCLA Bruins,Indiana Hoosiers,97,98,76.0,34.0,12.0,10.0,66.0,38.0,8.0,11.0
401825484,2026-01-31,2026,0,40,30,164,USC Trojans,Rutgers Scarlet Knights,78,75,51.0,30.0,12.0,17.0,74.0,12.0,17.0,8.0
401825485,2026-01-31,2026,0,40,275,194,Wisconsin Badgers,Ohio State Buckeyes,92,82,62.0,21.0,7.0,5.0,69.0,18.0,14.0,7.0
401827028,2026-01-31,2026,0,40,2016,2582,Alcorn State Braves,Southern Jaguars,78,73,49.0,16.0,6.0,15.0,55.0,26.0,13.0,10.0
401827054,2026-01-31,2026,0,40,2504,2640,Prairie View A&M Panthers,Texas Southern Tigers,85,78,65.0,25.0,9.0,7.0,59.0,27.0,13.0,13.0
401827100,2026-01-31,2026,0,40,2296,2755,Jackson State Tigers,Grambling Tigers,66,69,50.0,30.0,9.0,12.0,61.0,14.0,15.0,12.0
401827119,2026-01-31,2026,0,40,2011,2065,Alabama State Hornets,Bethune-Cookman Wildcats,54,69,56.0,11.0,9.0,16.0,50.0,24.0,12.0,20.0
401827144,2026-01-31,2026,0,40,2400,2029,Mississippi Valley State Delta Devils,Arkansas-Pine Bluff Golden Lions,70,78,48.0,28.0,5.0,15.0,53.0,34.0,9.0,11.0
401827205,2026-01-31,2026,0,40,2010,50,Alabama A&M Bulldogs,Florida A&M Rattlers,72,65,52.0,23.0,10.0,10.0,51.0,24.0,13.0,13.0
401827652,2026-01-31,2026,0,40,9,12,Arizona State Sun Devils,Arizona Wildcats,74,87,65.0,20.0,12.0,12.0,63.0,26.0,16.0,14.0
401827653,2026-01-31,2026,0,40,2116,2641,UCF Knights,Texas Tech Red Raiders,88,80,65.0,22.0,13.0,6.0,55.0,12.0,4.0,13.0
401827654,2026-01-31,2026,0,40,248,2132,Houston Cougars,Cincinnati Bearcats,76,54,58.0,18.0,12.0,4.0,47.0,13.0,12.0,19.0
401827655,2026-01-31,2026,0,40,2305,252,Kansas Jayhawks,BYU Cougars,90,82,56.0,24.0,4.0,6.0,66.0,17.0,12.0,7.0
401827656,2026-01-31,2026,0,40,254,197,Utah Utes,Oklahoma State Cowboys,69,81,59.0,24.0,10.0,8.0,66.0,13.0,13.0,8.0
401827657,2026-01-31,2026,0,40,277,239,West Virginia Mountaineers,Baylor Bears,53,63,50.0,18.0,12.0,13.0,55.0,5.0,10.0,14.0
401828203,2026-01-31,2026,0,40,249,5,North Texas Mean Green,UAB Blazers,68,72,58.0,23.0,9.0,6.0,55.0,18.0,8.0,12.0
401828205,2026-01-31,2026,0,40,218,58,Temple Owls,South Florida Bulls,79,78,63.0,17.0,13.0,12.0,48.0,31.0,8.0,18.0
401828402,2026-01-31,2026,0,40,257,2166,Richmond Spiders,Davidson Wildcats,54,79,50.0,16.0,9.0,10.0,60.0,4.0,14.0,9.0
401828403,2026-01-31,2026,0,40,45,2230,George Washington Revolutionaries,Fordham Rams,65,79,61.0,12.0,10.0,13.0,62.0,17.0,16.0,12.0
401828404,2026-01-31,2026,0,40,179,2244,St. Bonaventure Bonnies,George Mason Patriots,73,77,49.0,25.0,5.0,14.0,56.0,15.0,8.0,16.0
401828405,2026-01-31,2026,0,40,2325,2603,La Salle Explorers,Saint Joseph's Hawks,58,67,67.0,8.0,13.0,8.0,52.0,12.0,8.0,15.0
401828675,2026-01-31,2026,0,40,44,322,American University Eagles,Lafayette Leopards,65,67,58.0,15.0,13.0,11.0,56.0,19.0,12.0,11.0
401828728,2026-01-31,2026,0,40,47,2450,Howard Bison,Norfolk State Spartans,88,60,50.0,29.0,13.0,19.0,55.0,22.0,9.0,14.0
401829222,2026-01-31,2026,0,45,301,204,San Diego Toreros,Oregon State Beavers,76,78,67.0,12.0,12.0,20.0,62.0,27.0,8.0,16.0
401829223,2026-01-31,2026,0,40,2539,279,San Francisco Dons,Pacific Tigers,87,82,61.0,26.0,12.0,7.0,59.0,15.0,9.0,10.0
401829224,2026-01-31,2026,0,40,265,2501,Washington State Cougars,Portland Pilots,104,74,65.0,19.0,10.0,8.0,61.0,30.0,13.0,9.0
401829225,2026-01-31,2026,0,40,2250,2608,Gonzaga Bulldogs,Saint Mary's Gaels,73,65,58.0,21.0,11.0,10.0,53.0,25.0,7.0,11.0
401829226,2026-01-31,2026,0,40,2351,2541,Loyola Marymount Lions,Santa Clara Broncos,73,104,48.0,35.0,8.0,22.0,72.0,22.0,18.0,12.0
401829330,2026-01-31,2026,0,40,23,167,San José State Spartans,New Mexico Lobos,80,90,62.0,15.0,11.0,5.0,54.0,24.0,7.0,6.0
401829409,2026-01-31,2026,0,45,2329,2142,Lehigh Mountain Hawks,Colgate Raiders,77,76,53.0,13.0,5.0,18.0,57.0,20.0,10.0,14.0
401830209,2026-01-31,2026,0,40,2057,93,Belmont Bruins,Murray State Racers,103,86,66.0,25.0,15.0,8.0,61.0,26.0,16.0,13.0
401830228,2026-01-31,2026,0,40,2181,71,Drake Bulldogs,Bradley Braves,73,87,58.0,26.0,13.0,8.0,63.0,14.0,14.0,9.0
401830285,2026-01-31,2026,0,40,2460,339,Northern Iowa Panthers,Evansville Purple Aces,71,55,53.0,4.0,7.0,11.0,52.0,7.0,6.0,8.0
401830286,2026-01-31,2026,0,40,79,82,Southern Illinois Salukis,UIC Flames,66,68,50.0,22.0,5.0,10.0,55.0,26.0,18.0,17.0
401830287,2026-01-31,2026,0,45,282,2674,Indiana State Sycamores,Valparaiso Beacons,72,76,59.0,21.0,8.0,12.0,64.0,26.0,16.0,9.0
401830825,2026-01-31,2026,0,40,2751,36,Wyoming Cowboys,Colorado State Rams,68,57,43.0,24.0,7.0,10.0,58.0,10.0,12.0,9.0
401808208,2026-02-01,2026,0,40,57,333,Florida Gators,Alabama Crimson Tide,100,77,78.0,26.0,15.0,2.0,62.0,13.0,9.0,18.0
401808649,2026-02-01,2026,0,40,2433,324,UL Monroe Warhawks,Coastal Carolina Chanticleers,79,83,65.0,15.0,11.0,7.0,62.0,9.0,11.0,10.0
401809348,2026-02-01,2026,0,40,231,236,Furman Paladins,Chattanooga Mocs,75,70,50.0,21.0,7.0,12.0,61.0,16.0,13.0,11.0
401809351,2026-02-01,2026,0,40,2717,2535,Western Carolina Catamounts,Samford Bulldogs,74,88,65.0,24.0,10.0,7.0,48.0,41.0,8.0,12.0
401809352,2026-02-01,2026,0,40,2747,2193,Wofford Terriers,East Tennessee State Buccaneers,72,86,54.0,16.0,6.0,10.0,56.0,28.0,11.0,6.0
401813315,2026-02-01,2026,0,40,116,2363,Mount St. Mary's Mountaineers,Manhattan Jaspers,72,65,61.0,14.0,14.0,13.0,60.0,13.0,10.0,8.0
401813338,2026-02-01,2026,0,40,315,2368,Niagara Purple Eagles,Marist Red Foxes,46,58,55.0,11.0,13.0,15.0,49.0,15.0,4.0,8.0
401813365,2026-02-01,2026,0,40,2099,2561,Canisius Golden Griffins,Siena Saints,63,78,57.0,10.0,17.0,14.0,51.0,22.0,10.0,9.0
401817648,2026-02-01,2026,0,40,2473,94,Oakland Golden Grizzlies,Northern Kentucky Norse,76,65,64.0,24.0,13.0,14.0,73.0,13.0,14.0,11.0
401817649,2026-02-01,2026,0,40,2739,2750,Green Bay Phoenix,Wright State Raiders,75,83,50.0,26.0,8.0,10.0,53.0,28.0,9.0,5.0
401817650,2026-02-01,2026,0,40,270,325,Milwaukee Panthers,Cleveland State Vikings,88,90,58.0,27.0,11.0,10.0,56.0,26.0,10.0,11.0
401820591,2026-02-01,2026,0,40,2217,2514,Fairfield Stags,Quinnipiac Bobcats,65,72,75.0,13.0,21.0,8.0,61.0,9.0,9.0,13.0
401823753,2026-02-01,2026,0,40,2771,2529,Merrimack Warriors,Sacred Heart Pioneers,75,58,63.0,19.0,14.0,5.0,45.0,18.0,5.0,16.0
401823850,2026-02-01,2026,0,40,2520,2612,Rider Broncs,Saint Peter's Peacocks,81,78,50.0,24.0,7.0,11.0,64.0,15.0,14.0,8.0
401825486,2026-02-01,2026,0,40,120,2509,Maryland Terrapins,Purdue Boilermakers,63,93,49.0,25.0,8.0,12.0,55.0,25.0,11.0,8.0
401825487,2026-02-01,2026,0,40,158,356,Nebraska Cornhuskers,Illinois Fighting Illini,69,78,59.0,5.0,6.0,8.0,54.0,26.0,11.0,8.0
401825488,2026-02-01,2026,0,40,2483,2294,Oregon Ducks,Iowa Hawkeyes,66,84,56.0,16.0,13.0,9.0,56.0,10.0,7.0,5.0
401825489,2026-02-01,2026,0,40,213,135,Penn State Nittany Lions,Minnesota Golden Gophers,77,75,62.0,9.0,12.0,10.0,51.0,17.0,8.0,12.0
401827658,2026-02-01,2026,0,40,38,2628,Colorado Buffaloes,TCU Horned Frogs,87,61,63.0,13.0,11.0,8.0,63.0,17.0,15.0,10.0
401827659,2026-02-01,2026,0,40,2306,66,Kansas State Wildcats,Iowa State Cyclones,61,95,62.0,6.0,8.0,14.0,60.0,20.0,10.0,12.0
401828206,2026-02-01,2026,0,40,2226,151,Florida Atlantic Owls,East Carolina Pirates,75,76,57.0,10.0,11.0,16.0,61.0,22.0,14.0,10.0
401828207,2026-02-01,2026,0,40,235,2655,Memphis Tigers,Tulane Green Wave,76,78,56.0,38.0,16.0,11.0,48.0,26.0,4.0,13.0
401828208,2026-02-01,2026,0,40,202,2724,Tulsa Golden Hurricane,Wichita State Shockers,93,83,55.0,27.0,8.0,11.0,64.0,32.0,13.0,8.0
401828406,2026-02-01,2026,0,40,2184,227,Duquesne Dukes,Rhode Island Rams,76,61,50.0,22.0,10.0,15.0,54.0,18.0,10.0,13.0
401829482,2026-02-01,2026,0,40,2900,140,St. Thomas Tommies,Kansas City Roos,99,64,66.0,9.0,9.0,12.0,73.0,12.0,18.0,14.0
401806458,2026-02-02,2026,0,40,2634,2635,Tennessee State Tigers,Tennessee Tech Golden Eagles,85,90,71.0,17.0,19.0,9.0,53.0,25.0,8.0,12.0
401808494,2026-02-02,2026,0,40,2502,304,Portland State Vikings,Idaho State Bengals,88,65,59.0,19.0,9.0,4.0,47.0,27.0,14.0,15.0
401808542,2026-02-02,2026,0,40,16,2692,Sacramento State Hornets,Weber State Wildcats,104,90,52.0,36.0,6.0,14.0,70.0,21.0,12.0,11.0
401808715,2026-02-02,2026,0,40,2837,2443,East Texas A&M Lions,LSU New Orleans Privateers,85,94,56.0,37.0,6.0,11.0,57.0,36.0,9.0,13.0
401808882,2026-02-02,2026,0,40,2617,2377,Stephen F. Austin Lumberjacks,McNeese Cowboys,67,60,57.0,20.0,11.0,12.0,61.0,16.0,12.0,16.0
401808926,2026-02-02,2026,0,40,2466,2447,Northwestern State Demons,Nicholls Colonels,58,61,51.0,20.0,10.0,13.0,55.0,17.0,12.0,12.0
401808961,2026-02-02,2026,0,40,2320,2545,Lamar Cardinals,SE Louisiana Lions,73,54,65.0,10.0,15.0,6.0,51.0,16.0,7.0,9.0
401808982,2026-02-02,2026,0,40,292,2277,UT Rio Grande Valley Vaqueros,Houston Christian Huskies,74,57,55.0,18.0,15.0,14.0,60.0,13.0,12.0,7.0
401820492,2026-02-02,2026,0,40,357,2916,Texas A&M-Corpus Christi Islanders,Incarnate Word Cardinals,69,71,51.0,23.0,7.0,11.0,48.0,24.0,6.0,12.0
401820714,2026-02-02,2026,0,40,153,183,North Carolina Tar Heels,Syracuse Orange,87,77,56.0,35.0,12.0,11.0,65.0,19.0,11.0,10.0
401820817,2026-02-02,2026,0,40,2641,2305,Texas Tech Red Raiders,Kansas Jayhawks,61,64,72.0,5.0,14.0,9.0,53.0,13.0,5.0,15.0
401823049,2026-02-02,2026,0,40,2428,2379,North Carolina Central Eagles,Maryland Eastern Shore Hawks,65,63,50.0,16.0,8.0,11.0,49.0,9.0,12.0,22.0
401824371,2026-02-02,2026,0,40,107,104,Holy Cross Crusaders,Boston University Terriers,64,72,60.0,8.0,9.0,3.0,46.0,22.0,5.0,7.0
401827029,2026-02-02,2026,0,45,2296,2582,Jackson State Tigers,Southern Jaguars,91,96,65.0,31.0,11.0,12.0,71.0,34.0,16.0,9.0
401827101,2026-02-02,2026,0,40,2016,2755,Alcorn State Braves,Grambling Tigers,50,74,52.0,19.0,8.0,9.0,55.0,12.0,10.0,13.0
401827120,2026-02-02,2026,0,40,2010,2065,Alabama A&M Bulldogs,Bethune-Cookman Wildcats,62,80,58.0,28.0,11.0,12.0,55.0,28.0,7.0,12.0
401827165,2026-02-02,2026,0,40,2011,50,Alabama State Hornets,Florida A&M Rattlers,79,66,59.0,16.0,11.0,17.0,55.0,18.0,8.0,17.0
401858634,2026-02-02,2026,0,40,2154,47,Coppin State Eagles,Howard Bison,53,72,56.0,18.0,16.0,13.0,53.0,21.0,15.0,14.0
401806455,2026-02-03,2026,0,40,2630,2031,UT Martin Skyhawks,Little Rock Trojans,55,52,52.0,10.0,12.0,17.0,52.0,3.0,8.0,17.0
401806469,2026-02-03,2026,0,40,2815,2565,Lindenwood Lions,SIU Edwardsville Cougars,72,78,70.0,19.0,19.0,14.0,56.0,21.0,9.0,15.0
401808217,2026-02-03,2026,0,40,251,2579,Texas Longhorns,South Carolina Gamecocks,84,75,56.0,36.0,17.0,11.0,54.0,24.0,6.0,10.0
401808218,2026-02-03,2026,0,40,2633,145,Tennessee Volunteers,Ole Miss Rebels,84,66,58.0,34.0,17.0,8.0,52.0,21.0,7.0,9.0
401813366,2026-02-03,2026,0,40,315,2099,Niagara Purple Eagles,Canisius Golden Griffins,65,56,45.0,9.0,5.0,12.0,52.0,8.0,5.0,8.0
401814552,2026-02-03,2026,0,40,2199,2006,Eastern Michigan Eagles,Akron Zips,64,66,57.0,16.0,12.0,16.0,61.0,13.0,10.0,13.0
401814553,2026-02-03,2026,0,40,189,2050,Bowling Green Falcons,Ball State Cardinals,77,52,48.0,15.0,7.0,14.0,51.0,17.0,6.0,10.0
401814554,2026-02-03,2026,0,40,113,2117,Massachusetts Minutemen,Central Michigan Chippewas,95,89,56.0,28.0,10.0,9.0,49.0,24.0,10.0,21.0
401814555,2026-02-03,2026,0,40,2649,2309,Toledo Rockets,Kent State Golden Flashes,72,75,62.0,15.0,12.0,11.0,66.0,21.0,19.0,12.0
401814556,2026-02-03,2026,0,40,2084,193,Buffalo Bulls,Miami (OH) RedHawks,71,73,57.0,18.0,13.0,15.0,58.0,6.0,5.0,13.0
401814557,2026-02-03,2026,0,40,195,2711,Ohio Bobcats,Western Michigan Broncos,91,71,58.0,22.0,9.0,9.0,60.0,25.0,8.0,6.0
401820567,2026-02-03,2026,0,40,2253,2005,Grand Canyon Lopes,Air Force Falcons,81,57,61.0,21.0,11.0,10.0,51.0,12.0,7.0,18.0
401820715,2026-02-03,2026,0,40,150,103,Duke Blue Devils,Boston College Eagles,67,49,50.0,20.0,7.0,9.0,52.0,9.0,7.0,12.0
401820716,2026-02-03,2026,0,40,258,221,Virginia Cavaliers,Pittsburgh Panthers,67,47,59.0,9.0,13.0,10.0,46.0,12.0,8.0,17.0
401820719,2026-02-03,2026,0,40,2567,152,SMU Mustangs,NC State Wolfpack,83,84,67.0,12.0,12.0,10.0,61.0,20.0,8.0,7.0
401822927,2026-02-03,2026,0,40,41,2752,UConn Huskies,Xavier Musketeers,92,60,60.0,18.0,12.0,13.0,49.0,28.0,8.0,13.0
401822928,2026-02-03,2026,0,40,305,2599,DePaul Blue Demons,St. John's Red Storm,56,68,52.0,20.0,11.0,15.0,60.0,29.0,15.0,7.0
401823780,2026-02-03,2026,0,40,21,2751,San Diego State Aztecs,Wyoming Cowboys,72,63,51.0,36.0,11.0,10.0,53.0,26.0,12.0,14.0
401823827,2026-02-03,2026,0,45,68,2440,Boise State Broncos,Nevada Wolf Pack,91,87,54.0,35.0,8.0,11.0,65.0,19.0,7.0,8.0
401825490,2026-02-03,2026,0,40,26,164,UCLA Bruins,Rutgers Scarlet Knights,98,66,63.0,18.0,10.0,2.0,55.0,20.0,11.0,9.0
401825491,2026-02-03,2026,0,40,30,84,USC Trojans,Indiana Hoosiers,81,75,54.0,31.0,11.0,15.0,63.0,16.0,8.0,10.0
401828407,2026-02-03,2026,0,40,2166,139,Davidson Wildcats,Saint Louis Billikens,82,91,63.0,21.0,10.0,7.0,59.0,26.0,12.0,10.0
401828408,2026-02-03,2026,0,40,2168,179,Dayton Flyers,St. Bonaventure Bonnies,72,70,46.0,33.0,8.0,10.0,54.0,17.0,11.0,13.0
401828409,2026-02-03,2026,0,40,2230,2670,Fordham Rams,VCU Rams,59,63,62.0,14.0,13.0,9.0,44.0,28.0,9.0,15.0
401828410,2026-02-03,2026,0,40,2350,2325,Loyola Chicago Ramblers,La Salle Explorers,71,61,52.0,25.0,8.0,13.0,52.0,19.0,6.0,12.0
401828930,2026-02-03,2026,0,40,278,2439,Fresno State Bulldogs,UNLV Rebels,98,96,49.0,44.0,6.0,15.0,56.0,36.0,12.0,19.0
401830210,2026-02-03,2026,0,40,2057,2181,Belmont Bruins,Drake Bulldogs,103,90,66.0,15.0,8.0,5.0,60.0,16.0,10.0,12.0
401830227,2026-02-03,2026,0,40,71,2674,Bradley Braves,Valparaiso Beacons,72,65,56.0,16.0,8.0,11.0,57.0,10.0,10.0,12.0
401830288,2026-02-03,2026,0,40,93,82,Murray State Racers,UIC Flames,81,74,60.0,22.0,12.0,16.0,62.0,29.0,12.0,12.0
401830289,2026-02-03,2026,0,40,339,282,Evansville Purple Aces,Indiana State Sycamores,63,84,54.0,17.0,9.0,10.0,60.0,9.0,11.0,9.0
401830290,2026-02-03,2026,0,40,2287,79,Illinois State Redbirds,Southern Illinois Salukis,50,54,60.0,10.0,8.0,12.0,52.0,15.0,7.0,15.0
401804912,2026-02-04,2026,0,40,2348,166,Louisiana Tech Bulldogs,New Mexico State Aggies,63,72,61.0,25.0,22.0,13.0,55.0,15.0,11.0,12.0
401804913,2026-02-04,2026,0,40,2534,2638,Sam Houston Bearkats,UTEP Miners,70,66,61.0,27.0,16.0,12.0,65.0,14.0,8.0,6.0
401804915,2026-02-04,2026,0,45,2393,2229,Middle Tennessee Blue Raiders,Florida International Panthers,84,88,64.0,33.0,10.0,12.0,64.0,37.0,10.0,11.0
401804916,2026-02-04,2026,0,40,48,2335,Delaware Blue Hens,Liberty Flames,69,75,51.0,9.0,2.0,10.0,45.0,20.0,2.0,9.0
401807723,2026-02-04,2026,0,40,2046,288,Austin Peay Governors,Lipscomb Bisons,87,76,57.0,15.0,2.0,11.0,61.0,10.0,7.0,12.0
401807724,2026-02-04,2026,0,40,2110,2453,Central Arkansas Bears,North Alabama Lions,81,60,62.0,9.0,10.0,10.0,54.0,16.0,8.0,13.0
401808215,2026-02-04,2026,0,40,333,245,Alabama Crimson Tide,Texas A&M Aggies,100,97,69.0,32.0,13.0,6.0,65.0,28.0,5.0,6.0
401808216,2026-02-04,2026,0,40,96,201,Kentucky Wildcats,Oklahoma Sooners,94,78,60.0,27.0,14.0,6.0,57.0,19.0,6.0,6.0
401808655,2026-02-04,2026,0,40,2026,6,App State Mountaineers,South Alabama Jaguars,65,57,53.0,18.0,10.0,6.0,54.0,13.0,6.0,5.0
401808656,2026-02-04,2026,0,40,324,2032,Coastal Carolina Chanticleers,Arkansas State Red Wolves,66,70,57.0,17.0,11.0,16.0,61.0,21.0,15.0,14.0
401808657,2026-02-04,2026,0,40,290,326,Georgia Southern Eagles,Texas State Bobcats,71,77,53.0,22.0,5.0,10.0,60.0,22.0,13.0,13.0
401808658,2026-02-04,2026,0,40,2247,2653,Georgia State Panthers,Troy Trojans,63,74,56.0,19.0,10.0,9.0,66.0,12.0,16.0,8.0
401808659,2026-02-04,2026,0,40,256,309,James Madison Dukes,Louisiana Ragin' Cajuns,61,64,48.0,19.0,11.0,10.0,59.0,9.0,14.0,8.0
401808660,2026-02-04,2026,0,40,276,2572,Marshall Thundering Herd,Southern Miss Golden Eagles,81,77,54.0,22.0,9.0,11.0,56.0,30.0,18.0,14.0
401808661,2026-02-04,2026,0,40,295,2433,Old Dominion Monarchs,UL Monroe Warhawks,79,85,62.0,29.0,11.0,10.0,61.0,36.0,18.0,13.0
401809353,2026-02-04,2026,0,45,2193,231,East Tennessee State Buccaneers,Furman Paladins,75,71,60.0,22.0,8.0,9.0,55.0,10.0,7.0,21.0
401809354,2026-02-04,2026,0,40,2430,2717,UNC Greensboro Spartans,Western Carolina Catamounts,81,78,55.0,27.0,13.0,12.0,60.0,21.0,13.0,10.0
401809355,2026-02-04,2026,0,40,2678,2747,VMI Keydets,Wofford Terriers,67,81,58.0,19.0,8.0,8.0,57.0,24.0,8.0,8.0
401817651,2026-02-04,2026,0,45,94,2739,Northern Kentucky Norse,Green Bay Phoenix,84,87,65.0,22.0,9.0,8.0,62.0,22.0,13.0,17.0
401817652,2026-02-04,2026,0,40,2523,2750,Robert Morris Colonials,Wright State Raiders,72,66,58.0,12.0,6.0,11.0,65.0,22.0,17.0,10.0
401817653,2026-02-04,2026,0,40,270,2174,Milwaukee Panthers,Detroit Mercy Titans,63,76,55.0,15.0,9.0,10.0,54.0,16.0,8.0,11.0
401817654,2026-02-04,2026,0,40,325,2473,Cleveland State Vikings,Oakland Golden Grizzlies,91,78,68.0,18.0,16.0,11.0,58.0,21.0,10.0,13.0
401817655,2026-02-04,2026,0,40,2870,2754,Purdue Fort Wayne Mastodons,Youngstown State Penguins,61,90,52.0,11.0,3.0,9.0,53.0,6.0,4.0,12.0
401818408,2026-02-04,2026,0,45,140,233,Kansas City Roos,South Dakota Coyotes,75,82,62.0,13.0,6.0,18.0,60.0,35.0,8.0,12.0
401818409,2026-02-04,2026,0,40,2571,2900,South Dakota State Jackrabbits,St. Thomas Tommies,62,77,52.0,15.0,7.0,9.0,56.0,12.0,3.0,5.0
401820170,2026-02-04,2026,0,40,322,2426,Lafayette Leopards,Navy Midshipmen,50,65,52.0,6.0,6.0,13.0,59.0,13.0,9.0,9.0
401820202,2026-02-04,2026,0,50,2352,2329,Loyola Maryland Greyhounds,Lehigh Mountain Hawks,89,84,74.0,18.0,14.0,11.0,68.0,21.0,10.0,13.0
401820717,2026-02-04,2026,0,40,25,59,California Golden Bears,Georgia Tech Yellow Jackets,90,85,54.0,39.0,8.0,14.0,71.0,14.0,10.0,8.0
401820718,2026-02-04,2026,0,40,97,87,Louisville Cardinals,Notre Dame Fighting Irish,76,65,65.0,18.0,16.0,12.0,62.0,14.0,12.0,12.0
401820720,2026-02-04,2026,0,40,24,228,Stanford Cardinal,Clemson Tigers,64,66,60.0,9.0,10.0,7.0,46.0,22.0,6.0,12.0
401822929,2026-02-04,2026,0,40,222,2550,Villanova Wildcats,Seton Hall Pirates,72,60,51.0,22.0,13.0,15.0,56.0,11.0,8.0,10.0
401822930,2026-02-04,2026,0,40,46,156,Georgetown Hoyas,Creighton Bluejays,76,68,63.0,33.0,17.0,12.0,63.0,10.0,10.0,16.0
401822931,2026-02-04,2026,0,50,2507,2086,Providence Friars,Butler Bulldogs,97,87,66.0,39.0,16.0,10.0,65.0,34.0,12.0,10.0
401823048,2026-02-04,2026,0,40,2569,2379,South Carolina State Bulldogs,Maryland Eastern Shore Hawks,63,54,44.0,27.0,6.0,12.0,48.0,13.0,9.0,21.0
401823934,2026-02-04,2026,0,40,2272,2127,High Point Panthers,Charleston Southern Buccaneers,80,55,65.0,20.0,12.0,8.0,47.0,7.0,9.0,29.0
401823935,2026-02-04,2026,0,40,2241,2344,Gardner-Webb Runnin' Bulldogs,Longwood Lancers,66,86,51.0,20.0,8.0,18.0,58.0,20.0,7.0,11.0
401823936,2026-02-04,2026,0,40,2427,2908,UNC Asheville Bulldogs,South Carolina Upstate Spartans,76,67,53.0,19.0,7.0,12.0,61.0,17.0,10.0,9.0
401823937,2026-02-04,2026,0,40,2515,2737,Radford Highlanders,Winthrop Eagles,78,80,66.0,17.0,15.0,12.0,60.0,21.0,9.0,11.0
401825492,2026-02-04,2026,0,40,356,77,Illinois Fighting Illini,Northwestern Wildcats,84,44,58.0,14.0,11.0,11.0,65.0,4.0,6.0,1.0
401825493,2026-02-04,2026,0,40,135,127,Minnesota Golden Gophers,Michigan State Spartans,76,73,46.0,31.0,3.0,6.0,58.0,17.0,13.0,9.0
401825494,2026-02-04,2026,0,40,264,2294,Washington Huskies,Iowa Hawkeyes,74,84,51.0,11.0,8.0,12.0,52.0,21.0,4.0,4.0
401826821,2026-02-04,2026,0,40,2142,349,Colgate Raiders,Army Black Knights,69,55,54.0,19.0,13.0,14.0,52.0,18.0,9.0,13.0
401827099,2026-02-04,2026,0,40,2755,2029,Grambling Tigers,Arkansas-Pine Bluff Golden Lions,64,67,64.0,15.0,15.0,12.0,53.0,21.0,9.0,13.0
401827660,2026-02-04,2026,0,40,239,38,Baylor Bears,Colorado Buffaloes,86,67,53.0,25.0,6.0,9.0,55.0,23.0,8.0,10.0
401827661,2026-02-04,2026,0,40,248,2116,Houston Cougars,UCF Knights,79,55,64.0,8.0,12.0,5.0,52.0,20.0,10.0,11.0
401827662,2026-02-04,2026,0,40,197,252,Oklahoma State Cowboys,BYU Cougars,99,92,64.0,34.0,10.0,8.0,66.0,17.0,12.0,16.0
401827663,2026-02-04,2026,0,40,254,9,Utah Utes,Arizona State Sun Devils,63,71,59.0,13.0,14.0,14.0,57.0,25.0,12.0,6.0
401828209,2026-02-04,2026,0,40,2724,2429,Wichita State Shockers,Charlotte 49ers,74,64,57.0,24.0,10.0,6.0,57.0,14.0,10.0,15.0
401828210,2026-02-04,2026,0,40,2226,202,Florida Atlantic Owls,Tulsa Golden Hurricane,76,78,69.0,15.0,14.0,10.0,62.0,19.0,7.0,8.0
401828211,2026-02-04,2026,0,50,242,249,Rice Owls,North Texas Mean Green,86,83,73.0,26.0,26.0,22.0,74.0,27.0,18.0,11.0
401828212,2026-02-04,2026,0,40,58,2636,South Florida Bulls,UTSA Roadrunners,109,88,74.0,23.0,18.0,5.0,57.0,18.0,9.0,13.0
401828411,2026-02-04,2026,0,40,2244,2184,George Mason Patriots,Duquesne Dukes,65,71,51.0,15.0,9.0,17.0,54.0,21.0,10.0,9.0
401828412,2026-02-04,2026,0,40,2603,45,Saint Joseph's Hawks,George Washington Revolutionaries,76,73,57.0,13.0,8.0,15.0,67.0,14.0,18.0,14.0
401828676,2026-02-04,2026,0,40,44,2083,American University Eagles,Bucknell Bison,59,60,58.0,11.0,16.0,11.0,44.0,17.0,6.0,14.0
401829227,2026-02-04,2026,0,40,2501,2250,Portland Pilots,Gonzaga Bulldogs,87,80,54.0,20.0,6.0,17.0,65.0,26.0,13.0,9.0
401829228,2026-02-04,2026,0,40,2539,2351,San Francisco Dons,Loyola Marymount Lions,75,84,50.0,42.0,10.0,8.0,60.0,21.0,10.0,10.0
401829229,2026-02-04,2026,0,40,2547,2492,Seattle U Redhawks,Pepperdine Waves,83,81,57.0,31.0,7.0,14.0,58.0,26.0,10.0,14.0
401829230,2026-02-04,2026,0,40,2608,301,Saint Mary's Gaels,San Diego Toreros,87,60,57.0,20.0,13.0,10.0,57.0,13.0,10.0,11.0
401829231,2026-02-04,2026,0,40,279,2541,Pacific Tigers,Santa Clara Broncos,56,71,49.0,17.0,10.0,17.0,59.0,19.0,11.0,7.0
401829232,2026-02-04,2026,0,40,204,265,Oregon State Beavers,Washington State Cougars,74,64,64.0,27.0,13.0,5.0,53.0,26.0,8.0,9.0
401829337,2026-02-04,2026,0,40,167,328,New Mexico Lobos,Utah State Aggies,66,86,51.0,30.0,7.0,15.0,60.0,22.0,10.0,12.0
401858697,2026-02-04,2026,0,40,2466,2837,Northwestern State Demons,East Texas A&M Lions,68,74,52.0,14.0,4.0,8.0,52.0,10.0,4.0,11.0
401804914,2026-02-05,2026,0,40,98,55,Western Kentucky Hilltoppers,Jacksonville State Gamecocks,66,71,62.0,24.0,12.0,10.0,45.0,50.0,13.0,16.0
401805187,2026-02-05,2026,0,40,3084,2000,Utah Valley Wolverines,Abilene Christian Wildcats,68,55,51.0,21.0,11.0,20.0,50.0,15.0,10.0,20.0
401805188,2026-02-05,2026,0,40,2856,2627,California Baptist Lancers,Tarleton State Texans,56,55,59.0,20.0,20.0,16.0,55.0,6.0,4.0,13.0
401805189,2026-02-05,2026,0,50,3101,250,Utah Tech Trailblazers,UT Arlington Mavericks,87,84,68.0,20.0,12.0,9.0,79.0,11.0,14.0,8.0
401806470,2026-02-05,2026,0,40,2634,2197,Tennessee State Tigers,Eastern Illinois Panthers,77,68,56.0,27.0,7.0,7.0,51.0,15.0,6.0,17.0
401806471,2026-02-05,2026,0,40,2031,2815,Little Rock Trojans,Lindenwood Lions,74,79,64.0,18.0,14.0,9.0,63.0,21.0,16.0,11.0
401806472,2026-02-05,2026,0,40,2546,2413,Southeast Missouri State Redhawks,Morehead State Eagles,82,70,57.0,22.0,11.0,15.0,54.0,14.0,6.0,14.0
401806473,2026-02-05,2026,0,40,2630,88,UT Martin Skyhawks,Southern Indiana Screaming Eagles,76,54,62.0,17.0,22.0,15.0,57.0,22.0,14.0,12.0
401806474,2026-02-05,2026,0,40,2635,2710,Tennessee Tech Golden Eagles,Western Illinois Leathernecks,97,72,57.0,17.0,12.0,8.0,54.0,16.0,9.0,10.0
401807721,2026-02-05,2026,0,40,2198,526,Eastern Kentucky Colonels,Florida Gulf Coast Eagles,76,74,57.0,25.0,12.0,13.0,59.0,13.0,10.0,15.0
401807722,2026-02-05,2026,0,40,2511,294,Queens University Royals,Jacksonville Dolphins,93,84,61.0,26.0,8.0,5.0,51.0,29.0,6.0,12.0
401807725,2026-02-05,2026,0,40,2698,2454,West Georgia Wolves,North Florida Ospreys,73,81,81.0,17.0,17.0,2.0,59.0,18.0,9.0,16.0
401807726,2026-02-05,2026,0,40,91,56,Bellarmine Knights,Stetson Hatters,92,71,59.0,7.0,6.0,6.0,51.0,14.0,8.0,11.0
401808462,2026-02-05,2026,0,40,149,331,Montana Grizzlies,Eastern Washington Eagles,74,82,54.0,17.0,8.0,17.0,56.0,24.0,10.0,13.0
401808479,2026-02-05,2026,0,40,147,70,Montana State Bobcats,Idaho Vandals,73,66,51.0,30.0,4.0,9.0,64.0,9.0,7.0,14.0
401808495,2026-02-05,2026,0,40,304,2464,Idaho State Bengals,Northern Arizona Lumberjacks,73,79,50.0,16.0,5.0,7.0,49.0,15.0,2.0,5.0
401808534,2026-02-05,2026,0,40,2692,2458,Weber State Wildcats,Northern Colorado Bears,74,88,63.0,24.0,12.0,6.0,59.0,10.0,6.0,9.0
401809096,2026-02-05,2026,0,40,28,299,UC San Diego Tritons,Long Beach State Beach,77,74,55.0,29.0,12.0,18.0,54.0,20.0,1.0,12.0
401809114,2026-02-05,2026,0,40,300,2934,UC Irvine Anteaters,Cal State Bakersfield Roadrunners,78,62,70.0,31.0,19.0,7.0,62.0,16.0,15.0,19.0
401809132,2026-02-05,2026,0,40,302,2540,UC Davis Aggies,UC Santa Barbara Gauchos,85,75,50.0,26.0,7.0,10.0,55.0,21.0,14.0,13.0
401809161,2026-02-05,2026,0,40,13,2463,Cal Poly Mustangs,Cal State Northridge Matadors,96,97,63.0,14.0,5.0,15.0,72.0,10.0,10.0,13.0
401809356,2026-02-05,2026,0,40,236,2382,Chattanooga Mocs,Mercer Bears,79,75,46.0,25.0,3.0,17.0,58.0,43.0,16.0,10.0
401809357,2026-02-05,2026,0,40,2535,2643,Samford Bulldogs,The Citadel Bulldogs,78,64,49.0,26.0,8.0,10.0,61.0,15.0,13.0,11.0
401812048,2026-02-05,2026,0,50,2261,2210,Hampton Pirates,Elon Phoenix,87,79,69.0,37.0,17.0,10.0,63.0,30.0,12.0,13.0
401812049,2026-02-05,2026,0,40,232,2448,Charleston Cougars,North Carolina A&T Aggies,78,62,59.0,14.0,7.0,14.0,54.0,18.0,11.0,18.0
401812050,2026-02-05,2026,0,40,350,2729,UNC Wilmington Seahawks,William & Mary Tribe,78,85,55.0,16.0,7.0,12.0,59.0,24.0,13.0,10.0
401812051,2026-02-05,2026,0,40,2097,2182,Campbell Fighting Camels,Drexel Dragons,81,60,56.0,28.0,11.0,11.0,53.0,8.0,7.0,19.0
401812052,2026-02-05,2026,0,40,2619,2405,Stony Brook Seawolves,Monmouth Hawks,75,76,58.0,16.0,11.0,17.0,64.0,23.0,13.0,10.0
401812053,2026-02-05,2026,0,40,2275,111,Hofstra Pride,Northeastern Huskies,80,63,63.0,15.0,14.0,10.0,51.0,14.0,3.0,12.0
401812142,2026-02-05,2026,0,40,2803,399,Bryant Bulldogs,UAlbany Great Danes,63,65,48.0,5.0,7.0,17.0,56.0,5.0,8.0,10.0
401812143,2026-02-05,2026,0,40,2378,2066,UMBC Retrievers,Binghamton Bearcats,79,62,64.0,19.0,10.0,3.0,52.0,18.0,2.0,8.0
401812144,2026-02-05,2026,0,40,2885,2349,NJIT Highlanders,UMass Lowell River Hawks,81,56,68.0,13.0,12.0,5.0,59.0,28.0,17.0,14.0
401812145,2026-02-05,2026,0,40,311,261,Maine Black Bears,Vermont Catamounts,76,70,45.0,23.0,4.0,11.0,52.0,21.0,13.0,14.0
401812325,2026-02-05,2026,0,40,161,284,Fairleigh Dickinson Knights,Stonehill Skyhawks,74,58,57.0,17.0,11.0,8.0,49.0,26.0,8.0,12.0
401812343,2026-02-05,2026,0,40,2681,2330,Wagner Seahawks,Le Moyne Dolphins,79,78,52.0,20.0,7.0,14.0,50.0,20.0,5.0,14.0
401812372,2026-02-05,2026,0,40,112358,2441,Long Island University Sharks,New Haven Chargers,60,55,56.0,13.0,12.0,13.0,50.0,15.0,4.0,10.0
401812396,2026-02-05,2026,0,45,2385,2598,Mercyhurst Lakers,Saint Francis Red Wolves,98,89,68.0,30.0,19.0,13.0,65.0,22.0,12.0,15.0
401812655,2026-02-05,2026,0,40,2115,2130,Central Connecticut Blue Devils,Chicago State Cougars,78,67,47.0,19.0,9.0,15.0,59.0,14.0,6.0,3.0
401813305,2026-02-05,2026,0,40,2363,2612,Manhattan Jaspers,Saint Peter's Peacocks,75,80,55.0,26.0,16.0,12.0,67.0,18.0,18.0,4.0
401813339,2026-02-05,2026,0,40,2368,2520,Marist Red Foxes,Rider Broncs,81,52,53.0,8.0,8.0,9.0,63.0,9.0,18.0,11.0
401813367,2026-02-05,2026,0,40,2514,2099,Quinnipiac Bobcats,Canisius Golden Griffins,75,60,54.0,29.0,10.0,16.0,56.0,23.0,9.0,15.0
401813415,2026-02-05,2026,0,40,116,2771,Mount St. Mary's Mountaineers,Merrimack Warriors,70,87,56.0,29.0,14.0,14.0,54.0,25.0,4.0,10.0
401813427,2026-02-05,2026,0,40,2561,314,Siena Saints,Iona Gaels,79,72,61.0,11.0,11.0,12.0,61.0,4.0,10.0,12.0
401818410,2026-02-05,2026,0,40,155,2437,North Dakota Fighting Hawks,Omaha Mavericks,76,73,60.0,38.0,13.0,3.0,60.0,22.0,14.0,12.0
401818411,2026-02-05,2026,0,40,2449,2172,North Dakota State Bison,Denver Pioneers,71,78,62.0,22.0,10.0,10.0,55.0,19.0,5.0,10.0
401823182,2026-02-05,2026,0,40,2239,27,Cal State Fullerton Titans,UC Riverside Highlanders,78,72,55.0,32.0,6.0,10.0,66.0,16.0,6.0,9.0
401823318,2026-02-05,2026,0,40,2529,2217,Sacred Heart Pioneers,Fairfield Stags,87,92,63.0,25.0,11.0,8.0,61.0,16.0,9.0,11.0
401825495,2026-02-05,2026,0,40,120,194,Maryland Terrapins,Ohio State Buckeyes,62,82,50.0,15.0,11.0,16.0,49.0,30.0,9.0,8.0
401825496,2026-02-05,2026,0,40,130,213,Michigan Wolverines,Penn State Nittany Lions,110,69,66.0,17.0,11.0,9.0,62.0,26.0,9.0,5.0
401827664,2026-02-05,2026,0,40,2132,277,Cincinnati Bearcats,West Virginia Mountaineers,54,59,55.0,9.0,11.0,12.0,48.0,21.0,10.0,12.0
401828213,2026-02-05,2026,0,40,5,235,UAB Blazers,Memphis Tigers,80,90,66.0,35.0,16.0,13.0,63.0,21.0,9.0,16.0
401818312,2026-02-06,2026,0,40,43,225,Yale Bulldogs,Brown Bears,81,69,46.0,28.0,5.0,11.0,58.0,9.0,6.0,9.0
401822932,2026-02-06,2026,0,40,2599,41,St. John's Red Storm,UConn Huskies,81,72,54.0,31.0,9.0,10.0,53.0,12.0,6.0,15.0
401828413,2026-02-06,2026,0,40,2166,2350,Davidson Wildcats,Loyola Chicago Ramblers,84,64,57.0,10.0,7.0,9.0,47.0,21.0,10.0,15.0
401828414,2026-02-06,2026,0,40,2670,2168,VCU Rams,Dayton Flyers,99,73,64.0,38.0,11.0,12.0,65.0,30.0,13.0,16.0
401830211,2026-02-06,2026,0,40,82,2057,UIC Flames,Belmont Bruins,62,68,54.0,19.0,12.0,11.0,48.0,16.0,8.0,17.0
401830226,2026-02-06,2026,0,40,2460,71,Northern Iowa Panthers,Bradley Braves,61,49,52.0,15.0,9.0,9.0,42.0,13.0,4.0,16.0
401830291,2026-02-06,2026,0,40,2287,2181,Illinois State Redbirds,Drake Bulldogs,86,76,62.0,21.0,9.0,10.0,64.0,20.0,12.0,10.0
401830292,2026-02-06,2026,0,40,79,93,Southern Illinois Salukis,Murray State Racers,81,91,65.0,23.0,10.0,7.0,51.0,26.0,5.0,15.0
401830293,2026-02-06,2026,0,45,2674,339,Valparaiso Beacons,Evansville Purple Aces,70,63,63.0,15.0,15.0,14.0,60.0,11.0,9.0,13.0
401804917,2026-02-07,2026,0,45,2638,166,UTEP Miners,New Mexico State Aggies,91,88,69.0,38.0,18.0,14.0,72.0,23.0,13.0,10.0
401804918,2026-02-07,2026,0,40,2348,2534,Louisiana Tech Bulldogs,Sam Houston Bearkats,87,78,65.0,35.0,18.0,12.0,57.0,21.0,6.0,16.0
401804919,2026-02-07,2026,0,40,55,338,Jacksonville State Gamecocks,Kennesaw State Owls,77,58,54.0,24.0,10.0,10.0,60.0,19.0,13.0,11.0
401804920,2026-02-07,2026,0,45,48,2393,Delaware Blue Hens,Middle Tennessee Blue Raiders,89,88,51.0,21.0,5.0,12.0,65.0,19.0,15.0,10.0
401804921,2026-02-07,2026,0,40,98,2229,Western Kentucky Hilltoppers,Florida International Panthers,80,70,76.0,13.0,21.0,7.0,56.0,19.0,10.0,13.0
401804922,2026-02-07,2026,0,40,2335,2623,Liberty Flames,Missouri State Bears,79,76,49.0,28.0,5.0,11.0,56.0,26.0,12.0,10.0
401805190,2026-02-07,2026,0,40,2856,2000,California Baptist Lancers,Abilene Christian Wildcats,65,63,50.0,34.0,12.0,12.0,59.0,26.0,14.0,12.0
401805191,2026-02-07,2026,0,40,253,2627,Southern Utah Thunderbirds,Tarleton State Texans,59,62,61.0,8.0,15.0,19.0,56.0,12.0,9.0,16.0
401805192,2026-02-07,2026,0,40,3084,250,Utah Valley Wolverines,UT Arlington Mavericks,81,60,48.0,22.0,10.0,10.0,39.0,28.0,8.0,15.0
401806475,2026-02-07,2026,0,40,2635,2197,Tennessee Tech Golden Eagles,Eastern Illinois Panthers,54,60,46.0,20.0,12.0,21.0,54.0,16.0,7.0,10.0
401806476,2026-02-07,2026,0,40,2031,2565,Little Rock Trojans,SIU Edwardsville Cougars,61,71,71.0,10.0,16.0,7.0,55.0,15.0,5.0,11.0
401806477,2026-02-07,2026,0,40,2630,2413,UT Martin Skyhawks,Morehead State Eagles,55,61,62.0,25.0,23.0,9.0,52.0,18.0,13.0,13.0
401806478,2026-02-07,2026,0,40,2546,88,Southeast Missouri State Redhawks,Southern Indiana Screaming Eagles,90,65,56.0,32.0,12.0,6.0,59.0,23.0,11.0,11.0
401806479,2026-02-07,2026,0,40,2634,2710,Tennessee State Tigers,Western Illinois Leathernecks,83,56,66.0,12.0,11.0,8.0,54.0,22.0,10.0,13.0
401807727,2026-02-07,2026,0,40,288,2110,Lipscomb Bisons,Central Arkansas Bears,78,86,55.0,22.0,10.0,15.0,67.0,21.0,14.0,12.0
401807728,2026-02-07,2026,0,40,91,526,Bellarmine Knights,Florida Gulf Coast Eagles,81,65,51.0,18.0,1.0,9.0,60.0,15.0,11.0,11.0
401807729,2026-02-07,2026,0,40,2698,294,West Georgia Wolves,Jacksonville Dolphins,87,73,61.0,32.0,17.0,8.0,57.0,25.0,12.0,11.0
401807730,2026-02-07,2026,0,40,2046,2453,Austin Peay Governors,North Alabama Lions,91,62,57.0,9.0,7.0,7.0,63.0,9.0,17.0,12.0
401807731,2026-02-07,2026,0,40,2511,2454,Queens University Royals,North Florida Ospreys,91,72,66.0,15.0,13.0,8.0,52.0,25.0,8.0,14.0
401807732,2026-02-07,2026,0,40,2198,56,Eastern Kentucky Colonels,Stetson Hatters,100,88,63.0,26.0,11.0,7.0,60.0,20.0,11.0,11.0
401808219,2026-02-07,2026,0,40,2,333,Auburn Tigers,Alabama Crimson Tide,92,96,71.0,22.0,14.0,5.0,59.0,23.0,7.0,14.0
401808220,2026-02-07,2026,0,40,96,2633,Kentucky Wildcats,Tennessee Volunteers,74,71,56.0,22.0,8.0,9.0,62.0,25.0,19.0,13.0
401808221,2026-02-07,2026,0,40,99,61,LSU Tigers,Georgia Bulldogs,71,83,55.0,24.0,14.0,14.0,59.0,24.0,16.0,11.0
401808222,2026-02-07,2026,0,40,344,8,Mississippi State Bulldogs,Arkansas Razorbacks,68,88,61.0,14.0,9.0,11.0,69.0,12.0,11.0,7.0
401808223,2026-02-07,2026,0,40,2579,142,South Carolina Gamecocks,Missouri Tigers,59,78,55.0,27.0,11.0,8.0,54.0,30.0,16.0,14.0
401808224,2026-02-07,2026,0,40,245,57,Texas A&M Aggies,Florida Gators,67,86,72.0,19.0,18.0,9.0,68.0,23.0,17.0,10.0
401808225,2026-02-07,2026,0,40,238,201,Vanderbilt Commodores,Oklahoma Sooners,91,92,57.0,31.0,12.0,13.0,58.0,29.0,10.0,14.0
401808226,2026-02-07,2026,0,40,251,145,Texas Longhorns,Ole Miss Rebels,79,68,51.0,23.0,9.0,10.0,58.0,17.0,9.0,7.0
401808463,2026-02-07,2026,0,40,147,331,Montana State Bobcats,Eastern Washington Eagles,71,72,58.0,20.0,7.0,5.0,58.0,11.0,10.0,11.0
401808480,2026-02-07,2026,0,40,149,70,Montana Grizzlies,Idaho Vandals,73,68,52.0,20.0,5.0,15.0,66.0,12.0,11.0,12.0
401808496,2026-02-07,2026,0,40,304,2458,Idaho State Bengals,Northern Colorado Bears,61,69,59.0,16.0,9.0,7.0,54.0,8.0,6.0,13.0
401808527,2026-02-07,2026,0,40,2692,2464,Weber State Wildcats,Northern Arizona Lumberjacks,72,53,50.0,26.0,12.0,9.0,49.0,17.0,8.0,9.0
401808539,2026-02-07,2026,0,40,16,2502,Sacramento State Hornets,Portland State Vikings,73,74,54.0,30.0,8.0,8.0,65.0,26.0,19.0,10.0
401808716,2026-02-07,2026,0,40,2837,2466,East Texas A&M Lions,Northwestern State Demons,52,48,61.0,21.0,15.0,10.0,60.0,15.0,15.0,15.0
401808883,2026-02-07,2026,0,40,2377,2916,McNeese Cowboys,Incarnate Word Cardinals,81,64,49.0,31.0,8.0,6.0,44.0,24.0,16.0,23.0
401808911,2026-02-07,2026,0,40,2443,292,LSU New Orleans Privateers,UT Rio Grande Valley Vaqueros,76,95,57.0,29.0,8.0,14.0,62.0,28.0,17.0,14.0
401808927,2026-02-07,2026,0,40,2447,357,Nicholls Colonels,Texas A&M-Corpus Christi Islanders,76,83,56.0,20.0,7.0,10.0,49.0,23.0,6.0,13.0
401808962,2026-02-07,2026,0,40,2545,2277,SE Louisiana Lions,Houston Christian Huskies,55,47,48.0,7.0,10.0,16.0,49.0,16.0,13.0,12.0
401808971,2026-02-07,2026,0,40,2617,2320,Stephen F. Austin Lumberjacks,Lamar Cardinals,84,74,54.0,22.0,5.0,8.0,62.0,12.0,9.0,10.0
401809097,2026-02-07,2026,0,40,62,28,Hawai'i Rainbow Warriors,UC San Diego Tritons,72,67,60.0,23.0,12.0,14.0,59.0,18.0,3.0,11.0
401809115,2026-02-07,2026,0,40,2540,300,UC Santa Barbara Gauchos,UC Irvine Anteaters,84,79,57.0,25.0,13.0,14.0,62.0,13.0,7.0,11.0
401809133,2026-02-07,2026,0,40,302,13,UC Davis Aggies,Cal Poly Mustangs,67,58,61.0,17.0,15.0,15.0,57.0,14.0,13.0,19.0
401809358,2026-02-07,2026,0,40,236,2643,Chattanooga Mocs,The Citadel Bulldogs,71,78,63.0,8.0,10.0,12.0,58.0,13.0,6.0,9.0
401809360,2026-02-07,2026,0,40,2535,2382,Samford Bulldogs,Mercer Bears,69,49,50.0,20.0,4.0,10.0,59.0,17.0,10.0,9.0
401809361,2026-02-07,2026,0,40,2678,2193,VMI Keydets,East Tennessee State Buccaneers,70,87,57.0,16.0,6.0,12.0,57.0,14.0,10.0,17.0
401809362,2026-02-07,2026,0,40,2747,2717,Wofford Terriers,Western Carolina Catamounts,77,66,55.0,12.0,4.0,13.0,65.0,10.0,13.0,11.0
401812054,2026-02-07,2026,0,40,2619,111,Stony Brook Seawolves,Northeastern Huskies,69,55,50.0,19.0,4.0,13.0,57.0,17.0,11.0,12.0
401812055,2026-02-07,2026,0,40,2210,2182,Elon Phoenix,Drexel Dragons,77,82,54.0,27.0,9.0,10.0,57.0,24.0,7.0,6.0
401812056,2026-02-07,2026,0,40,2275,119,Hofstra Pride,Towson Tigers,71,49,57.0,16.0,11.0,8.0,54.0,19.0,12.0,11.0
401812057,2026-02-07,2026,0,40,2261,2729,Hampton Pirates,William & Mary Tribe,77,74,55.0,31.0,12.0,12.0,51.0,32.0,5.0,12.0
401812058,2026-02-07,2026,0,40,2448,2097,North Carolina A&T Aggies,Campbell Fighting Camels,71,79,61.0,21.0,10.0,9.0,55.0,26.0,9.0,12.0
401812146,2026-02-07,2026,0,40,2885,2066,NJIT Highlanders,Binghamton Bearcats,73,64,53.0,33.0,9.0,6.0,55.0,24.0,9.0,9.0
401812147,2026-02-07,2026,0,40,2803,311,Bryant Bulldogs,Maine Black Bears,73,67,50.0,26.0,10.0,15.0,46.0,30.0,3.0,11.0
401812148,2026-02-07,2026,0,40,399,2349,UAlbany Great Danes,UMass Lowell River Hawks,79,89,58.0,26.0,8.0,7.0,54.0,31.0,11.0,12.0
401812149,2026-02-07,2026,0,40,261,160,Vermont Catamounts,New Hampshire Wildcats,80,57,62.0,11.0,10.0,11.0,50.0,22.0,6.0,13.0
401812326,2026-02-07,2026,0,40,161,2385,Fairleigh Dickinson Knights,Mercyhurst Lakers,55,52,47.0,13.0,11.0,13.0,50.0,7.0,6.0,6.0
401812344,2026-02-07,2026,0,40,2330,2598,Le Moyne Dolphins,Saint Francis Red Wolves,86,84,46.0,31.0,5.0,21.0,64.0,27.0,12.0,12.0
401812373,2026-02-07,2026,0,40,112358,284,Long Island University Sharks,Stonehill Skyhawks,61,54,56.0,11.0,13.0,12.0,55.0,13.0,12.0,13.0
401812415,2026-02-07,2026,0,40,2115,2681,Central Connecticut Blue Devils,Wagner Seahawks,84,67,47.0,31.0,7.0,10.0,64.0,14.0,13.0,9.0
401812592,2026-02-07,2026,0,40,219,163,Pennsylvania Quakers,Princeton Tigers,61,60,56.0,15.0,12.0,7.0,54.0,16.0,10.0,7.0
401812619,2026-02-07,2026,0,40,159,108,Dartmouth Big Green,Harvard Crimson,58,71,56.0,13.0,6.0,9.0,51.0,18.0,5.0,9.0
401813306,2026-02-07,2026,0,40,2363,2529,Manhattan Jaspers,Sacred Heart Pioneers,80,68,61.0,20.0,7.0,8.0,61.0,14.0,8.0,11.0
401813340,2026-02-07,2026,0,40,2217,2368,Fairfield Stags,Marist Red Foxes,63,60,56.0,13.0,9.0,8.0,55.0,13.0,12.0,12.0
401813391,2026-02-07,2026,0,40,2514,315,Quinnipiac Bobcats,Niagara Purple Eagles,56,55,60.0,16.0,19.0,12.0,49.0,10.0,11.0,15.0
401813416,2026-02-07,2026,0,40,314,116,Iona Gaels,Mount St. Mary's Mountaineers,76,83,59.0,24.0,12.0,4.0,50.0,30.0,11.0,11.0
401813428,2026-02-07,2026,0,40,2612,2561,Saint Peter's Peacocks,Siena Saints,70,65,48.0,36.0,11.0,14.0,54.0,21.0,6.0,10.0
401817656,2026-02-07,2026,0,40,94,270,Northern Kentucky Norse,Milwaukee Panthers,67,62,49.0,23.0,8.0,11.0,53.0,11.0,7.0,11.0
401817657,2026-02-07,2026,0,40,2750,2870,Wright State Raiders,Purdue Fort Wayne Mastodons,73,68,53.0,24.0,16.0,13.0,53.0,13.0,7.0,11.0
401817658,2026-02-07,2026,0,40,2739,2174,Green Bay Phoenix,Detroit Mercy Titans,76,63,61.0,23.0,13.0,8.0,56.0,17.0,11.0,13.0
401817659,2026-02-07,2026,0,40,85,325,IU Indianapolis Jaguars,Cleveland State Vikings,82,74,61.0,18.0,8.0,13.0,60.0,22.0,10.0,15.0
401817660,2026-02-07,2026,0,40,2754,2523,Youngstown State Penguins,Robert Morris Colonials,66,72,57.0,8.0,7.0,12.0,60.0,7.0,13.0,13.0
401818412,2026-02-07,2026,0,40,2571,233,South Dakota State Jackrabbits,South Dakota Coyotes,67,68,58.0,11.0,4.0,10.0,60.0,13.0,6.0,10.0
401818413,2026-02-07,2026,0,40,2449,2437,North Dakota State Bison,Omaha Mavericks,92,84,62.0,22.0,10.0,5.0,57.0,12.0,7.0,11.0
401818414,2026-02-07,2026,0,40,2900,198,St. Thomas Tommies,Oral Roberts Golden Eagles,92,75,56.0,38.0,4.0,4.0,72.0,17.0,16.0,12.0
401818415,2026-02-07,2026,0,40,155,2172,North Dakota Fighting Hawks,Denver Pioneers,79,98,60.0,28.0,9.0,3.0,60.0,23.0,12.0,8.0
401818543,2026-02-07,2026,0,40,171,172,Columbia Lions,Cornell Big Red,67,88,54.0,17.0,11.0,15.0,56.0,24.0,12.0,10.0
401820171,2026-02-07,2026,0,40,2426,44,Navy Midshipmen,American University Eagles,82,73,50.0,29.0,8.0,9.0,59.0,11.0,12.0,12.0
401820203,2026-02-07,2026,0,40,104,2352,Boston University Terriers,Loyola Maryland Greyhounds,78,69,53.0,18.0,11.0,18.0,61.0,12.0,4.0,8.0
401820568,2026-02-07,2026,0,40,2005,21,Air Force Falcons,San Diego State Aztecs,54,88,48.0,12.0,4.0,22.0,60.0,14.0,4.0,6.0
401820721,2026-02-07,2026,0,40,103,2390,Boston College Eagles,Miami Hurricanes,68,74,65.0,10.0,7.0,7.0,54.0,25.0,9.0,13.0
401820722,2026-02-07,2026,0,40,25,228,California Golden Bears,Clemson Tigers,55,77,48.0,15.0,4.0,14.0,49.0,19.0,4.0,10.0
401820723,2026-02-07,2026,0,40,152,259,NC State Wolfpack,Virginia Tech Hokies,82,73,54.0,24.0,5.0,11.0,63.0,15.0,12.0,15.0
401820724,2026-02-07,2026,0,40,153,150,North Carolina Tar Heels,Duke Blue Devils,71,68,55.0,14.0,4.0,7.0,62.0,6.0,10.0,8.0
401820725,2026-02-07,2026,0,40,87,52,Notre Dame Fighting Irish,Florida State Seminoles,79,82,64.0,24.0,14.0,12.0,65.0,22.0,9.0,5.0
401820726,2026-02-07,2026,0,40,221,2567,Pittsburgh Panthers,SMU Mustangs,67,86,61.0,19.0,15.0,12.0,56.0,17.0,8.0,9.0
401820727,2026-02-07,2026,0,40,24,59,Stanford Cardinal,Georgia Tech Yellow Jackets,95,72,61.0,19.0,11.0,12.0,65.0,17.0,12.0,13.0
401820728,2026-02-07,2026,0,40,258,183,Virginia Cavaliers,Syracuse Orange,72,59,63.0,14.0,17.0,10.0,51.0,7.0,6.0,13.0
401820729,2026-02-07,2026,0,40,154,97,Wake Forest Demon Deacons,Louisville Cardinals,80,88,63.0,25.0,10.0,6.0,51.0,31.0,6.0,11.0
401822349,2026-02-07,2026,0,40,2441,2130,New Haven Chargers,Chicago State Cougars,57,63,46.0,12.0,3.0,11.0,52.0,15.0,6.0,5.0
401822774,2026-02-07,2026,0,40,2154,2169,Coppin State Eagles,Delaware State Hornets,65,47,51.0,23.0,12.0,17.0,48.0,21.0,10.0,18.0
401822933,2026-02-07,2026,0,40,156,2550,Creighton Bluejays,Seton Hall Pirates,69,68,53.0,12.0,9.0,18.0,54.0,14.0,9.0,14.0
401822934,2026-02-07,2026,0,40,46,222,Georgetown Hoyas,Villanova Wildcats,73,80,60.0,23.0,14.0,14.0,57.0,28.0,12.0,9.0
401822935,2026-02-07,2026,0,40,269,2086,Marquette Golden Eagles,Butler Bulldogs,70,55,54.0,10.0,4.0,12.0,61.0,15.0,17.0,16.0
401822936,2026-02-07,2026,0,40,2507,305,Providence Friars,DePaul Blue Demons,90,72,56.0,25.0,12.0,16.0,70.0,11.0,14.0,10.0
401823051,2026-02-07,2026,0,40,2415,2379,Morgan State Bears,Maryland Eastern Shore Hawks,79,71,59.0,25.0,10.0,6.0,63.0,21.0,15.0,9.0
401823183,2026-02-07,2026,0,40,2239,2934,Cal State Fullerton Titans,Cal State Bakersfield Roadrunners,82,66,64.0,23.0,12.0,11.0,61.0,24.0,14.0,16.0
401823267,2026-02-07,2026,0,40,2463,27,Cal State Northridge Matadors,UC Riverside Highlanders,88,74,60.0,22.0,9.0,11.0,69.0,13.0,15.0,13.0
401823800,2026-02-07,2026,0,40,2439,2253,UNLV Rebels,Grand Canyon Lopes,80,78,63.0,19.0,13.0,12.0,57.0,35.0,12.0,11.0
401823828,2026-02-07,2026,0,40,167,68,New Mexico Lobos,Boise State Broncos,90,91,62.0,21.0,11.0,5.0,54.0,27.0,9.0,11.0
401823855,2026-02-07,2026,0,40,2520,2771,Rider Broncs,Merrimack Warriors,47,73,52.0,23.0,14.0,8.0,46.0,21.0,9.0,11.0
401823938,2026-02-07,2026,0,45,2908,2127,South Carolina Upstate Spartans,Charleston Southern Buccaneers,100,94,76.0,25.0,14.0,3.0,70.0,17.0,18.0,17.0
401823939,2026-02-07,2026,0,40,2506,2241,Presbyterian Blue Hose,Gardner-Webb Runnin' Bulldogs,68,62,52.0,23.0,13.0,13.0,55.0,12.0,8.0,11.0
401823940,2026-02-07,2026,0,40,2737,2344,Winthrop Eagles,Longwood Lancers,79,74,50.0,40.0,5.0,14.0,59.0,35.0,11.0,12.0
401823941,2026-02-07,2026,0,40,2272,2515,High Point Panthers,Radford Highlanders,86,77,61.0,37.0,13.0,14.0,60.0,28.0,13.0,19.0
401824392,2026-02-07,2026,0,40,107,2329,Holy Cross Crusaders,Lehigh Mountain Hawks,76,67,54.0,23.0,6.0,5.0,58.0,10.0,4.0,7.0
401825497,2026-02-07,2026,0,45,84,275,Indiana Hoosiers,Wisconsin Badgers,78,77,63.0,15.0,11.0,8.0,71.0,12.0,14.0,7.0
401825498,2026-02-07,2026,0,40,2509,2483,Purdue Boilermakers,Oregon Ducks,68,64,47.0,25.0,8.0,14.0,54.0,16.0,7.0,13.0
401825499,2026-02-07,2026,0,40,164,158,Rutgers Scarlet Knights,Nebraska Cornhuskers,68,80,56.0,12.0,8.0,15.0,64.0,12.0,8.0,6.0
401825500,2026-02-07,2026,0,40,26,264,UCLA Bruins,Washington Huskies,77,73,56.0,29.0,12.0,7.0,56.0,18.0,11.0,13.0
401826822,2026-02-07,2026,0,40,349,322,Army Black Knights,Lafayette Leopards,60,63,64.0,9.0,15.0,13.0,56.0,26.0,13.0,13.0
401827030,2026-02-07,2026,0,40,2582,2010,Southern Jaguars,Alabama A&M Bulldogs,81,68,60.0,21.0,13.0,9.0,51.0,29.0,8.0,8.0
401827075,2026-02-07,2026,0,40,2065,2504,Bethune-Cookman Wildcats,Prairie View A&M Panthers,82,76,64.0,34.0,17.0,12.0,70.0,26.0,12.0,7.0
401827102,2026-02-07,2026,0,40,2755,2011,Grambling Tigers,Alabama State Hornets,57,47,48.0,18.0,6.0,12.0,66.0,10.0,18.0,11.0
401827146,2026-02-07,2026,0,40,2400,2296,Mississippi Valley State Delta Devils,Jackson State Tigers,81,97,64.0,24.0,10.0,10.0,67.0,35.0,23.0,15.0
401827665,2026-02-07,2026,0,40,12,197,Arizona Wildcats,Oklahoma State Cowboys,84,47,64.0,25.0,12.0,12.0,61.0,23.0,10.0,12.0
401827666,2026-02-07,2026,0,40,252,248,BYU Cougars,Houston Cougars,66,77,53.0,28.0,14.0,6.0,61.0,15.0,13.0,4.0
401827667,2026-02-07,2026,0,40,38,9,Colorado Buffaloes,Arizona State Sun Devils,78,70,61.0,14.0,13.0,10.0,57.0,18.0,8.0,9.0
401827668,2026-02-07,2026,0,40,66,239,Iowa State Cyclones,Baylor Bears,72,69,54.0,19.0,14.0,14.0,57.0,9.0,8.0,9.0
401827669,2026-02-07,2026,0,40,2305,254,Kansas Jayhawks,Utah Utes,71,59,56.0,16.0,7.0,10.0,55.0,16.0,7.0,12.0
401827670,2026-02-07,2026,0,40,2628,2306,TCU Horned Frogs,Kansas State Wildcats,84,82,59.0,36.0,17.0,13.0,63.0,8.0,8.0,12.0
401828214,2026-02-07,2026,0,40,151,218,East Carolina Pirates,Temple Owls,73,81,53.0,27.0,8.0,6.0,67.0,20.0,17.0,4.0
401828215,2026-02-07,2026,0,40,2636,249,UTSA Roadrunners,North Texas Mean Green,58,81,53.0,18.0,9.0,18.0,66.0,23.0,21.0,13.0
401828415,2026-02-07,2026,0,40,2230,179,Fordham Rams,St. Bonaventure Bonnies,67,70,55.0,14.0,11.0,12.0,50.0,7.0,9.0,17.0
401828416,2026-02-07,2026,0,40,2244,2603,George Mason Patriots,Saint Joseph's Hawks,60,52,56.0,12.0,10.0,8.0,65.0,4.0,20.0,14.0
401828417,2026-02-07,2026,0,40,2184,45,Duquesne Dukes,George Washington Revolutionaries,88,86,60.0,30.0,11.0,4.0,63.0,19.0,19.0,16.0
401828418,2026-02-07,2026,0,40,139,2325,Saint Louis Billikens,La Salle Explorers,82,58,53.0,21.0,4.0,11.0,64.0,18.0,15.0,14.0
401828419,2026-02-07,2026,0,40,227,257,Rhode Island Rams,Richmond Spiders,82,77,47.0,42.0,11.0,11.0,57.0,15.0,7.0,12.0
401828729,2026-02-07,2026,0,40,2450,2428,Norfolk State Spartans,North Carolina Central Eagles,75,68,50.0,27.0,11.0,20.0,55.0,14.0,6.0,16.0
401828931,2026-02-07,2026,0,40,2440,278,Nevada Wolf Pack,Fresno State Bulldogs,69,59,57.0,25.0,13.0,7.0,53.0,16.0,5.0,8.0
401829233,2026-02-07,2026,0,40,204,2250,Oregon State Beavers,Gonzaga Bulldogs,61,81,43.0,18.0,5.0,9.0,56.0,16.0,10.0,2.0
401829234,2026-02-07,2026,0,40,2492,279,Pepperdine Waves,Pacific Tigers,59,92,56.0,21.0,4.0,12.0,62.0,15.0,8.0,10.0
401829235,2026-02-07,2026,0,40,2351,301,Loyola Marymount Lions,San Diego Toreros,83,63,56.0,21.0,10.0,7.0,58.0,11.0,8.0,8.0
401829236,2026-02-07,2026,0,40,2608,2539,Saint Mary's Gaels,San Francisco Dons,79,54,67.0,8.0,12.0,5.0,57.0,16.0,6.0,6.0
401829237,2026-02-07,2026,0,40,265,2541,Washington State Cougars,Santa Clara Broncos,92,96,61.0,15.0,12.0,13.0,66.0,16.0,11.0,10.0
401829238,2026-02-07,2026,0,40,2501,2547,Portland Pilots,Seattle U Redhawks,54,53,57.0,10.0,12.0,12.0,52.0,13.0,10.0,15.0
401829288,2026-02-07,2026,0,40,47,2569,Howard Bison,South Carolina State Bulldogs,85,57,51.0,36.0,10.0,16.0,61.0,19.0,11.0,17.0
401829331,2026-02-07,2026,0,40,36,23,Colorado State Rams,San José State Spartans,65,57,58.0,20.0,12.0,10.0,60.0,11.0,3.0,4.0
401829338,2026-02-07,2026,0,40,2751,328,Wyoming Cowboys,Utah State Aggies,83,85,64.0,16.0,10.0,7.0,45.0,29.0,3.0,11.0
401829399,2026-02-07,2026,0,40,2083,2142,Bucknell Bison,Colgate Raiders,59,78,55.0,27.0,7.0,13.0,63.0,21.0,10.0,10.0
401829502,2026-02-07,2026,0,40,50,2640,Florida A&M Rattlers,Texas Southern Tigers,57,62,54.0,21.0,17.0,16.0,54.0,10.0,9.0,15.0
401829688,2026-02-07,2026,0,40,2029,2016,Arkansas-Pine Bluff Golden Lions,Alcorn State Braves,84,77,49.0,24.0,9.0,15.0,56.0,13.0,6.0,10.0
401830778,2026-02-07,2026,0,45,127,356,Michigan State Spartans,Illinois Fighting Illini,85,82,67.0,23.0,15.0,8.0,71.0,24.0,15.0,4.0
401845836,2026-02-07,2026,0,40,2026,2199,App State Mountaineers,Eastern Michigan Eagles,65,60,59.0,28.0,13.0,7.0,63.0,6.0,9.0,6.0
401845837,2026-02-07,2026,0,40,2032,189,Arkansas State Red Wolves,Bowling Green Falcons,91,54,64.0,21.0,14.0,13.0,59.0,22.0,9.0,17.0
401845838,2026-02-07,2026,0,55,324,113,Coastal Carolina Chanticleers,Massachusetts Minutemen,94,91,82.0,16.0,16.0,10.0,83.0,23.0,22.0,12.0
401845839,2026-02-07,2026,0,40,2247,2459,Georgia State Panthers,Northern Illinois Huskies,74,75,57.0,33.0,10.0,9.0,54.0,22.0,6.0,13.0
401845840,2026-02-07,2026,0,40,256,2649,James Madison Dukes,Toledo Rockets,73,71,57.0,17.0,12.0,14.0,57.0,15.0,6.0,8.0
401845841,2026-02-07,2026,0,40,309,2117,Louisiana Ragin' Cajuns,Central Michigan Chippewas,85,80,58.0,19.0,13.0,11.0,49.0,21.0,5.0,9.0
401845842,2026-02-07,2026,0,40,2433,2050,UL Monroe Warhawks,Ball State Cardinals,68,73,48.0,36.0,9.0,12.0,62.0,18.0,14.0,14.0
401845843,2026-02-07,2026,0,40,276,193,Marshall Thundering Herd,Miami (OH) RedHawks,74,90,70.0,17.0,18.0,11.0,59.0,21.0,12.0,13.0
401845844,2026-02-07,2026,0,40,295,195,Old Dominion Monarchs,Ohio Bobcats,78,72,62.0,18.0,11.0,6.0,58.0,15.0,9.0,8.0
401845845,2026-02-07,2026,0,40,6,2084,South Alabama Jaguars,Buffalo Bulls,81,69,53.0,24.0,5.0,10.0,63.0,6.0,10.0,14.0
401845846,2026-02-07,2026,0,40,2572,2309,Southern Miss Golden Eagles,Kent State Golden Flashes,66,65,57.0,24.0,15.0,11.0,60.0,18.0,12.0,9.0
401845847,2026-02-07,2026,0,40,326,2711,Texas State Bobcats,Western Michigan Broncos,77,61,56.0,10.0,7.0,10.0,60.0,6.0,11.0,13.0
401845848,2026-02-07,2026,0,40,2653,2006,Troy Trojans,Akron Zips,79,69,58.0,17.0,9.0,7.0,59.0,13.0,8.0,7.0
401809359,2026-02-08,2026,0,40,231,2430,Furman Paladins,UNC Greensboro Spartans,64,67,53.0,17.0,9.0,11.0,53.0,19.0,8.0,9.0
401825501,2026-02-08,2026,0,40,2294,77,Iowa Hawkeyes,Northwestern Wildcats,76,70,53.0,29.0,13.0,8.0,45.0,22.0,3.0,10.0
401825502,2026-02-08,2026,0,40,135,120,Minnesota Golden Gophers,Maryland Terrapins,62,67,47.0,14.0,9.0,9.0,48.0,17.0,10.0,10.0
401825503,2026-02-08,2026,0,40,194,130,Ohio State Buckeyes,Michigan Wolverines,61,82,55.0,16.0,9.0,12.0,71.0,7.0,16.0,8.0
401825504,2026-02-08,2026,0,40,213,30,Penn State Nittany Lions,USC Trojans,75,77,58.0,15.0,9.0,17.0,60.0,18.0,12.0,15.0
401827671,2026-02-08,2026,0,40,2132,2116,Cincinnati Bearcats,UCF Knights,92,72,56.0,21.0,7.0,11.0,66.0,15.0,11.0,8.0
401827672,2026-02-08,2026,0,40,277,2641,West Virginia Mountaineers,Texas Tech Red Raiders,63,70,55.0,23.0,9.0,9.0,48.0,13.0,2.0,11.0
401828216,2026-02-08,2026,0,40,5,242,UAB Blazers,Rice Owls,71,65,63.0,21.0,14.0,7.0,68.0,10.0,17.0,11.0
401828217,2026-02-08,2026,0,40,235,2429,Memphis Tigers,Charlotte 49ers,77,54,63.0,18.0,12.0,10.0,57.0,9.0,8.0,16.0
401828218,2026-02-08,2026,0,40,58,202,South Florida Bulls,Tulsa Golden Hurricane,80,74,60.0,30.0,12.0,7.0,61.0,18.0,16.0,14.0
401828219,2026-02-08,2026,0,40,2655,2724,Tulane Green Wave,Wichita State Shockers,61,75,53.0,24.0,6.0,14.0,63.0,19.0,14.0,15.0
401807704,2026-02-09,2026,0,40,2453,2110,North Alabama Lions,Central Arkansas Bears,65,72,46.0,23.0,8.0,19.0,52.0,23.0,9.0,13.0
401808717,2026-02-09,2026,0,40,2617,2837,Stephen F. Austin Lumberjacks,East Texas A&M Lions,74,70,61.0,20.0,13.0,10.0,48.0,13.0,2.0,14.0
401808884,2026-02-09,2026,0,40,2377,2277,McNeese Cowboys,Houston Christian Huskies,73,69,54.0,17.0,6.0,11.0,53.0,19.0,9.0,15.0
401808912,2026-02-09,2026,0,45,2443,357,LSU New Orleans Privateers,Texas A&M-Corpus Christi Islanders,84,78,46.0,56.0,7.0,22.0,64.0,37.0,14.0,19.0
401808928,2026-02-09,2026,0,40,2447,292,Nicholls Colonels,UT Rio Grande Valley Vaqueros,72,92,59.0,22.0,8.0,9.0,52.0,20.0,10.0,16.0
401808942,2026-02-09,2026,0,40,2320,2466,Lamar Cardinals,Northwestern State Demons,68,70,56.0,22.0,11.0,11.0,56.0,20.0,8.0,8.0
401808963,2026-02-09,2026,0,40,2545,2916,SE Louisiana Lions,Incarnate Word Cardinals,74,62,57.0,16.0,11.0,7.0,56.0,16.0,13.0,11.0
401812059,2026-02-09,2026,0,40,232,350,Charleston Cougars,UNC Wilmington Seahawks,64,76,50.0,23.0,7.0,13.0,69.0,17.0,13.0,5.0
401812394,2026-02-09,2026,0,40,2130,2598,Chicago State Cougars,Saint Francis Red Wolves,80,75,55.0,33.0,14.0,13.0,53.0,28.0,12.0,18.0
401818333,2026-02-09,2026,0,45,47,43,Howard Bison,Yale Bulldogs,81,87,61.0,19.0,10.0,11.0,59.0,34.0,17.0,15.0
401820172,2026-02-09,2026,0,40,2083,2426,Bucknell Bison,Navy Midshipmen,60,76,63.0,8.0,8.0,11.0,60.0,18.0,13.0,13.0
401820730,2026-02-09,2026,0,40,97,152,Louisville Cardinals,NC State Wolfpack,118,77,65.0,27.0,8.0,10.0,68.0,19.0,6.0,10.0
401820818,2026-02-09,2026,0,40,2305,12,Kansas Jayhawks,Arizona Wildcats,82,78,69.0,25.0,17.0,11.0,72.0,14.0,18.0,13.0
401822937,2026-02-09,2026,0,45,2599,2752,St. John's Red Storm,Xavier Musketeers,87,82,66.0,41.0,13.0,10.0,76.0,17.0,10.0,9.0
401825505,2026-02-09,2026,0,40,84,2483,Indiana Hoosiers,Oregon Ducks,92,74,50.0,27.0,5.0,9.0,56.0,25.0,8.0,6.0
401827031,2026-02-09,2026,0,40,2582,2011,Southern Jaguars,Alabama State Hornets,69,68,57.0,25.0,12.0,9.0,53.0,23.0,15.0,17.0
401827076,2026-02-09,2026,0,40,50,2504,Florida A&M Rattlers,Prairie View A&M Panthers,100,96,61.0,29.0,13.0,23.0,59.0,40.0,9.0,18.0
401827103,2026-02-09,2026,0,40,2755,2010,Grambling Tigers,Alabama A&M Bulldogs,58,66,50.0,27.0,9.0,12.0,50.0,24.0,8.0,14.0
401827121,2026-02-09,2026,0,45,2065,2640,Bethune-Cookman Wildcats,Texas Southern Tigers,79,69,62.0,35.0,17.0,13.0,60.0,29.0,11.0,11.0
401828666,2026-02-09,2026,0,40,2029,2296,Arkansas-Pine Bluff Golden Lions,Jackson State Tigers,84,63,57.0,21.0,9.0,7.0,63.0,15.0,16.0,12.0
401829689,2026-02-09,2026,0,40,2400,2016,Mississippi Valley State Delta Devils,Alcorn State Braves,66,74,52.0,23.0,14.0,11.0,47.0,20.0,3.0,4.0
401830212,2026-02-09,2026,0,45,71,2057,Bradley Braves,Belmont Bruins,95,84,67.0,26.0,10.0,8.0,63.0,24.0,14.0,17.0
401830294,2026-02-09,2026,0,40,339,2287,Evansville Purple Aces,Illinois State Redbirds,88,80,51.0,19.0,2.0,7.0,59.0,14.0,5.0,7.0
401830295,2026-02-09,2026,0,40,93,2460,Murray State Racers,Northern Iowa Panthers,60,89,61.0,10.0,8.0,9.0,66.0,2.0,9.0,6.0
401830296,2026-02-09,2026,0,40,282,79,Indiana State Sycamores,Southern Illinois Salukis,65,80,58.0,15.0,8.0,17.0,71.0,13.0,14.0,12.0
401830297,2026-02-09,2026,0,40,2181,2674,Drake Bulldogs,Valparaiso Beacons,76,81,69.0,14.0,14.0,6.0,54.0,27.0,12.0,11.0
401858744,2026-02-09,2026,0,40,2428,2169,North Carolina Central Eagles,Delaware State Hornets,72,63,53.0,17.0,10.0,7.0,50.0,15.0,12.0,14.0
401858786,2026-02-09,2026,0,40,2166,108806,Davidson Wildcats,Mid Atlantic Christian Mustangs,114,53,67.0,20.0,13.0,13.0,69.0,17.0,13.0,13.0
401806480,2026-02-10,2026,0,40,2710,2197,Western Illinois Leathernecks,Eastern Illinois Panthers,79,70,57.0,26.0,8.0,11.0,63.0,14.0,9.0,11.0
401808229,2026-02-10,2026,0,40,2,238,Auburn Tigers,Vanderbilt Commodores,76,84,60.0,27.0,18.0,8.0,54.0,30.0,10.0,7.0
401808231,2026-02-10,2026,0,40,99,8,LSU Tigers,Arkansas Razorbacks,62,91,68.0,27.0,21.0,14.0,62.0,24.0,8.0,10.0
401817686,2026-02-10,2026,0,40,85,270,IU Indianapolis Jaguars,Milwaukee Panthers,88,92,72.0,20.0,10.0,7.0,58.0,41.0,14.0,13.0
401820569,2026-02-10,2026,0,40,2005,36,Air Force Falcons,Colorado State Rams,74,91,47.0,22.0,6.0,13.0,44.0,36.0,3.0,8.0
401820731,2026-02-10,2026,0,40,2390,153,Miami Hurricanes,North Carolina Tar Heels,75,66,62.0,23.0,12.0,8.0,63.0,10.0,9.0,11.0
401820734,2026-02-10,2026,0,40,52,258,Florida State Seminoles,Virginia Cavaliers,58,61,62.0,22.0,11.0,8.0,61.0,8.0,12.0,14.0
401820736,2026-02-10,2026,0,40,221,150,Pittsburgh Panthers,Duke Blue Devils,54,70,54.0,8.0,7.0,12.0,51.0,8.0,8.0,13.0
401820737,2026-02-10,2026,0,40,2567,87,SMU Mustangs,Notre Dame Fighting Irish,89,81,61.0,16.0,14.0,14.0,58.0,14.0,7.0,12.0
401822938,2026-02-10,2026,0,40,222,269,Villanova Wildcats,Marquette Golden Eagles,77,74,59.0,31.0,17.0,12.0,49.0,20.0,5.0,18.0
401825506,2026-02-10,2026,0,45,356,275,Illinois Fighting Illini,Wisconsin Badgers,90,92,60.0,19.0,8.0,13.0,76.0,14.0,14.0,4.0
401825507,2026-02-10,2026,0,45,158,2509,Nebraska Cornhuskers,Purdue Boilermakers,77,80,59.0,20.0,6.0,14.0,76.0,20.0,21.0,11.0
401827673,2026-02-10,2026,0,40,9,197,Arizona State Sun Devils,Oklahoma State Cowboys,85,76,65.0,35.0,19.0,11.0,56.0,27.0,10.0,17.0
401827674,2026-02-10,2026,0,40,239,252,Baylor Bears,BYU Cougars,94,99,62.0,25.0,12.0,13.0,68.0,25.0,12.0,5.0
401827675,2026-02-10,2026,0,40,2628,66,TCU Horned Frogs,Iowa State Cyclones,62,55,52.0,23.0,10.0,15.0,58.0,8.0,10.0,17.0
401827676,2026-02-10,2026,0,40,254,248,Utah Utes,Houston Cougars,52,66,45.0,14.0,5.0,13.0,60.0,10.0,12.0,5.0
401828420,2026-02-10,2026,0,40,2603,2230,Saint Joseph's Hawks,Fordham Rams,64,68,52.0,22.0,10.0,12.0,56.0,21.0,10.0,7.0
401828421,2026-02-10,2026,0,40,257,2244,Richmond Spiders,George Mason Patriots,82,70,57.0,19.0,6.0,10.0,56.0,30.0,15.0,15.0
401828422,2026-02-10,2026,0,40,45,227,George Washington Revolutionaries,Rhode Island Rams,75,70,56.0,20.0,14.0,15.0,60.0,17.0,12.0,13.0
401828932,2026-02-10,2026,0,40,328,278,Utah State Aggies,Fresno State Bulldogs,91,78,61.0,19.0,10.0,9.0,65.0,23.0,15.0,10.0
401829244,2026-02-10,2026,0,40,2250,265,Gonzaga Bulldogs,Washington State Cougars,83,53,62.0,14.0,10.0,12.0,46.0,15.0,3.0,21.0
401829332,2026-02-10,2026,0,40,2439,23,UNLV Rebels,San José State Spartans,82,75,61.0,21.0,13.0,9.0,63.0,20.0,11.0,7.0
401804923,2026-02-11,2026,0,40,55,2638,Jacksonville State Gamecocks,UTEP Miners,64,69,49.0,14.0,9.0,13.0,47.0,19.0,7.0,11.0
401804924,2026-02-11,2026,0,40,166,2335,New Mexico State Aggies,Liberty Flames,75,77,63.0,7.0,10.0,10.0,66.0,9.0,9.0,7.0
401807733,2026-02-11,2026,0,40,2511,2046,Queens University Royals,Austin Peay Governors,87,95,56.0,34.0,8.0,10.0,57.0,32.0,10.0,11.0
401807734,2026-02-11,2026,0,40,288,2198,Lipscomb Bisons,Eastern Kentucky Colonels,75,61,59.0,13.0,12.0,11.0,62.0,10.0,13.0,13.0
401807735,2026-02-11,2026,0,40,2110,91,Central Arkansas Bears,Bellarmine Knights,84,76,59.0,24.0,10.0,5.0,50.0,8.0,4.0,16.0
401807736,2026-02-11,2026,0,40,56,294,Stetson Hatters,Jacksonville Dolphins,67,62,46.0,32.0,8.0,9.0,60.0,19.0,15.0,9.0
401807737,2026-02-11,2026,0,40,526,2454,Florida Gulf Coast Eagles,North Florida Ospreys,90,81,62.0,30.0,12.0,8.0,63.0,24.0,12.0,11.0
401807738,2026-02-11,2026,0,40,2453,2698,North Alabama Lions,West Georgia Wolves,73,82,57.0,16.0,7.0,8.0,60.0,14.0,10.0,7.0
401808227,2026-02-11,2026,0,40,145,333,Ole Miss Rebels,Alabama Crimson Tide,74,93,69.0,13.0,9.0,8.0,66.0,26.0,11.0,6.0
401808228,2026-02-11,2026,0,40,245,142,Texas A&M Aggies,Missouri Tigers,85,86,58.0,15.0,8.0,9.0,65.0,15.0,16.0,9.0
401808230,2026-02-11,2026,0,40,61,57,Georgia Bulldogs,Florida Gators,66,86,72.0,11.0,13.0,12.0,63.0,15.0,9.0,14.0
401808232,2026-02-11,2026,0,40,344,2633,Mississippi State Bulldogs,Tennessee Volunteers,64,73,61.0,13.0,7.0,11.0,62.0,18.0,13.0,11.0
401808662,2026-02-11,2026,0,40,290,2026,Georgia Southern Eagles,App State Mountaineers,65,81,63.0,9.0,13.0,12.0,56.0,28.0,13.0,10.0
401808663,2026-02-11,2026,0,40,295,276,Old Dominion Monarchs,Marshall Thundering Herd,79,81,63.0,13.0,7.0,9.0,56.0,17.0,4.0,10.0
401808664,2026-02-11,2026,0,40,2032,2433,Arkansas State Red Wolves,UL Monroe Warhawks,103,70,75.0,16.0,20.0,11.0,60.0,26.0,10.0,12.0
401808665,2026-02-11,2026,0,40,326,2653,Texas State Bobcats,Troy Trojans,74,62,47.0,19.0,6.0,14.0,47.0,26.0,11.0,15.0
401809363,2026-02-11,2026,0,40,2193,236,East Tennessee State Buccaneers,Chattanooga Mocs,73,61,54.0,35.0,9.0,5.0,55.0,12.0,5.0,10.0
401809364,2026-02-11,2026,0,40,2382,231,Mercer Bears,Furman Paladins,69,64,64.0,21.0,14.0,7.0,61.0,13.0,10.0,9.0
401809365,2026-02-11,2026,0,40,2535,2747,Samford Bulldogs,Wofford Terriers,97,80,54.0,22.0,5.0,13.0,62.0,24.0,4.0,4.0
401809366,2026-02-11,2026,0,40,2430,2678,UNC Greensboro Spartans,VMI Keydets,92,71,62.0,19.0,10.0,9.0,60.0,9.0,7.0,11.0
401809367,2026-02-11,2026,0,40,2717,2643,Western Carolina Catamounts,The Citadel Bulldogs,87,49,61.0,11.0,12.0,8.0,52.0,14.0,8.0,12.0
401814558,2026-02-11,2026,0,40,2459,189,Northern Illinois Huskies,Bowling Green Falcons,52,68,57.0,15.0,7.0,13.0,54.0,11.0,5.0,15.0
401814559,2026-02-11,2026,0,40,2050,2084,Ball State Cardinals,Buffalo Bulls,53,63,54.0,9.0,11.0,13.0,48.0,17.0,9.0,11.0
401814560,2026-02-11,2026,0,40,2309,2199,Kent State Golden Flashes,Eastern Michigan Eagles,95,91,55.0,33.0,10.0,9.0,64.0,10.0,11.0,13.0
401814561,2026-02-11,2026,0,40,2711,2649,Western Michigan Broncos,Toledo Rockets,79,90,65.0,17.0,12.0,8.0,54.0,28.0,4.0,5.0
401818416,2026-02-11,2026,0,40,233,155,South Dakota Coyotes,North Dakota Fighting Hawks,71,72,60.0,17.0,12.0,12.0,63.0,16.0,13.0,8.0
401820204,2026-02-11,2026,0,40,322,2352,Lafayette Leopards,Loyola Maryland Greyhounds,54,68,66.0,15.0,13.0,4.0,59.0,8.0,6.0,10.0
401820732,2026-02-11,2026,0,40,103,24,Boston College Eagles,Stanford Cardinal,64,70,59.0,8.0,6.0,12.0,57.0,11.0,5.0,11.0
401820733,2026-02-11,2026,0,40,228,259,Clemson Tigers,Virginia Tech Hokies,66,76,55.0,18.0,8.0,9.0,50.0,13.0,4.0,13.0
401820735,2026-02-11,2026,0,40,59,154,Georgia Tech Yellow Jackets,Wake Forest Demon Deacons,67,83,66.0,9.0,13.0,8.0,53.0,22.0,7.0,9.0
401820738,2026-02-11,2026,0,50,183,25,Syracuse Orange,California Golden Bears,107,100,71.0,42.0,13.0,12.0,77.0,25.0,14.0,16.0
401822939,2026-02-11,2026,0,40,305,156,DePaul Blue Demons,Creighton Bluejays,72,71,53.0,16.0,10.0,12.0,49.0,15.0,5.0,10.0
401822940,2026-02-11,2026,0,40,2086,41,Butler Bulldogs,UConn Huskies,70,80,54.0,16.0,8.0,8.0,59.0,9.0,12.0,8.0
401822941,2026-02-11,2026,0,40,2550,2507,Seton Hall Pirates,Providence Friars,87,80,61.0,25.0,9.0,5.0,51.0,17.0,9.0,18.0
401823801,2026-02-11,2026,0,40,2253,167,Grand Canyon Lopes,New Mexico Lobos,64,70,60.0,18.0,11.0,12.0,51.0,18.0,6.0,14.0
401824372,2026-02-11,2026,0,40,349,104,Army Black Knights,Boston University Terriers,68,85,58.0,16.0,10.0,7.0,44.0,26.0,3.0,9.0
401824393,2026-02-11,2026,0,40,107,2142,Holy Cross Crusaders,Colgate Raiders,70,74,59.0,27.0,15.0,12.0,59.0,17.0,7.0,8.0
401825508,2026-02-11,2026,0,40,120,2294,Maryland Terrapins,Iowa Hawkeyes,77,70,47.0,28.0,10.0,14.0,59.0,17.0,11.0,4.0
401825509,2026-02-11,2026,0,40,77,130,Northwestern Wildcats,Michigan Wolverines,75,87,70.0,14.0,12.0,8.0,69.0,27.0,17.0,12.0
401825510,2026-02-11,2026,0,40,194,30,Ohio State Buckeyes,USC Trojans,89,82,58.0,25.0,9.0,12.0,62.0,33.0,14.0,10.0
401825511,2026-02-11,2026,0,40,264,213,Washington Huskies,Penn State Nittany Lions,60,63,61.0,14.0,14.0,12.0,52.0,11.0,4.0,12.0
401827677,2026-02-11,2026,0,40,2306,2132,Kansas State Wildcats,Cincinnati Bearcats,62,91,62.0,9.0,11.0,16.0,62.0,16.0,13.0,13.0
401827678,2026-02-11,2026,0,40,2641,38,Texas Tech Red Raiders,Colorado Buffaloes,78,44,62.0,14.0,17.0,13.0,55.0,10.0,13.0,16.0
401828220,2026-02-11,2026,0,40,202,5,Tulsa Golden Hurricane,UAB Blazers,63,68,58.0,9.0,9.0,14.0,66.0,13.0,12.0,6.0
401828221,2026-02-11,2026,0,40,151,2636,East Carolina Pirates,UTSA Roadrunners,88,72,67.0,20.0,14.0,8.0,73.0,16.0,19.0,10.0
401828222,2026-02-11,2026,0,40,242,2226,Rice Owls,Florida Atlantic Owls,81,73,63.0,20.0,8.0,5.0,62.0,25.0,14.0,10.0
401828223,2026-02-11,2026,0,40,2724,58,Wichita State Shockers,South Florida Bulls,58,66,63.0,18.0,15.0,13.0,52.0,28.0,14.0,18.0
401828224,2026-02-11,2026,0,40,2655,218,Tulane Green Wave,Temple Owls,77,66,43.0,40.0,8.0,13.0,60.0,27.0,12.0,8.0
401828423,2026-02-11,2026,0,40,2325,2670,La Salle Explorers,VCU Rams,68,77,61.0,21.0,11.0,6.0,60.0,19.0,16.0,13.0
401828677,2026-02-11,2026,0,40,2329,44,Lehigh Mountain Hawks,American University Eagles,90,82,50.0,26.0,4.0,15.0,66.0,21.0,10.0,9.0
401829239,2026-02-11,2026,0,40,279,2351,Pacific Tigers,Loyola Marymount Lions,65,59,58.0,10.0,11.0,10.0,51.0,11.0,4.0,12.0
401829241,2026-02-11,2026,0,40,2608,2492,Saint Mary's Gaels,Pepperdine Waves,88,60,62.0,22.0,17.0,15.0,67.0,12.0,12.0,12.0
401829242,2026-02-11,2026,0,40,301,2501,San Diego Toreros,Portland Pilots,71,58,59.0,8.0,12.0,13.0,47.0,14.0,5.0,15.0
401829243,2026-02-11,2026,0,40,2541,2547,Santa Clara Broncos,Seattle U Redhawks,84,72,67.0,16.0,9.0,3.0,58.0,11.0,6.0,11.0
401804925,2026-02-12,2026,0,50,2623,2348,Missouri State Bears,Louisiana Tech Bulldogs,78,79,75.0,26.0,20.0,18.0,71.0,18.0,13.0,20.0
401804926,2026-02-12,2026,0,40,338,2393,Kennesaw State Owls,Middle Tennessee Blue Raiders,87,90,62.0,21.0,10.0,8.0,53.0,28.0,8.0,12.0
401804927,2026-02-12,2026,0,40,2229,48,Florida International Panthers,Delaware Blue Hens,66,68,67.0,9.0,14.0,10.0,54.0,11.0,9.0,16.0
401805193,2026-02-12,2026,0,40,2000,250,Abilene Christian Wildcats,UT Arlington Mavericks,67,63,61.0,20.0,14.0,11.0,38.0,23.0,4.0,22.0
401805194,2026-02-12,2026,0,40,3101,3084,Utah Tech Trailblazers,Utah Valley Wolverines,81,77,57.0,16.0,11.0,12.0,59.0,16.0,12.0,15.0
401805195,2026-02-12,2026,0,40,253,2856,Southern Utah Thunderbirds,California Baptist Lancers,66,83,57.0,20.0,8.0,8.0,70.0,8.0,13.0,8.0
401806481,2026-02-12,2026,0,40,2815,2630,Lindenwood Lions,UT Martin Skyhawks,75,74,54.0,14.0,8.0,17.0,53.0,21.0,11.0,17.0
401806482,2026-02-12,2026,0,40,2710,2031,Western Illinois Leathernecks,Little Rock Trojans,58,77,58.0,18.0,5.0,10.0,69.0,13.0,12.0,7.0
401806483,2026-02-12,2026,0,40,2413,2635,Morehead State Eagles,Tennessee Tech Golden Eagles,73,66,55.0,18.0,11.0,9.0,63.0,15.0,14.0,7.0
401806484,2026-02-12,2026,0,40,2565,2546,SIU Edwardsville Cougars,Southeast Missouri State Redhawks,74,56,58.0,18.0,11.0,10.0,56.0,16.0,8.0,10.0
401806485,2026-02-12,2026,0,40,88,2634,Southern Indiana Screaming Eagles,Tennessee State Tigers,71,73,54.0,34.0,16.0,12.0,56.0,28.0,17.0,14.0
401808464,2026-02-12,2026,0,40,331,304,Eastern Washington Eagles,Idaho State Bengals,88,75,52.0,26.0,5.0,6.0,52.0,30.0,13.0,13.0
401808481,2026-02-12,2026,0,40,70,2692,Idaho Vandals,Weber State Wildcats,72,83,59.0,17.0,8.0,5.0,58.0,20.0,9.0,6.0
401808528,2026-02-12,2026,0,40,2464,2502,Northern Arizona Lumberjacks,Portland State Vikings,68,77,56.0,16.0,8.0,7.0,42.0,27.0,4.0,13.0
401808535,2026-02-12,2026,0,40,2458,16,Northern Colorado Bears,Sacramento State Hornets,95,79,66.0,13.0,7.0,14.0,64.0,31.0,7.0,8.0
401808666,2026-02-12,2026,0,45,256,2247,James Madison Dukes,Georgia State Panthers,81,79,61.0,20.0,11.0,15.0,61.0,22.0,9.0,11.0
401808667,2026-02-12,2026,0,40,309,324,Louisiana Ragin' Cajuns,Coastal Carolina Chanticleers,65,69,56.0,25.0,8.0,10.0,48.0,23.0,8.0,19.0
401808668,2026-02-12,2026,0,40,2572,6,Southern Miss Golden Eagles,South Alabama Jaguars,78,84,50.0,28.0,8.0,21.0,50.0,37.0,4.0,10.0
401809098,2026-02-12,2026,0,40,28,302,UC San Diego Tritons,UC Davis Aggies,68,51,50.0,9.0,4.0,21.0,62.0,7.0,9.0,13.0
401809116,2026-02-12,2026,0,40,13,300,Cal Poly Mustangs,UC Irvine Anteaters,79,73,66.0,18.0,17.0,21.0,70.0,14.0,13.0,17.0
401809146,2026-02-12,2026,0,40,2934,62,Cal State Bakersfield Roadrunners,Hawai'i Rainbow Warriors,74,89,61.0,20.0,9.0,11.0,56.0,32.0,12.0,13.0
401812060,2026-02-12,2026,0,40,350,2210,UNC Wilmington Seahawks,Elon Phoenix,65,54,52.0,12.0,10.0,12.0,58.0,14.0,12.0,8.0
401812061,2026-02-12,2026,0,40,111,2729,Northeastern Huskies,William & Mary Tribe,67,94,62.0,9.0,9.0,12.0,64.0,19.0,11.0,8.0
401812062,2026-02-12,2026,0,40,2182,2405,Drexel Dragons,Monmouth Hawks,73,93,54.0,19.0,6.0,15.0,64.0,24.0,14.0,10.0
401812063,2026-02-12,2026,0,40,232,2275,Charleston Cougars,Hofstra Pride,62,66,56.0,19.0,7.0,11.0,61.0,26.0,13.0,11.0
401812064,2026-02-12,2026,0,40,119,2619,Towson Tigers,Stony Brook Seawolves,69,57,63.0,14.0,15.0,9.0,62.0,13.0,12.0,7.0
401812150,2026-02-12,2026,0,40,2349,2803,UMass Lowell River Hawks,Bryant Bulldogs,88,69,61.0,20.0,14.0,9.0,57.0,15.0,12.0,13.0
401812151,2026-02-12,2026,0,40,311,2378,Maine Black Bears,UMBC Retrievers,62,78,51.0,25.0,5.0,10.0,62.0,22.0,11.0,6.0
401812152,2026-02-12,2026,0,40,160,2885,New Hampshire Wildcats,NJIT Highlanders,70,76,57.0,22.0,13.0,12.0,56.0,17.0,5.0,8.0
401812153,2026-02-12,2026,0,40,2066,261,Binghamton Bearcats,Vermont Catamounts,65,73,52.0,16.0,5.0,13.0,53.0,18.0,7.0,9.0
401812327,2026-02-12,2026,0,40,161,2598,Fairleigh Dickinson Knights,Saint Francis Red Wolves,66,59,44.0,28.0,8.0,15.0,63.0,20.0,16.0,10.0
401812345,2026-02-12,2026,0,40,2330,2385,Le Moyne Dolphins,Mercyhurst Lakers,58,57,53.0,18.0,9.0,18.0,64.0,11.0,8.0,6.0
401812374,2026-02-12,2026,0,40,2681,112358,Wagner Seahawks,Long Island University Sharks,57,67,54.0,19.0,9.0,17.0,53.0,26.0,9.0,13.0
401812407,2026-02-12,2026,0,40,2130,284,Chicago State Cougars,Stonehill Skyhawks,68,55,49.0,12.0,8.0,9.0,42.0,11.0,5.0,14.0
401812656,2026-02-12,2026,0,40,2441,2115,New Haven Chargers,Central Connecticut Blue Devils,76,81,55.0,22.0,8.0,11.0,49.0,22.0,5.0,15.0
401817661,2026-02-12,2026,0,40,2739,2870,Green Bay Phoenix,Purdue Fort Wayne Mastodons,76,59,43.0,28.0,5.0,9.0,46.0,18.0,10.0,13.0
401817662,2026-02-12,2026,0,40,85,94,IU Indianapolis Jaguars,Northern Kentucky Norse,81,84,68.0,15.0,15.0,11.0,54.0,30.0,13.0,15.0
401817663,2026-02-12,2026,0,40,2750,2174,Wright State Raiders,Detroit Mercy Titans,74,77,64.0,19.0,13.0,7.0,61.0,9.0,10.0,10.0
401817664,2026-02-12,2026,0,40,2473,2754,Oakland Golden Grizzlies,Youngstown State Penguins,82,86,58.0,15.0,7.0,13.0,61.0,18.0,14.0,13.0
401817665,2026-02-12,2026,0,40,325,2523,Cleveland State Vikings,Robert Morris Colonials,68,85,50.0,22.0,5.0,8.0,63.0,13.0,15.0,8.0
401818417,2026-02-12,2026,0,40,2172,2571,Denver Pioneers,South Dakota State Jackrabbits,79,61,58.0,15.0,12.0,8.0,65.0,10.0,9.0,5.0
401818418,2026-02-12,2026,0,40,2437,2900,Omaha Mavericks,St. Thomas Tommies,98,94,60.0,28.0,10.0,9.0,64.0,14.0,7.0,12.0
401818419,2026-02-12,2026,0,40,198,140,Oral Roberts Golden Eagles,Kansas City Roos,69,60,60.0,16.0,12.0,9.0,64.0,16.0,16.0,10.0
401823184,2026-02-12,2026,0,40,299,2239,Long Beach State Beach,Cal State Fullerton Titans,82,86,52.0,23.0,3.0,15.0,64.0,22.0,11.0,10.0
401823942,2026-02-12,2026,0,40,2908,2272,South Carolina Upstate Spartans,High Point Panthers,70,95,44.0,30.0,10.0,27.0,69.0,25.0,14.0,8.0
401823943,2026-02-12,2026,0,40,2127,2506,Charleston Southern Buccaneers,Presbyterian Blue Hose,84,67,58.0,14.0,13.0,15.0,55.0,28.0,14.0,14.0
401823944,2026-02-12,2026,0,40,2344,2427,Longwood Lancers,UNC Asheville Bulldogs,74,79,59.0,22.0,12.0,10.0,61.0,20.0,11.0,8.0
401823945,2026-02-12,2026,0,40,2241,2737,Gardner-Webb Runnin' Bulldogs,Winthrop Eagles,85,103,61.0,19.0,8.0,16.0,65.0,28.0,15.0,12.0
401826048,2026-02-12,2026,0,40,27,2540,UC Riverside Highlanders,UC Santa Barbara Gauchos,68,76,46.0,14.0,5.0,17.0,55.0,19.0,11.0,11.0
401827490,2026-02-12,2026,0,40,2771,2368,Merrimack Warriors,Marist Red Foxes,81,56,51.0,25.0,4.0,9.0,58.0,14.0,13.0,13.0
401828225,2026-02-12,2026,0,40,249,235,North Texas Mean Green,Memphis Tigers,76,69,47.0,41.0,13.0,15.0,58.0,15.0,12.0,16.0
401829240,2026-02-12,2026,0,40,2539,204,San Francisco Dons,Oregon State Beavers,63,90,60.0,18.0,15.0,8.0,48.0,27.0,10.0,9.0
401830213,2026-02-12,2026,0,40,2057,2460,Belmont Bruins,Northern Iowa Panthers,91,86,54.0,18.0,3.0,11.0,55.0,24.0,5.0,10.0
401830298,2026-02-12,2026,0,40,2181,82,Drake Bulldogs,UIC Flames,70,80,54.0,16.0,8.0,12.0,62.0,18.0,12.0,7.0
401830299,2026-02-12,2026,0,40,282,93,Indiana State Sycamores,Murray State Racers,72,74,51.0,27.0,11.0,13.0,54.0,21.0,14.0,14.0
401830300,2026-02-12,2026,0,40,79,339,Southern Illinois Salukis,Evansville Purple Aces,86,60,65.0,11.0,13.0,11.0,59.0,4.0,8.0,15.0
401830301,2026-02-12,2026,0,40,2287,2674,Illinois State Redbirds,Valparaiso Beacons,86,64,58.0,17.0,8.0,10.0,66.0,14.0,12.0,8.0
401812065,2026-02-13,2026,1,40,2448,2261,North Carolina A&T Aggies,Hampton Pirates,71,70,51.0,30.0,8.0,7.0,50.0,28.0,9.0,14.0
401812593,2026-02-13,2026,0,40,219,171,Pennsylvania Quakers,Columbia Lions,76,67,62.0,18.0,10.0,10.0,54.0,13.0,10.0,20.0
401812620,2026-02-13,2026,0,40,108,225,Harvard Crimson,Brown Bears,56,53,49.0,18.0,11.0,15.0,51.0,15.0,10.0,14.0
401813316,2026-02-13,2026,0,40,315,2363,Niagara Purple Eagles,Manhattan Jaspers,69,76,49.0,16.0,4.0,11.0,56.0,13.0,9.0,10.0
401813368,2026-02-13,2026,0,40,2099,314,Canisius Golden Griffins,Iona Gaels,63,69,57.0,10.0,12.0,15.0,47.0,25.0,6.0,11.0
401813417,2026-02-13,2026,0,40,2520,116,Rider Broncs,Mount St. Mary's Mountaineers,55,65,60.0,17.0,10.0,7.0,51.0,8.0,8.0,18.0
401813429,2026-02-13,2026,0,40,2561,2514,Siena Saints,Quinnipiac Bobcats,62,74,60.0,16.0,11.0,10.0,63.0,21.0,13.0,7.0
401814563,2026-02-13,2026,0,40,2006,113,Akron Zips,Massachusetts Minutemen,99,92,54.0,43.0,9.0,11.0,61.0,17.0,5.0,16.0
401814565,2026-02-13,2026,0,40,193,195,Miami (OH) RedHawks,Ohio Bobcats,90,74,58.0,28.0,8.0,9.0,60.0,20.0,7.0,9.0
401818334,2026-02-13,2026,0,40,159,43,Dartmouth Big Green,Yale Bulldogs,70,83,55.0,13.0,7.0,16.0,56.0,22.0,5.0,5.0
401823754,2026-02-13,2026,0,40,2529,2612,Sacred Heart Pioneers,Saint Peter's Peacocks,78,71,46.0,29.0,6.0,11.0,66.0,16.0,17.0,7.0
401823829,2026-02-13,2026,0,45,68,2439,Boise State Broncos,UNLV Rebels,83,86,53.0,23.0,7.0,12.0,67.0,13.0,11.0,8.0
401825512,2026-02-13,2026,0,40,275,127,Wisconsin Badgers,Michigan State Spartans,92,71,62.0,23.0,11.0,6.0,66.0,16.0,14.0,9.0
401826867,2026-02-13,2026,0,40,163,172,Princeton Tigers,Cornell Big Red,65,89,51.0,24.0,9.0,10.0,60.0,11.0,10.0,8.0
401828424,2026-02-13,2026,0,40,45,2244,George Washington Revolutionaries,George Mason Patriots,72,53,52.0,14.0,8.0,9.0,51.0,6.0,7.0,11.0
401828425,2026-02-13,2026,0,40,2350,139,Loyola Chicago Ramblers,Saint Louis Billikens,59,86,59.0,18.0,6.0,11.0,65.0,8.0,10.0,14.0
401804928,2026-02-14,2026,0,40,55,166,Jacksonville State Gamecocks,New Mexico State Aggies,70,79,65.0,19.0,10.0,3.0,51.0,31.0,9.0,8.0
401804929,2026-02-14,2026,0,40,338,2534,Kennesaw State Owls,Sam Houston Bearkats,79,83,61.0,16.0,11.0,9.0,51.0,27.0,9.0,11.0
401804930,2026-02-14,2026,0,40,2229,2348,Florida International Panthers,Louisiana Tech Bulldogs,77,64,59.0,18.0,17.0,16.0,54.0,14.0,8.0,16.0
401804931,2026-02-14,2026,0,40,98,2393,Western Kentucky Hilltoppers,Middle Tennessee Blue Raiders,82,80,47.0,32.0,6.0,14.0,66.0,13.0,13.0,12.0
401804932,2026-02-14,2026,0,40,2638,2335,UTEP Miners,Liberty Flames,64,73,50.0,11.0,6.0,12.0,54.0,18.0,8.0,7.0
401804933,2026-02-14,2026,0,40,2623,48,Missouri State Bears,Delaware Blue Hens,67,76,59.0,18.0,11.0,7.0,49.0,17.0,3.0,8.0
401805196,2026-02-14,2026,0,40,2000,2627,Abilene Christian Wildcats,Tarleton State Texans,73,59,47.0,31.0,14.0,22.0,47.0,20.0,7.0,21.0
401805197,2026-02-14,2026,0,40,250,253,UT Arlington Mavericks,Southern Utah Thunderbirds,73,78,59.0,29.0,12.0,9.0,52.0,23.0,9.0,16.0
401805198,2026-02-14,2026,0,40,3101,2856,Utah Tech Trailblazers,California Baptist Lancers,70,65,58.0,17.0,9.0,7.0,70.0,22.0,21.0,5.0
401806486,2026-02-14,2026,0,40,2197,2031,Eastern Illinois Panthers,Little Rock Trojans,78,72,64.0,30.0,20.0,8.0,60.0,18.0,13.0,11.0
401806487,2026-02-14,2026,0,40,2815,2546,Lindenwood Lions,Southeast Missouri State Redhawks,61,73,57.0,25.0,7.0,10.0,51.0,40.0,9.0,12.0
401806488,2026-02-14,2026,0,40,2413,2634,Morehead State Eagles,Tennessee State Tigers,94,86,53.0,28.0,11.0,14.0,61.0,36.0,16.0,7.0
401806489,2026-02-14,2026,0,40,2565,2630,SIU Edwardsville Cougars,UT Martin Skyhawks,76,81,54.0,24.0,15.0,18.0,49.0,23.0,7.0,14.0
401806490,2026-02-14,2026,0,40,88,2635,Southern Indiana Screaming Eagles,Tennessee Tech Golden Eagles,74,82,56.0,27.0,12.0,8.0,57.0,19.0,11.0,9.0
401807739,2026-02-14,2026,0,40,2046,91,Austin Peay Governors,Bellarmine Knights,90,70,48.0,28.0,9.0,10.0,55.0,12.0,8.0,6.0
401807741,2026-02-14,2026,0,40,2511,288,Queens University Royals,Lipscomb Bisons,87,81,53.0,24.0,5.0,18.0,69.0,18.0,13.0,15.0
401807742,2026-02-14,2026,0,40,294,2454,Jacksonville Dolphins,North Florida Ospreys,63,56,51.0,14.0,7.0,8.0,51.0,6.0,9.0,13.0
401807743,2026-02-14,2026,0,40,526,56,Florida Gulf Coast Eagles,Stetson Hatters,78,76,64.0,10.0,11.0,11.0,58.0,13.0,8.0,11.0
401807744,2026-02-14,2026,0,40,2110,2698,Central Arkansas Bears,West Georgia Wolves,79,62,65.0,17.0,13.0,9.0,57.0,14.0,9.0,14.0
401808233,2026-02-14,2026,0,40,8,2,Arkansas Razorbacks,Auburn Tigers,88,75,61.0,15.0,7.0,5.0,66.0,20.0,15.0,7.0
401808234,2026-02-14,2026,0,40,57,96,Florida Gators,Kentucky Wildcats,92,83,67.0,32.0,18.0,11.0,65.0,25.0,13.0,14.0
401808235,2026-02-14,2026,0,40,145,344,Ole Miss Rebels,Mississippi State Bulldogs,78,90,65.0,21.0,10.0,6.0,57.0,22.0,6.0,9.0
401808236,2026-02-14,2026,0,40,142,251,Missouri Tigers,Texas Longhorns,68,85,45.0,38.0,8.0,9.0,61.0,23.0,14.0,7.0
401808237,2026-02-14,2026,0,40,2633,99,Tennessee Volunteers,LSU Tigers,73,63,54.0,23.0,16.0,9.0,55.0,19.0,8.0,3.0
401808238,2026-02-14,2026,0,40,238,245,Vanderbilt Commodores,Texas A&M Aggies,82,69,57.0,29.0,12.0,9.0,72.0,10.0,16.0,11.0
401808239,2026-02-14,2026,0,40,201,61,Oklahoma Sooners,Georgia Bulldogs,94,78,56.0,22.0,11.0,7.0,58.0,14.0,12.0,10.0
401808240,2026-02-14,2026,0,40,333,2579,Alabama Crimson Tide,South Carolina Gamecocks,89,75,58.0,27.0,8.0,12.0,64.0,18.0,4.0,8.0
401808465,2026-02-14,2026,0,40,331,2692,Eastern Washington Eagles,Weber State Wildcats,84,66,50.0,21.0,4.0,13.0,54.0,26.0,8.0,10.0
401808482,2026-02-14,2026,0,40,70,304,Idaho Vandals,Idaho State Bengals,99,69,62.0,18.0,10.0,12.0,65.0,18.0,11.0,10.0
401808508,2026-02-14,2026,0,40,149,147,Montana Grizzlies,Montana State Bobcats,71,82,54.0,17.0,6.0,10.0,57.0,21.0,6.0,5.0
401808529,2026-02-14,2026,0,40,2464,16,Northern Arizona Lumberjacks,Sacramento State Hornets,79,74,51.0,33.0,8.0,12.0,56.0,26.0,10.0,13.0
401808536,2026-02-14,2026,0,40,2458,2502,Northern Colorado Bears,Portland State Vikings,77,65,57.0,27.0,7.0,6.0,55.0,26.0,6.0,8.0
401808669,2026-02-14,2026,0,40,256,2026,James Madison Dukes,App State Mountaineers,69,58,59.0,17.0,11.0,5.0,54.0,24.0,14.0,10.0
401808670,2026-02-14,2026,0,40,295,2247,Old Dominion Monarchs,Georgia State Panthers,78,55,55.0,16.0,11.0,12.0,66.0,18.0,17.0,8.0
401808671,2026-02-14,2026,0,40,290,276,Georgia Southern Eagles,Marshall Thundering Herd,101,87,58.0,32.0,10.0,13.0,66.0,25.0,11.0,12.0
401808672,2026-02-14,2026,0,45,2032,6,Arkansas State Red Wolves,South Alabama Jaguars,88,92,65.0,30.0,21.0,18.0,72.0,26.0,13.0,5.0
401808673,2026-02-14,2026,0,40,2572,2653,Southern Miss Golden Eagles,Troy Trojans,69,65,67.0,16.0,18.0,10.0,56.0,16.0,13.0,15.0
401808674,2026-02-14,2026,0,40,326,2433,Texas State Bobcats,UL Monroe Warhawks,95,84,64.0,11.0,13.0,7.0,56.0,19.0,11.0,11.0
401808718,2026-02-14,2026,0,40,2837,2377,East Texas A&M Lions,McNeese Cowboys,54,97,52.0,14.0,6.0,15.0,66.0,16.0,9.0,4.0
401808913,2026-02-14,2026,0,40,2277,2443,Houston Christian Huskies,LSU New Orleans Privateers,61,60,53.0,14.0,9.0,12.0,56.0,16.0,12.0,10.0
401808929,2026-02-14,2026,0,40,2916,2447,Incarnate Word Cardinals,Nicholls Colonels,83,91,68.0,10.0,14.0,6.0,56.0,22.0,5.0,5.0
401808943,2026-02-14,2026,0,40,2466,2545,Northwestern State Demons,SE Louisiana Lions,69,66,50.0,20.0,6.0,9.0,51.0,18.0,13.0,16.0
401808972,2026-02-14,2026,0,40,292,2617,UT Rio Grande Valley Vaqueros,Stephen F. Austin Lumberjacks,57,66,55.0,11.0,10.0,13.0,62.0,23.0,19.0,8.0
401809099,2026-02-14,2026,0,40,28,27,UC San Diego Tritons,UC Riverside Highlanders,72,66,61.0,20.0,9.0,10.0,59.0,16.0,7.0,11.0
401809117,2026-02-14,2026,0,40,300,2239,UC Irvine Anteaters,Cal State Fullerton Titans,86,65,61.0,10.0,7.0,15.0,67.0,9.0,9.0,11.0
401809134,2026-02-14,2026,0,40,302,299,UC Davis Aggies,Long Beach State Beach,71,54,57.0,10.0,7.0,15.0,58.0,13.0,9.0,16.0
401809147,2026-02-14,2026,0,40,2463,62,Cal State Northridge Matadors,Hawai'i Rainbow Warriors,84,60,57.0,21.0,7.0,12.0,56.0,20.0,12.0,18.0
401809162,2026-02-14,2026,0,40,13,2540,Cal Poly Mustangs,UC Santa Barbara Gauchos,89,79,55.0,26.0,8.0,8.0,59.0,19.0,10.0,8.0
401809368,2026-02-14,2026,0,40,236,2717,Chattanooga Mocs,Western Carolina Catamounts,76,81,63.0,6.0,6.0,8.0,66.0,25.0,18.0,10.0
401809369,2026-02-14,2026,0,45,2193,2535,East Tennessee State Buccaneers,Samford Bulldogs,72,82,61.0,22.0,8.0,12.0,53.0,40.0,7.0,10.0
401809370,2026-02-14,2026,0,40,2643,2382,The Citadel Bulldogs,Mercer Bears,54,70,53.0,12.0,10.0,13.0,48.0,18.0,7.0,12.0
401809371,2026-02-14,2026,0,40,2430,2747,UNC Greensboro Spartans,Wofford Terriers,99,89,55.0,38.0,6.0,3.0,63.0,28.0,16.0,10.0
401809372,2026-02-14,2026,0,40,2678,231,VMI Keydets,Furman Paladins,72,90,63.0,20.0,9.0,7.0,59.0,20.0,9.0,12.0
401812066,2026-02-14,2026,0,40,350,2275,UNC Wilmington Seahawks,Hofstra Pride,70,66,48.0,36.0,10.0,6.0,53.0,23.0,10.0,7.0
401812068,2026-02-14,2026,0,40,2729,2210,William & Mary Tribe,Elon Phoenix,78,81,58.0,25.0,9.0,11.0,62.0,22.0,8.0,6.0
401812154,2026-02-14,2026,0,40,2066,399,Binghamton Bearcats,UAlbany Great Danes,74,77,49.0,29.0,5.0,11.0,51.0,30.0,10.0,13.0
401812155,2026-02-14,2026,0,40,261,2803,Vermont Catamounts,Bryant Bulldogs,90,63,52.0,25.0,6.0,10.0,54.0,14.0,7.0,12.0
401812156,2026-02-14,2026,0,40,160,2378,New Hampshire Wildcats,UMBC Retrievers,63,85,55.0,20.0,9.0,13.0,58.0,19.0,6.0,8.0
401812157,2026-02-14,2026,0,40,311,2885,Maine Black Bears,NJIT Highlanders,58,67,51.0,21.0,7.0,15.0,47.0,22.0,6.0,15.0
401812328,2026-02-14,2026,0,40,161,2115,Fairleigh Dickinson Knights,Central Connecticut Blue Devils,57,63,54.0,23.0,17.0,9.0,52.0,17.0,11.0,7.0
401812346,2026-02-14,2026,0,40,2330,2130,Le Moyne Dolphins,Chicago State Cougars,81,63,51.0,21.0,4.0,11.0,66.0,10.0,10.0,9.0
401812375,2026-02-14,2026,0,40,2441,112358,New Haven Chargers,Long Island University Sharks,55,52,52.0,25.0,11.0,9.0,53.0,8.0,10.0,15.0
401812397,2026-02-14,2026,0,40,2598,2385,Saint Francis Red Wolves,Mercyhurst Lakers,79,94,50.0,33.0,6.0,10.0,58.0,18.0,8.0,9.0
401812408,2026-02-14,2026,0,40,284,2681,Stonehill Skyhawks,Wagner Seahawks,57,68,60.0,13.0,11.0,14.0,64.0,18.0,19.0,9.0
401812594,2026-02-14,2026,0,40,219,172,Pennsylvania Quakers,Cornell Big Red,82,76,61.0,41.0,12.0,9.0,63.0,21.0,14.0,16.0
401812621,2026-02-14,2026,0,45,108,43,Harvard Crimson,Yale Bulldogs,75,76,61.0,8.0,7.0,8.0,58.0,20.0,12.0,10.0
401814562,2026-02-14,2026,0,40,2050,2309,Ball State Cardinals,Kent State Golden Flashes,68,75,56.0,30.0,8.0,10.0,57.0,23.0,10.0,15.0
401814564,2026-02-14,2026,0,40,2117,2459,Central Michigan Chippewas,Northern Illinois Huskies,88,46,59.0,10.0,7.0,10.0,55.0,27.0,15.0,17.0
401814566,2026-02-14,2026,0,40,189,2649,Bowling Green Falcons,Toledo Rockets,80,70,59.0,19.0,9.0,7.0,64.0,13.0,14.0,9.0
401814567,2026-02-14,2026,0,40,2199,2711,Eastern Michigan Eagles,Western Michigan Broncos,62,76,59.0,9.0,6.0,8.0,61.0,23.0,15.0,7.0
401817250,2026-02-14,2026,1,40,239,97,Baylor Bears,Louisville Cardinals,71,82,60.0,30.0,15.0,9.0,50.0,20.0,6.0,14.0
401817516,2026-02-14,2026,1,40,194,258,Ohio State Buckeyes,Virginia Cavaliers,66,70,60.0,9.0,6.0,8.0,50.0,32.0,12.0,12.0
401818420,2026-02-14,2026,0,40,155,2449,North Dakota Fighting Hawks,North Dakota State Bison,66,83,51.0,20.0,8.0,12.0,54.0,17.0,12.0,15.0
401818421,2026-02-14,2026,0,40,198,2571,Oral Roberts Golden Eagles,South Dakota State Jackrabbits,69,87,58.0,14.0,13.0,15.0,60.0,14.0,11.0,10.0
401818422,2026-02-14,2026,0,40,140,2900,Kansas City Roos,St. Thomas Tommies,64,104,65.0,2.0,6.0,12.0,69.0,16.0,10.0,7.0
401818544,2026-02-14,2026,0,40,163,171,Princeton Tigers,Columbia Lions,65,75,49.0,17.0,9.0,9.0,49.0,20.0,8.0,5.0
401818562,2026-02-14,2026,0,40,159,225,Dartmouth Big Green,Brown Bears,76,79,44.0,27.0,3.0,17.0,56.0,17.0,7.0,15.0
401820173,2026-02-14,2026,0,45,2142,2426,Colgate Raiders,Navy Midshipmen,80,84,54.0,26.0,8.0,12.0,57.0,29.0,8.0,10.0
401820493,2026-02-14,2026,0,40,357,2320,Texas A&M-Corpus Christi Islanders,Lamar Cardinals,76,63,52.0,35.0,9.0,7.0,48.0,27.0,8.0,15.0
401820570,2026-02-14,2026,0,40,278,2005,Fresno State Bulldogs,Air Force Falcons,93,63,58.0,31.0,9.0,9.0,54.0,15.0,6.0,18.0
401820739,2026-02-14,2026,0,40,103,25,Boston College Eagles,California Golden Bears,75,86,60.0,16.0,15.0,12.0,54.0,16.0,5.0,8.0
401820740,2026-02-14,2026,0,40,150,228,Duke Blue Devils,Clemson Tigers,67,54,54.0,15.0,9.0,10.0,57.0,10.0,9.0,9.0
401820741,2026-02-14,2026,0,40,152,2390,NC State Wolfpack,Miami Hurricanes,76,77,55.0,15.0,8.0,10.0,67.0,20.0,20.0,9.0
401820742,2026-02-14,2026,0,40,153,221,North Carolina Tar Heels,Pittsburgh Panthers,79,65,60.0,17.0,6.0,4.0,55.0,8.0,6.0,12.0
401820743,2026-02-14,2026,0,40,87,59,Notre Dame Fighting Irish,Georgia Tech Yellow Jackets,89,74,59.0,19.0,13.0,13.0,53.0,14.0,5.0,15.0
401820744,2026-02-14,2026,0,40,183,2567,Syracuse Orange,SMU Mustangs,79,78,60.0,18.0,11.0,8.0,67.0,17.0,16.0,6.0
401820745,2026-02-14,2026,0,40,259,52,Virginia Tech Hokies,Florida State Seminoles,69,92,55.0,15.0,7.0,10.0,55.0,17.0,4.0,5.0
401820746,2026-02-14,2026,0,40,154,24,Wake Forest Demon Deacons,Stanford Cardinal,68,63,43.0,32.0,5.0,10.0,52.0,14.0,7.0,11.0
401822775,2026-02-14,2026,0,40,2428,2154,North Carolina Central Eagles,Coppin State Eagles,56,58,64.0,9.0,15.0,9.0,58.0,12.0,10.0,9.0
401822942,2026-02-14,2026,0,40,41,46,UConn Huskies,Georgetown Hoyas,79,75,53.0,25.0,10.0,10.0,55.0,23.0,11.0,11.0
401822943,2026-02-14,2026,0,40,2507,2599,Providence Friars,St. John's Red Storm,69,79,66.0,24.0,16.0,14.0,68.0,30.0,11.0,4.0
401822944,2026-02-14,2026,0,40,156,222,Creighton Bluejays,Villanova Wildcats,69,80,65.0,12.0,13.0,12.0,65.0,19.0,12.0,7.0
401822945,2026-02-14,2026,0,40,2752,269,Xavier Musketeers,Marquette Golden Eagles,96,88,67.0,21.0,14.0,8.0,70.0,11.0,11.0,9.0
401823052,2026-02-14,2026,0,40,47,2379,Howard Bison,Maryland Eastern Shore Hawks,79,53,60.0,22.0,15.0,8.0,49.0,11.0,8.0,19.0
401823781,2026-02-14,2026,0,40,21,2440,San Diego State Aztecs,Nevada Wolf Pack,71,57,53.0,18.0,8.0,10.0,52.0,23.0,15.0,14.0
401823802,2026-02-14,2026,0,40,23,2253,San José State Spartans,Grand Canyon Lopes,79,94,51.0,23.0,6.0,7.0,58.0,19.0,13.0,13.0
401823946,2026-02-14,2026,0,40,2515,2127,Radford Highlanders,Charleston Southern Buccaneers,90,80,63.0,24.0,11.0,13.0,68.0,8.0,9.0,15.0
401823947,2026-02-14,2026,0,40,2241,2272,Gardner-Webb Runnin' Bulldogs,High Point Panthers,87,112,54.0,26.0,0.0,10.0,66.0,29.0,16.0,16.0
401823948,2026-02-14,2026,0,40,2427,2506,UNC Asheville Bulldogs,Presbyterian Blue Hose,57,58,59.0,9.0,9.0,10.0,53.0,12.0,10.0,13.0
401823949,2026-02-14,2026,0,45,2344,2908,Longwood Lancers,South Carolina Upstate Spartans,82,75,68.0,24.0,12.0,14.0,67.0,23.0,13.0,21.0
401824373,2026-02-14,2026,0,40,104,2083,Boston University Terriers,Bucknell Bison,82,69,57.0,23.0,16.0,13.0,59.0,10.0,6.0,8.0
401825513,2026-02-14,2026,0,40,2294,2509,Iowa Hawkeyes,Purdue Boilermakers,57,78,53.0,17.0,9.0,6.0,53.0,20.0,10.0,5.0
401825514,2026-02-14,2026,0,40,130,26,Michigan Wolverines,UCLA Bruins,86,56,50.0,26.0,7.0,9.0,58.0,12.0,13.0,13.0
401825515,2026-02-14,2026,0,40,158,77,Nebraska Cornhuskers,Northwestern Wildcats,68,49,53.0,12.0,13.0,18.0,50.0,11.0,6.0,16.0
401825516,2026-02-14,2026,0,40,2483,213,Oregon Ducks,Penn State Nittany Lions,83,72,48.0,25.0,9.0,15.0,55.0,24.0,10.0,9.0
401825517,2026-02-14,2026,0,40,264,135,Washington Huskies,Minnesota Golden Gophers,69,57,46.0,13.0,6.0,13.0,49.0,12.0,7.0,13.0
401826802,2026-02-14,2026,0,40,328,235,Utah State Aggies,Memphis Tigers,99,75,59.0,36.0,12.0,9.0,60.0,34.0,18.0,12.0
401826823,2026-02-14,2026,0,40,44,349,American University Eagles,Army Black Knights,75,63,49.0,21.0,5.0,11.0,54.0,18.0,11.0,15.0
401827032,2026-02-14,2026,0,40,2504,2582,Prairie View A&M Panthers,Southern Jaguars,82,87,57.0,32.0,5.0,12.0,59.0,33.0,11.0,11.0
401827104,2026-02-14,2026,0,40,2640,2755,Texas Southern Tigers,Grambling Tigers,82,79,48.0,27.0,6.0,15.0,54.0,23.0,7.0,13.0
401827122,2026-02-14,2026,0,40,2016,2065,Alcorn State Braves,Bethune-Cookman Wildcats,57,55,47.0,19.0,7.0,14.0,44.0,14.0,9.0,23.0
401827166,2026-02-14,2026,0,40,2011,2029,Alabama State Hornets,Arkansas-Pine Bluff Golden Lions,79,61,67.0,21.0,16.0,11.0,46.0,25.0,7.0,22.0
401827206,2026-02-14,2026,0,40,2010,2400,Alabama A&M Bulldogs,Mississippi Valley State Delta Devils,72,65,48.0,29.0,8.0,10.0,51.0,21.0,8.0,11.0
401827679,2026-02-14,2026,0,45,12,2641,Arizona Wildcats,Texas Tech Red Raiders,75,78,61.0,31.0,13.0,7.0,66.0,19.0,12.0,8.0
401827680,2026-02-14,2026,0,45,252,38,BYU Cougars,Colorado Buffaloes,90,86,62.0,27.0,8.0,16.0,75.0,18.0,9.0,7.0
401827681,2026-02-14,2026,0,40,248,2306,Houston Cougars,Kansas State Wildcats,78,64,59.0,30.0,12.0,15.0,57.0,25.0,11.0,17.0
401827682,2026-02-14,2026,0,40,66,2305,Iowa State Cyclones,Kansas Jayhawks,74,56,62.0,17.0,11.0,6.0,51.0,15.0,10.0,13.0
401827683,2026-02-14,2026,0,45,197,2628,Oklahoma State Cowboys,TCU Horned Frogs,92,95,65.0,23.0,9.0,9.0,69.0,27.0,14.0,8.0
401827684,2026-02-14,2026,0,40,2116,277,UCF Knights,West Virginia Mountaineers,67,74,57.0,16.0,9.0,13.0,60.0,19.0,13.0,11.0
401828226,2026-02-14,2026,0,40,242,151,Rice Owls,East Carolina Pirates,75,85,68.0,16.0,17.0,9.0,54.0,26.0,9.0,8.0
401828227,2026-02-14,2026,0,40,2724,202,Wichita State Shockers,Tulsa Golden Hurricane,81,77,62.0,27.0,14.0,6.0,61.0,19.0,9.0,9.0
401828426,2026-02-14,2026,0,40,179,2184,St. Bonaventure Bonnies,Duquesne Dukes,73,78,55.0,22.0,10.0,14.0,63.0,16.0,8.0,6.0
401828427,2026-02-14,2026,0,45,227,2230,Rhode Island Rams,Fordham Rams,66,70,52.0,26.0,7.0,12.0,54.0,23.0,9.0,13.0
401828428,2026-02-14,2026,0,40,257,2670,Richmond Spiders,VCU Rams,67,78,55.0,27.0,6.0,8.0,59.0,21.0,10.0,11.0
401828667,2026-02-14,2026,0,40,2296,50,Jackson State Tigers,Florida A&M Rattlers,80,60,62.0,19.0,13.0,12.0,50.0,27.0,7.0,13.0
401828730,2026-02-14,2026,0,40,2450,2169,Norfolk State Spartans,Delaware State Hornets,75,58,50.0,27.0,12.0,12.0,41.0,36.0,6.0,11.0
401829245,2026-02-14,2026,0,40,2541,2250,Santa Clara Broncos,Gonzaga Bulldogs,86,94,65.0,21.0,9.0,12.0,64.0,29.0,12.0,9.0
401829246,2026-02-14,2026,0,40,2492,2351,Pepperdine Waves,Loyola Marymount Lions,90,89,58.0,25.0,9.0,11.0,64.0,20.0,10.0,7.0
401829248,2026-02-14,2026,0,40,279,2608,Pacific Tigers,Saint Mary's Gaels,61,72,53.0,11.0,9.0,15.0,66.0,14.0,14.0,4.0
401829418,2026-02-14,2026,0,40,322,2329,Lafayette Leopards,Lehigh Mountain Hawks,69,78,50.0,19.0,7.0,13.0,57.0,13.0,7.0,8.0
401830826,2026-02-14,2026,0,40,36,2751,Colorado State Rams,Wyoming Cowboys,79,68,39.0,30.0,3.0,11.0,66.0,8.0,13.0,5.0
401807740,2026-02-15,2026,0,45,2453,2198,North Alabama Lions,Eastern Kentucky Colonels,84,78,50.0,46.0,14.0,15.0,70.0,26.0,14.0,8.0
401812067,2026-02-15,2026,0,40,2405,119,Monmouth Hawks,Towson Tigers,72,71,70.0,18.0,21.0,7.0,53.0,18.0,12.0,16.0
401812069,2026-02-15,2026,0,40,2097,232,Campbell Fighting Camels,Charleston Cougars,57,62,66.0,10.0,18.0,7.0,55.0,8.0,10.0,13.0
401813317,2026-02-15,2026,0,40,2099,2363,Canisius Golden Griffins,Manhattan Jaspers,65,69,57.0,15.0,8.0,9.0,54.0,24.0,10.0,9.0
401813342,2026-02-15,2026,0,40,2368,2561,Marist Red Foxes,Siena Saints,63,67,61.0,22.0,13.0,7.0,49.0,17.0,5.0,13.0
401813392,2026-02-15,2026,0,40,315,314,Niagara Purple Eagles,Iona Gaels,70,68,47.0,15.0,4.0,7.0,51.0,17.0,11.0,7.0
401817666,2026-02-15,2026,0,40,270,2739,Milwaukee Panthers,Green Bay Phoenix,75,72,45.0,37.0,7.0,6.0,48.0,18.0,6.0,11.0
401817667,2026-02-15,2026,0,40,2870,85,Purdue Fort Wayne Mastodons,IU Indianapolis Jaguars,83,78,59.0,30.0,7.0,9.0,67.0,14.0,12.0,13.0
401817668,2026-02-15,2026,0,40,2174,2754,Detroit Mercy Titans,Youngstown State Penguins,76,70,62.0,22.0,9.0,7.0,59.0,16.0,6.0,12.0
401817669,2026-02-15,2026,0,40,325,2750,Cleveland State Vikings,Wright State Raiders,90,102,66.0,12.0,6.0,10.0,55.0,29.0,9.0,13.0
401817670,2026-02-15,2026,0,40,2523,2473,Robert Morris Colonials,Oakland Golden Grizzlies,93,69,66.0,10.0,15.0,11.0,56.0,24.0,12.0,10.0
401818423,2026-02-15,2026,0,40,2437,2172,Omaha Mavericks,Denver Pioneers,83,76,57.0,12.0,4.0,7.0,67.0,7.0,14.0,10.0
401820205,2026-02-15,2026,0,40,2352,107,Loyola Maryland Greyhounds,Holy Cross Crusaders,83,73,60.0,17.0,8.0,4.0,59.0,17.0,6.0,5.0
401820592,2026-02-15,2026,0,40,2514,2771,Quinnipiac Bobcats,Merrimack Warriors,49,56,61.0,19.0,22.0,16.0,49.0,20.0,3.0,11.0
401822946,2026-02-15,2026,0,40,2086,2550,Butler Bulldogs,Seton Hall Pirates,56,63,63.0,20.0,14.0,9.0,49.0,22.0,7.0,14.0
401823319,2026-02-15,2026,0,40,2612,2217,Saint Peter's Peacocks,Fairfield Stags,83,74,47.0,33.0,9.0,15.0,54.0,27.0,13.0,15.0
401823755,2026-02-15,2026,0,40,2529,2520,Sacred Heart Pioneers,Rider Broncs,86,75,61.0,23.0,12.0,11.0,68.0,11.0,13.0,7.0
401825518,2026-02-15,2026,0,40,356,84,Illinois Fighting Illini,Indiana Hoosiers,71,51,66.0,7.0,15.0,2.0,49.0,6.0,4.0,9.0
401825519,2026-02-15,2026,0,40,164,120,Rutgers Scarlet Knights,Maryland Terrapins,68,57,53.0,24.0,9.0,10.0,66.0,13.0,18.0,10.0
401827685,2026-02-15,2026,0,40,2132,254,Cincinnati Bearcats,Utah Utes,69,65,54.0,22.0,8.0,6.0,61.0,15.0,16.0,13.0
401828228,2026-02-15,2026,0,40,5,2655,UAB Blazers,Tulane Green Wave,54,55,63.0,17.0,17.0,8.0,58.0,5.0,7.0,10.0
401828229,2026-02-15,2026,0,40,2429,2636,Charlotte 49ers,UTSA Roadrunners,79,88,57.0,13.0,11.0,13.0,64.0,20.0,10.0,3.0
401828230,2026-02-15,2026,0,45,2226,58,Florida Atlantic Owls,South Florida Bulls,81,83,69.0,13.0,9.0,10.0,73.0,17.0,14.0,10.0
401828231,2026-02-15,2026,0,40,218,249,Temple Owls,North Texas Mean Green,62,65,50.0,17.0,10.0,16.0,62.0,20.0,13.0,5.0
401828429,2026-02-15,2026,0,40,2168,2166,Dayton Flyers,Davidson Wildcats,70,59,48.0,24.0,14.0,16.0,50.0,11.0,5.0,10.0
401829247,2026-02-15,2026,0,40,2547,204,Seattle U Redhawks,Oregon State Beavers,60,50,53.0,21.0,10.0,12.0,51.0,11.0,6.0,13.0
401829249,2026-02-15,2026,0,40,301,2539,San Diego Toreros,San Francisco Dons,79,92,58.0,18.0,7.0,9.0,48.0,35.0,6.0,11.0
401830214,2026-02-15,2026,0,40,93,2057,Murray State Racers,Belmont Bruins,70,87,60.0,21.0,13.0,15.0,58.0,20.0,6.0,13.0
401830225,2026-02-15,2026,0,40,79,71,Southern Illinois Salukis,Bradley Braves,60,70,60.0,19.0,9.0,10.0,65.0,9.0,8.0,7.0
401830302,2026-02-15,2026,0,40,82,2287,UIC Flames,Illinois State Redbirds,83,56,69.0,8.0,13.0,12.0,59.0,6.0,5.0,17.0
401830303,2026-02-15,2026,0,40,2460,2181,Northern Iowa Panthers,Drake Bulldogs,86,62,57.0,13.0,5.0,7.0,54.0,17.0,6.0,10.0
401830304,2026-02-15,2026,0,40,2674,282,Valparaiso Beacons,Indiana State Sycamores,76,75,56.0,21.0,15.0,9.0,57.0,13.0,9.0,8.0
401808639,2026-02-16,2026,0,40,276,6,Marshall Thundering Herd,South Alabama Jaguars,84,80,63.0,9.0,10.0,7.0,62.0,13.0,13.0,10.0
401808640,2026-02-16,2026,0,40,295,309,Old Dominion Monarchs,Louisiana Ragin' Cajuns,83,72,51.0,26.0,4.0,8.0,60.0,25.0,14.0,8.0
401808719,2026-02-16,2026,0,40,2837,2545,East Texas A&M Lions,SE Louisiana Lions,70,53,51.0,23.0,6.0,12.0,58.0,18.0,9.0,10.0
401808885,2026-02-16,2026,0,40,2466,2377,Northwestern State Demons,McNeese Cowboys,64,75,47.0,27.0,10.0,13.0,67.0,17.0,16.0,5.0
401808914,2026-02-16,2026,0,40,2916,2443,Incarnate Word Cardinals,LSU New Orleans Privateers,64,78,55.0,25.0,13.0,11.0,55.0,34.0,14.0,7.0
401808930,2026-02-16,2026,0,40,2277,2447,Houston Christian Huskies,Nicholls Colonels,72,68,56.0,26.0,9.0,7.0,55.0,24.0,8.0,10.0
401808973,2026-02-16,2026,0,40,357,2617,Texas A&M-Corpus Christi Islanders,Stephen F. Austin Lumberjacks,68,78,62.0,12.0,11.0,11.0,58.0,26.0,10.0,6.0
401808983,2026-02-16,2026,0,40,292,2320,UT Rio Grande Valley Vaqueros,Lamar Cardinals,70,65,61.0,23.0,14.0,2.0,58.0,16.0,13.0,7.0
401812070,2026-02-16,2026,0,40,2619,2182,Stony Brook Seawolves,Drexel Dragons,72,69,60.0,19.0,10.0,6.0,58.0,10.0,14.0,17.0
401820747,2026-02-16,2026,0,40,150,183,Duke Blue Devils,Syracuse Orange,101,64,61.0,20.0,11.0,4.0,63.0,8.0,13.0,11.0
401820819,2026-02-16,2026,0,40,66,248,Iowa State Cyclones,Houston Cougars,70,67,51.0,22.0,8.0,3.0,57.0,11.0,9.0,7.0
401822776,2026-02-16,2026,0,40,2569,2154,South Carolina State Bulldogs,Coppin State Eagles,57,59,58.0,13.0,7.0,11.0,43.0,16.0,3.0,19.0
401823053,2026-02-16,2026,0,40,2379,2450,Maryland Eastern Shore Hawks,Norfolk State Spartans,66,70,53.0,13.0,11.0,12.0,46.0,21.0,9.0,11.0
401824374,2026-02-16,2026,0,40,104,2142,Boston University Terriers,Colgate Raiders,85,58,58.0,8.0,11.0,7.0,58.0,10.0,12.0,6.0
401827033,2026-02-16,2026,0,40,2640,2582,Texas Southern Tigers,Southern Jaguars,74,73,60.0,14.0,9.0,16.0,61.0,19.0,10.0,12.0
401827077,2026-02-16,2026,0,40,2504,2755,Prairie View A&M Panthers,Grambling Tigers,68,63,55.0,29.0,8.0,10.0,61.0,11.0,13.0,17.0
401827123,2026-02-16,2026,0,40,2296,2065,Jackson State Tigers,Bethune-Cookman Wildcats,91,86,56.0,35.0,10.0,13.0,62.0,33.0,12.0,13.0
401827147,2026-02-16,2026,0,40,2010,2029,Alabama A&M Bulldogs,Arkansas-Pine Bluff Golden Lions,82,70,45.0,32.0,7.0,10.0,64.0,16.0,15.0,7.0
401827167,2026-02-16,2026,0,40,2011,2400,Alabama State Hornets,Mississippi Valley State Delta Devils,92,55,59.0,36.0,18.0,16.0,55.0,22.0,6.0,11.0
401828694,2026-02-16,2026,0,40,2428,2415,North Carolina Central Eagles,Morgan State Bears,80,76,55.0,25.0,11.0,16.0,71.0,23.0,22.0,14.0
401829690,2026-02-16,2026,0,40,2016,50,Alcorn State Braves,Florida A&M Rattlers,78,86,57.0,23.0,8.0,11.0,59.0,30.0,12.0,11.0
401830242,2026-02-16,2026,0,40,2169,47,Delaware State Hornets,Howard Bison,59,91,54.0,18.0,6.0,16.0,53.0,30.0,10.0,14.0
401858742,2026-02-16,2026,0,45,2627,2000,Tarleton State Texans,Abilene Christian Wildcats,65,62,41.0,35.0,3.0,19.0,62.0,25.0,16.0,20.0
401859836,2026-02-16,2026,0,40,112358,2681,Long Island University Sharks,Wagner Seahawks,83,65,55.0,13.0,8.0,11.0,55.0,22.0,17.0,15.0
401806491,2026-02-17,2026,0,45,2630,2546,UT Martin Skyhawks,Southeast Missouri State Redhawks,53,56,64.0,20.0,14.0,13.0,57.0,24.0,17.0,19.0
401808241,2026-02-17,2026,0,40,57,2579,Florida Gators,South Carolina Gamecocks,76,62,62.0,18.0,18.0,14.0,58.0,20.0,11.0,11.0
401808243,2026-02-17,2026,0,40,251,99,Texas Longhorns,LSU Tigers,88,85,52.0,34.0,8.0,8.0,62.0,19.0,7.0,5.0
401808245,2026-02-17,2026,0,40,96,61,Kentucky Wildcats,Georgia Bulldogs,78,86,59.0,20.0,15.0,13.0,67.0,19.0,15.0,7.0
401814568,2026-02-17,2026,0,40,2711,2006,Western Michigan Broncos,Akron Zips,73,90,59.0,13.0,6.0,9.0,66.0,16.0,13.0,7.0
401814569,2026-02-17,2026,0,40,195,2050,Ohio Bobcats,Ball State Cardinals,69,57,52.0,21.0,9.0,8.0,54.0,14.0,11.0,9.0
401814570,2026-02-17,2026,0,40,2199,2117,Eastern Michigan Eagles,Central Michigan Chippewas,66,54,51.0,15.0,10.0,18.0,57.0,20.0,14.0,14.0
401814571,2026-02-17,2026,0,40,189,2309,Bowling Green Falcons,Kent State Golden Flashes,71,78,53.0,36.0,10.0,13.0,53.0,40.0,10.0,10.0
401814572,2026-02-17,2026,0,40,113,193,Massachusetts Minutemen,Miami (OH) RedHawks,77,86,57.0,16.0,7.0,13.0,52.0,33.0,4.0,7.0
401814573,2026-02-17,2026,0,40,2084,2459,Buffalo Bulls,Northern Illinois Huskies,70,72,54.0,17.0,5.0,10.0,50.0,15.0,8.0,17.0
401820571,2026-02-17,2026,0,40,167,2005,New Mexico Lobos,Air Force Falcons,98,61,62.0,24.0,15.0,11.0,56.0,19.0,5.0,12.0
401820748,2026-02-17,2026,0,40,52,103,Florida State Seminoles,Boston College Eagles,80,72,51.0,35.0,10.0,8.0,63.0,13.0,8.0,7.0
401820749,2026-02-17,2026,0,40,2567,97,SMU Mustangs,Louisville Cardinals,95,85,65.0,12.0,5.0,10.0,67.0,15.0,14.0,17.0
401820751,2026-02-17,2026,0,40,2390,259,Miami Hurricanes,Virginia Tech Hokies,67,66,61.0,13.0,13.0,10.0,56.0,3.0,7.0,11.0
401820752,2026-02-17,2026,0,40,152,153,NC State Wolfpack,North Carolina Tar Heels,82,58,64.0,16.0,12.0,4.0,60.0,21.0,17.0,12.0
401822947,2026-02-17,2026,0,45,2752,222,Xavier Musketeers,Villanova Wildcats,89,92,67.0,13.0,10.0,16.0,75.0,22.0,13.0,6.0
401823782,2026-02-17,2026,0,40,21,2253,San Diego State Aztecs,Grand Canyon Lopes,63,73,62.0,18.0,12.0,13.0,56.0,23.0,9.0,13.0
401823930,2026-02-17,2026,0,40,2127,2241,Charleston Southern Buccaneers,Gardner-Webb Runnin' Bulldogs,75,66,67.0,20.0,12.0,10.0,67.0,11.0,8.0,10.0
401825520,2026-02-17,2026,0,40,2294,158,Iowa Hawkeyes,Nebraska Cornhuskers,57,52,51.0,18.0,12.0,12.0,44.0,14.0,2.0,12.0
401825521,2026-02-17,2026,0,40,127,26,Michigan State Spartans,UCLA Bruins,82,59,55.0,11.0,8.0,14.0,57.0,12.0,9.0,11.0
401825522,2026-02-17,2026,0,40,194,275,Ohio State Buckeyes,Wisconsin Badgers,86,69,57.0,19.0,11.0,14.0,59.0,16.0,10.0,12.0
401825523,2026-02-17,2026,0,40,2483,135,Oregon Ducks,Minnesota Golden Gophers,44,61,53.0,2.0,6.0,12.0,55.0,10.0,13.0,13.0
401825524,2026-02-17,2026,0,40,2509,130,Purdue Boilermakers,Michigan Wolverines,80,91,69.0,20.0,14.0,6.0,57.0,23.0,13.0,14.0
401827686,2026-02-17,2026,0,40,9,2641,Arizona State Sun Devils,Texas Tech Red Raiders,72,67,59.0,17.0,10.0,9.0,54.0,13.0,11.0,17.0
401827687,2026-02-17,2026,0,40,2116,2628,UCF Knights,TCU Horned Frogs,82,71,57.0,20.0,8.0,12.0,60.0,27.0,13.0,12.0
401827688,2026-02-17,2026,0,40,2306,239,Kansas State Wildcats,Baylor Bears,90,74,60.0,17.0,5.0,18.0,70.0,21.0,18.0,19.0
401828430,2026-02-17,2026,0,40,2670,45,VCU Rams,George Washington Revolutionaries,89,75,52.0,35.0,7.0,8.0,61.0,17.0,13.0,11.0
401828431,2026-02-17,2026,0,40,227,139,Rhode Island Rams,Saint Louis Billikens,81,76,56.0,27.0,9.0,14.0,54.0,26.0,9.0,18.0
401828933,2026-02-17,2026,0,40,2751,278,Wyoming Cowboys,Fresno State Bulldogs,92,82,63.0,11.0,12.0,9.0,56.0,24.0,11.0,9.0
401829318,2026-02-17,2026,0,40,23,2440,San José State Spartans,Nevada Wolf Pack,87,71,58.0,19.0,12.0,15.0,55.0,32.0,13.0,15.0
401804934,2026-02-18,2026,0,40,2348,55,Louisiana Tech Bulldogs,Jacksonville State Gamecocks,77,71,53.0,19.0,7.0,15.0,57.0,22.0,9.0,12.0
401804935,2026-02-18,2026,0,40,2623,338,Missouri State Bears,Kennesaw State Owls,87,91,55.0,39.0,9.0,9.0,56.0,34.0,10.0,9.0
401804936,2026-02-18,2026,0,45,48,98,Delaware Blue Hens,Western Kentucky Hilltoppers,87,88,50.0,34.0,6.0,8.0,57.0,31.0,10.0,9.0
401804937,2026-02-18,2026,0,40,2534,2393,Sam Houston Bearkats,Middle Tennessee Blue Raiders,78,70,68.0,15.0,15.0,9.0,65.0,15.0,8.0,6.0
401807745,2026-02-18,2026,0,40,2453,2511,North Alabama Lions,Queens University Royals,78,85,59.0,20.0,11.0,10.0,49.0,28.0,4.0,9.0
401807748,2026-02-18,2026,0,40,526,294,Florida Gulf Coast Eagles,Jacksonville Dolphins,86,84,56.0,28.0,12.0,8.0,52.0,26.0,6.0,8.0
401807749,2026-02-18,2026,0,40,91,288,Bellarmine Knights,Lipscomb Bisons,72,75,61.0,11.0,9.0,7.0,53.0,10.0,5.0,11.0
401807750,2026-02-18,2026,0,45,2198,2698,Eastern Kentucky Colonels,West Georgia Wolves,81,80,72.0,21.0,14.0,12.0,66.0,24.0,11.0,13.0
401808242,2026-02-18,2026,0,40,344,2,Mississippi State Bulldogs,Auburn Tigers,91,85,62.0,17.0,9.0,6.0,62.0,31.0,17.0,8.0
401808244,2026-02-18,2026,0,50,333,8,Alabama Crimson Tide,Arkansas Razorbacks,117,115,71.0,34.0,12.0,12.0,87.0,19.0,15.0,7.0
401808246,2026-02-18,2026,0,40,142,238,Missouri Tigers,Vanderbilt Commodores,81,80,52.0,32.0,10.0,14.0,65.0,18.0,16.0,11.0
401808247,2026-02-18,2026,0,40,2633,201,Tennessee Volunteers,Oklahoma Sooners,89,66,63.0,25.0,15.0,7.0,46.0,21.0,6.0,15.0
401808248,2026-02-18,2026,0,40,245,145,Texas A&M Aggies,Ole Miss Rebels,80,77,62.0,20.0,16.0,13.0,55.0,15.0,4.0,11.0
401808675,2026-02-18,2026,0,40,324,256,Coastal Carolina Chanticleers,James Madison Dukes,65,67,57.0,22.0,7.0,5.0,61.0,12.0,7.0,6.0
401808676,2026-02-18,2026,0,40,2433,2653,UL Monroe Warhawks,Troy Trojans,76,77,66.0,23.0,10.0,4.0,58.0,26.0,10.0,10.0
401809373,2026-02-18,2026,0,40,231,2193,Furman Paladins,East Tennessee State Buccaneers,69,78,60.0,28.0,13.0,9.0,58.0,19.0,11.0,11.0
401809374,2026-02-18,2026,0,40,2717,2430,Western Carolina Catamounts,UNC Greensboro Spartans,91,77,59.0,22.0,8.0,10.0,54.0,20.0,6.0,12.0
401809375,2026-02-18,2026,0,40,2747,2678,Wofford Terriers,VMI Keydets,82,76,51.0,28.0,9.0,11.0,59.0,20.0,8.0,11.0
401817671,2026-02-18,2026,0,40,94,2870,Northern Kentucky Norse,Purdue Fort Wayne Mastodons,87,71,62.0,19.0,11.0,11.0,53.0,22.0,5.0,13.0
401817672,2026-02-18,2026,0,40,2754,325,Youngstown State Penguins,Cleveland State Vikings,106,82,52.0,34.0,8.0,11.0,65.0,11.0,9.0,8.0
401818424,2026-02-18,2026,0,40,2571,2449,South Dakota State Jackrabbits,North Dakota State Bison,66,74,56.0,14.0,7.0,10.0,52.0,26.0,4.0,5.0
401818425,2026-02-18,2026,0,40,2437,198,Omaha Mavericks,Oral Roberts Golden Eagles,80,71,58.0,11.0,11.0,13.0,53.0,10.0,4.0,13.0
401820174,2026-02-18,2026,0,40,2426,2329,Navy Midshipmen,Lehigh Mountain Hawks,72,49,61.0,13.0,12.0,10.0,57.0,10.0,10.0,12.0
401820206,2026-02-18,2026,0,40,2352,349,Loyola Maryland Greyhounds,Army Black Knights,77,87,57.0,23.0,8.0,10.0,64.0,19.0,12.0,7.0
401820750,2026-02-18,2026,0,40,59,258,Georgia Tech Yellow Jackets,Virginia Cavaliers,68,94,64.0,19.0,10.0,16.0,79.0,13.0,20.0,14.0
401820753,2026-02-18,2026,0,40,154,228,Wake Forest Demon Deacons,Clemson Tigers,85,77,51.0,24.0,6.0,10.0,56.0,25.0,10.0,9.0
401822948,2026-02-18,2026,0,40,41,156,UConn Huskies,Creighton Bluejays,84,91,71.0,18.0,8.0,5.0,55.0,32.0,4.0,8.0
401822949,2026-02-18,2026,0,40,269,2599,Marquette Golden Eagles,St. John's Red Storm,70,76,61.0,16.0,10.0,10.0,58.0,24.0,13.0,12.0
401822950,2026-02-18,2026,0,40,46,2086,Georgetown Hoyas,Butler Bulldogs,89,93,60.0,19.0,9.0,8.0,59.0,26.0,9.0,6.0
401822951,2026-02-18,2026,0,40,2550,305,Seton Hall Pirates,DePaul Blue Demons,57,69,45.0,15.0,3.0,15.0,53.0,26.0,13.0,13.0
401823830,2026-02-18,2026,0,40,328,68,Utah State Aggies,Boise State Broncos,75,56,53.0,13.0,6.0,7.0,57.0,9.0,13.0,12.0
401824394,2026-02-18,2026,0,40,107,322,Holy Cross Crusaders,Lafayette Leopards,83,86,53.0,22.0,3.0,10.0,57.0,20.0,7.0,13.0
401825525,2026-02-18,2026,0,40,77,120,Northwestern Wildcats,Maryland Terrapins,78,74,52.0,25.0,6.0,8.0,54.0,21.0,13.0,15.0
401825526,2026-02-18,2026,0,40,213,164,Penn State Nittany Lions,Rutgers Scarlet Knights,72,85,47.0,22.0,6.0,15.0,53.0,23.0,6.0,12.0
401825527,2026-02-18,2026,0,40,30,356,USC Trojans,Illinois Fighting Illini,65,101,62.0,20.0,13.0,14.0,62.0,26.0,13.0,9.0
401827689,2026-02-18,2026,0,40,12,252,Arizona Wildcats,BYU Cougars,75,68,64.0,12.0,12.0,9.0,58.0,16.0,9.0,9.0
401827690,2026-02-18,2026,0,40,197,2305,Oklahoma State Cowboys,Kansas Jayhawks,69,81,66.0,21.0,15.0,9.0,61.0,16.0,10.0,12.0
401827691,2026-02-18,2026,0,40,277,254,West Virginia Mountaineers,Utah Utes,56,61,52.0,15.0,7.0,8.0,52.0,21.0,12.0,12.0
401828232,2026-02-18,2026,0,40,218,5,Temple Owls,UAB Blazers,71,76,65.0,19.0,13.0,5.0,56.0,19.0,5.0,6.0
401828233,2026-02-18,2026,0,40,202,2429,Tulsa Golden Hurricane,Charlotte 49ers,79,74,57.0,18.0,10.0,11.0,55.0,8.0,6.0,12.0
401828234,2026-02-18,2026,0,50,151,2724,East Carolina Pirates,Wichita State Shockers,89,92,77.0,28.0,14.0,11.0,76.0,23.0,13.0,15.0
401828235,2026-02-18,2026,0,40,2636,2226,UTSA Roadrunners,Florida Atlantic Owls,52,60,65.0,12.0,15.0,12.0,60.0,18.0,11.0,10.0
401828432,2026-02-18,2026,0,40,2166,257,Davidson Wildcats,Richmond Spiders,65,63,55.0,23.0,13.0,11.0,58.0,14.0,5.0,4.0
401828433,2026-02-18,2026,0,40,2244,2168,George Mason Patriots,Dayton Flyers,67,82,48.0,22.0,5.0,9.0,52.0,21.0,7.0,8.0
401828434,2026-02-18,2026,0,40,2184,2325,Duquesne Dukes,La Salle Explorers,62,61,46.0,22.0,5.0,18.0,55.0,19.0,13.0,18.0
401828435,2026-02-18,2026,0,40,2230,2350,Fordham Rams,Loyola Chicago Ramblers,62,59,51.0,27.0,10.0,14.0,47.0,22.0,5.0,14.0
401828436,2026-02-18,2026,0,40,179,2603,St. Bonaventure Bonnies,Saint Joseph's Hawks,65,71,69.0,6.0,13.0,11.0,67.0,13.0,13.0,9.0
401828678,2026-02-18,2026,0,40,2083,44,Bucknell Bison,American University Eagles,57,75,50.0,14.0,8.0,15.0,52.0,31.0,8.0,7.0
401829250,2026-02-18,2026,0,40,2539,2250,San Francisco Dons,Gonzaga Bulldogs,59,80,56.0,22.0,12.0,13.0,62.0,8.0,6.0,7.0
401829251,2026-02-18,2026,0,40,265,279,Washington State Cougars,Pacific Tigers,87,70,60.0,8.0,7.0,7.0,63.0,11.0,11.0,10.0
401829252,2026-02-18,2026,0,40,2501,2492,Portland Pilots,Pepperdine Waves,87,95,55.0,18.0,4.0,12.0,62.0,23.0,14.0,9.0
401829253,2026-02-18,2026,0,40,2547,2608,Seattle U Redhawks,Saint Mary's Gaels,70,72,56.0,22.0,5.0,12.0,53.0,27.0,9.0,16.0
401830224,2026-02-18,2026,0,40,2674,71,Valparaiso Beacons,Bradley Braves,79,72,51.0,33.0,9.0,8.0,52.0,17.0,8.0,15.0
401830305,2026-02-18,2026,0,40,339,82,Evansville Purple Aces,UIC Flames,46,84,52.0,8.0,6.0,14.0,60.0,5.0,12.0,15.0
401830306,2026-02-18,2026,0,40,2287,93,Illinois State Redbirds,Murray State Racers,78,61,58.0,11.0,15.0,17.0,57.0,14.0,11.0,12.0
401830307,2026-02-18,2026,0,40,282,2460,Indiana State Sycamores,Northern Iowa Panthers,60,81,55.0,13.0,13.0,17.0,58.0,6.0,3.0,7.0
401830308,2026-02-18,2026,0,40,2181,79,Drake Bulldogs,Southern Illinois Salukis,61,66,60.0,13.0,10.0,14.0,66.0,17.0,15.0,12.0
401830831,2026-02-18,2026,0,40,2439,36,UNLV Rebels,Colorado State Rams,86,91,58.0,23.0,11.0,8.0,54.0,27.0,9.0,7.0
401858787,2026-02-18,2026,0,40,2569,2428,South Carolina State Bulldogs,North Carolina Central Eagles,85,72,56.0,17.0,6.0,9.0,52.0,24.0,9.0,12.0
401804938,2026-02-19,2026,0,45,2335,2229,Liberty Flames,Florida International Panthers,90,89,59.0,22.0,5.0,15.0,71.0,19.0,17.0,16.0
401805199,2026-02-19,2026,0,40,2627,253,Tarleton State Texans,Southern Utah Thunderbirds,78,74,61.0,17.0,12.0,10.0,54.0,27.0,15.0,15.0
401805200,2026-02-19,2026,0,40,250,3101,UT Arlington Mavericks,Utah Tech Trailblazers,63,50,59.0,14.0,15.0,12.0,50.0,12.0,7.0,11.0
401805201,2026-02-19,2026,0,40,3084,2856,Utah Valley Wolverines,California Baptist Lancers,65,46,58.0,16.0,14.0,12.0,58.0,9.0,15.0,20.0
401806492,2026-02-19,2026,0,40,2197,2413,Eastern Illinois Panthers,Morehead State Eagles,70,73,62.0,14.0,11.0,9.0,49.0,19.0,7.0,15.0
401806493,2026-02-19,2026,0,40,2634,2815,Tennessee State Tigers,Lindenwood Lions,89,80,71.0,31.0,19.0,12.0,58.0,25.0,9.0,19.0
401806494,2026-02-19,2026,0,40,2031,2630,Little Rock Trojans,UT Martin Skyhawks,67,65,51.0,18.0,10.0,12.0,69.0,10.0,25.0,9.0
401806495,2026-02-19,2026,0,40,2635,2565,Tennessee Tech Golden Eagles,SIU Edwardsville Cougars,62,52,61.0,21.0,14.0,10.0,66.0,6.0,9.0,8.0
401806496,2026-02-19,2026,0,40,2710,88,Western Illinois Leathernecks,Southern Indiana Screaming Eagles,70,77,54.0,12.0,7.0,13.0,59.0,30.0,16.0,9.0
401807746,2026-02-19,2026,0,40,2454,2046,North Florida Ospreys,Austin Peay Governors,76,77,56.0,32.0,9.0,15.0,66.0,29.0,13.0,12.0
401807747,2026-02-19,2026,0,40,56,2110,Stetson Hatters,Central Arkansas Bears,76,88,51.0,8.0,5.0,16.0,61.0,20.0,14.0,10.0
401808466,2026-02-19,2026,0,40,16,331,Sacramento State Hornets,Eastern Washington Eagles,94,102,61.0,31.0,11.0,7.0,64.0,27.0,15.0,12.0
401808483,2026-02-19,2026,0,40,2502,70,Portland State Vikings,Idaho Vandals,77,67,59.0,21.0,10.0,10.0,60.0,13.0,11.0,13.0
401808497,2026-02-19,2026,0,40,304,149,Idaho State Bengals,Montana Grizzlies,73,69,58.0,17.0,10.0,12.0,48.0,22.0,5.0,14.0
401808519,2026-02-19,2026,0,45,2692,147,Weber State Wildcats,Montana State Bobcats,82,79,71.0,19.0,16.0,9.0,58.0,18.0,6.0,12.0
401808677,2026-02-19,2026,0,40,2026,276,App State Mountaineers,Marshall Thundering Herd,93,94,53.0,40.0,13.0,7.0,59.0,21.0,7.0,5.0
401808678,2026-02-19,2026,0,40,2247,290,Georgia State Panthers,Georgia Southern Eagles,66,64,64.0,19.0,13.0,9.0,65.0,15.0,10.0,6.0
401808679,2026-02-19,2026,0,40,309,2032,Louisiana Ragin' Cajuns,Arkansas State Red Wolves,62,79,74.0,11.0,14.0,3.0,48.0,28.0,10.0,18.0
401808680,2026-02-19,2026,0,45,6,326,South Alabama Jaguars,Texas State Bobcats,82,90,55.0,19.0,2.0,10.0,58.0,33.0,11.0,11.0
401809118,2026-02-19,2026,0,40,299,300,Long Beach State Beach,UC Irvine Anteaters,58,69,66.0,17.0,16.0,16.0,46.0,26.0,7.0,22.0
401809135,2026-02-19,2026,0,40,2239,302,Cal State Fullerton Titans,UC Davis Aggies,93,92,53.0,19.0,7.0,11.0,56.0,32.0,10.0,6.0
401809148,2026-02-19,2026,0,40,62,13,Hawai'i Rainbow Warriors,Cal Poly Mustangs,75,86,60.0,38.0,13.0,17.0,62.0,27.0,5.0,13.0
401809376,2026-02-19,2026,0,40,2382,236,Mercer Bears,Chattanooga Mocs,90,94,56.0,27.0,9.0,6.0,57.0,17.0,9.0,8.0
401809377,2026-02-19,2026,0,40,2643,2535,The Citadel Bulldogs,Samford Bulldogs,75,78,69.0,8.0,7.0,6.0,57.0,19.0,9.0,13.0
401812071,2026-02-19,2026,0,40,2448,232,North Carolina A&T Aggies,Charleston Cougars,61,74,54.0,15.0,10.0,12.0,61.0,14.0,12.0,8.0
401812072,2026-02-19,2026,0,40,2275,2261,Hofstra Pride,Hampton Pirates,79,43,58.0,8.0,8.0,8.0,60.0,11.0,18.0,13.0
401812073,2026-02-19,2026,0,40,2097,2729,Campbell Fighting Camels,William & Mary Tribe,84,83,63.0,29.0,14.0,12.0,51.0,31.0,6.0,14.0
401812074,2026-02-19,2026,0,40,111,2182,Northeastern Huskies,Drexel Dragons,61,70,56.0,14.0,7.0,11.0,42.0,24.0,1.0,15.0
401812075,2026-02-19,2026,0,40,350,2405,UNC Wilmington Seahawks,Monmouth Hawks,79,69,56.0,35.0,9.0,8.0,54.0,22.0,10.0,18.0
401812158,2026-02-19,2026,0,40,2885,399,NJIT Highlanders,UAlbany Great Danes,63,81,59.0,16.0,14.0,7.0,58.0,18.0,16.0,9.0
401812159,2026-02-19,2026,0,40,2803,2066,Bryant Bulldogs,Binghamton Bearcats,67,79,61.0,11.0,17.0,12.0,44.0,23.0,5.0,10.0
401812160,2026-02-19,2026,0,40,2349,160,UMass Lowell River Hawks,New Hampshire Wildcats,78,56,61.0,18.0,8.0,9.0,70.0,5.0,12.0,10.0
401812161,2026-02-19,2026,0,40,2378,261,UMBC Retrievers,Vermont Catamounts,75,62,57.0,25.0,10.0,8.0,63.0,10.0,7.0,7.0
401812329,2026-02-19,2026,0,40,2130,161,Chicago State Cougars,Fairleigh Dickinson Knights,59,60,44.0,17.0,6.0,8.0,49.0,14.0,13.0,9.0
401812347,2026-02-19,2026,0,40,2115,2330,Central Connecticut Blue Devils,Le Moyne Dolphins,78,77,68.0,1.0,6.0,9.0,56.0,17.0,6.0,12.0
401812376,2026-02-19,2026,0,40,2598,112358,Saint Francis Red Wolves,Long Island University Sharks,89,91,58.0,20.0,11.0,21.0,65.0,22.0,11.0,12.0
401812409,2026-02-19,2026,0,40,2441,284,New Haven Chargers,Stonehill Skyhawks,64,51,61.0,12.0,11.0,10.0,57.0,11.0,7.0,10.0
401812416,2026-02-19,2026,0,45,2385,2681,Mercyhurst Lakers,Wagner Seahawks,80,83,63.0,27.0,11.0,9.0,58.0,30.0,13.0,16.0
401817673,2026-02-19,2026,0,40,2750,85,Wright State Raiders,IU Indianapolis Jaguars,85,73,55.0,27.0,10.0,15.0,59.0,14.0,5.0,9.0
401818426,2026-02-19,2026,0,40,2172,233,Denver Pioneers,South Dakota Coyotes,90,70,62.0,25.0,12.0,4.0,42.0,35.0,5.0,11.0
401818427,2026-02-19,2026,0,40,155,140,North Dakota Fighting Hawks,Kansas City Roos,85,70,60.0,32.0,13.0,16.0,64.0,17.0,10.0,14.0
401823268,2026-02-19,2026,0,45,2540,2463,UC Santa Barbara Gauchos,Cal State Northridge Matadors,83,85,65.0,32.0,13.0,16.0,80.0,30.0,17.0,6.0
401823743,2026-02-19,2026,0,40,27,2934,UC Riverside Highlanders,Cal State Bakersfield Roadrunners,93,65,66.0,22.0,12.0,12.0,62.0,27.0,10.0,13.0
401823950,2026-02-19,2026,0,40,2515,2241,Radford Highlanders,Gardner-Webb Runnin' Bulldogs,82,70,55.0,24.0,10.0,13.0,55.0,14.0,7.0,14.0
401823951,2026-02-19,2026,0,40,2506,2344,Presbyterian Blue Hose,Longwood Lancers,72,65,46.0,26.0,7.0,14.0,49.0,16.0,8.0,19.0
401823952,2026-02-19,2026,0,40,2272,2427,High Point Panthers,UNC Asheville Bulldogs,74,48,63.0,18.0,15.0,8.0,57.0,13.0,15.0,16.0
401823953,2026-02-19,2026,0,40,2737,2908,Winthrop Eagles,South Carolina Upstate Spartans,68,64,54.0,25.0,14.0,14.0,58.0,22.0,9.0,9.0
401827078,2026-02-19,2026,0,40,2400,2504,Mississippi Valley State Delta Devils,Prairie View A&M Panthers,62,72,57.0,19.0,7.0,11.0,55.0,27.0,15.0,13.0
401827124,2026-02-19,2026,0,40,2065,2011,Bethune-Cookman Wildcats,Alabama State Hornets,82,71,54.0,29.0,5.0,8.0,67.0,19.0,10.0,6.0
401827148,2026-02-19,2026,0,40,2029,2640,Arkansas-Pine Bluff Golden Lions,Texas Southern Tigers,64,83,56.0,24.0,11.0,12.0,63.0,9.0,7.0,8.0
401827207,2026-02-19,2026,0,40,50,2010,Florida A&M Rattlers,Alabama A&M Bulldogs,61,63,58.0,7.0,10.0,12.0,46.0,14.0,3.0,13.0
401828236,2026-02-19,2026,0,40,249,2655,North Texas Mean Green,Tulane Green Wave,71,77,54.0,29.0,15.0,12.0,56.0,24.0,11.0,10.0
401828237,2026-02-19,2026,0,40,58,235,South Florida Bulls,Memphis Tigers,87,66,66.0,35.0,22.0,10.0,64.0,20.0,17.0,13.0
401813307,2026-02-20,2026,0,40,2363,2368,Manhattan Jaspers,Marist Red Foxes,70,84,53.0,22.0,11.0,11.0,58.0,16.0,10.0,9.0
401813369,2026-02-20,2026,0,40,2520,2099,Rider Broncs,Canisius Golden Griffins,66,72,64.0,18.0,10.0,5.0,52.0,22.0,11.0,16.0
401813393,2026-02-20,2026,0,40,116,315,Mount St. Mary's Mountaineers,Niagara Purple Eagles,76,63,58.0,16.0,11.0,15.0,51.0,28.0,9.0,15.0
401813430,2026-02-20,2026,0,45,2771,2561,Merrimack Warriors,Siena Saints,79,72,53.0,26.0,10.0,8.0,51.0,24.0,11.0,12.0
401814574,2026-02-20,2026,0,40,2050,2006,Ball State Cardinals,Akron Zips,65,78,58.0,9.0,10.0,14.0,64.0,15.0,13.0,10.0
401814575,2026-02-20,2026,0,40,193,189,Miami (OH) RedHawks,Bowling Green Falcons,91,77,58.0,27.0,8.0,11.0,64.0,15.0,9.0,12.0
401817674,2026-02-20,2026,0,40,2473,2739,Oakland Golden Grizzlies,Green Bay Phoenix,68,73,62.0,17.0,17.0,11.0,55.0,15.0,8.0,8.0
401817675,2026-02-20,2026,0,40,2174,270,Detroit Mercy Titans,Milwaukee Panthers,91,86,56.0,26.0,9.0,10.0,65.0,19.0,14.0,11.0
401818563,2026-02-20,2026,0,40,225,163,Brown Bears,Princeton Tigers,80,71,49.0,20.0,5.0,12.0,50.0,29.0,14.0,13.0
401823320,2026-02-20,2026,0,40,2217,2529,Fairfield Stags,Sacred Heart Pioneers,78,68,62.0,17.0,9.0,8.0,58.0,12.0,8.0,13.0
401823851,2026-02-20,2026,0,45,314,2612,Iona Gaels,Saint Peter's Peacocks,72,64,62.0,21.0,14.0,18.0,66.0,10.0,13.0,18.0
401825528,2026-02-20,2026,0,40,2509,84,Purdue Boilermakers,Indiana Hoosiers,93,64,51.0,25.0,6.0,7.0,46.0,15.0,1.0,11.0
401828437,2026-02-20,2026,0,40,139,2670,Saint Louis Billikens,VCU Rams,88,75,66.0,19.0,13.0,15.0,64.0,32.0,18.0,16.0
401804939,2026-02-21,2026,0,40,166,2638,New Mexico State Aggies,UTEP Miners,67,63,66.0,7.0,14.0,4.0,55.0,13.0,10.0,6.0
401804940,2026-02-21,2026,0,40,338,2348,Kennesaw State Owls,Louisiana Tech Bulldogs,58,55,57.0,18.0,11.0,13.0,57.0,19.0,16.0,18.0
401804941,2026-02-21,2026,0,40,2534,55,Sam Houston Bearkats,Jacksonville State Gamecocks,82,78,53.0,28.0,11.0,12.0,60.0,18.0,7.0,6.0
401804942,2026-02-21,2026,0,40,2335,98,Liberty Flames,Western Kentucky Hilltoppers,73,94,45.0,29.0,1.0,12.0,59.0,23.0,10.0,9.0
401804943,2026-02-21,2026,0,40,2229,2623,Florida International Panthers,Missouri State Bears,70,67,53.0,24.0,6.0,9.0,56.0,21.0,13.0,14.0
401804944,2026-02-21,2026,0,40,2393,48,Middle Tennessee Blue Raiders,Delaware Blue Hens,78,66,62.0,19.0,15.0,5.0,44.0,21.0,2.0,11.0
401805202,2026-02-21,2026,0,40,2000,253,Abilene Christian Wildcats,Southern Utah Thunderbirds,87,83,54.0,33.0,7.0,12.0,50.0,22.0,9.0,24.0
401805203,2026-02-21,2026,0,40,2627,3101,Tarleton State Texans,Utah Tech Trailblazers,72,80,61.0,15.0,10.0,7.0,55.0,20.0,11.0,11.0
401805204,2026-02-21,2026,0,40,250,3084,UT Arlington Mavericks,Utah Valley Wolverines,54,66,50.0,27.0,11.0,17.0,65.0,22.0,23.0,12.0
401806497,2026-02-21,2026,0,40,2197,88,Eastern Illinois Panthers,Southern Indiana Screaming Eagles,68,70,64.0,19.0,18.0,10.0,51.0,23.0,9.0,13.0
401806498,2026-02-21,2026,0,40,2635,2815,Tennessee Tech Golden Eagles,Lindenwood Lions,72,57,54.0,16.0,7.0,11.0,57.0,8.0,6.0,12.0
401806499,2026-02-21,2026,0,40,2031,2546,Little Rock Trojans,Southeast Missouri State Redhawks,65,70,58.0,19.0,9.0,9.0,56.0,22.0,11.0,14.0
401806500,2026-02-21,2026,0,40,2710,2413,Western Illinois Leathernecks,Morehead State Eagles,59,81,48.0,15.0,4.0,11.0,58.0,25.0,14.0,9.0
401806501,2026-02-21,2026,0,40,2634,2565,Tennessee State Tigers,SIU Edwardsville Cougars,80,53,54.0,13.0,9.0,12.0,50.0,11.0,6.0,15.0
401807751,2026-02-21,2026,0,40,294,2046,Jacksonville Dolphins,Austin Peay Governors,61,65,54.0,23.0,12.0,8.0,57.0,23.0,12.0,4.0
401807752,2026-02-21,2026,0,45,526,2110,Florida Gulf Coast Eagles,Central Arkansas Bears,75,71,70.0,13.0,11.0,8.0,61.0,18.0,10.0,11.0
401807753,2026-02-21,2026,0,40,91,2198,Bellarmine Knights,Eastern Kentucky Colonels,92,95,48.0,17.0,4.0,11.0,52.0,24.0,7.0,8.0
401807754,2026-02-21,2026,0,40,288,2453,Lipscomb Bisons,North Alabama Lions,73,51,50.0,9.0,4.0,11.0,63.0,10.0,15.0,11.0
401807755,2026-02-21,2026,0,40,56,2454,Stetson Hatters,North Florida Ospreys,76,71,61.0,13.0,14.0,12.0,57.0,14.0,11.0,10.0
401807756,2026-02-21,2026,0,40,2511,2698,Queens University Royals,West Georgia Wolves,91,84,58.0,36.0,10.0,6.0,66.0,19.0,12.0,10.0
401808249,2026-02-21,2026,0,40,8,142,Arkansas Razorbacks,Missouri Tigers,94,86,61.0,25.0,11.0,5.0,56.0,23.0,7.0,10.0
401808250,2026-02-21,2026,0,40,2,96,Auburn Tigers,Kentucky Wildcats,75,74,62.0,24.0,13.0,11.0,65.0,17.0,17.0,14.0
401808251,2026-02-21,2026,0,40,61,251,Georgia Bulldogs,Texas Longhorns,91,80,57.0,14.0,8.0,5.0,49.0,24.0,6.0,9.0
401808252,2026-02-21,2026,0,40,99,333,LSU Tigers,Alabama Crimson Tide,83,90,69.0,22.0,18.0,10.0,58.0,37.0,13.0,8.0
401808253,2026-02-21,2026,0,40,145,57,Ole Miss Rebels,Florida Gators,75,94,61.0,26.0,8.0,11.0,56.0,22.0,8.0,19.0
401808254,2026-02-21,2026,0,40,2579,344,South Carolina Gamecocks,Mississippi State Bulldogs,97,89,56.0,27.0,4.0,6.0,69.0,30.0,15.0,6.0
401808255,2026-02-21,2026,0,40,238,2633,Vanderbilt Commodores,Tennessee Volunteers,65,69,53.0,18.0,8.0,10.0,58.0,21.0,14.0,9.0
401808256,2026-02-21,2026,0,40,201,245,Oklahoma Sooners,Texas A&M Aggies,71,75,61.0,24.0,18.0,8.0,62.0,20.0,14.0,5.0
401808467,2026-02-21,2026,0,40,2502,331,Portland State Vikings,Eastern Washington Eagles,55,67,61.0,15.0,10.0,8.0,53.0,22.0,9.0,12.0
401808484,2026-02-21,2026,0,40,16,70,Sacramento State Hornets,Idaho Vandals,80,86,55.0,33.0,5.0,8.0,62.0,27.0,18.0,16.0
401808498,2026-02-21,2026,0,40,304,147,Idaho State Bengals,Montana State Bobcats,91,76,59.0,17.0,7.0,13.0,57.0,27.0,6.0,8.0
401808509,2026-02-21,2026,0,40,2692,149,Weber State Wildcats,Montana Grizzlies,92,72,56.0,21.0,9.0,11.0,56.0,17.0,7.0,10.0
401808530,2026-02-21,2026,0,40,2458,2464,Northern Colorado Bears,Northern Arizona Lumberjacks,78,77,54.0,22.0,7.0,10.0,55.0,27.0,9.0,7.0
401808681,2026-02-21,2026,0,40,2026,290,App State Mountaineers,Georgia Southern Eagles,89,74,51.0,37.0,9.0,12.0,60.0,16.0,9.0,12.0
401808682,2026-02-21,2026,0,40,324,276,Coastal Carolina Chanticleers,Marshall Thundering Herd,79,75,61.0,34.0,16.0,13.0,71.0,18.0,13.0,10.0
401808683,2026-02-21,2026,0,40,2247,256,Georgia State Panthers,James Madison Dukes,65,80,54.0,18.0,6.0,12.0,55.0,22.0,13.0,13.0
401808684,2026-02-21,2026,0,40,2572,295,Southern Miss Golden Eagles,Old Dominion Monarchs,86,81,55.0,30.0,14.0,26.0,58.0,27.0,9.0,19.0
401808685,2026-02-21,2026,0,40,6,2653,South Alabama Jaguars,Troy Trojans,65,54,55.0,13.0,9.0,7.0,53.0,23.0,15.0,9.0
401808686,2026-02-21,2026,0,40,309,326,Louisiana Ragin' Cajuns,Texas State Bobcats,67,54,45.0,19.0,7.0,13.0,52.0,18.0,15.0,14.0
401808687,2026-02-21,2026,0,40,2433,2032,UL Monroe Warhawks,Arkansas State Red Wolves,94,102,62.0,29.0,13.0,15.0,63.0,31.0,12.0,12.0
401808720,2026-02-21,2026,0,40,2837,2916,East Texas A&M Lions,Incarnate Word Cardinals,73,82,59.0,8.0,12.0,6.0,52.0,16.0,10.0,8.0
401808886,2026-02-21,2026,0,40,2377,357,McNeese Cowboys,Texas A&M-Corpus Christi Islanders,70,54,57.0,22.0,11.0,10.0,45.0,8.0,6.0,22.0
401808915,2026-02-21,2026,0,40,2320,2443,Lamar Cardinals,LSU New Orleans Privateers,71,77,66.0,24.0,20.0,13.0,55.0,27.0,14.0,16.0
401808931,2026-02-21,2026,0,40,2617,2447,Stephen F. Austin Lumberjacks,Nicholls Colonels,81,78,59.0,18.0,12.0,10.0,52.0,11.0,3.0,13.0
401808944,2026-02-21,2026,0,40,2466,2277,Northwestern State Demons,Houston Christian Huskies,71,53,54.0,19.0,7.0,7.0,53.0,12.0,9.0,14.0
401808964,2026-02-21,2026,0,40,2545,292,SE Louisiana Lions,UT Rio Grande Valley Vaqueros,75,96,53.0,35.0,13.0,6.0,50.0,19.0,4.0,10.0
401809100,2026-02-21,2026,0,40,300,28,UC Irvine Anteaters,UC San Diego Tritons,69,71,67.0,7.0,14.0,8.0,59.0,11.0,11.0,9.0
401809136,2026-02-21,2026,0,40,27,302,UC Riverside Highlanders,UC Davis Aggies,73,78,55.0,32.0,13.0,16.0,53.0,39.0,7.0,11.0
401809149,2026-02-21,2026,0,45,62,2540,Hawai'i Rainbow Warriors,UC Santa Barbara Gauchos,78,75,58.0,34.0,9.0,9.0,58.0,23.0,7.0,12.0
401809378,2026-02-21,2026,0,40,2382,2535,Mercer Bears,Samford Bulldogs,89,86,50.0,25.0,5.0,13.0,64.0,23.0,10.0,6.0
401809379,2026-02-21,2026,0,40,2643,236,The Citadel Bulldogs,Chattanooga Mocs,72,93,70.0,32.0,21.0,9.0,54.0,17.0,5.0,14.0
401809380,2026-02-21,2026,0,40,2430,2193,UNC Greensboro Spartans,East Tennessee State Buccaneers,75,87,54.0,15.0,8.0,13.0,55.0,14.0,6.0,12.0
401809381,2026-02-21,2026,0,40,2678,2717,VMI Keydets,Western Carolina Catamounts,62,81,56.0,11.0,5.0,7.0,62.0,17.0,10.0,3.0
401809382,2026-02-21,2026,0,40,2747,231,Wofford Terriers,Furman Paladins,67,76,57.0,19.0,9.0,7.0,52.0,17.0,6.0,10.0
401812076,2026-02-21,2026,0,40,2097,350,Campbell Fighting Camels,UNC Wilmington Seahawks,68,73,59.0,19.0,6.0,7.0,61.0,33.0,18.0,9.0
401812077,2026-02-21,2026,0,40,2210,2448,Elon Phoenix,North Carolina A&T Aggies,82,102,66.0,20.0,16.0,8.0,57.0,21.0,10.0,11.0
401812078,2026-02-21,2026,0,40,2619,2261,Stony Brook Seawolves,Hampton Pirates,79,72,46.0,27.0,6.0,16.0,59.0,19.0,13.0,14.0
401812079,2026-02-21,2026,0,40,111,2275,Northeastern Huskies,Hofstra Pride,68,82,65.0,12.0,12.0,6.0,54.0,22.0,7.0,6.0
401812080,2026-02-21,2026,0,40,232,2405,Charleston Cougars,Monmouth Hawks,74,63,59.0,22.0,9.0,8.0,56.0,9.0,7.0,13.0
401812162,2026-02-21,2026,0,40,2378,399,UMBC Retrievers,UAlbany Great Danes,66,62,57.0,13.0,10.0,7.0,50.0,4.0,5.0,12.0
401812163,2026-02-21,2026,0,40,2349,2066,UMass Lowell River Hawks,Binghamton Bearcats,92,79,54.0,30.0,10.0,5.0,54.0,11.0,3.0,10.0
401812164,2026-02-21,2026,0,40,160,311,New Hampshire Wildcats,Maine Black Bears,58,61,54.0,16.0,9.0,13.0,45.0,24.0,3.0,11.0
401812165,2026-02-21,2026,0,40,2885,261,NJIT Highlanders,Vermont Catamounts,64,70,53.0,19.0,5.0,6.0,52.0,21.0,7.0,9.0
401812330,2026-02-21,2026,0,40,161,2441,Fairleigh Dickinson Knights,New Haven Chargers,77,84,56.0,15.0,9.0,10.0,47.0,20.0,3.0,8.0
401812348,2026-02-21,2026,0,40,284,2330,Stonehill Skyhawks,Le Moyne Dolphins,77,68,62.0,24.0,10.0,6.0,54.0,24.0,8.0,14.0
401812377,2026-02-21,2026,0,40,2385,112358,Mercyhurst Lakers,Long Island University Sharks,91,83,63.0,21.0,11.0,8.0,54.0,20.0,7.0,13.0
401812398,2026-02-21,2026,0,40,2598,2681,Saint Francis Red Wolves,Wagner Seahawks,56,65,58.0,17.0,14.0,12.0,51.0,23.0,11.0,15.0
401812595,2026-02-21,2026,0,40,43,219,Yale Bulldogs,Pennsylvania Quakers,74,70,61.0,18.0,12.0,10.0,59.0,14.0,9.0,9.0
401812622,2026-02-21,2026,0,40,172,108,Cornell Big Red,Harvard Crimson,54,73,55.0,13.0,9.0,8.0,58.0,19.0,13.0,6.0
401812657,2026-02-21,2026,0,40,2130,2115,Chicago State Cougars,Central Connecticut Blue Devils,70,51,62.0,12.0,11.0,5.0,55.0,15.0,14.0,14.0
401814576,2026-02-21,2026,0,45,113,2084,Massachusetts Minutemen,Buffalo Bulls,82,86,58.0,22.0,11.0,14.0,54.0,30.0,6.0,11.0
401814577,2026-02-21,2026,0,40,2649,2199,Toledo Rockets,Eastern Michigan Eagles,94,75,55.0,22.0,4.0,9.0,59.0,17.0,8.0,13.0
401814578,2026-02-21,2026,0,40,2459,195,Northern Illinois Huskies,Ohio Bobcats,66,74,52.0,12.0,7.0,14.0,54.0,24.0,8.0,7.0
401814579,2026-02-21,2026,0,40,2117,2711,Central Michigan Chippewas,Western Michigan Broncos,83,70,51.0,38.0,7.0,11.0,60.0,25.0,11.0,15.0
401817238,2026-02-21,2026,1,40,150,130,Duke Blue Devils,Michigan Wolverines,68,63,55.0,17.0,13.0,11.0,55.0,18.0,8.0,7.0
401818428,2026-02-21,2026,0,40,2571,155,South Dakota State Jackrabbits,North Dakota Fighting Hawks,91,83,59.0,25.0,14.0,8.0,60.0,12.0,6.0,7.0
401818429,2026-02-21,2026,0,40,198,233,Oral Roberts Golden Eagles,South Dakota Coyotes,67,62,59.0,23.0,11.0,12.0,53.0,26.0,5.0,14.0
401818430,2026-02-21,2026,0,40,2172,2900,Denver Pioneers,St. Thomas Tommies,82,80,57.0,20.0,6.0,8.0,58.0,20.0,10.0,11.0
401818431,2026-02-21,2026,0,40,2449,140,North Dakota State Bison,Kansas City Roos,95,59,75.0,6.0,17.0,15.0,62.0,16.0,5.0,14.0
401818545,2026-02-21,2026,0,40,171,159,Columbia Lions,Dartmouth Big Green,63,64,66.0,9.0,13.0,10.0,56.0,17.0,5.0,8.0
401820175,2026-02-21,2026,0,40,349,2426,Army Black Knights,Navy Midshipmen,63,81,53.0,17.0,9.0,12.0,44.0,40.0,10.0,11.0
401820207,2026-02-21,2026,0,45,2142,2352,Colgate Raiders,Loyola Maryland Greyhounds,101,98,65.0,35.0,5.0,10.0,80.0,23.0,11.0,8.0
401820572,2026-02-21,2026,0,40,2005,2439,Air Force Falcons,UNLV Rebels,66,91,63.0,10.0,12.0,15.0,60.0,13.0,3.0,4.0
401820754,2026-02-21,2026,0,40,25,24,California Golden Bears,Stanford Cardinal,72,66,63.0,23.0,15.0,10.0,60.0,29.0,14.0,10.0
401820755,2026-02-21,2026,0,40,228,52,Clemson Tigers,Florida State Seminoles,65,70,56.0,15.0,10.0,8.0,46.0,16.0,5.0,10.0
401820756,2026-02-21,2026,0,40,97,59,Louisville Cardinals,Georgia Tech Yellow Jackets,87,70,52.0,20.0,6.0,18.0,61.0,12.0,10.0,17.0
401820757,2026-02-21,2026,0,40,221,87,Pittsburgh Panthers,Notre Dame Fighting Irish,73,68,49.0,27.0,10.0,10.0,65.0,14.0,16.0,8.0
401820758,2026-02-21,2026,0,40,2567,103,SMU Mustangs,Boston College Eagles,94,70,61.0,25.0,12.0,4.0,69.0,20.0,21.0,9.0
401820759,2026-02-21,2026,0,40,183,153,Syracuse Orange,North Carolina Tar Heels,64,77,59.0,16.0,9.0,10.0,54.0,28.0,9.0,10.0
401820760,2026-02-21,2026,0,40,258,2390,Virginia Cavaliers,Miami Hurricanes,86,83,50.0,18.0,4.0,9.0,61.0,17.0,12.0,9.0
401820761,2026-02-21,2026,0,40,259,154,Virginia Tech Hokies,Wake Forest Demon Deacons,82,63,61.0,16.0,13.0,5.0,61.0,16.0,15.0,7.0
401822777,2026-02-21,2026,0,45,2154,2379,Coppin State Eagles,Maryland Eastern Shore Hawks,71,65,46.0,40.0,12.0,19.0,46.0,30.0,6.0,21.0
401822952,2026-02-21,2026,0,40,2599,156,St. John's Red Storm,Creighton Bluejays,81,52,63.0,23.0,10.0,11.0,53.0,18.0,5.0,18.0
401822953,2026-02-21,2026,0,40,222,41,Villanova Wildcats,UConn Huskies,63,73,59.0,14.0,11.0,10.0,51.0,13.0,10.0,14.0
401822954,2026-02-21,2026,0,40,2086,2752,Butler Bulldogs,Xavier Musketeers,80,75,55.0,33.0,8.0,6.0,63.0,11.0,8.0,7.0
401822955,2026-02-21,2026,0,40,305,2507,DePaul Blue Demons,Providence Friars,68,71,65.0,24.0,15.0,7.0,49.0,21.0,11.0,18.0
401822956,2026-02-21,2026,0,40,2550,46,Seton Hall Pirates,Georgetown Hoyas,51,47,55.0,26.0,17.0,13.0,55.0,23.0,16.0,13.0
401823185,2026-02-21,2026,0,40,2934,2239,Cal State Bakersfield Roadrunners,Cal State Fullerton Titans,80,88,64.0,23.0,11.0,10.0,58.0,21.0,6.0,11.0
401823269,2026-02-21,2026,0,40,299,2463,Long Beach State Beach,Cal State Northridge Matadors,76,78,58.0,19.0,9.0,13.0,69.0,18.0,14.0,9.0
401823783,2026-02-21,2026,0,40,36,21,Colorado State Rams,San Diego State Aztecs,83,74,49.0,29.0,9.0,13.0,60.0,24.0,15.0,12.0
401823803,2026-02-21,2026,0,40,2253,2751,Grand Canyon Lopes,Wyoming Cowboys,65,70,54.0,19.0,10.0,15.0,60.0,19.0,12.0,10.0
401823831,2026-02-21,2026,0,40,68,23,Boise State Broncos,San José State Spartans,84,69,55.0,17.0,6.0,8.0,67.0,7.0,10.0,6.0
401823954,2026-02-21,2026,0,50,2127,2344,Charleston Southern Buccaneers,Longwood Lancers,96,107,62.0,22.0,9.0,20.0,85.0,35.0,23.0,8.0
401823955,2026-02-21,2026,0,40,2908,2506,South Carolina Upstate Spartans,Presbyterian Blue Hose,76,74,58.0,14.0,11.0,11.0,59.0,13.0,8.0,7.0
401823956,2026-02-21,2026,0,45,2427,2515,UNC Asheville Bulldogs,Radford Highlanders,74,73,65.0,14.0,10.0,8.0,59.0,30.0,13.0,12.0
401823957,2026-02-21,2026,0,40,2272,2737,High Point Panthers,Winthrop Eagles,89,87,55.0,30.0,9.0,13.0,73.0,20.0,18.0,10.0
401825529,2026-02-21,2026,0,40,120,264,Maryland Terrapins,Washington Huskies,64,60,57.0,11.0,14.0,8.0,52.0,7.0,4.0,6.0
401825530,2026-02-21,2026,0,40,135,164,Minnesota Golden Gophers,Rutgers Scarlet Knights,80,61,50.0,7.0,5.0,10.0,54.0,8.0,6.0,7.0
401825531,2026-02-21,2026,0,40,158,213,Nebraska Cornhuskers,Penn State Nittany Lions,87,64,62.0,12.0,10.0,11.0,57.0,17.0,10.0,15.0
401825532,2026-02-21,2026,0,45,26,356,UCLA Bruins,Illinois Fighting Illini,95,94,67.0,19.0,8.0,5.0,69.0,31.0,20.0,9.0
401825533,2026-02-21,2026,0,40,30,2483,USC Trojans,Oregon Ducks,70,71,60.0,24.0,13.0,11.0,51.0,27.0,8.0,15.0
401827034,2026-02-21,2026,0,40,2582,2755,Southern Jaguars,Grambling Tigers,87,73,51.0,23.0,3.0,17.0,57.0,26.0,11.0,15.0
401827125,2026-02-21,2026,0,40,2065,2010,Bethune-Cookman Wildcats,Alabama A&M Bulldogs,85,76,54.0,20.0,9.0,12.0,62.0,25.0,14.0,9.0
401827149,2026-02-21,2026,0,40,2029,2504,Arkansas-Pine Bluff Golden Lions,Prairie View A&M Panthers,84,82,53.0,20.0,6.0,10.0,52.0,28.0,10.0,14.0
401827168,2026-02-21,2026,0,40,50,2011,Florida A&M Rattlers,Alabama State Hornets,76,63,55.0,28.0,12.0,14.0,55.0,24.0,7.0,10.0
401827692,2026-02-21,2026,0,40,239,9,Baylor Bears,Arizona State Sun Devils,73,68,51.0,13.0,5.0,13.0,56.0,16.0,9.0,11.0
401827693,2026-02-21,2026,0,40,252,66,BYU Cougars,Iowa State Cyclones,79,69,58.0,20.0,12.0,11.0,54.0,19.0,6.0,10.0
401827694,2026-02-21,2026,0,40,38,197,Colorado Buffaloes,Oklahoma State Cowboys,83,69,61.0,18.0,10.0,12.0,61.0,25.0,15.0,15.0
401827695,2026-02-21,2026,0,40,248,12,Houston Cougars,Arizona Wildcats,66,73,56.0,22.0,13.0,12.0,56.0,31.0,12.0,5.0
401827696,2026-02-21,2026,0,40,2305,2132,Kansas Jayhawks,Cincinnati Bearcats,68,84,61.0,13.0,9.0,10.0,64.0,15.0,14.0,10.0
401827697,2026-02-21,2026,0,40,2628,277,TCU Horned Frogs,West Virginia Mountaineers,60,54,53.0,27.0,19.0,12.0,49.0,12.0,9.0,16.0
401827698,2026-02-21,2026,0,40,2641,2306,Texas Tech Red Raiders,Kansas State Wildcats,100,72,62.0,23.0,10.0,6.0,64.0,17.0,9.0,6.0
401827699,2026-02-21,2026,0,40,254,2116,Utah Utes,UCF Knights,71,73,57.0,7.0,9.0,11.0,57.0,9.0,8.0,9.0
401828238,2026-02-21,2026,0,40,2429,151,Charlotte 49ers,East Carolina Pirates,68,56,62.0,16.0,13.0,8.0,55.0,23.0,12.0,12.0
401828239,2026-02-21,2026,0,40,2724,218,Wichita State Shockers,Temple Owls,69,57,50.0,29.0,13.0,11.0,55.0,19.0,10.0,7.0
401828438,2026-02-21,2026,0,40,2230,2166,Fordham Rams,Davidson Wildcats,63,59,42.0,28.0,7.0,11.0,50.0,16.0,11.0,14.0
401828439,2026-02-21,2026,0,40,2168,2184,Dayton Flyers,Duquesne Dukes,78,66,52.0,32.0,11.0,8.0,53.0,24.0,13.0,13.0
401828440,2026-02-21,2026,0,40,2325,227,La Salle Explorers,Rhode Island Rams,59,46,52.0,31.0,18.0,14.0,55.0,20.0,13.0,9.0
401828441,2026-02-21,2026,0,40,2603,2350,Saint Joseph's Hawks,Loyola Chicago Ramblers,75,61,58.0,17.0,9.0,8.0,57.0,14.0,9.0,12.0
401828442,2026-02-21,2026,0,40,257,179,Richmond Spiders,St. Bonaventure Bonnies,99,94,57.0,28.0,6.0,9.0,66.0,16.0,10.0,10.0
401828668,2026-02-21,2026,0,40,2016,2296,Alcorn State Braves,Jackson State Tigers,83,65,58.0,38.0,16.0,11.0,54.0,26.0,12.0,18.0
401828715,2026-02-21,2026,0,40,2415,2169,Morgan State Bears,Delaware State Hornets,82,68,59.0,27.0,13.0,14.0,64.0,23.0,12.0,11.0
401828731,2026-02-21,2026,0,40,2450,2569,Norfolk State Spartans,South Carolina State Bulldogs,90,71,54.0,21.0,7.0,13.0,49.0,29.0,13.0,23.0
401828934,2026-02-21,2026,0,40,278,167,Fresno State Bulldogs,New Mexico Lobos,78,80,63.0,9.0,11.0,11.0,60.0,13.0,8.0,9.0
401829254,2026-02-21,2026,0,40,301,2351,San Diego Toreros,Loyola Marymount Lions,65,77,55.0,13.0,10.0,10.0,45.0,21.0,3.0,11.0
401829255,2026-02-21,2026,0,40,2250,279,Gonzaga Bulldogs,Pacific Tigers,71,62,56.0,29.0,13.0,4.0,49.0,16.0,10.0,15.0
401829256,2026-02-21,2026,0,40,204,2492,Oregon State Beavers,Pepperdine Waves,83,73,69.0,16.0,19.0,12.0,56.0,26.0,4.0,10.0
401829257,2026-02-21,2026,0,40,2547,2501,Seattle U Redhawks,Portland Pilots,71,59,58.0,22.0,10.0,10.0,40.0,29.0,4.0,19.0
401829258,2026-02-21,2026,0,40,265,2608,Washington State Cougars,Saint Mary's Gaels,67,83,57.0,13.0,9.0,10.0,59.0,12.0,13.0,10.0
401829259,2026-02-21,2026,0,40,2539,2541,San Francisco Dons,Santa Clara Broncos,73,94,54.0,14.0,3.0,17.0,70.0,14.0,12.0,10.0
401829319,2026-02-21,2026,0,40,2440,328,Nevada Wolf Pack,Utah State Aggies,80,77,49.0,27.0,11.0,15.0,62.0,19.0,12.0,10.0
401829503,2026-02-21,2026,0,40,2400,2640,Mississippi Valley State Delta Devils,Texas Southern Tigers,72,71,57.0,20.0,11.0,13.0,51.0,28.0,7.0,11.0
401830215,2026-02-21,2026,0,40,2057,282,Belmont Bruins,Indiana State Sycamores,87,70,65.0,15.0,7.0,9.0,62.0,8.0,7.0,13.0
401830223,2026-02-21,2026,0,40,71,2287,Bradley Braves,Illinois State Redbirds,74,60,59.0,16.0,10.0,6.0,53.0,10.0,7.0,15.0
401830243,2026-02-21,2026,0,40,47,2428,Howard Bison,North Carolina Central Eagles,100,67,61.0,20.0,12.0,13.0,60.0,19.0,12.0,14.0
401830309,2026-02-21,2026,0,40,93,339,Murray State Racers,Evansville Purple Aces,88,75,60.0,26.0,9.0,8.0,60.0,6.0,2.0,12.0
401830310,2026-02-21,2026,0,40,2460,79,Northern Iowa Panthers,Southern Illinois Salukis,57,59,52.0,9.0,9.0,14.0,51.0,3.0,9.0,18.0
401830311,2026-02-21,2026,0,40,82,2674,UIC Flames,Valparaiso Beacons,67,71,56.0,18.0,12.0,12.0,56.0,25.0,13.0,9.0
401812081,2026-02-22,2026,0,40,2182,119,Drexel Dragons,Towson Tigers,68,62,52.0,33.0,10.0,10.0,58.0,22.0,9.0,5.0
401813343,2026-02-22,2026,0,40,2368,2529,Marist Red Foxes,Sacred Heart Pioneers,65,63,67.0,6.0,7.0,4.0,60.0,18.0,11.0,11.0
401813370,2026-02-22,2026,0,40,116,2099,Mount St. Mary's Mountaineers,Canisius Golden Griffins,68,47,55.0,14.0,11.0,13.0,45.0,14.0,7.0,17.0
401813394,2026-02-22,2026,0,40,2520,315,Rider Broncs,Niagara Purple Eagles,67,62,55.0,18.0,12.0,11.0,48.0,11.0,4.0,18.0
401813431,2026-02-22,2026,0,40,2561,2612,Siena Saints,Saint Peter's Peacocks,72,63,43.0,34.0,9.0,11.0,55.0,16.0,10.0,9.0
401817676,2026-02-22,2026,0,40,2174,2739,Detroit Mercy Titans,Green Bay Phoenix,74,70,56.0,22.0,9.0,12.0,52.0,18.0,5.0,13.0
401817677,2026-02-22,2026,0,40,2473,270,Oakland Golden Grizzlies,Milwaukee Panthers,81,70,56.0,20.0,9.0,9.0,64.0,9.0,18.0,15.0
401817678,2026-02-22,2026,0,40,325,2870,Cleveland State Vikings,Purdue Fort Wayne Mastodons,86,92,59.0,20.0,6.0,14.0,59.0,23.0,7.0,13.0
401817679,2026-02-22,2026,0,40,2750,2523,Wright State Raiders,Robert Morris Colonials,68,81,55.0,17.0,9.0,14.0,55.0,17.0,6.0,10.0
401817680,2026-02-22,2026,0,40,2754,94,Youngstown State Penguins,Northern Kentucky Norse,64,58,50.0,26.0,8.0,18.0,68.0,18.0,19.0,18.0
401820593,2026-02-22,2026,0,40,2514,2217,Quinnipiac Bobcats,Fairfield Stags,79,85,63.0,27.0,17.0,9.0,58.0,23.0,11.0,11.0
401824312,2026-02-22,2026,0,50,2771,314,Merrimack Warriors,Iona Gaels,88,86,63.0,28.0,6.0,4.0,68.0,16.0,14.0,12.0
401824375,2026-02-22,2026,0,40,2329,104,Lehigh Mountain Hawks,Boston University Terriers,70,67,50.0,13.0,8.0,10.0,56.0,5.0,7.0,8.0
401824435,2026-02-22,2026,0,40,2083,107,Bucknell Bison,Holy Cross Crusaders,63,72,62.0,15.0,13.0,10.0,51.0,18.0,5.0,11.0
401825534,2026-02-22,2026,0,40,127,194,Michigan State Spartans,Ohio State Buckeyes,66,60,55.0,25.0,15.0,9.0,52.0,17.0,4.0,5.0
401825535,2026-02-22,2026,0,40,275,2294,Wisconsin Badgers,Iowa Hawkeyes,84,71,52.0,20.0,5.0,8.0,59.0,11.0,9.0,9.0
401828240,2026-02-22,2026,0,40,235,5,Memphis Tigers,UAB Blazers,67,78,59.0,14.0,9.0,15.0,59.0,25.0,11.0,12.0
401828241,2026-02-22,2026,0,40,249,2226,North Texas Mean Green,Florida Atlantic Owls,73,72,55.0,29.0,13.0,9.0,57.0,14.0,6.0,6.0
401828242,2026-02-22,2026,0,40,2655,242,Tulane Green Wave,Rice Owls,81,75,48.0,31.0,7.0,11.0,56.0,20.0,6.0,11.0
401828243,2026-02-22,2026,0,40,202,2636,Tulsa Golden Hurricane,UTSA Roadrunners,100,74,63.0,25.0,11.0,7.0,61.0,11.0,5.0,11.0
401828679,2026-02-22,2026,0,40,322,44,Lafayette Leopards,American University Eagles,61,75,48.0,16.0,5.0,7.0,55.0,11.0,7.0,7.0
401808721,2026-02-23,2026,0,40,2837,2277,East Texas A&M Lions,Houston Christian Huskies,68,69,51.0,17.0,10.0,15.0,61.0,15.0,15.0,11.0
401808887,2026-02-23,2026,0,40,2377,292,McNeese Cowboys,UT Rio Grande Valley Vaqueros,75,68,58.0,29.0,13.0,10.0,50.0,17.0,6.0,17.0
401808916,2026-02-23,2026,0,40,2617,2443,Stephen F. Austin Lumberjacks,LSU New Orleans Privateers,73,77,69.0,24.0,18.0,5.0,54.0,24.0,12.0,15.0
401808932,2026-02-23,2026,0,40,2320,2447,Lamar Cardinals,Nicholls Colonels,52,53,56.0,11.0,10.0,14.0,61.0,7.0,14.0,14.0
401808945,2026-02-23,2026,0,40,2466,2916,Northwestern State Demons,Incarnate Word Cardinals,54,49,49.0,19.0,7.0,9.0,51.0,15.0,9.0,11.0
401808965,2026-02-23,2026,0,40,2545,357,SE Louisiana Lions,Texas A&M-Corpus Christi Islanders,68,73,48.0,27.0,10.0,13.0,50.0,20.0,10.0,16.0
401820762,2026-02-23,2026,0,40,153,97,North Carolina Tar Heels,Louisville Cardinals,77,74,56.0,19.0,7.0,9.0,67.0,11.0,16.0,10.0
401820820,2026-02-23,2026,0,40,2305,248,Kansas Jayhawks,Houston Cougars,69,56,50.0,20.0,7.0,12.0,66.0,9.0,13.0,8.0
401827098,2026-02-23,2026,0,40,2755,2400,Grambling Tigers,Mississippi Valley State Delta Devils,83,62,52.0,31.0,7.0,20.0,62.0,15.0,10.0,19.0
401806502,2026-02-24,2026,0,40,2413,88,Morehead State Eagles,Southern Indiana Screaming Eagles,64,63,54.0,22.0,11.0,6.0,58.0,14.0,12.0,9.0
401808257,2026-02-24,2026,0,40,142,2633,Missouri Tigers,Tennessee Volunteers,73,69,55.0,22.0,9.0,8.0,63.0,14.0,18.0,15.0
401808260,2026-02-24,2026,0,40,2579,96,South Carolina Gamecocks,Kentucky Wildcats,63,72,57.0,17.0,5.0,12.0,66.0,18.0,18.0,15.0
401808262,2026-02-24,2026,0,40,201,2,Oklahoma Sooners,Auburn Tigers,91,79,57.0,25.0,11.0,9.0,53.0,27.0,14.0,14.0
401808688,2026-02-24,2026,0,40,2247,324,Georgia State Panthers,Coastal Carolina Chanticleers,71,76,60.0,19.0,9.0,7.0,68.0,15.0,14.0,6.0
401808689,2026-02-24,2026,0,40,276,295,Marshall Thundering Herd,Old Dominion Monarchs,97,88,67.0,10.0,8.0,7.0,70.0,20.0,14.0,8.0
401808690,2026-02-24,2026,0,40,2032,2572,Arkansas State Red Wolves,Southern Miss Golden Eagles,89,84,60.0,46.0,19.0,18.0,67.0,21.0,13.0,13.0
401808691,2026-02-24,2026,0,40,2653,309,Troy Trojans,Louisiana Ragin' Cajuns,78,59,50.0,24.0,14.0,10.0,54.0,8.0,11.0,10.0
401814580,2026-02-24,2026,0,40,2006,2084,Akron Zips,Buffalo Bulls,99,85,58.0,29.0,8.0,17.0,67.0,33.0,17.0,14.0
401814581,2026-02-24,2026,0,40,2309,2117,Kent State Golden Flashes,Central Michigan Chippewas,83,81,54.0,28.0,14.0,13.0,53.0,22.0,9.0,13.0
401814582,2026-02-24,2026,0,45,2050,113,Ball State Cardinals,Massachusetts Minutemen,74,73,70.0,22.0,16.0,10.0,69.0,16.0,18.0,14.0
401814583,2026-02-24,2026,0,40,2199,193,Eastern Michigan Eagles,Miami (OH) RedHawks,64,74,61.0,23.0,11.0,11.0,69.0,19.0,11.0,4.0
401814584,2026-02-24,2026,0,40,2649,2459,Toledo Rockets,Northern Illinois Huskies,79,69,63.0,14.0,11.0,7.0,57.0,16.0,9.0,11.0
401814585,2026-02-24,2026,0,40,189,2711,Bowling Green Falcons,Western Michigan Broncos,79,88,59.0,32.0,9.0,7.0,56.0,31.0,6.0,9.0
401820573,2026-02-24,2026,0,40,2005,23,Air Force Falcons,San José State Spartans,80,86,57.0,22.0,10.0,10.0,57.0,19.0,9.0,8.0
401820763,2026-02-24,2026,0,40,258,152,Virginia Cavaliers,NC State Wolfpack,90,61,58.0,18.0,7.0,12.0,68.0,15.0,16.0,10.0
401820766,2026-02-24,2026,0,40,52,2390,Florida State Seminoles,Miami Hurricanes,73,83,59.0,16.0,7.0,12.0,59.0,19.0,16.0,18.0
401820767,2026-02-24,2026,0,40,87,150,Notre Dame Fighting Irish,Duke Blue Devils,56,100,52.0,19.0,5.0,15.0,59.0,38.0,14.0,9.0
401822957,2026-02-24,2026,0,40,46,269,Georgetown Hoyas,Marquette Golden Eagles,60,76,61.0,13.0,17.0,15.0,61.0,11.0,10.0,9.0
401823832,2026-02-24,2026,0,40,68,2751,Boise State Broncos,Wyoming Cowboys,72,62,53.0,19.0,10.0,12.0,57.0,9.0,7.0,9.0
401825536,2026-02-24,2026,0,40,84,77,Indiana Hoosiers,Northwestern Wildcats,68,72,50.0,14.0,5.0,10.0,54.0,18.0,11.0,9.0
401825537,2026-02-24,2026,0,40,130,135,Michigan Wolverines,Minnesota Golden Gophers,77,67,58.0,5.0,10.0,14.0,55.0,6.0,1.0,8.0
401825538,2026-02-24,2026,0,40,164,264,Rutgers Scarlet Knights,Washington Huskies,72,79,58.0,32.0,8.0,7.0,56.0,21.0,7.0,10.0
401825539,2026-02-24,2026,0,40,26,30,UCLA Bruins,USC Trojans,81,62,63.0,14.0,8.0,5.0,60.0,16.0,17.0,14.0
401827700,2026-02-24,2026,0,40,239,12,Baylor Bears,Arizona Wildcats,80,87,59.0,21.0,9.0,5.0,61.0,23.0,13.0,7.0
401827701,2026-02-24,2026,0,40,252,2116,BYU Cougars,UCF Knights,84,97,71.0,20.0,12.0,9.0,64.0,14.0,8.0,15.0
401827702,2026-02-24,2026,0,45,197,277,Oklahoma State Cowboys,West Virginia Mountaineers,91,84,63.0,27.0,13.0,10.0,68.0,12.0,12.0,11.0
401827703,2026-02-24,2026,0,40,2628,9,TCU Horned Frogs,Arizona State Sun Devils,90,78,64.0,40.0,17.0,7.0,61.0,23.0,8.0,13.0
401827704,2026-02-24,2026,0,40,2641,2132,Texas Tech Red Raiders,Cincinnati Bearcats,80,68,52.0,20.0,12.0,12.0,62.0,13.0,11.0,3.0
401827705,2026-02-24,2026,0,40,254,66,Utah Utes,Iowa State Cyclones,59,75,46.0,16.0,4.0,18.0,59.0,18.0,8.0,9.0
401828443,2026-02-24,2026,0,40,2168,139,Dayton Flyers,Saint Louis Billikens,77,62,51.0,28.0,5.0,10.0,55.0,16.0,8.0,15.0
401828444,2026-02-24,2026,0,40,2325,45,La Salle Explorers,George Washington Revolutionaries,77,104,58.0,24.0,12.0,14.0,58.0,20.0,7.0,13.0
401828935,2026-02-24,2026,0,40,36,278,Colorado State Rams,Fresno State Bulldogs,74,70,58.0,17.0,11.0,11.0,58.0,11.0,8.0,12.0
401829320,2026-02-24,2026,0,40,2440,167,Nevada Wolf Pack,New Mexico Lobos,67,60,58.0,22.0,11.0,13.0,55.0,21.0,7.0,13.0
401830222,2026-02-24,2026,0,50,82,71,UIC Flames,Bradley Braves,93,86,58.0,32.0,7.0,12.0,70.0,24.0,15.0,12.0
401858739,2026-02-24,2026,0,40,2441,2598,New Haven Chargers,Saint Francis Red Wolves,67,73,53.0,16.0,4.0,6.0,46.0,17.0,4.0,13.0
401807757,2026-02-25,2026,0,40,2198,2511,Eastern Kentucky Colonels,Queens University Royals,79,96,57.0,28.0,12.0,11.0,55.0,38.0,8.0,7.0
401807758,2026-02-25,2026,0,40,2453,91,North Alabama Lions,Bellarmine Knights,73,68,49.0,29.0,17.0,13.0,49.0,23.0,9.0,8.0
401807759,2026-02-25,2026,0,40,2046,2110,Austin Peay Governors,Central Arkansas Bears,88,93,52.0,21.0,9.0,15.0,55.0,18.0,5.0,9.0
401807761,2026-02-25,2026,0,40,2698,288,West Georgia Wolves,Lipscomb Bisons,84,78,61.0,18.0,6.0,7.0,64.0,18.0,11.0,9.0
401808258,2026-02-25,2026,0,50,145,99,Ole Miss Rebels,LSU Tigers,99,106,78.0,29.0,14.0,6.0,70.0,29.0,10.0,11.0
401808259,2026-02-25,2026,0,40,8,245,Arkansas Razorbacks,Texas A&M Aggies,99,84,65.0,33.0,13.0,9.0,57.0,23.0,6.0,16.0
401808261,2026-02-25,2026,0,40,238,61,Vanderbilt Commodores,Georgia Bulldogs,88,80,61.0,24.0,11.0,5.0,52.0,29.0,8.0,8.0
401808263,2026-02-25,2026,0,40,333,344,Alabama Crimson Tide,Mississippi State Bulldogs,100,75,71.0,13.0,15.0,13.0,71.0,12.0,12.0,12.0
401808264,2026-02-25,2026,0,40,251,57,Texas Longhorns,Florida Gators,71,84,58.0,21.0,14.0,12.0,54.0,15.0,7.0,9.0
401808692,2026-02-25,2026,0,40,256,290,James Madison Dukes,Georgia Southern Eagles,82,66,48.0,26.0,6.0,17.0,61.0,18.0,9.0,9.0
401808693,2026-02-25,2026,0,40,6,2433,South Alabama Jaguars,UL Monroe Warhawks,89,54,52.0,21.0,5.0,11.0,58.0,16.0,6.0,7.0
401809383,2026-02-25,2026,0,40,2193,2747,East Tennessee State Buccaneers,Wofford Terriers,69,72,51.0,22.0,7.0,12.0,62.0,18.0,10.0,6.0
401809384,2026-02-25,2026,0,40,231,2643,Furman Paladins,The Citadel Bulldogs,72,51,56.0,25.0,19.0,11.0,54.0,8.0,5.0,7.0
401809385,2026-02-25,2026,0,40,2717,2382,Western Carolina Catamounts,Mercer Bears,78,74,53.0,27.0,10.0,12.0,55.0,22.0,8.0,12.0
401817681,2026-02-25,2026,0,40,325,94,Cleveland State Vikings,Northern Kentucky Norse,70,81,60.0,21.0,8.0,12.0,51.0,26.0,7.0,14.0
401817682,2026-02-25,2026,0,40,2870,2750,Purdue Fort Wayne Mastodons,Wright State Raiders,70,74,58.0,30.0,12.0,12.0,62.0,16.0,12.0,12.0
401817683,2026-02-25,2026,0,40,2523,2174,Robert Morris Colonials,Detroit Mercy Titans,73,62,61.0,22.0,15.0,6.0,56.0,10.0,8.0,12.0
401817684,2026-02-25,2026,0,40,85,2473,IU Indianapolis Jaguars,Oakland Golden Grizzlies,74,86,61.0,10.0,7.0,14.0,62.0,22.0,9.0,9.0
401817685,2026-02-25,2026,0,40,270,2754,Milwaukee Panthers,Youngstown State Penguins,78,65,57.0,14.0,5.0,11.0,57.0,9.0,7.0,13.0
401818434,2026-02-25,2026,0,40,233,2437,South Dakota Coyotes,Omaha Mavericks,89,72,58.0,30.0,5.0,8.0,56.0,28.0,8.0,10.0
401820176,2026-02-25,2026,0,40,2352,2426,Loyola Maryland Greyhounds,Navy Midshipmen,51,78,57.0,14.0,13.0,10.0,53.0,15.0,8.0,9.0
401820764,2026-02-25,2026,0,40,103,154,Boston College Eagles,Wake Forest Demon Deacons,68,67,58.0,13.0,9.0,8.0,62.0,17.0,13.0,7.0
401820765,2026-02-25,2026,0,40,25,2567,California Golden Bears,SMU Mustangs,73,69,65.0,15.0,9.0,8.0,55.0,26.0,13.0,14.0
401820768,2026-02-25,2026,0,40,24,221,Stanford Cardinal,Pittsburgh Panthers,75,67,58.0,10.0,10.0,9.0,49.0,15.0,8.0,13.0
401822958,2026-02-25,2026,0,40,2507,2752,Providence Friars,Xavier Musketeers,94,84,61.0,25.0,8.0,4.0,68.0,15.0,10.0,5.0
401822959,2026-02-25,2026,0,40,41,2599,UConn Huskies,St. John's Red Storm,72,40,59.0,11.0,9.0,5.0,56.0,17.0,16.0,8.0
401822960,2026-02-25,2026,0,40,156,305,Creighton Bluejays,DePaul Blue Demons,71,72,56.0,13.0,10.0,12.0,56.0,8.0,7.0,13.0
401822961,2026-02-25,2026,0,40,222,2086,Villanova Wildcats,Butler Bulldogs,82,73,63.0,14.0,8.0,9.0,53.0,27.0,10.0,14.0
401823784,2026-02-25,2026,0,40,21,328,San Diego State Aztecs,Utah State Aggies,89,72,55.0,33.0,12.0,12.0,57.0,24.0,12.0,12.0
401823804,2026-02-25,2026,0,40,2253,2439,Grand Canyon Lopes,UNLV Rebels,80,67,47.0,31.0,7.0,13.0,57.0,28.0,7.0,8.0
401824376,2026-02-25,2026,0,40,104,107,Boston University Terriers,Holy Cross Crusaders,78,63,52.0,16.0,5.0,9.0,57.0,12.0,7.0,8.0
401825540,2026-02-25,2026,0,40,2294,194,Iowa Hawkeyes,Ohio State Buckeyes,74,57,47.0,17.0,4.0,7.0,43.0,21.0,5.0,11.0
401825541,2026-02-25,2026,0,40,158,120,Nebraska Cornhuskers,Maryland Terrapins,74,61,53.0,24.0,7.0,6.0,56.0,8.0,7.0,11.0
401825542,2026-02-25,2026,0,40,2483,275,Oregon Ducks,Wisconsin Badgers,85,71,54.0,25.0,5.0,8.0,66.0,16.0,16.0,12.0
401826824,2026-02-25,2026,0,40,349,2083,Army Black Knights,Bucknell Bison,73,75,64.0,10.0,12.0,16.0,54.0,19.0,7.0,16.0
401827706,2026-02-25,2026,0,40,38,2306,Colorado Buffaloes,Kansas State Wildcats,79,70,58.0,28.0,8.0,17.0,67.0,18.0,9.0,14.0
401828244,2026-02-25,2026,0,40,2429,249,Charlotte 49ers,North Texas Mean Green,80,79,43.0,26.0,5.0,13.0,63.0,11.0,11.0,6.0
401828245,2026-02-25,2026,0,40,2636,151,UTSA Roadrunners,East Carolina Pirates,81,82,54.0,10.0,8.0,17.0,56.0,26.0,14.0,13.0
401828247,2026-02-25,2026,0,40,242,58,Rice Owls,South Florida Bulls,56,75,47.0,17.0,9.0,23.0,66.0,19.0,15.0,10.0
401828248,2026-02-25,2026,0,40,2655,202,Tulane Green Wave,Tulsa Golden Hurricane,56,90,53.0,16.0,8.0,13.0,65.0,15.0,14.0,9.0
401828445,2026-02-25,2026,0,40,2184,2166,Duquesne Dukes,Davidson Wildcats,56,67,59.0,14.0,9.0,9.0,57.0,22.0,12.0,10.0
401828446,2026-02-25,2026,0,40,2603,2244,Saint Joseph's Hawks,George Mason Patriots,81,63,62.0,9.0,4.0,3.0,58.0,14.0,12.0,11.0
401828680,2026-02-25,2026,0,40,44,2329,American University Eagles,Lehigh Mountain Hawks,73,78,61.0,22.0,12.0,5.0,50.0,28.0,5.0,10.0
401829260,2026-02-25,2026,0,40,2250,2501,Gonzaga Bulldogs,Portland Pilots,89,48,63.0,11.0,10.0,10.0,49.0,12.0,10.0,22.0
401829261,2026-02-25,2026,0,45,204,301,Oregon State Beavers,San Diego Toreros,92,82,59.0,26.0,8.0,12.0,68.0,7.0,8.0,10.0
401829262,2026-02-25,2026,0,40,2608,2541,Saint Mary's Gaels,Santa Clara Broncos,86,67,65.0,14.0,21.0,13.0,59.0,13.0,6.0,8.0
401829263,2026-02-25,2026,0,40,2492,2547,Pepperdine Waves,Seattle U Redhawks,80,87,66.0,8.0,16.0,16.0,62.0,24.0,10.0,7.0
401829264,2026-02-25,2026,0,40,2351,265,Loyola Marymount Lions,Washington State Cougars,67,66,65.0,17.0,11.0,6.0,56.0,6.0,8.0,17.0
401829410,2026-02-25,2026,0,40,2142,322,Colgate Raiders,Lafayette Leopards,69,70,56.0,14.0,6.0,5.0,63.0,15.0,12.0,5.0
401830216,2026-02-25,2026,0,40,2057,339,Belmont Bruins,Evansville Purple Aces,98,64,61.0,9.0,7.0,9.0,57.0,10.0,6.0,12.0
401830312,2026-02-25,2026,0,40,2460,2287,Northern Iowa Panthers,Illinois State Redbirds,69,71,48.0,19.0,4.0,8.0,53.0,11.0,7.0,12.0
401830313,2026-02-25,2026,0,40,79,282,Southern Illinois Salukis,Indiana State Sycamores,66,55,64.0,16.0,9.0,8.0,56.0,12.0,9.0,18.0
401830314,2026-02-25,2026,0,40,2674,2181,Valparaiso Beacons,Drake Bulldogs,74,71,54.0,17.0,10.0,11.0,56.0,13.0,9.0,11.0
401861277,2026-02-25,2026,0,40,2569,2415,South Carolina State Bulldogs,Morgan State Bears,83,90,63.0,29.0,13.0,9.0,48.0,34.0,7.0,16.0
401804945,2026-02-26,2026,0,40,98,166,Western Kentucky Hilltoppers,New Mexico State Aggies,93,70,59.0,31.0,4.0,9.0,61.0,34.0,11.0,13.0
401804946,2026-02-26,2026,0,40,2393,2638,Middle Tennessee Blue Raiders,UTEP Miners,77,67,58.0,22.0,12.0,14.0,47.0,17.0,3.0,14.0
401804947,2026-02-26,2026,0,40,2534,2229,Sam Houston Bearkats,Florida International Panthers,100,67,58.0,25.0,12.0,14.0,54.0,29.0,8.0,15.0
401804948,2026-02-26,2026,0,40,2348,2623,Louisiana Tech Bulldogs,Missouri State Bears,72,70,50.0,24.0,8.0,14.0,54.0,24.0,13.0,13.0
401804949,2026-02-26,2026,0,40,338,2335,Kennesaw State Owls,Liberty Flames,74,65,55.0,12.0,10.0,12.0,42.0,23.0,1.0,12.0
401804950,2026-02-26,2026,0,45,55,48,Jacksonville State Gamecocks,Delaware Blue Hens,80,70,56.0,18.0,8.0,9.0,55.0,19.0,7.0,11.0
401805205,2026-02-26,2026,0,40,3101,2000,Utah Tech Trailblazers,Abilene Christian Wildcats,85,81,54.0,15.0,4.0,12.0,62.0,16.0,6.0,7.0
401805206,2026-02-26,2026,0,40,3084,2627,Utah Valley Wolverines,Tarleton State Texans,79,72,56.0,28.0,9.0,9.0,66.0,16.0,15.0,11.0
401805207,2026-02-26,2026,0,40,2856,250,California Baptist Lancers,UT Arlington Mavericks,68,56,57.0,11.0,9.0,9.0,60.0,16.0,13.0,9.0
401806503,2026-02-26,2026,0,40,2815,2197,Lindenwood Lions,Eastern Illinois Panthers,67,71,66.0,14.0,18.0,14.0,49.0,33.0,8.0,13.0
401806504,2026-02-26,2026,0,40,2031,2413,Little Rock Trojans,Morehead State Eagles,70,76,60.0,19.0,12.0,8.0,58.0,19.0,13.0,10.0
401806505,2026-02-26,2026,0,40,2546,2634,Southeast Missouri State Redhawks,Tennessee State Tigers,71,79,58.0,28.0,8.0,12.0,51.0,42.0,10.0,11.0
401806506,2026-02-26,2026,0,40,2565,2710,SIU Edwardsville Cougars,Western Illinois Leathernecks,67,47,55.0,14.0,6.0,12.0,52.0,23.0,8.0,12.0
401806507,2026-02-26,2026,0,40,2630,2635,UT Martin Skyhawks,Tennessee Tech Golden Eagles,64,49,59.0,13.0,9.0,10.0,44.0,27.0,7.0,16.0
401807760,2026-02-26,2026,0,40,2454,526,North Florida Ospreys,Florida Gulf Coast Eagles,76,70,58.0,26.0,10.0,11.0,67.0,19.0,14.0,5.0
401807762,2026-02-26,2026,0,40,294,56,Jacksonville Dolphins,Stetson Hatters,89,85,61.0,31.0,14.0,6.0,53.0,27.0,7.0,8.0
401808468,2026-02-26,2026,0,40,331,2458,Eastern Washington Eagles,Northern Colorado Bears,82,72,53.0,24.0,6.0,8.0,57.0,13.0,8.0,12.0
401808485,2026-02-26,2026,0,40,70,2464,Idaho Vandals,Northern Arizona Lumberjacks,78,58,57.0,11.0,10.0,8.0,52.0,15.0,6.0,8.0
401808510,2026-02-26,2026,0,40,149,16,Montana Grizzlies,Sacramento State Hornets,81,73,53.0,20.0,4.0,13.0,67.0,18.0,11.0,8.0
401808520,2026-02-26,2026,0,40,147,2502,Montana State Bobcats,Portland State Vikings,84,69,56.0,15.0,3.0,11.0,58.0,14.0,10.0,15.0
401809101,2026-02-26,2026,0,40,28,2934,UC San Diego Tritons,Cal State Bakersfield Roadrunners,84,72,52.0,35.0,11.0,12.0,49.0,32.0,4.0,13.0
401809119,2026-02-26,2026,0,40,2463,300,Cal State Northridge Matadors,UC Irvine Anteaters,67,68,61.0,21.0,15.0,17.0,58.0,11.0,8.0,18.0
401809137,2026-02-26,2026,0,40,302,62,UC Davis Aggies,Hawai'i Rainbow Warriors,73,77,51.0,26.0,11.0,17.0,55.0,13.0,6.0,13.0
401809163,2026-02-26,2026,0,40,13,299,Cal Poly Mustangs,Long Beach State Beach,102,92,73.0,22.0,11.0,8.0,73.0,17.0,9.0,8.0
401809386,2026-02-26,2026,0,40,236,2430,Chattanooga Mocs,UNC Greensboro Spartans,80,85,64.0,18.0,7.0,10.0,64.0,25.0,8.0,10.0
401809387,2026-02-26,2026,0,40,2535,2678,Samford Bulldogs,VMI Keydets,80,61,54.0,19.0,7.0,9.0,59.0,15.0,10.0,10.0
401812082,2026-02-26,2026,0,40,2729,111,William & Mary Tribe,Northeastern Huskies,84,77,55.0,39.0,2.0,8.0,60.0,9.0,6.0,22.0
401812083,2026-02-26,2026,0,40,2405,2619,Monmouth Hawks,Stony Brook Seawolves,82,69,59.0,11.0,10.0,12.0,62.0,6.0,9.0,13.0
401812084,2026-02-26,2026,0,40,350,2448,UNC Wilmington Seahawks,North Carolina A&T Aggies,88,65,69.0,14.0,15.0,4.0,54.0,16.0,6.0,9.0
401812085,2026-02-26,2026,0,40,119,2210,Towson Tigers,Elon Phoenix,58,56,58.0,17.0,11.0,8.0,54.0,13.0,7.0,7.0
401812086,2026-02-26,2026,0,40,2182,2097,Drexel Dragons,Campbell Fighting Camels,65,60,60.0,11.0,12.0,11.0,61.0,11.0,14.0,11.0
401812087,2026-02-26,2026,0,40,2261,232,Hampton Pirates,Charleston Cougars,71,85,57.0,19.0,7.0,10.0,57.0,29.0,12.0,9.0
401812166,2026-02-26,2026,0,40,2378,2803,UMBC Retrievers,Bryant Bulldogs,70,58,51.0,19.0,10.0,12.0,51.0,20.0,6.0,10.0
401812167,2026-02-26,2026,0,40,399,311,UAlbany Great Danes,Maine Black Bears,59,70,48.0,12.0,10.0,17.0,49.0,12.0,3.0,8.0
401812168,2026-02-26,2026,0,40,261,2349,Vermont Catamounts,UMass Lowell River Hawks,66,64,60.0,16.0,12.0,9.0,61.0,20.0,14.0,9.0
401812169,2026-02-26,2026,0,40,2066,160,Binghamton Bearcats,New Hampshire Wildcats,65,63,49.0,11.0,4.0,12.0,62.0,13.0,14.0,9.0
401812331,2026-02-26,2026,0,40,2330,161,Le Moyne Dolphins,Fairleigh Dickinson Knights,76,59,51.0,16.0,5.0,10.0,56.0,22.0,13.0,11.0
401812378,2026-02-26,2026,0,40,112358,2130,Long Island University Sharks,Chicago State Cougars,73,56,45.0,29.0,9.0,16.0,61.0,10.0,12.0,11.0
401812399,2026-02-26,2026,0,40,284,2598,Stonehill Skyhawks,Saint Francis Red Wolves,103,77,66.0,16.0,10.0,8.0,66.0,22.0,13.0,11.0
401812417,2026-02-26,2026,0,40,2681,2441,Wagner Seahawks,New Haven Chargers,65,62,55.0,14.0,8.0,8.0,54.0,21.0,7.0,6.0
401812658,2026-02-26,2026,0,40,2115,2385,Central Connecticut Blue Devils,Mercyhurst Lakers,80,78,51.0,28.0,6.0,9.0,62.0,14.0,7.0,7.0
401818432,2026-02-26,2026,0,40,2900,2449,St. Thomas Tommies,North Dakota State Bison,84,62,57.0,7.0,4.0,8.0,61.0,17.0,10.0,7.0
401818433,2026-02-26,2026,0,40,140,2571,Kansas City Roos,South Dakota State Jackrabbits,59,73,57.0,15.0,5.0,5.0,58.0,15.0,12.0,11.0
401818435,2026-02-26,2026,0,40,198,2172,Oral Roberts Golden Eagles,Denver Pioneers,102,80,55.0,39.0,12.0,11.0,63.0,24.0,11.0,7.0
401823958,2026-02-26,2026,0,40,2506,2272,Presbyterian Blue Hose,High Point Panthers,73,79,52.0,31.0,12.0,11.0,63.0,23.0,11.0,8.0
401823959,2026-02-26,2026,0,40,2241,2427,Gardner-Webb Runnin' Bulldogs,UNC Asheville Bulldogs,71,77,53.0,18.0,5.0,6.0,55.0,24.0,15.0,10.0
401823960,2026-02-26,2026,0,40,2515,2908,Radford Highlanders,South Carolina Upstate Spartans,71,59,51.0,24.0,8.0,12.0,67.0,7.0,17.0,15.0
401823961,2026-02-26,2026,0,40,2127,2737,Charleston Southern Buccaneers,Winthrop Eagles,86,84,69.0,21.0,13.0,15.0,71.0,34.0,21.0,13.0
401825543,2026-02-26,2026,0,40,2509,127,Purdue Boilermakers,Michigan State Spartans,74,76,57.0,9.0,8.0,9.0,55.0,16.0,6.0,6.0
401826049,2026-02-26,2026,0,40,2540,27,UC Santa Barbara Gauchos,UC Riverside Highlanders,70,59,52.0,28.0,10.0,13.0,52.0,21.0,5.0,11.0
401827035,2026-02-26,2026,0,40,2582,50,Southern Jaguars,Florida A&M Rattlers,71,82,59.0,28.0,9.0,7.0,59.0,24.0,11.0,11.0
401827080,2026-02-26,2026,0,45,2504,2296,Prairie View A&M Panthers,Jackson State Tigers,85,76,72.0,24.0,20.0,11.0,63.0,22.0,15.0,16.0
401827107,2026-02-26,2026,0,40,2755,2065,Grambling Tigers,Bethune-Cookman Wildcats,71,76,69.0,13.0,15.0,16.0,62.0,17.0,14.0,20.0
401828246,2026-02-26,2026,0,40,2226,218,Florida Atlantic Owls,Temple Owls,77,73,56.0,18.0,11.0,12.0,51.0,18.0,5.0,8.0
401828249,2026-02-26,2026,0,40,235,2724,Memphis Tigers,Wichita State Shockers,82,88,62.0,17.0,6.0,7.0,67.0,33.0,18.0,8.0
401828447,2026-02-26,2026,0,40,179,227,St. Bonaventure Bonnies,Rhode Island Rams,94,76,59.0,23.0,10.0,10.0,57.0,16.0,8.0,13.0
401829691,2026-02-26,2026,0,45,2640,2016,Texas Southern Tigers,Alcorn State Braves,92,87,71.0,24.0,13.0,10.0,67.0,27.0,12.0,12.0
401808694,2026-02-27,2026,0,40,2247,295,Georgia State Panthers,Old Dominion Monarchs,73,81,63.0,34.0,12.0,6.0,53.0,30.0,6.0,13.0
401808695,2026-02-27,2026,0,40,256,324,James Madison Dukes,Coastal Carolina Chanticleers,68,69,58.0,21.0,11.0,7.0,59.0,15.0,10.0,7.0
401808696,2026-02-27,2026,0,40,276,290,Marshall Thundering Herd,Georgia Southern Eagles,82,99,54.0,23.0,7.0,14.0,62.0,24.0,10.0,8.0
401808697,2026-02-27,2026,0,40,326,2026,Texas State Bobcats,App State Mountaineers,60,57,51.0,15.0,6.0,9.0,57.0,22.0,20.0,13.0
401808698,2026-02-27,2026,0,40,2032,309,Arkansas State Red Wolves,Louisiana Ragin' Cajuns,81,58,62.0,24.0,9.0,12.0,64.0,23.0,9.0,9.0
401808699,2026-02-27,2026,0,40,6,2572,South Alabama Jaguars,Southern Miss Golden Eagles,55,68,55.0,25.0,8.0,6.0,49.0,18.0,7.0,14.0
401808700,2026-02-27,2026,0,40,2653,2433,Troy Trojans,UL Monroe Warhawks,80,65,62.0,12.0,14.0,9.0,55.0,23.0,13.0,9.0
401812596,2026-02-27,2026,0,40,219,159,Pennsylvania Quakers,Dartmouth Big Green,80,71,58.0,37.0,15.0,8.0,53.0,25.0,5.0,10.0
401812623,2026-02-27,2026,0,40,163,108,Princeton Tigers,Harvard Crimson,56,58,44.0,6.0,3.0,15.0,58.0,11.0,12.0,10.0
401813318,2026-02-27,2026,0,40,2612,2363,Saint Peter's Peacocks,Manhattan Jaspers,75,65,60.0,13.0,16.0,12.0,56.0,26.0,14.0,9.0
401813371,2026-02-27,2026,0,40,2099,2771,Canisius Golden Griffins,Merrimack Warriors,67,62,49.0,17.0,8.0,12.0,48.0,24.0,6.0,7.0
401813395,2026-02-27,2026,0,45,315,2514,Niagara Purple Eagles,Quinnipiac Bobcats,78,76,64.0,12.0,12.0,10.0,62.0,24.0,11.0,7.0
401813418,2026-02-27,2026,0,40,2529,116,Sacred Heart Pioneers,Mount St. Mary's Mountaineers,77,69,62.0,17.0,13.0,9.0,69.0,12.0,20.0,11.0
401813432,2026-02-27,2026,0,40,2217,2561,Fairfield Stags,Siena Saints,72,58,60.0,13.0,14.0,17.0,62.0,12.0,6.0,9.0
401814586,2026-02-27,2026,0,40,2309,2006,Kent State Golden Flashes,Akron Zips,70,92,60.0,11.0,9.0,14.0,58.0,18.0,10.0,14.0
401814590,2026-02-27,2026,0,40,2711,193,Western Michigan Broncos,Miami (OH) RedHawks,67,69,57.0,20.0,10.0,11.0,52.0,25.0,4.0,9.0
401818335,2026-02-27,2026,0,40,172,43,Cornell Big Red,Yale Bulldogs,72,69,54.0,10.0,8.0,12.0,60.0,10.0,7.0,8.0
401818546,2026-02-27,2026,0,40,171,225,Columbia Lions,Brown Bears,80,62,59.0,14.0,14.0,15.0,53.0,22.0,12.0,18.0
401823856,2026-02-27,2026,0,40,314,2520,Iona Gaels,Rider Broncs,80,58,54.0,21.0,9.0,17.0,65.0,20.0,15.0,12.0
401825544,2026-02-27,2026,0,40,356,130,Illinois Fighting Illini,Michigan Wolverines,70,84,63.0,12.0,12.0,10.0,59.0,17.0,11.0,10.0
401828448,2026-02-27,2026,0,40,45,2168,George Washington Revolutionaries,Dayton Flyers,66,68,48.0,29.0,14.0,20.0,41.0,21.0,2.0,17.0
401804951,2026-02-28,2026,0,45,2393,166,Middle Tennessee Blue Raiders,New Mexico State Aggies,86,85,57.0,27.0,10.0,15.0,74.0,16.0,14.0,8.0
401804952,2026-02-28,2026,0,40,98,2638,Western Kentucky Hilltoppers,UTEP Miners,97,65,54.0,28.0,4.0,9.0,53.0,29.0,9.0,14.0
401804953,2026-02-28,2026,0,40,2348,2229,Louisiana Tech Bulldogs,Florida International Panthers,76,84,53.0,26.0,15.0,19.0,53.0,27.0,11.0,15.0
401804954,2026-02-28,2026,0,40,2534,2623,Sam Houston Bearkats,Missouri State Bears,86,81,58.0,28.0,12.0,8.0,62.0,21.0,12.0,8.0
401804955,2026-02-28,2026,0,40,55,2335,Jacksonville State Gamecocks,Liberty Flames,78,81,55.0,20.0,8.0,7.0,50.0,18.0,3.0,8.0
401804956,2026-02-28,2026,0,40,338,48,Kennesaw State Owls,Delaware Blue Hens,90,82,51.0,31.0,9.0,12.0,50.0,26.0,4.0,12.0
401805208,2026-02-28,2026,0,40,3084,2000,Utah Valley Wolverines,Abilene Christian Wildcats,74,67,46.0,25.0,5.0,17.0,47.0,29.0,10.0,18.0
401805209,2026-02-28,2026,0,40,2856,2627,California Baptist Lancers,Tarleton State Texans,82,67,59.0,29.0,15.0,9.0,57.0,23.0,18.0,17.0
401805210,2026-02-28,2026,0,40,253,3101,Southern Utah Thunderbirds,Utah Tech Trailblazers,81,67,61.0,23.0,15.0,9.0,54.0,12.0,4.0,11.0
401806508,2026-02-28,2026,0,40,2565,2197,SIU Edwardsville Cougars,Eastern Illinois Panthers,77,50,57.0,4.0,9.0,11.0,47.0,18.0,8.0,12.0
401806509,2026-02-28,2026,0,40,2710,2815,Western Illinois Leathernecks,Lindenwood Lions,69,91,56.0,21.0,8.0,12.0,72.0,15.0,14.0,6.0
401806510,2026-02-28,2026,0,40,2031,88,Little Rock Trojans,Southern Indiana Screaming Eagles,89,70,58.0,14.0,7.0,9.0,70.0,26.0,21.0,6.0
401806511,2026-02-28,2026,0,40,2546,2635,Southeast Missouri State Redhawks,Tennessee Tech Golden Eagles,89,73,58.0,25.0,6.0,4.0,50.0,30.0,4.0,8.0
401806512,2026-02-28,2026,0,40,2630,2634,UT Martin Skyhawks,Tennessee State Tigers,42,67,46.0,11.0,5.0,19.0,60.0,10.0,12.0,14.0
401807763,2026-02-28,2026,0,40,91,2046,Bellarmine Knights,Austin Peay Governors,111,97,62.0,34.0,7.0,11.0,68.0,30.0,11.0,12.0
401807764,2026-02-28,2026,0,40,56,526,Stetson Hatters,Florida Gulf Coast Eagles,78,63,52.0,14.0,7.0,16.0,57.0,16.0,6.0,9.0
401807765,2026-02-28,2026,0,40,2454,294,North Florida Ospreys,Jacksonville Dolphins,61,85,56.0,23.0,7.0,11.0,65.0,11.0,16.0,13.0
401807766,2026-02-28,2026,0,40,2198,288,Eastern Kentucky Colonels,Lipscomb Bisons,77,80,60.0,14.0,14.0,13.0,70.0,11.0,15.0,5.0
401807767,2026-02-28,2026,0,40,2698,2453,West Georgia Wolves,North Alabama Lions,75,63,58.0,11.0,10.0,14.0,54.0,27.0,10.0,13.0
401807768,2026-02-28,2026,0,40,2110,2511,Central Arkansas Bears,Queens University Royals,84,79,61.0,26.0,11.0,10.0,57.0,18.0,7.0,11.0
401808265,2026-02-28,2026,0,40,2,145,Auburn Tigers,Ole Miss Rebels,79,85,51.0,27.0,11.0,14.0,58.0,17.0,8.0,9.0
401808266,2026-02-28,2026,0,40,57,8,Florida Gators,Arkansas Razorbacks,111,77,69.0,32.0,16.0,12.0,75.0,24.0,14.0,9.0
401808267,2026-02-28,2026,0,40,61,2579,Georgia Bulldogs,South Carolina Gamecocks,87,68,57.0,13.0,4.0,6.0,59.0,23.0,15.0,7.0
401808268,2026-02-28,2026,0,40,96,238,Kentucky Wildcats,Vanderbilt Commodores,91,77,51.0,25.0,6.0,11.0,58.0,11.0,6.0,11.0
401808269,2026-02-28,2026,0,40,99,201,LSU Tigers,Oklahoma Sooners,67,83,63.0,19.0,16.0,10.0,59.0,18.0,11.0,8.0
401808270,2026-02-28,2026,0,40,344,142,Mississippi State Bulldogs,Missouri Tigers,64,88,53.0,13.0,8.0,18.0,59.0,24.0,14.0,12.0
401808271,2026-02-28,2026,0,40,2633,333,Tennessee Volunteers,Alabama Crimson Tide,69,71,78.0,8.0,25.0,6.0,56.0,13.0,9.0,10.0
401808272,2026-02-28,2026,0,40,245,251,Texas A&M Aggies,Texas Longhorns,70,76,60.0,23.0,9.0,7.0,62.0,16.0,12.0,11.0
401808469,2026-02-28,2026,0,40,331,2464,Eastern Washington Eagles,Northern Arizona Lumberjacks,88,57,56.0,11.0,9.0,11.0,49.0,8.0,6.0,17.0
401808486,2026-02-28,2026,0,40,70,2458,Idaho Vandals,Northern Colorado Bears,67,76,70.0,19.0,18.0,6.0,54.0,19.0,6.0,10.0
401808499,2026-02-28,2026,0,40,304,2692,Idaho State Bengals,Weber State Wildcats,73,83,69.0,17.0,14.0,6.0,58.0,19.0,9.0,9.0
401808511,2026-02-28,2026,0,40,149,2502,Montana Grizzlies,Portland State Vikings,74,68,53.0,21.0,6.0,14.0,64.0,15.0,13.0,14.0
401808521,2026-02-28,2026,0,40,147,16,Montana State Bobcats,Sacramento State Hornets,82,61,61.0,12.0,14.0,13.0,60.0,17.0,4.0,3.0
401808722,2026-02-28,2026,0,40,292,2837,UT Rio Grande Valley Vaqueros,East Texas A&M Lions,63,55,51.0,15.0,9.0,10.0,55.0,19.0,12.0,4.0
401808888,2026-02-28,2026,0,40,2443,2377,LSU New Orleans Privateers,McNeese Cowboys,63,66,53.0,27.0,16.0,15.0,57.0,24.0,11.0,7.0
401808933,2026-02-28,2026,0,40,2447,2545,Nicholls Colonels,SE Louisiana Lions,68,60,59.0,20.0,13.0,10.0,54.0,9.0,8.0,15.0
401808946,2026-02-28,2026,0,40,357,2466,Texas A&M-Corpus Christi Islanders,Northwestern State Demons,71,59,56.0,19.0,10.0,5.0,46.0,21.0,7.0,12.0
401808974,2026-02-28,2026,0,40,2277,2617,Houston Christian Huskies,Stephen F. Austin Lumberjacks,56,77,56.0,14.0,10.0,10.0,59.0,14.0,12.0,9.0
401809102,2026-02-28,2026,0,40,28,13,UC San Diego Tritons,Cal Poly Mustangs,80,64,67.0,16.0,10.0,6.0,58.0,8.0,7.0,15.0
401809120,2026-02-28,2026,0,40,300,2540,UC Irvine Anteaters,UC Santa Barbara Gauchos,64,60,58.0,27.0,11.0,7.0,49.0,9.0,6.0,18.0
401809150,2026-02-28,2026,0,40,2239,62,Cal State Fullerton Titans,Hawai'i Rainbow Warriors,85,87,60.0,26.0,8.0,7.0,59.0,20.0,9.0,13.0
401809388,2026-02-28,2026,0,40,236,2678,Chattanooga Mocs,VMI Keydets,86,79,68.0,8.0,10.0,2.0,62.0,21.0,10.0,1.0
401809389,2026-02-28,2026,0,40,2382,2193,Mercer Bears,East Tennessee State Buccaneers,82,76,47.0,36.0,9.0,9.0,62.0,14.0,13.0,8.0
401809390,2026-02-28,2026,0,40,2535,2430,Samford Bulldogs,UNC Greensboro Spartans,87,78,62.0,10.0,9.0,14.0,63.0,22.0,8.0,8.0
401809391,2026-02-28,2026,0,40,2717,231,Western Carolina Catamounts,Furman Paladins,86,67,63.0,22.0,14.0,4.0,53.0,12.0,4.0,9.0
401809392,2026-02-28,2026,0,45,2747,2643,Wofford Terriers,The Citadel Bulldogs,90,93,66.0,13.0,12.0,13.0,59.0,28.0,9.0,11.0
401812089,2026-02-28,2026,0,40,119,2097,Towson Tigers,Campbell Fighting Camels,71,67,55.0,17.0,12.0,8.0,69.0,9.0,17.0,3.0
401812090,2026-02-28,2026,0,40,2405,2210,Monmouth Hawks,Elon Phoenix,73,57,56.0,16.0,12.0,12.0,49.0,16.0,7.0,13.0
401812091,2026-02-28,2026,0,40,2448,2729,North Carolina A&T Aggies,William & Mary Tribe,88,91,55.0,17.0,6.0,18.0,64.0,28.0,7.0,5.0
401812092,2026-02-28,2026,0,40,2275,2619,Hofstra Pride,Stony Brook Seawolves,67,58,48.0,26.0,5.0,14.0,65.0,15.0,13.0,10.0
401812093,2026-02-28,2026,0,40,2261,111,Hampton Pirates,Northeastern Huskies,76,65,53.0,23.0,3.0,4.0,62.0,21.0,11.0,6.0
401812170,2026-02-28,2026,0,40,2066,311,Binghamton Bearcats,Maine Black Bears,74,67,52.0,16.0,4.0,11.0,50.0,19.0,3.0,9.0
401812171,2026-02-28,2026,0,40,2349,2378,UMass Lowell River Hawks,UMBC Retrievers,60,84,67.0,11.0,12.0,6.0,58.0,16.0,5.0,4.0
401812172,2026-02-28,2026,0,40,399,160,UAlbany Great Danes,New Hampshire Wildcats,84,61,61.0,11.0,12.0,13.0,57.0,25.0,15.0,13.0
401812173,2026-02-28,2026,0,40,2803,2885,Bryant Bulldogs,NJIT Highlanders,69,52,54.0,16.0,10.0,14.0,55.0,19.0,11.0,10.0
401812332,2026-02-28,2026,0,40,112358,161,Long Island University Sharks,Fairleigh Dickinson Knights,74,60,50.0,15.0,5.0,10.0,52.0,10.0,12.0,19.0
401812349,2026-02-28,2026,0,40,2441,2330,New Haven Chargers,Le Moyne Dolphins,66,59,47.0,28.0,3.0,11.0,54.0,17.0,4.0,10.0
401812400,2026-02-28,2026,0,40,2115,2598,Central Connecticut Blue Devils,Saint Francis Red Wolves,69,64,54.0,11.0,8.0,13.0,55.0,18.0,11.0,13.0
401812410,2026-02-28,2026,0,45,284,2385,Stonehill Skyhawks,Mercyhurst Lakers,72,75,64.0,28.0,12.0,12.0,71.0,25.0,13.0,6.0
401812418,2026-02-28,2026,0,40,2681,2130,Wagner Seahawks,Chicago State Cougars,80,61,57.0,16.0,11.0,16.0,61.0,15.0,8.0,8.0
401812597,2026-02-28,2026,0,40,219,108,Pennsylvania Quakers,Harvard Crimson,64,61,62.0,10.0,10.0,13.0,58.0,9.0,8.0,19.0
401814587,2026-02-28,2026,0,40,2459,2050,Northern Illinois Huskies,Ball State Cardinals,43,79,43.0,23.0,4.0,12.0,60.0,10.0,8.0,7.0
401814588,2026-02-28,2026,0,40,2084,2117,Buffalo Bulls,Central Michigan Chippewas,70,75,59.0,9.0,8.0,8.0,55.0,17.0,14.0,15.0
401814589,2026-02-28,2026,0,40,189,113,Bowling Green Falcons,Massachusetts Minutemen,81,62,56.0,21.0,9.0,9.0,56.0,13.0,7.0,10.0
401814591,2026-02-28,2026,0,40,195,2649,Ohio Bobcats,Toledo Rockets,67,79,68.0,12.0,13.0,7.0,67.0,14.0,14.0,5.0
401817687,2026-02-28,2026,0,40,94,2750,Northern Kentucky Norse,Wright State Raiders,91,92,62.0,20.0,9.0,8.0,63.0,20.0,14.0,11.0
401817688,2026-02-28,2026,0,40,2473,2174,Oakland Golden Grizzlies,Detroit Mercy Titans,89,95,57.0,22.0,8.0,13.0,61.0,29.0,9.0,6.0
401817689,2026-02-28,2026,0,40,2523,325,Robert Morris Colonials,Cleveland State Vikings,83,64,56.0,17.0,11.0,12.0,61.0,8.0,11.0,9.0
401817690,2026-02-28,2026,0,40,2739,2754,Green Bay Phoenix,Youngstown State Penguins,85,63,57.0,16.0,5.0,6.0,60.0,15.0,5.0,3.0
401818336,2026-02-28,2026,0,40,171,43,Columbia Lions,Yale Bulldogs,54,60,58.0,9.0,13.0,14.0,40.0,17.0,4.0,14.0
401818436,2026-02-28,2026,0,40,2449,155,North Dakota State Bison,North Dakota Fighting Hawks,96,63,56.0,20.0,6.0,14.0,61.0,23.0,9.0,10.0
401818437,2026-02-28,2026,0,40,233,2571,South Dakota Coyotes,South Dakota State Jackrabbits,75,70,51.0,31.0,3.0,7.0,64.0,13.0,13.0,12.0
401818438,2026-02-28,2026,0,40,2900,2437,St. Thomas Tommies,Omaha Mavericks,68,53,59.0,13.0,8.0,8.0,59.0,13.0,7.0,7.0
401818439,2026-02-28,2026,0,40,140,198,Kansas City Roos,Oral Roberts Golden Eagles,70,94,56.0,28.0,6.0,11.0,61.0,23.0,7.0,8.0
401818564,2026-02-28,2026,0,40,172,225,Cornell Big Red,Brown Bears,86,80,55.0,27.0,9.0,12.0,65.0,14.0,11.0,13.0
401820177,2026-02-28,2026,0,40,2426,2142,Navy Midshipmen,Colgate Raiders,85,69,58.0,26.0,14.0,10.0,58.0,12.0,11.0,14.0
401820208,2026-02-28,2026,0,40,107,2352,Holy Cross Crusaders,Loyola Maryland Greyhounds,62,76,54.0,22.0,11.0,11.0,66.0,11.0,12.0,3.0
401820497,2026-02-28,2026,0,40,2916,2320,Incarnate Word Cardinals,Lamar Cardinals,72,60,43.0,25.0,5.0,15.0,56.0,9.0,13.0,15.0
401820769,2026-02-28,2026,0,40,25,221,California Golden Bears,Pittsburgh Panthers,56,72,54.0,7.0,7.0,16.0,56.0,16.0,9.0,13.0
401820770,2026-02-28,2026,0,40,228,97,Clemson Tigers,Louisville Cardinals,80,75,49.0,34.0,5.0,9.0,64.0,12.0,10.0,11.0
401820771,2026-02-28,2026,0,40,150,258,Duke Blue Devils,Virginia Cavaliers,77,51,53.0,14.0,7.0,8.0,55.0,13.0,9.0,9.0
401820772,2026-02-28,2026,0,40,59,52,Georgia Tech Yellow Jackets,Florida State Seminoles,71,80,62.0,19.0,15.0,9.0,60.0,26.0,18.0,10.0
401820773,2026-02-28,2026,0,40,2390,103,Miami Hurricanes,Boston College Eagles,76,54,58.0,18.0,13.0,11.0,50.0,12.0,9.0,18.0
401820774,2026-02-28,2026,0,40,153,259,North Carolina Tar Heels,Virginia Tech Hokies,89,82,52.0,30.0,11.0,13.0,62.0,11.0,6.0,9.0
401820775,2026-02-28,2026,0,45,87,152,Notre Dame Fighting Irish,NC State Wolfpack,96,90,59.0,28.0,13.0,12.0,67.0,22.0,12.0,6.0
401820776,2026-02-28,2026,0,40,24,2567,Stanford Cardinal,SMU Mustangs,95,75,51.0,32.0,9.0,7.0,57.0,20.0,11.0,9.0
401820777,2026-02-28,2026,0,40,154,183,Wake Forest Demon Deacons,Syracuse Orange,88,83,57.0,15.0,10.0,11.0,54.0,17.0,5.0,8.0
401822778,2026-02-28,2026,0,40,2154,2450,Coppin State Eagles,Norfolk State Spartans,69,75,59.0,28.0,17.0,9.0,51.0,29.0,6.0,9.0
401822962,2026-02-28,2026,0,40,2599,222,St. John's Red Storm,Villanova Wildcats,89,57,61.0,24.0,8.0,8.0,54.0,16.0,5.0,16.0
401822963,2026-02-28,2026,0,40,41,2550,UConn Huskies,Seton Hall Pirates,71,67,46.0,29.0,12.0,15.0,53.0,9.0,9.0,15.0
401822964,2026-02-28,2026,0,40,156,2507,Creighton Bluejays,Providence Friars,76,79,61.0,17.0,11.0,10.0,63.0,8.0,6.0,7.0
401822965,2026-02-28,2026,0,40,2752,46,Xavier Musketeers,Georgetown Hoyas,91,84,57.0,26.0,8.0,10.0,55.0,20.0,6.0,13.0
401823054,2026-02-28,2026,0,40,2379,2569,Maryland Eastern Shore Hawks,South Carolina State Bulldogs,69,57,55.0,24.0,15.0,15.0,46.0,30.0,13.0,19.0
401823270,2026-02-28,2026,0,40,27,2463,UC Riverside Highlanders,Cal State Northridge Matadors,95,84,75.0,25.0,15.0,6.0,73.0,23.0,14.0,11.0
401823339,2026-02-28,2026,0,40,2934,299,Cal State Bakersfield Roadrunners,Long Beach State Beach,87,88,51.0,44.0,7.0,9.0,54.0,20.0,6.0,17.0
401823785,2026-02-28,2026,0,40,167,21,New Mexico Lobos,San Diego State Aztecs,81,76,61.0,36.0,14.0,6.0,60.0,22.0,7.0,7.0
401823805,2026-02-28,2026,0,40,328,2253,Utah State Aggies,Grand Canyon Lopes,74,69,54.0,19.0,6.0,6.0,53.0,13.0,9.0,14.0
401823833,2026-02-28,2026,0,40,278,68,Fresno State Bulldogs,Boise State Broncos,53,69,54.0,9.0,7.0,8.0,65.0,8.0,17.0,9.0
401823962,2026-02-28,2026,0,40,2427,2127,UNC Asheville Bulldogs,Charleston Southern Buccaneers,75,92,56.0,32.0,10.0,9.0,50.0,24.0,5.0,15.0
401823963,2026-02-28,2026,0,40,2908,2241,South Carolina Upstate Spartans,Gardner-Webb Runnin' Bulldogs,71,61,63.0,10.0,8.0,10.0,60.0,8.0,6.0,13.0
401823964,2026-02-28,2026,0,40,2737,2506,Winthrop Eagles,Presbyterian Blue Hose,74,70,57.0,33.0,11.0,7.0,54.0,27.0,8.0,13.0
401823965,2026-02-28,2026,0,40,2344,2515,Longwood Lancers,Radford Highlanders,90,74,55.0,35.0,13.0,16.0,59.0,21.0,8.0,12.0
401824377,2026-02-28,2026,0,40,44,104,American University Eagles,Boston University Terriers,65,68,59.0,18.0,10.0,7.0,45.0,15.0,3.0,15.0
401825545,2026-02-28,2026,0,40,135,26,Minnesota Golden Gophers,UCLA Bruins,78,73,50.0,9.0,2.0,3.0,57.0,6.0,10.0,6.0
401825546,2026-02-28,2026,0,40,77,2483,Northwestern Wildcats,Oregon Ducks,63,62,56.0,12.0,11.0,12.0,59.0,12.0,16.0,16.0
401825547,2026-02-28,2026,0,40,213,2294,Penn State Nittany Lions,Iowa Hawkeyes,71,69,39.0,16.0,2.0,15.0,57.0,9.0,10.0,8.0
401825548,2026-02-28,2026,0,40,30,158,USC Trojans,Nebraska Cornhuskers,67,82,51.0,18.0,5.0,14.0,68.0,15.0,18.0,12.0
401825549,2026-02-28,2026,0,40,264,275,Washington Huskies,Wisconsin Badgers,73,90,63.0,16.0,9.0,9.0,74.0,5.0,12.0,6.0
401826825,2026-02-28,2026,0,40,322,349,Lafayette Leopards,Army Black Knights,83,77,55.0,29.0,7.0,10.0,59.0,13.0,7.0,15.0
401826868,2026-02-28,2026,0,40,163,159,Princeton Tigers,Dartmouth Big Green,82,61,50.0,23.0,7.0,11.0,53.0,26.0,9.0,8.0
401827036,2026-02-28,2026,0,40,2582,2065,Southern Jaguars,Bethune-Cookman Wildcats,79,82,66.0,19.0,12.0,11.0,54.0,30.0,11.0,17.0
401827081,2026-02-28,2026,0,40,2504,2016,Prairie View A&M Panthers,Alcorn State Braves,72,51,63.0,15.0,10.0,10.0,55.0,14.0,5.0,14.0
401827108,2026-02-28,2026,0,40,2755,50,Grambling Tigers,Florida A&M Rattlers,59,66,60.0,13.0,12.0,13.0,58.0,12.0,12.0,16.0
401827150,2026-02-28,2026,0,40,2029,2400,Arkansas-Pine Bluff Golden Lions,Mississippi Valley State Delta Devils,69,70,55.0,30.0,12.0,12.0,58.0,15.0,12.0,17.0
401827169,2026-02-28,2026,0,40,2010,2011,Alabama A&M Bulldogs,Alabama State Hornets,88,89,54.0,25.0,8.0,9.0,58.0,20.0,8.0,8.0
401827707,2026-02-28,2026,0,40,12,2305,Arizona Wildcats,Kansas Jayhawks,84,61,55.0,34.0,14.0,11.0,65.0,11.0,9.0,9.0
401827708,2026-02-28,2026,0,40,9,254,Arizona State Sun Devils,Utah Utes,73,60,55.0,12.0,7.0,5.0,59.0,9.0,13.0,8.0
401827709,2026-02-28,2026,0,40,2116,239,UCF Knights,Baylor Bears,86,87,60.0,19.0,10.0,7.0,64.0,22.0,16.0,8.0
401827710,2026-02-28,2026,0,40,2132,197,Cincinnati Bearcats,Oklahoma State Cowboys,91,68,70.0,15.0,14.0,8.0,54.0,20.0,5.0,14.0
401827711,2026-02-28,2026,0,40,248,38,Houston Cougars,Colorado Buffaloes,102,62,57.0,31.0,9.0,7.0,50.0,18.0,5.0,15.0
401827712,2026-02-28,2026,0,40,66,2641,Iowa State Cyclones,Texas Tech Red Raiders,73,82,59.0,27.0,14.0,7.0,53.0,11.0,9.0,15.0
401827713,2026-02-28,2026,0,40,2306,2628,Kansas State Wildcats,TCU Horned Frogs,68,77,56.0,9.0,5.0,18.0,63.0,23.0,11.0,8.0
401827714,2026-02-28,2026,0,40,277,252,West Virginia Mountaineers,BYU Cougars,79,71,62.0,22.0,18.0,8.0,51.0,19.0,8.0,12.0
401828449,2026-02-28,2026,0,40,139,2184,Saint Louis Billikens,Duquesne Dukes,91,76,50.0,24.0,6.0,10.0,56.0,23.0,11.0,10.0
401828450,2026-02-28,2026,0,40,2670,2230,VCU Rams,Fordham Rams,82,63,58.0,23.0,11.0,10.0,61.0,20.0,12.0,10.0
401828451,2026-02-28,2026,0,40,2244,179,George Mason Patriots,St. Bonaventure Bonnies,71,58,54.0,11.0,8.0,8.0,64.0,9.0,17.0,8.0
401828452,2026-02-28,2026,0,40,2350,257,Loyola Chicago Ramblers,Richmond Spiders,69,66,44.0,30.0,4.0,16.0,57.0,33.0,4.0,5.0
401828453,2026-02-28,2026,0,40,227,2603,Rhode Island Rams,Saint Joseph's Hawks,55,61,62.0,21.0,15.0,13.0,60.0,18.0,11.0,13.0
401828669,2026-02-28,2026,0,40,2640,2296,Texas Southern Tigers,Jackson State Tigers,82,57,57.0,17.0,13.0,19.0,66.0,21.0,16.0,11.0
401828716,2026-02-28,2026,0,40,2415,47,Morgan State Bears,Howard Bison,59,84,67.0,28.0,18.0,9.0,66.0,29.0,20.0,13.0
401829265,2026-02-28,2026,0,40,2608,2250,Saint Mary's Gaels,Gonzaga Bulldogs,70,59,66.0,11.0,15.0,6.0,56.0,12.0,7.0,11.0
401829266,2026-02-28,2026,0,40,2541,204,Santa Clara Broncos,Oregon State Beavers,93,72,67.0,24.0,19.0,11.0,46.0,39.0,9.0,11.0
401829267,2026-02-28,2026,0,40,2501,301,Portland Pilots,San Diego Toreros,87,74,61.0,19.0,9.0,7.0,56.0,7.0,4.0,15.0
401829268,2026-02-28,2026,0,40,279,2539,Pacific Tigers,San Francisco Dons,61,72,60.0,19.0,16.0,12.0,47.0,25.0,4.0,9.0
401829269,2026-02-28,2026,0,40,2351,2547,Loyola Marymount Lions,Seattle U Redhawks,66,71,47.0,17.0,5.0,13.0,51.0,27.0,7.0,6.0
401829270,2026-02-28,2026,0,40,2492,265,Pepperdine Waves,Washington State Cougars,88,79,68.0,24.0,17.0,13.0,71.0,16.0,17.0,14.0
401829321,2026-02-28,2026,0,45,2439,2440,UNLV Rebels,Nevada Wolf Pack,85,83,58.0,29.0,13.0,16.0,58.0,36.0,12.0,13.0
401829333,2026-02-28,2026,0,40,23,36,San José State Spartans,Colorado State Rams,73,85,53.0,25.0,7.0,6.0,45.0,24.0,4.0,11.0
401829400,2026-02-28,2026,0,40,2329,2083,Lehigh Mountain Hawks,Bucknell Bison,89,79,51.0,19.0,7.0,14.0,63.0,8.0,9.0,11.0
401830245,2026-02-28,2026,0,40,2169,2428,Delaware State Hornets,North Carolina Central Eagles,60,74,58.0,6.0,15.0,16.0,53.0,13.0,7.0,9.0
401830315,2026-02-28,2026,0,40,339,2674,Evansville Purple Aces,Valparaiso Beacons,80,79,53.0,22.0,4.0,9.0,53.0,28.0,5.0,6.0
401830777,2026-02-28,2026,0,40,2751,2005,Wyoming Cowboys,Air Force Falcons,66,62,65.0,16.0,14.0,8.0,47.0,21.0,8.0,15.0
401857754,2026-02-28,2026,0,40,85,2870,IU Indianapolis Jaguars,Purdue Fort Wayne Mastodons,81,87,63.0,9.0,11.0,14.0,61.0,25.0,11.0,7.0
401812088,2026-03-01,2026,0,40,350,232,UNC Wilmington Seahawks,Charleston Cougars,76,79,62.0,16.0,21.0,15.0,56.0,28.0,10.0,6.0
401813308,2026-03-01,2026,0,40,2363,314,Manhattan Jaspers,Iona Gaels,65,69,64.0,19.0,10.0,12.0,55.0,23.0,14.0,23.0
401813344,2026-03-01,2026,0,40,2368,2612,Marist Red Foxes,Saint Peter's Peacocks,56,63,63.0,12.0,16.0,12.0,49.0,15.0,10.0,17.0
401813372,2026-03-01,2026,0,40,2099,2514,Canisius Golden Griffins,Quinnipiac Bobcats,63,67,60.0,16.0,8.0,7.0,59.0,30.0,14.0,7.0
401813396,2026-03-01,2026,0,40,315,2771,Niagara Purple Eagles,Merrimack Warriors,66,73,44.0,19.0,8.0,16.0,53.0,13.0,10.0,11.0
401813419,2026-03-01,2026,0,40,2217,116,Fairfield Stags,Mount St. Mary's Mountaineers,47,69,54.0,23.0,14.0,15.0,54.0,10.0,8.0,17.0
401813433,2026-03-01,2026,0,40,2561,2520,Siena Saints,Rider Broncs,76,61,53.0,25.0,7.0,8.0,60.0,9.0,6.0,9.0
401822966,2026-03-01,2026,0,40,269,305,Marquette Golden Eagles,DePaul Blue Demons,51,62,47.0,22.0,7.0,13.0,52.0,19.0,12.0,14.0
401825550,2026-03-01,2026,0,40,84,127,Indiana Hoosiers,Michigan State Spartans,64,77,56.0,13.0,8.0,7.0,51.0,19.0,10.0,9.0
401825551,2026-03-01,2026,0,40,120,164,Maryland Terrapins,Rutgers Scarlet Knights,65,69,60.0,16.0,16.0,19.0,58.0,23.0,5.0,6.0
401825552,2026-03-01,2026,0,40,194,2509,Ohio State Buckeyes,Purdue Boilermakers,82,74,47.0,32.0,10.0,7.0,63.0,10.0,10.0,6.0
401828250,2026-03-01,2026,0,40,5,249,UAB Blazers,North Texas Mean Green,58,62,51.0,20.0,8.0,12.0,60.0,10.0,9.0,8.0
401828251,2026-03-01,2026,0,45,2226,2429,Florida Atlantic Owls,Charlotte 49ers,77,76,65.0,23.0,12.0,8.0,62.0,19.0,8.0,10.0
401828252,2026-03-01,2026,0,40,151,235,East Carolina Pirates,Memphis Tigers,84,68,56.0,20.0,9.0,15.0,67.0,20.0,13.0,12.0
401828253,2026-03-01,2026,0,40,218,242,Temple Owls,Rice Owls,74,80,50.0,26.0,8.0,10.0,56.0,19.0,7.0,8.0
401828254,2026-03-01,2026,0,40,58,2655,South Florida Bulls,Tulane Green Wave,90,62,67.0,25.0,15.0,9.0,49.0,27.0,7.0,18.0
401828255,2026-03-01,2026,0,40,2636,2724,UTSA Roadrunners,Wichita State Shockers,67,84,63.0,28.0,14.0,6.0,74.0,17.0,21.0,10.0
401828454,2026-03-01,2026,0,40,2166,2325,Davidson Wildcats,La Salle Explorers,71,64,53.0,21.0,9.0,13.0,53.0,27.0,8.0,10.0
401830217,2026-03-01,2026,0,40,2287,2057,Illinois State Redbirds,Belmont Bruins,81,74,53.0,23.0,10.0,9.0,54.0,16.0,10.0,9.0
401830221,2026-03-01,2026,0,40,71,93,Bradley Braves,Murray State Racers,87,78,52.0,36.0,10.0,9.0,59.0,26.0,12.0,7.0
401830316,2026-03-01,2026,0,40,282,82,Indiana State Sycamores,UIC Flames,79,63,51.0,12.0,6.0,17.0,55.0,26.0,15.0,15.0
401830317,2026-03-01,2026,0,40,2181,2460,Drake Bulldogs,Northern Iowa Panthers,53,75,58.0,11.0,16.0,15.0,59.0,12.0,7.0,6.0
401858741,2026-03-01,2026,0,40,339,79,Evansville Purple Aces,Southern Illinois Salukis,67,81,54.0,16.0,6.0,9.0,64.0,13.0,13.0,6.0
401808470,2026-03-02,2026,0,40,331,70,Eastern Washington Eagles,Idaho Vandals,81,85,50.0,29.0,9.0,13.0,63.0,17.0,15.0,10.0
401808500,2026-03-02,2026,0,40,16,304,Sacramento State Hornets,Idaho State Bengals,83,65,54.0,23.0,4.0,9.0,58.0,21.0,10.0,12.0
401808512,2026-03-02,2026,0,40,2458,149,Northern Colorado Bears,Montana Grizzlies,85,57,67.0,10.0,6.0,7.0,60.0,10.0,4.0,13.0
401808522,2026-03-02,2026,0,40,2464,147,Northern Arizona Lumberjacks,Montana State Bobcats,65,76,58.0,8.0,9.0,9.0,55.0,13.0,8.0,7.0
401808540,2026-03-02,2026,0,40,2502,2692,Portland State Vikings,Weber State Wildcats,84,60,61.0,14.0,7.0,7.0,62.0,11.0,11.0,14.0
401808723,2026-03-02,2026,0,40,357,2837,Texas A&M-Corpus Christi Islanders,East Texas A&M Lions,84,71,58.0,20.0,13.0,13.0,50.0,21.0,6.0,13.0
401808889,2026-03-02,2026,0,40,2447,2377,Nicholls Colonels,McNeese Cowboys,65,75,55.0,30.0,21.0,18.0,54.0,28.0,8.0,9.0
401808917,2026-03-02,2026,0,40,2443,2545,LSU New Orleans Privateers,SE Louisiana Lions,78,82,61.0,23.0,11.0,14.0,64.0,25.0,9.0,7.0
401808947,2026-03-02,2026,0,40,292,2466,UT Rio Grande Valley Vaqueros,Northwestern State Demons,74,62,59.0,10.0,7.0,9.0,48.0,22.0,8.0,13.0
401808975,2026-03-02,2026,0,40,2916,2617,Incarnate Word Cardinals,Stephen F. Austin Lumberjacks,68,76,59.0,9.0,7.0,4.0,56.0,15.0,11.0,8.0
401820481,2026-03-02,2026,0,40,2277,2320,Houston Christian Huskies,Lamar Cardinals,75,53,49.0,24.0,8.0,14.0,64.0,13.0,17.0,14.0
401820778,2026-03-02,2026,0,40,152,150,NC State Wolfpack,Duke Blue Devils,64,93,65.0,17.0,15.0,6.0,59.0,27.0,14.0,7.0
401820821,2026-03-02,2026,0,40,12,66,Arizona Wildcats,Iowa State Cyclones,73,57,48.0,26.0,9.0,15.0,65.0,13.0,15.0,11.0
401822779,2026-03-02,2026,0,40,47,2154,Howard Bison,Coppin State Eagles,90,70,57.0,23.0,13.0,15.0,56.0,16.0,9.0,17.0
401823055,2026-03-02,2026,0,40,2379,2428,Maryland Eastern Shore Hawks,North Carolina Central Eagles,73,77,60.0,8.0,19.0,23.0,50.0,29.0,7.0,12.0
401828717,2026-03-02,2026,0,40,2415,2450,Morgan State Bears,Norfolk State Spartans,90,84,57.0,24.0,3.0,9.0,79.0,26.0,22.0,7.0
401829289,2026-03-02,2026,0,40,2169,2569,Delaware State Hornets,South Carolina State Bulldogs,59,61,50.0,24.0,11.0,11.0,42.0,29.0,7.0,12.0
401851421,2026-03-02,2026,0,40,325,85,Cleveland State Vikings,IU Indianapolis Jaguars,101,93,59.0,23.0,5.0,17.0,73.0,19.0,10.0,12.0
401808274,2026-03-03,2026,0,40,57,344,Florida Gators,Mississippi State Bulldogs,108,74,82.0,17.0,21.0,5.0,60.0,19.0,6.0,13.0
401808275,2026-03-03,2026,0,40,245,96,Texas A&M Aggies,Kentucky Wildcats,96,85,58.0,39.0,9.0,7.0,63.0,28.0,13.0,13.0
401808276,2026-03-03,2026,0,40,2,99,Auburn Tigers,LSU Tigers,88,74,57.0,22.0,9.0,9.0,44.0,26.0,5.0,16.0
401808277,2026-03-03,2026,0,40,61,333,Georgia Bulldogs,Alabama Crimson Tide,98,88,66.0,17.0,13.0,14.0,64.0,24.0,11.0,10.0
401808278,2026-03-03,2026,0,40,2579,2633,South Carolina Gamecocks,Tennessee Volunteers,59,78,49.0,20.0,8.0,11.0,61.0,12.0,11.0,6.0
401808279,2026-03-03,2026,0,45,145,238,Ole Miss Rebels,Vanderbilt Commodores,86,89,57.0,33.0,12.0,17.0,75.0,30.0,22.0,9.0
401808280,2026-03-03,2026,0,40,201,142,Oklahoma Sooners,Missouri Tigers,80,64,45.0,20.0,7.0,15.0,51.0,16.0,10.0,16.0
401812094,2026-03-03,2026,0,40,111,2405,Northeastern Huskies,Monmouth Hawks,83,89,58.0,11.0,8.0,12.0,65.0,12.0,10.0,6.0
401812095,2026-03-03,2026,0,40,2275,2182,Hofstra Pride,Drexel Dragons,62,51,55.0,14.0,18.0,14.0,49.0,10.0,9.0,11.0
401812096,2026-03-03,2026,0,40,2619,119,Stony Brook Seawolves,Towson Tigers,57,69,59.0,4.0,9.0,10.0,57.0,18.0,14.0,9.0
401812097,2026-03-03,2026,0,40,2729,2261,William & Mary Tribe,Hampton Pirates,94,85,48.0,40.0,8.0,12.0,64.0,30.0,12.0,7.0
401812098,2026-03-03,2026,0,40,2097,2448,Campbell Fighting Camels,North Carolina A&T Aggies,90,72,58.0,22.0,11.0,13.0,60.0,21.0,13.0,14.0
401812099,2026-03-03,2026,0,40,2210,350,Elon Phoenix,UNC Wilmington Seahawks,57,76,57.0,18.0,12.0,13.0,59.0,9.0,11.0,15.0
401812174,2026-03-03,2026,0,40,261,399,Vermont Catamounts,UAlbany Great Danes,69,56,50.0,25.0,8.0,8.0,52.0,7.0,8.0,13.0
401812175,2026-03-03,2026,0,50,160,2803,New Hampshire Wildcats,Bryant Bulldogs,88,83,72.0,19.0,8.0,5.0,65.0,15.0,7.0,13.0
401812176,2026-03-03,2026,0,40,2885,2378,NJIT Highlanders,UMBC Retrievers,52,91,56.0,17.0,11.0,16.0,65.0,17.0,16.0,14.0
401812177,2026-03-03,2026,0,40,311,2349,Maine Black Bears,UMass Lowell River Hawks,56,67,48.0,24.0,6.0,12.0,64.0,19.0,16.0,9.0
401814592,2026-03-03,2026,0,40,2117,2006,Central Michigan Chippewas,Akron Zips,64,77,58.0,6.0,6.0,15.0,63.0,11.0,14.0,12.0
401814593,2026-03-03,2026,0,45,2711,2050,Western Michigan Broncos,Ball State Cardinals,71,74,56.0,24.0,6.0,11.0,62.0,19.0,8.0,8.0
401814594,2026-03-03,2026,0,40,2084,2199,Buffalo Bulls,Eastern Michigan Eagles,72,67,51.0,22.0,5.0,9.0,56.0,16.0,7.0,11.0
401814595,2026-03-03,2026,0,40,2459,2309,Northern Illinois Huskies,Kent State Golden Flashes,76,102,55.0,36.0,11.0,16.0,61.0,35.0,12.0,9.0
401814596,2026-03-03,2026,0,40,113,195,Massachusetts Minutemen,Ohio Bobcats,94,82,57.0,35.0,10.0,12.0,67.0,29.0,11.0,8.0
401814597,2026-03-03,2026,0,40,193,2649,Miami (OH) RedHawks,Toledo Rockets,74,72,54.0,14.0,6.0,15.0,67.0,2.0,10.0,10.0
401820575,2026-03-03,2026,0,40,2005,2253,Air Force Falcons,Grand Canyon Lopes,60,86,45.0,26.0,2.0,13.0,55.0,21.0,6.0,10.0
401820779,2026-03-03,2026,0,40,153,228,North Carolina Tar Heels,Clemson Tigers,67,63,58.0,15.0,9.0,9.0,60.0,6.0,7.0,10.0
401820781,2026-03-03,2026,0,40,97,183,Louisville Cardinals,Syracuse Orange,77,62,63.0,11.0,9.0,9.0,57.0,17.0,9.0,11.0
401820785,2026-03-03,2026,0,40,258,154,Virginia Cavaliers,Wake Forest Demon Deacons,75,70,58.0,23.0,12.0,10.0,62.0,15.0,8.0,8.0
401820786,2026-03-03,2026,0,40,259,103,Virginia Tech Hokies,Boston College Eagles,72,63,53.0,18.0,6.0,12.0,64.0,10.0,12.0,8.0
401822967,2026-03-03,2026,0,40,2599,46,St. John's Red Storm,Georgetown Hoyas,72,69,66.0,19.0,15.0,9.0,56.0,15.0,7.0,14.0
401822968,2026-03-03,2026,0,40,2752,2550,Xavier Musketeers,Seton Hall Pirates,68,77,59.0,13.0,12.0,11.0,62.0,14.0,14.0,8.0
401823786,2026-03-03,2026,0,40,68,21,Boise State Broncos,San Diego State Aztecs,86,77,46.0,33.0,12.0,17.0,55.0,20.0,2.0,7.0
401825553,2026-03-03,2026,0,40,356,2483,Illinois Fighting Illini,Oregon Ducks,80,54,71.0,14.0,14.0,6.0,64.0,9.0,9.0,8.0
401825554,2026-03-03,2026,0,40,26,158,UCLA Bruins,Nebraska Cornhuskers,72,52,60.0,10.0,11.0,8.0,49.0,18.0,11.0,13.0
401827037,2026-03-03,2026,0,40,2011,2582,Alabama State Hornets,Southern Jaguars,64,71,62.0,15.0,11.0,13.0,62.0,27.0,13.0,9.0
401827105,2026-03-03,2026,0,40,2010,2755,Alabama A&M Bulldogs,Grambling Tigers,77,63,50.0,25.0,8.0,9.0,56.0,14.0,11.0,13.0
401827151,2026-03-03,2026,0,40,2296,2029,Jackson State Tigers,Arkansas-Pine Bluff Golden Lions,81,78,61.0,30.0,16.0,10.0,53.0,24.0,11.0,16.0
401827715,2026-03-03,2026,0,40,9,2305,Arizona State Sun Devils,Kansas Jayhawks,70,60,59.0,30.0,14.0,14.0,72.0,16.0,25.0,17.0
401827716,2026-03-03,2026,0,45,2116,197,UCF Knights,Oklahoma State Cowboys,104,111,70.0,45.0,13.0,9.0,72.0,40.0,14.0,10.0
401827717,2026-03-03,2026,0,40,2132,252,Cincinnati Bearcats,BYU Cougars,90,68,64.0,22.0,10.0,7.0,58.0,19.0,10.0,15.0
401827718,2026-03-03,2026,0,40,2306,277,Kansas State Wildcats,West Virginia Mountaineers,65,63,49.0,25.0,10.0,16.0,61.0,16.0,15.0,13.0
401827719,2026-03-03,2026,0,40,2641,2628,Texas Tech Red Raiders,TCU Horned Frogs,65,73,53.0,8.0,7.0,15.0,60.0,15.0,16.0,12.0
401827720,2026-03-03,2026,0,40,254,38,Utah Utes,Colorado Buffaloes,78,92,52.0,23.0,8.0,10.0,51.0,23.0,6.0,7.0
401828455,2026-03-03,2026,0,40,257,2168,Richmond Spiders,Dayton Flyers,60,65,60.0,15.0,11.0,6.0,43.0,18.0,6.0,16.0
401828456,2026-03-03,2026,0,40,2670,2244,VCU Rams,George Mason Patriots,70,65,55.0,20.0,10.0,6.0,53.0,15.0,9.0,10.0
401828936,2026-03-03,2026,0,40,278,23,Fresno State Bulldogs,San José State Spartans,82,68,63.0,24.0,12.0,6.0,66.0,19.0,12.0,5.0
401829322,2026-03-03,2026,0,40,2751,2440,Wyoming Cowboys,Nevada Wolf Pack,83,73,46.0,27.0,3.0,11.0,54.0,29.0,8.0,6.0
401829339,2026-03-03,2026,0,40,2439,328,UNLV Rebels,Utah State Aggies,92,65,59.0,17.0,7.0,12.0,61.0,20.0,11.0,9.0
401829692,2026-03-03,2026,0,40,2016,2400,Alcorn State Braves,Mississippi Valley State Delta Devils,67,64,49.0,28.0,9.0,11.0,48.0,23.0,10.0,16.0
401851430,2026-03-03,2026,0,40,2739,2870,Green Bay Phoenix,Purdue Fort Wayne Mastodons,64,56,47.0,20.0,6.0,7.0,57.0,9.0,11.0,8.0
401851541,2026-03-03,2026,0,40,2083,349,Bucknell Bison,Army Black Knights,65,55,53.0,18.0,8.0,12.0,67.0,11.0,16.0,12.0
401851542,2026-03-03,2026,0,40,322,107,Lafayette Leopards,Holy Cross Crusaders,77,82,53.0,18.0,2.0,8.0,60.0,18.0,8.0,7.0
401851633,2026-03-03,2026,1,40,309,2247,Louisiana Ragin' Cajuns,Georgia State Panthers,84,75,61.0,35.0,18.0,9.0,53.0,23.0,8.0,14.0
401851635,2026-03-03,2026,1,40,295,2433,Old Dominion Monarchs,UL Monroe Warhawks,87,80,60.0,22.0,9.0,8.0,54.0,34.0,6.0,6.0
401808273,2026-03-04,2026,0,40,8,251,Arkansas Razorbacks,Texas Longhorns,105,85,60.0,30.0,5.0,10.0,67.0,27.0,10.0,9.0
401820780,2026-03-04,2026,0,40,59,25,Georgia Tech Yellow Jackets,California Golden Bears,65,76,51.0,24.0,4.0,17.0,64.0,21.0,8.0,9.0
401820782,2026-03-04,2026,0,40,87,24,Notre Dame Fighting Irish,Stanford Cardinal,78,86,51.0,28.0,10.0,9.0,56.0,16.0,7.0,7.0
401820783,2026-03-04,2026,0,40,221,52,Pittsburgh Panthers,Florida State Seminoles,74,75,63.0,17.0,14.0,9.0,58.0,13.0,10.0,11.0
401820784,2026-03-04,2026,0,40,2567,2390,SMU Mustangs,Miami Hurricanes,69,77,63.0,11.0,13.0,14.0,57.0,18.0,12.0,16.0
401822969,2026-03-04,2026,0,40,2086,156,Butler Bulldogs,Creighton Bluejays,59,76,58.0,8.0,6.0,15.0,66.0,10.0,9.0,9.0
401822970,2026-03-04,2026,0,40,305,222,DePaul Blue Demons,Villanova Wildcats,57,76,51.0,16.0,5.0,16.0,57.0,23.0,8.0,11.0
401822971,2026-03-04,2026,0,40,2507,269,Providence Friars,Marquette Golden Eagles,56,78,55.0,21.0,14.0,19.0,58.0,21.0,10.0,14.0
401825555,2026-03-04,2026,0,40,84,135,Indiana Hoosiers,Minnesota Golden Gophers,77,47,54.0,8.0,7.0,10.0,54.0,12.0,8.0,10.0
401825556,2026-03-04,2026,0,40,77,2509,Northwestern Wildcats,Purdue Boilermakers,66,70,47.0,12.0,4.0,7.0,49.0,11.0,9.0,14.0
401825557,2026-03-04,2026,0,40,213,194,Penn State Nittany Lions,Ohio State Buckeyes,62,94,44.0,24.0,1.0,10.0,51.0,15.0,5.0,12.0
401825558,2026-03-04,2026,0,40,264,30,Washington Huskies,USC Trojans,91,72,77.0,15.0,19.0,11.0,64.0,25.0,12.0,12.0
401825559,2026-03-04,2026,0,40,275,120,Wisconsin Badgers,Maryland Terrapins,78,45,56.0,13.0,7.0,3.0,56.0,5.0,11.0,10.0
401827721,2026-03-04,2026,0,40,248,239,Houston Cougars,Baylor Bears,77,64,61.0,16.0,12.0,8.0,55.0,12.0,13.0,18.0
401828256,2026-03-04,2026,0,40,2429,5,Charlotte 49ers,UAB Blazers,74,80,55.0,17.0,8.0,8.0,65.0,20.0,16.0,6.0
401828258,2026-03-04,2026,0,40,249,242,North Texas Mean Green,Rice Owls,62,58,54.0,21.0,12.0,9.0,58.0,15.0,19.0,15.0
401828457,2026-03-04,2026,0,40,2166,2603,Davidson Wildcats,Saint Joseph's Hawks,67,70,59.0,16.0,4.0,3.0,53.0,14.0,7.0,13.0
401828458,2026-03-04,2026,0,40,227,2184,Rhode Island Rams,Duquesne Dukes,64,52,51.0,17.0,9.0,15.0,47.0,22.0,11.0,19.0
401828459,2026-03-04,2026,0,40,2325,2230,La Salle Explorers,Fordham Rams,87,84,62.0,23.0,14.0,10.0,74.0,9.0,17.0,5.0
401828460,2026-03-04,2026,0,45,45,179,George Washington Revolutionaries,St. Bonaventure Bonnies,91,82,65.0,32.0,13.0,12.0,68.0,23.0,16.0,16.0
401828461,2026-03-04,2026,0,40,139,2350,Saint Louis Billikens,Loyola Chicago Ramblers,79,65,48.0,18.0,5.0,7.0,51.0,7.0,6.0,12.0
401830832,2026-03-04,2026,0,40,167,36,New Mexico Lobos,Colorado State Rams,74,82,61.0,20.0,10.0,12.0,41.0,31.0,3.0,20.0
401851238,2026-03-04,2026,1,40,91,294,Bellarmine Knights,Jacksonville Dolphins,82,79,54.0,20.0,6.0,7.0,65.0,17.0,15.0,5.0
401851239,2026-03-04,2026,1,40,526,2453,Florida Gulf Coast Eagles,North Alabama Lions,69,58,63.0,7.0,12.0,7.0,53.0,7.0,6.0,13.0
401851241,2026-03-04,2026,1,40,2198,56,Eastern Kentucky Colonels,Stetson Hatters,76,92,53.0,16.0,6.0,11.0,61.0,18.0,10.0,6.0
401851243,2026-03-04,2026,1,40,2698,2454,West Georgia Wolves,North Florida Ospreys,93,85,62.0,23.0,12.0,12.0,67.0,24.0,6.0,5.0
401851346,2026-03-04,2026,1,40,2908,2241,South Carolina Upstate Spartans,Gardner-Webb Runnin' Bulldogs,64,65,52.0,14.0,10.0,17.0,53.0,20.0,12.0,13.0
401851423,2026-03-04,2026,0,40,2750,325,Wright State Raiders,Cleveland State Vikings,90,61,60.0,25.0,12.0,10.0,58.0,16.0,6.0,9.0
401851424,2026-03-04,2026,0,40,2523,2754,Robert Morris Colonials,Youngstown State Penguins,68,53,52.0,13.0,12.0,15.0,56.0,14.0,10.0,11.0
401851426,2026-03-04,2026,0,40,2174,270,Detroit Mercy Titans,Milwaukee Panthers,84,63,56.0,21.0,7.0,9.0,62.0,20.0,11.0,6.0
401851428,2026-03-04,2026,0,40,2473,94,Oakland Golden Grizzlies,Northern Kentucky Norse,84,85,74.0,12.0,15.0,9.0,61.0,30.0,11.0,8.0
401851513,2026-03-04,2026,0,40,112358,2130,Long Island University Sharks,Chicago State Cougars,79,75,49.0,25.0,12.0,11.0,53.0,25.0,11.0,9.0
401851514,2026-03-04,2026,0,40,2115,2681,Central Connecticut Blue Devils,Wagner Seahawks,60,70,58.0,15.0,10.0,7.0,58.0,12.0,8.0,5.0
401851515,2026-03-04,2026,0,40,2385,161,Mercyhurst Lakers,Fairleigh Dickinson Knights,70,61,49.0,16.0,4.0,11.0,54.0,21.0,11.0,13.0
401851516,2026-03-04,2026,0,40,2330,284,Le Moyne Dolphins,Stonehill Skyhawks,71,81,64.0,20.0,14.0,11.0,64.0,16.0,9.0,8.0
401851523,2026-03-04,2026,1,45,2565,2197,SIU Edwardsville Cougars,Eastern Illinois Panthers,71,77,62.0,20.0,15.0,12.0,61.0,16.0,9.0,10.0
401851524,2026-03-04,2026,1,40,2815,2031,Lindenwood Lions,Little Rock Trojans,72,62,64.0,43.0,16.0,9.0,67.0,22.0,16.0,16.0
401851619,2026-03-04,2026,1,40,198,140,Oral Roberts Golden Eagles,Kansas City Roos,84,62,60.0,17.0,12.0,14.0,62.0,24.0,13.0,9.0
401851636,2026-03-04,2026,1,40,256,309,James Madison Dukes,Louisiana Ragin' Cajuns,87,72,54.0,26.0,11.0,16.0,62.0,21.0,9.0,8.0
401851637,2026-03-04,2026,1,40,290,295,Georgia Southern Eagles,Old Dominion Monarchs,88,84,52.0,30.0,9.0,11.0,56.0,25.0,9.0,11.0
401804957,2026-03-05,2026,0,40,48,2534,Delaware Blue Hens,Sam Houston Bearkats,83,80,58.0,12.0,4.0,10.0,70.0,16.0,15.0,10.0
401804958,2026-03-05,2026,0,40,2335,2348,Liberty Flames,Louisiana Tech Bulldogs,71,76,55.0,13.0,9.0,7.0,61.0,5.0,11.0,8.0
401804959,2026-03-05,2026,0,45,166,55,New Mexico State Aggies,Jacksonville State Gamecocks,77,75,62.0,35.0,11.0,9.0,72.0,34.0,23.0,10.0
401804960,2026-03-05,2026,0,40,2638,338,UTEP Miners,Kennesaw State Owls,78,71,57.0,30.0,7.0,9.0,65.0,35.0,18.0,13.0
401804961,2026-03-05,2026,0,40,2623,98,Missouri State Bears,Western Kentucky Hilltoppers,87,74,54.0,29.0,8.0,7.0,58.0,32.0,13.0,6.0
401804962,2026-03-05,2026,0,40,2229,2393,Florida International Panthers,Middle Tennessee Blue Raiders,67,73,65.0,16.0,19.0,15.0,58.0,19.0,14.0,16.0
401805211,2026-03-05,2026,0,40,2856,2000,California Baptist Lancers,Abilene Christian Wildcats,87,48,53.0,33.0,9.0,14.0,42.0,30.0,6.0,21.0
401805212,2026-03-05,2026,0,40,2627,250,Tarleton State Texans,UT Arlington Mavericks,60,65,47.0,31.0,13.0,11.0,44.0,28.0,10.0,14.0
401805213,2026-03-05,2026,0,40,253,3084,Southern Utah Thunderbirds,Utah Valley Wolverines,88,92,51.0,27.0,6.0,14.0,60.0,31.0,11.0,7.0
401809103,2026-03-05,2026,0,40,2239,28,Cal State Fullerton Titans,UC San Diego Tritons,75,71,67.0,9.0,11.0,9.0,60.0,3.0,6.0,15.0
401809121,2026-03-05,2026,0,40,300,13,UC Irvine Anteaters,Cal Poly Mustangs,107,85,71.0,28.0,11.0,5.0,75.0,21.0,18.0,12.0
401809138,2026-03-05,2026,0,45,299,302,Long Beach State Beach,UC Davis Aggies,70,76,68.0,16.0,12.0,15.0,59.0,32.0,9.0,15.0
401809151,2026-03-05,2026,0,40,62,27,Hawai'i Rainbow Warriors,UC Riverside Highlanders,93,74,51.0,35.0,6.0,10.0,63.0,21.0,10.0,9.0
401822780,2026-03-05,2026,0,40,2415,2154,Morgan State Bears,Coppin State Eagles,70,66,65.0,12.0,12.0,11.0,59.0,21.0,13.0,12.0
401823056,2026-03-05,2026,0,40,2379,2169,Maryland Eastern Shore Hawks,Delaware State Hornets,56,57,53.0,12.0,13.0,15.0,52.0,13.0,13.0,13.0
401823271,2026-03-05,2026,0,40,2934,2463,Cal State Bakersfield Roadrunners,Cal State Northridge Matadors,84,86,69.0,22.0,10.0,10.0,72.0,18.0,18.0,17.0
401825560,2026-03-05,2026,0,40,2294,130,Iowa Hawkeyes,Michigan Wolverines,68,71,64.0,12.0,10.0,5.0,45.0,22.0,8.0,18.0
401825561,2026-03-05,2026,0,40,127,164,Michigan State Spartans,Rutgers Scarlet Knights,91,87,53.0,30.0,12.0,15.0,65.0,19.0,8.0,8.0
401827038,2026-03-05,2026,0,40,2010,2582,Alabama A&M Bulldogs,Southern Jaguars,85,88,63.0,29.0,10.0,8.0,52.0,37.0,10.0,11.0
401827082,2026-03-05,2026,0,40,2640,2504,Texas Southern Tigers,Prairie View A&M Panthers,59,70,69.0,22.0,20.0,9.0,57.0,16.0,10.0,11.0
401827106,2026-03-05,2026,0,40,2011,2755,Alabama State Hornets,Grambling Tigers,63,65,59.0,20.0,13.0,14.0,63.0,19.0,12.0,12.0
401827126,2026-03-05,2026,0,40,50,2065,Florida A&M Rattlers,Bethune-Cookman Wildcats,81,77,63.0,27.0,16.0,9.0,50.0,33.0,7.0,16.0
401827152,2026-03-05,2026,0,40,2016,2029,Alcorn State Braves,Arkansas-Pine Bluff Golden Lions,48,83,56.0,17.0,8.0,17.0,65.0,14.0,5.0,9.0
401828257,2026-03-05,2026,0,40,151,202,East Carolina Pirates,Tulsa Golden Hurricane,66,93,55.0,27.0,17.0,17.0,60.0,20.0,10.0,6.0
401828259,2026-03-05,2026,0,40,218,2655,Temple Owls,Tulane Green Wave,89,60,58.0,18.0,7.0,9.0,56.0,15.0,4.0,7.0
401828260,2026-03-05,2026,0,40,235,58,Memphis Tigers,South Florida Bulls,89,96,70.0,24.0,14.0,9.0,66.0,33.0,14.0,11.0
401828670,2026-03-05,2026,0,40,2296,2400,Jackson State Tigers,Mississippi Valley State Delta Devils,85,77,49.0,50.0,15.0,7.0,43.0,30.0,3.0,13.0
401828732,2026-03-05,2026,0,40,2450,47,Norfolk State Spartans,Howard Bison,76,84,63.0,17.0,10.0,8.0,50.0,26.0,6.0,13.0
401829290,2026-03-05,2026,0,40,2428,2569,North Carolina Central Eagles,South Carolina State Bulldogs,64,80,58.0,28.0,14.0,12.0,58.0,28.0,13.0,12.0
401851454,2026-03-05,2026,1,40,314,2529,Iona Gaels,Sacred Heart Pioneers,80,91,66.0,18.0,13.0,7.0,58.0,24.0,8.0,7.0
401851456,2026-03-05,2026,1,40,2217,2363,Fairfield Stags,Manhattan Jaspers,71,60,65.0,15.0,13.0,9.0,55.0,12.0,9.0,16.0
401851485,2026-03-05,2026,1,40,79,2181,Southern Illinois Salukis,Drake Bulldogs,63,67,71.0,9.0,21.0,10.0,56.0,16.0,9.0,10.0
401851486,2026-03-05,2026,1,40,2674,282,Valparaiso Beacons,Indiana State Sycamores,63,62,57.0,22.0,16.0,8.0,56.0,4.0,12.0,14.0
401851487,2026-03-05,2026,1,40,2460,339,Northern Iowa Panthers,Evansville Purple Aces,68,59,60.0,22.0,12.0,4.0,51.0,15.0,9.0,14.0
401851526,2026-03-05,2026,1,40,2630,2197,UT Martin Skyhawks,Eastern Illinois Panthers,66,63,57.0,18.0,14.0,10.0,53.0,13.0,9.0,12.0
401851528,2026-03-05,2026,1,40,2546,2815,Southeast Missouri State Redhawks,Lindenwood Lions,68,66,59.0,16.0,10.0,10.0,60.0,32.0,20.0,14.0
401851543,2026-03-05,2026,0,40,2426,2083,Navy Midshipmen,Bucknell Bison,74,69,47.0,20.0,7.0,13.0,61.0,6.0,14.0,13.0
401851544,2026-03-05,2026,0,40,104,44,Boston University Terriers,American University Eagles,75,73,53.0,2.0,6.0,13.0,59.0,9.0,12.0,8.0
401851545,2026-03-05,2026,0,40,2142,2352,Colgate Raiders,Loyola Maryland Greyhounds,90,77,51.0,23.0,7.0,8.0,60.0,17.0,8.0,6.0
401851546,2026-03-05,2026,0,40,2329,107,Lehigh Mountain Hawks,Holy Cross Crusaders,69,66,55.0,12.0,7.0,12.0,52.0,22.0,5.0,10.0
401851620,2026-03-05,2026,1,40,2449,198,North Dakota State Bison,Oral Roberts Golden Eagles,76,65,67.0,19.0,16.0,8.0,52.0,17.0,11.0,17.0
401851622,2026-03-05,2026,1,40,2900,2571,St. Thomas Tommies,South Dakota State Jackrabbits,80,67,47.0,25.0,4.0,8.0,63.0,14.0,16.0,12.0
401851698,2026-03-05,2026,1,40,2572,256,Southern Miss Golden Eagles,James Madison Dukes,86,80,60.0,34.0,10.0,6.0,58.0,23.0,7.0,10.0
401851699,2026-03-05,2026,1,40,2032,290,Arkansas State Red Wolves,Georgia Southern Eagles,77,80,68.0,21.0,20.0,13.0,53.0,20.0,6.0,10.0
401851745,2026-03-05,2026,1,40,2501,2492,Portland Pilots,Pepperdine Waves,77,68,59.0,21.0,12.0,12.0,70.0,18.0,19.0,10.0
401851746,2026-03-05,2026,1,40,2351,301,Loyola Marymount Lions,San Diego Toreros,62,66,58.0,14.0,12.0,8.0,55.0,19.0,12.0,10.0
401812624,2026-03-06,2026,0,40,108,171,Harvard Crimson,Columbia Lions,81,71,52.0,18.0,5.0,11.0,69.0,11.0,14.0,8.0
401814598,2026-03-06,2026,0,40,2199,189,Eastern Michigan Eagles,Bowling Green Falcons,69,77,59.0,19.0,8.0,10.0,66.0,26.0,14.0,8.0
401814599,2026-03-06,2026,0,40,2649,2084,Toledo Rockets,Buffalo Bulls,99,78,63.0,15.0,10.0,6.0,58.0,9.0,10.0,12.0
401814600,2026-03-06,2026,0,40,2050,2117,Ball State Cardinals,Central Michigan Chippewas,85,69,55.0,19.0,7.0,12.0,56.0,15.0,9.0,12.0
401814601,2026-03-06,2026,0,45,195,193,Ohio Bobcats,Miami (OH) RedHawks,108,110,76.0,25.0,10.0,7.0,67.0,41.0,13.0,8.0
401814602,2026-03-06,2026,0,40,2006,2459,Akron Zips,Northern Illinois Huskies,94,55,57.0,12.0,7.0,12.0,58.0,12.0,5.0,12.0
401814603,2026-03-06,2026,0,40,2309,2711,Kent State Golden Flashes,Western Michigan Broncos,86,78,62.0,22.0,14.0,13.0,60.0,23.0,13.0,11.0
401818565,2026-03-06,2026,0,40,225,219,Brown Bears,Pennsylvania Quakers,61,82,53.0,16.0,11.0,23.0,64.0,19.0,13.0,11.0
401822972,2026-03-06,2026,0,40,2550,2599,Seton Hall Pirates,St. John's Red Storm,65,72,56.0,27.0,14.0,9.0,52.0,22.0,8.0,10.0
401823787,2026-03-06,2026,0,40,21,2439,San Diego State Aztecs,UNLV Rebels,89,86,60.0,19.0,7.0,12.0,62.0,22.0,8.0,9.0
401827722,2026-03-06,2026,0,40,277,2116,West Virginia Mountaineers,UCF Knights,77,62,53.0,25.0,5.0,7.0,63.0,18.0,15.0,10.0
401828462,2026-03-06,2026,0,40,2168,2670,Dayton Flyers,VCU Rams,62,68,55.0,15.0,9.0,9.0,51.0,13.0,5.0,7.0
401851245,2026-03-06,2026,1,40,2110,91,Central Arkansas Bears,Bellarmine Knights,86,73,53.0,14.0,7.0,11.0,52.0,14.0,8.0,12.0
401851246,2026-03-06,2026,1,40,288,526,Lipscomb Bisons,Florida Gulf Coast Eagles,53,77,50.0,12.0,3.0,11.0,61.0,9.0,13.0,10.0
401851247,2026-03-06,2026,1,40,2046,56,Austin Peay Governors,Stetson Hatters,69,60,55.0,20.0,11.0,11.0,53.0,7.0,5.0,10.0
401851248,2026-03-06,2026,1,40,2511,2698,Queens University Royals,West Georgia Wolves,71,63,56.0,21.0,6.0,12.0,72.0,12.0,18.0,14.0
401851347,2026-03-06,2026,1,40,2272,2241,High Point Panthers,Gardner-Webb Runnin' Bulldogs,81,59,67.0,22.0,17.0,11.0,59.0,17.0,11.0,13.0
401851348,2026-03-06,2026,1,40,2737,2127,Winthrop Eagles,Charleston Southern Buccaneers,86,81,72.0,30.0,15.0,7.0,67.0,24.0,7.0,5.0
401851349,2026-03-06,2026,1,45,2427,2344,UNC Asheville Bulldogs,Longwood Lancers,85,82,52.0,40.0,6.0,13.0,67.0,36.0,19.0,10.0
401851350,2026-03-06,2026,1,45,2515,2506,Radford Highlanders,Presbyterian Blue Hose,85,91,72.0,36.0,21.0,11.0,68.0,16.0,10.0,15.0
401851457,2026-03-06,2026,1,40,2771,2529,Merrimack Warriors,Sacred Heart Pioneers,70,48,62.0,7.0,13.0,9.0,48.0,8.0,6.0,15.0
401851460,2026-03-06,2026,1,40,2612,2217,Saint Peter's Peacocks,Fairfield Stags,55,74,55.0,18.0,14.0,14.0,62.0,22.0,19.0,12.0
401851488,2026-03-06,2026,1,40,2057,2181,Belmont Bruins,Drake Bulldogs,79,100,65.0,16.0,10.0,11.0,52.0,31.0,4.0,8.0
401851489,2026-03-06,2026,1,40,93,82,Murray State Racers,UIC Flames,79,92,63.0,39.0,10.0,7.0,63.0,30.0,11.0,13.0
401851490,2026-03-06,2026,1,50,71,2674,Bradley Braves,Valparaiso Beacons,90,84,71.0,34.0,10.0,11.0,67.0,28.0,12.0,19.0
401851491,2026-03-06,2026,1,40,2287,2460,Illinois State Redbirds,Northern Iowa Panthers,52,74,46.0,28.0,8.0,10.0,54.0,11.0,8.0,12.0
401851530,2026-03-06,2026,1,40,2634,2630,Tennessee State Tigers,UT Martin Skyhawks,68,55,55.0,8.0,13.0,15.0,56.0,7.0,12.0,14.0
401851532,2026-03-06,2026,1,40,2413,2546,Morehead State Eagles,Southeast Missouri State Redhawks,66,61,55.0,31.0,14.0,8.0,60.0,20.0,13.0,9.0
401851579,2026-03-06,2026,1,40,236,2643,Chattanooga Mocs,The Citadel Bulldogs,85,88,59.0,10.0,7.0,7.0,59.0,13.0,8.0,6.0
401851580,2026-03-06,2026,1,40,2430,2678,UNC Greensboro Spartans,VMI Keydets,84,70,68.0,10.0,15.0,9.0,60.0,15.0,10.0,11.0
401851621,2026-03-06,2026,1,40,233,2437,South Dakota Coyotes,Omaha Mavericks,62,76,64.0,22.0,16.0,6.0,59.0,19.0,8.0,5.0
401851624,2026-03-06,2026,1,40,155,2172,North Dakota Fighting Hawks,Denver Pioneers,83,67,61.0,23.0,10.0,8.0,46.0,32.0,9.0,14.0
401851700,2026-03-06,2026,1,40,326,2572,Texas State Bobcats,Southern Miss Golden Eagles,77,81,59.0,20.0,12.0,12.0,47.0,37.0,6.0,11.0
401851701,2026-03-06,2026,1,40,6,290,South Alabama Jaguars,Georgia Southern Eagles,85,94,61.0,28.0,16.0,9.0,52.0,17.0,6.0,13.0
401851749,2026-03-06,2026,1,40,265,2501,Washington State Cougars,Portland Pilots,68,74,66.0,11.0,8.0,7.0,55.0,21.0,6.0,10.0
401851750,2026-03-06,2026,1,40,2547,301,Seattle U Redhawks,San Diego Toreros,58,56,51.0,16.0,7.0,11.0,48.0,14.0,9.0,14.0
401856422,2026-03-06,2026,1,40,2448,111,North Carolina A&T Aggies,Northeastern Huskies,72,88,56.0,28.0,13.0,14.0,62.0,23.0,11.0,11.0
401804963,2026-03-07,2026,0,40,2335,2534,Liberty Flames,Sam Houston Bearkats,79,72,55.0,11.0,6.0,8.0,62.0,15.0,15.0,8.0
401804964,2026-03-07,2026,0,40,48,2348,Delaware Blue Hens,Louisiana Tech Bulldogs,38,81,48.0,11.0,8.0,18.0,59.0,8.0,10.0,10.0
401804965,2026-03-07,2026,0,40,2638,55,UTEP Miners,Jacksonville State Gamecocks,61,64,48.0,22.0,5.0,13.0,51.0,22.0,9.0,15.0
401804966,2026-03-07,2026,0,40,166,338,New Mexico State Aggies,Kennesaw State Owls,79,76,60.0,29.0,17.0,10.0,57.0,26.0,10.0,9.0
401804967,2026-03-07,2026,0,40,2229,98,Florida International Panthers,Western Kentucky Hilltoppers,92,67,70.0,14.0,16.0,12.0,57.0,29.0,9.0,12.0
401804968,2026-03-07,2026,0,40,2623,2393,Missouri State Bears,Middle Tennessee Blue Raiders,63,75,55.0,17.0,7.0,9.0,56.0,16.0,5.0,9.0
401805214,2026-03-07,2026,0,40,2000,250,Abilene Christian Wildcats,UT Arlington Mavericks,57,64,53.0,17.0,6.0,9.0,48.0,29.0,11.0,16.0
401805215,2026-03-07,2026,0,50,3101,3084,Utah Tech Trailblazers,Utah Valley Wolverines,101,104,68.0,40.0,13.0,12.0,72.0,26.0,14.0,14.0
401805216,2026-03-07,2026,0,40,253,2856,Southern Utah Thunderbirds,California Baptist Lancers,75,82,56.0,26.0,8.0,9.0,60.0,18.0,10.0,12.0
401808281,2026-03-07,2026,0,40,96,57,Kentucky Wildcats,Florida Gators,77,84,66.0,21.0,14.0,9.0,61.0,32.0,14.0,10.0
401808282,2026-03-07,2026,0,55,99,245,LSU Tigers,Texas A&M Aggies,91,94,70.0,30.0,13.0,22.0,84.0,32.0,18.0,10.0
401808283,2026-03-07,2026,0,40,145,2579,Ole Miss Rebels,South Carolina Gamecocks,61,64,55.0,17.0,7.0,10.0,54.0,18.0,8.0,12.0
401808284,2026-03-07,2026,0,40,344,61,Mississippi State Bulldogs,Georgia Bulldogs,96,102,65.0,13.0,7.0,16.0,62.0,26.0,9.0,13.0
401808285,2026-03-07,2026,0,45,142,8,Missouri Tigers,Arkansas Razorbacks,84,88,63.0,24.0,10.0,13.0,67.0,22.0,13.0,11.0
401808286,2026-03-07,2026,0,40,2633,238,Tennessee Volunteers,Vanderbilt Commodores,82,86,70.0,21.0,18.0,11.0,51.0,32.0,7.0,14.0
401808287,2026-03-07,2026,0,45,251,201,Texas Longhorns,Oklahoma Sooners,85,88,61.0,29.0,9.0,12.0,61.0,34.0,10.0,10.0
401808288,2026-03-07,2026,0,40,333,2,Alabama Crimson Tide,Auburn Tigers,96,84,69.0,26.0,19.0,8.0,59.0,19.0,9.0,13.0
401809104,2026-03-07,2026,0,40,2540,28,UC Santa Barbara Gauchos,UC San Diego Tritons,63,64,48.0,9.0,7.0,17.0,54.0,18.0,7.0,7.0
401809122,2026-03-07,2026,0,45,300,302,UC Irvine Anteaters,UC Davis Aggies,79,69,53.0,27.0,10.0,19.0,65.0,9.0,5.0,10.0
401809152,2026-03-07,2026,0,40,62,299,Hawai'i Rainbow Warriors,Long Beach State Beach,75,84,64.0,21.0,5.0,9.0,51.0,30.0,4.0,14.0
401809164,2026-03-07,2026,0,40,13,2934,Cal Poly Mustangs,Cal State Bakersfield Roadrunners,108,76,79.0,24.0,16.0,9.0,67.0,20.0,13.0,18.0
401818337,2026-03-07,2026,0,40,43,163,Yale Bulldogs,Princeton Tigers,78,53,59.0,24.0,10.0,7.0,51.0,12.0,5.0,14.0
401820576,2026-03-07,2026,0,40,2440,2005,Nevada Wolf Pack,Air Force Falcons,74,59,56.0,20.0,11.0,10.0,51.0,17.0,3.0,9.0
401820787,2026-03-07,2026,0,40,228,59,Clemson Tigers,Georgia Tech Yellow Jackets,79,76,56.0,26.0,11.0,9.0,52.0,21.0,10.0,14.0
401820788,2026-03-07,2026,0,40,150,153,Duke Blue Devils,North Carolina Tar Heels,76,61,69.0,15.0,18.0,8.0,53.0,4.0,5.0,14.0
401820789,2026-03-07,2026,0,40,52,2567,Florida State Seminoles,SMU Mustangs,91,78,58.0,24.0,6.0,11.0,66.0,17.0,15.0,14.0
401820790,2026-03-07,2026,0,40,2390,97,Miami Hurricanes,Louisville Cardinals,89,92,55.0,23.0,9.0,8.0,53.0,21.0,6.0,7.0
401820791,2026-03-07,2026,0,40,152,24,NC State Wolfpack,Stanford Cardinal,84,85,54.0,34.0,11.0,12.0,68.0,11.0,15.0,8.0
401820792,2026-03-07,2026,0,45,183,221,Syracuse Orange,Pittsburgh Panthers,69,71,59.0,17.0,9.0,10.0,59.0,20.0,11.0,11.0
401820793,2026-03-07,2026,0,40,103,87,Boston College Eagles,Notre Dame Fighting Irish,77,69,55.0,41.0,9.0,9.0,62.0,21.0,7.0,11.0
401820794,2026-03-07,2026,0,40,258,259,Virginia Cavaliers,Virginia Tech Hokies,76,72,58.0,17.0,12.0,12.0,62.0,16.0,13.0,10.0
401820795,2026-03-07,2026,0,40,154,25,Wake Forest Demon Deacons,California Golden Bears,80,73,56.0,35.0,11.0,12.0,59.0,28.0,7.0,7.0
401822973,2026-03-07,2026,0,40,269,41,Marquette Golden Eagles,UConn Huskies,68,62,48.0,23.0,5.0,13.0,59.0,18.0,16.0,16.0
401822974,2026-03-07,2026,0,40,222,2752,Villanova Wildcats,Xavier Musketeers,91,78,62.0,9.0,8.0,12.0,66.0,14.0,8.0,7.0
401822975,2026-03-07,2026,0,40,305,2086,DePaul Blue Demons,Butler Bulldogs,71,81,69.0,20.0,16.0,11.0,61.0,30.0,18.0,16.0
401822976,2026-03-07,2026,0,40,46,2507,Georgetown Hoyas,Providence Friars,80,79,59.0,15.0,5.0,12.0,56.0,18.0,14.0,22.0
401823186,2026-03-07,2026,0,40,2463,2239,Cal State Northridge Matadors,Cal State Fullerton Titans,77,90,61.0,28.0,11.0,20.0,67.0,19.0,5.0,11.0
401823806,2026-03-07,2026,0,40,2253,278,Grand Canyon Lopes,Fresno State Bulldogs,85,60,65.0,11.0,9.0,10.0,60.0,15.0,7.0,14.0
401823834,2026-03-07,2026,0,40,36,68,Colorado State Rams,Boise State Broncos,67,78,52.0,14.0,6.0,9.0,51.0,25.0,13.0,11.0
401825562,2026-03-07,2026,0,40,135,77,Minnesota Golden Gophers,Northwestern Wildcats,67,66,44.0,16.0,7.0,11.0,53.0,14.0,13.0,8.0
401825563,2026-03-07,2026,0,40,194,84,Ohio State Buckeyes,Indiana Hoosiers,91,78,49.0,25.0,4.0,11.0,51.0,21.0,5.0,12.0
401825564,2026-03-07,2026,0,40,2483,264,Oregon Ducks,Washington Huskies,85,79,57.0,20.0,8.0,8.0,58.0,16.0,10.0,9.0
401825565,2026-03-07,2026,0,40,2509,275,Purdue Boilermakers,Wisconsin Badgers,93,97,67.0,19.0,16.0,7.0,52.0,24.0,7.0,8.0
401825566,2026-03-07,2026,0,40,30,26,USC Trojans,UCLA Bruins,68,89,56.0,16.0,7.0,6.0,59.0,18.0,11.0,6.0
401827723,2026-03-07,2026,0,40,239,254,Baylor Bears,Utah Utes,101,75,65.0,15.0,12.0,3.0,48.0,11.0,6.0,16.0
401827724,2026-03-07,2026,0,40,252,2641,BYU Cougars,Texas Tech Red Raiders,82,76,70.0,19.0,20.0,3.0,58.0,8.0,11.0,9.0
401827725,2026-03-07,2026,0,40,38,12,Colorado Buffaloes,Arizona Wildcats,79,89,64.0,21.0,10.0,9.0,59.0,26.0,8.0,9.0
401827726,2026-03-07,2026,0,40,66,9,Iowa State Cyclones,Arizona State Sun Devils,86,65,66.0,22.0,12.0,9.0,43.0,22.0,4.0,23.0
401827727,2026-03-07,2026,0,40,2305,2306,Kansas Jayhawks,Kansas State Wildcats,104,85,71.0,15.0,12.0,12.0,67.0,21.0,7.0,8.0
401827728,2026-03-07,2026,0,40,197,248,Oklahoma State Cowboys,Houston Cougars,75,82,59.0,19.0,13.0,11.0,63.0,10.0,9.0,9.0
401827729,2026-03-07,2026,0,40,2628,2132,TCU Horned Frogs,Cincinnati Bearcats,73,63,59.0,21.0,11.0,6.0,52.0,6.0,11.0,19.0
401828261,2026-03-07,2026,0,40,2724,2226,Wichita State Shockers,Florida Atlantic Owls,88,70,69.0,12.0,12.0,8.0,55.0,20.0,10.0,15.0
401828463,2026-03-07,2026,0,40,179,2166,St. Bonaventure Bonnies,Davidson Wildcats,63,68,54.0,23.0,12.0,11.0,55.0,24.0,10.0,8.0
401828464,2026-03-07,2026,0,40,2184,257,Duquesne Dukes,Richmond Spiders,79,77,64.0,18.0,15.0,10.0,47.0,9.0,3.0,16.0
401828465,2026-03-07,2026,0,40,2230,227,Fordham Rams,Rhode Island Rams,61,49,46.0,21.0,10.0,17.0,53.0,9.0,7.0,16.0
401828466,2026-03-07,2026,0,40,2244,139,George Mason Patriots,Saint Louis Billikens,86,57,59.0,13.0,13.0,10.0,58.0,12.0,12.0,12.0
401828467,2026-03-07,2026,0,40,2350,45,Loyola Chicago Ramblers,George Washington Revolutionaries,68,62,50.0,16.0,8.0,12.0,69.0,10.0,19.0,11.0
401828468,2026-03-07,2026,0,40,2603,2325,Saint Joseph's Hawks,La Salle Explorers,88,76,52.0,37.0,10.0,10.0,67.0,21.0,14.0,5.0
401829334,2026-03-07,2026,0,40,23,2751,San José State Spartans,Wyoming Cowboys,78,88,56.0,22.0,12.0,5.0,56.0,15.0,14.0,12.0
401829340,2026-03-07,2026,0,40,328,167,Utah State Aggies,New Mexico Lobos,94,90,54.0,36.0,10.0,10.0,61.0,26.0,14.0,8.0
401830012,2026-03-07,2026,0,40,159,172,Dartmouth Big Green,Cornell Big Red,90,111,59.0,33.0,8.0,11.0,65.0,15.0,4.0,10.0
401851198,2026-03-07,2026,0,40,2378,160,UMBC Retrievers,New Hampshire Wildcats,84,69,53.0,18.0,4.0,7.0,55.0,16.0,7.0,10.0
401851199,2026-03-07,2026,0,40,261,2803,Vermont Catamounts,Bryant Bulldogs,77,57,49.0,22.0,7.0,8.0,38.0,22.0,2.0,12.0
401851200,2026-03-07,2026,0,40,2349,399,UMass Lowell River Hawks,UAlbany Great Danes,81,76,62.0,18.0,13.0,11.0,71.0,5.0,17.0,10.0
401851201,2026-03-07,2026,0,40,2885,311,NJIT Highlanders,Maine Black Bears,60,58,50.0,13.0,7.0,16.0,47.0,20.0,6.0,14.0
401851249,2026-03-07,2026,1,40,2110,526,Central Arkansas Bears,Florida Gulf Coast Eagles,73,63,60.0,21.0,10.0,10.0,62.0,15.0,11.0,12.0
401851250,2026-03-07,2026,1,40,2046,2511,Austin Peay Governors,Queens University Royals,83,90,62.0,28.0,12.0,10.0,71.0,15.0,11.0,5.0
401851325,2026-03-07,2026,1,40,304,2464,Idaho State Bengals,Northern Arizona Lumberjacks,73,65,61.0,27.0,20.0,11.0,54.0,18.0,4.0,9.0
401851326,2026-03-07,2026,1,40,70,16,Idaho Vandals,Sacramento State Hornets,68,45,65.0,20.0,14.0,12.0,55.0,19.0,7.0,9.0
401851351,2026-03-07,2026,1,40,2272,2427,High Point Panthers,UNC Asheville Bulldogs,75,71,57.0,24.0,9.0,9.0,56.0,24.0,12.0,12.0
401851352,2026-03-07,2026,1,40,2737,2506,Winthrop Eagles,Presbyterian Blue Hose,73,71,51.0,31.0,9.0,13.0,55.0,18.0,9.0,13.0
401851462,2026-03-07,2026,1,40,2514,2368,Quinnipiac Bobcats,Marist Red Foxes,75,77,63.0,32.0,17.0,13.0,67.0,21.0,15.0,10.0
401851464,2026-03-07,2026,1,40,2561,116,Siena Saints,Mount St. Mary's Mountaineers,63,58,56.0,17.0,12.0,8.0,61.0,16.0,18.0,10.0
401851492,2026-03-07,2026,1,40,82,2181,UIC Flames,Drake Bulldogs,72,51,56.0,19.0,11.0,8.0,56.0,11.0,9.0,10.0
401851493,2026-03-07,2026,1,40,71,2460,Bradley Braves,Northern Iowa Panthers,69,73,53.0,18.0,8.0,9.0,44.0,15.0,1.0,14.0
401851517,2026-03-07,2026,0,40,2385,284,Mercyhurst Lakers,Stonehill Skyhawks,56,51,57.0,13.0,8.0,9.0,50.0,21.0,3.0,10.0
401851519,2026-03-07,2026,0,40,112358,2681,Long Island University Sharks,Wagner Seahawks,64,56,53.0,24.0,9.0,8.0,53.0,22.0,12.0,13.0
401851534,2026-03-07,2026,1,40,2634,2413,Tennessee State Tigers,Morehead State Eagles,93,67,67.0,13.0,14.0,10.0,58.0,22.0,8.0,10.0
401851581,2026-03-07,2026,1,40,2193,2643,East Tennessee State Buccaneers,The Citadel Bulldogs,83,76,55.0,20.0,9.0,9.0,58.0,20.0,11.0,9.0
401851582,2026-03-07,2026,1,40,2382,2717,Mercer Bears,Western Carolina Catamounts,73,77,64.0,19.0,11.0,5.0,69.0,20.0,25.0,14.0
401851583,2026-03-07,2026,1,40,2747,2430,Wofford Terriers,UNC Greensboro Spartans,72,75,65.0,19.0,10.0,2.0,52.0,30.0,10.0,9.0
401851586,2026-03-07,2026,1,40,2535,231,Samford Bulldogs,Furman Paladins,81,86,55.0,19.0,6.0,11.0,62.0,21.0,10.0,7.0
401851626,2026-03-07,2026,1,40,2449,2437,North Dakota State Bison,Omaha Mavericks,74,50,59.0,21.0,10.0,9.0,50.0,18.0,3.0,12.0
401851627,2026-03-07,2026,1,40,2900,155,St. Thomas Tommies,North Dakota Fighting Hawks,66,67,60.0,20.0,14.0,9.0,44.0,26.0,1.0,9.0
401851702,2026-03-07,2026,1,40,2026,2572,App State Mountaineers,Southern Miss Golden Eagles,73,86,55.0,29.0,11.0,10.0,64.0,26.0,17.0,10.0
401851703,2026-03-07,2026,1,40,324,290,Coastal Carolina Chanticleers,Georgia Southern Eagles,72,96,53.0,30.0,12.0,14.0,65.0,19.0,12.0,5.0
401851753,2026-03-07,2026,1,40,2539,2501,San Francisco Dons,Portland Pilots,82,65,63.0,28.0,17.0,7.0,59.0,10.0,12.0,16.0
401851754,2026-03-07,2026,1,40,279,2547,Pacific Tigers,Seattle U Redhawks,61,58,58.0,12.0,12.0,12.0,50.0,24.0,9.0,13.0
401856423,2026-03-07,2026,1,40,2619,2097,Stony Brook Seawolves,Campbell Fighting Camels,89,96,62.0,23.0,10.0,10.0,43.0,56.0,11.0,13.0
401856424,2026-03-07,2026,1,40,2182,111,Drexel Dragons,Northeastern Huskies,84,77,49.0,38.0,11.0,13.0,63.0,22.0,12.0,7.0
401856425,2026-03-07,2026,1,40,119,2261,Towson Tigers,Hampton Pirates,74,68,54.0,25.0,10.0,12.0,67.0,21.0,19.0,10.0
401856426,2026-03-07,2026,1,40,2729,2210,William & Mary Tribe,Elon Phoenix,72,62,53.0,28.0,9.0,11.0,52.0,19.0,13.0,19.0
401825567,2026-03-08,2026,0,40,120,356,Maryland Terrapins,Illinois Fighting Illini,72,78,56.0,15.0,11.0,8.0,55.0,26.0,12.0,7.0
401825568,2026-03-08,2026,0,40,130,127,Michigan Wolverines,Michigan State Spartans,90,80,55.0,29.0,8.0,10.0,65.0,20.0,10.0,7.0
401825569,2026-03-08,2026,0,45,158,2294,Nebraska Cornhuskers,Iowa Hawkeyes,84,75,54.0,27.0,5.0,12.0,56.0,15.0,7.0,19.0
401825570,2026-03-08,2026,0,40,164,213,Rutgers Scarlet Knights,Penn State Nittany Lions,74,62,61.0,17.0,7.0,7.0,56.0,22.0,7.0,10.0
401828262,2026-03-08,2026,0,40,5,151,UAB Blazers,East Carolina Pirates,90,83,64.0,22.0,7.0,8.0,73.0,21.0,18.0,12.0
401828263,2026-03-08,2026,0,40,58,2429,South Florida Bulls,Charlotte 49ers,83,60,71.0,15.0,18.0,6.0,58.0,10.0,12.0,15.0
401828264,2026-03-08,2026,0,45,2655,235,Tulane Green Wave,Memphis Tigers,95,96,73.0,18.0,12.0,8.0,62.0,36.0,15.0,13.0
401828265,2026-03-08,2026,0,40,242,2636,Rice Owls,UTSA Roadrunners,80,71,78.0,14.0,20.0,4.0,70.0,23.0,17.0,5.0
401828266,2026-03-08,2026,0,40,202,218,Tulsa Golden Hurricane,Temple Owls,78,76,53.0,32.0,10.0,8.0,59.0,16.0,7.0,8.0
401851251,2026-03-08,2026,1,45,2110,2511,Central Arkansas Bears,Queens University Royals,93,98,75.0,20.0,15.0,11.0,65.0,27.0,16.0,18.0
401851329,2026-03-08,2026,1,40,2502,304,Portland State Vikings,Idaho State Bengals,85,78,54.0,48.0,7.0,4.0,57.0,28.0,9.0,12.0
401851331,2026-03-08,2026,1,40,147,70,Montana State Bobcats,Idaho Vandals,74,78,65.0,9.0,8.0,6.0,55.0,18.0,4.0,8.0
401851353,2026-03-08,2026,1,40,2272,2737,High Point Panthers,Winthrop Eagles,91,76,59.0,32.0,7.0,9.0,70.0,31.0,17.0,13.0
401851431,2026-03-08,2026,1,40,2739,94,Green Bay Phoenix,Northern Kentucky Norse,76,96,53.0,19.0,5.0,9.0,67.0,21.0,15.0,4.0
401851465,2026-03-08,2026,1,40,2771,2368,Merrimack Warriors,Marist Red Foxes,58,57,54.0,17.0,9.0,9.0,54.0,10.0,13.0,20.0
401851466,2026-03-08,2026,1,40,2561,2217,Siena Saints,Fairfield Stags,76,61,52.0,26.0,10.0,10.0,69.0,5.0,13.0,5.0
401851494,2026-03-08,2026,1,40,82,2460,UIC Flames,Northern Iowa Panthers,69,84,62.0,9.0,12.0,5.0,49.0,13.0,7.0,11.0
401851547,2026-03-08,2026,0,40,2329,2142,Lehigh Mountain Hawks,Colgate Raiders,76,69,50.0,23.0,4.0,11.0,62.0,15.0,7.0,7.0
401851548,2026-03-08,2026,0,40,2426,104,Navy Midshipmen,Boston University Terriers,72,73,63.0,23.0,16.0,4.0,47.0,12.0,5.0,13.0
401851589,2026-03-08,2026,1,40,2193,2717,East Tennessee State Buccaneers,Western Carolina Catamounts,69,67,51.0,21.0,7.0,11.0,53.0,25.0,13.0,14.0
401851591,2026-03-08,2026,1,40,231,2430,Furman Paladins,UNC Greensboro Spartans,81,75,48.0,25.0,6.0,12.0,49.0,24.0,6.0,11.0
401851602,2026-03-08,2026,1,40,2443,2277,LSU New Orleans Privateers,Houston Christian Huskies,73,60,55.0,27.0,11.0,14.0,52.0,20.0,3.0,12.0
401851604,2026-03-08,2026,1,40,2447,2466,Nicholls Colonels,Northwestern State Demons,61,47,55.0,10.0,11.0,12.0,49.0,17.0,14.0,14.0
401851629,2026-03-08,2026,1,40,2449,155,North Dakota State Bison,North Dakota Fighting Hawks,70,62,56.0,19.0,12.0,11.0,55.0,17.0,6.0,8.0
401851704,2026-03-08,2026,1,40,2653,2572,Troy Trojans,Southern Miss Golden Eagles,78,70,50.0,38.0,13.0,16.0,69.0,20.0,19.0,12.0
401851705,2026-03-08,2026,1,40,276,290,Marshall Thundering Herd,Georgia Southern Eagles,78,82,60.0,19.0,11.0,14.0,65.0,29.0,18.0,12.0
401851756,2026-03-08,2026,1,40,204,2539,Oregon State Beavers,San Francisco Dons,78,77,55.0,17.0,10.0,14.0,61.0,21.0,15.0,9.0
401851757,2026-03-08,2026,1,40,2541,279,Santa Clara Broncos,Pacific Tigers,76,68,62.0,10.0,16.0,9.0,60.0,14.0,17.0,9.0
401856427,2026-03-08,2026,1,40,350,2097,UNC Wilmington Seahawks,Campbell Fighting Camels,70,85,67.0,22.0,16.0,11.0,57.0,31.0,9.0,8.0
401856428,2026-03-08,2026,1,40,2405,2182,Monmouth Hawks,Drexel Dragons,65,57,50.0,18.0,8.0,14.0,58.0,12.0,14.0,15.0
401856429,2026-03-08,2026,1,40,232,119,Charleston Cougars,Towson Tigers,56,81,56.0,17.0,11.0,8.0,64.0,8.0,17.0,9.0
401856430,2026-03-08,2026,1,40,2275,2729,Hofstra Pride,William & Mary Tribe,92,61,62.0,30.0,16.0,6.0,46.0,34.0,9.0,12.0
401851332,2026-03-09,2026,1,40,149,2458,Montana Grizzlies,Northern Colorado Bears,95,89,58.0,30.0,7.0,9.0,71.0,23.0,11.0,4.0
401851333,2026-03-09,2026,1,40,331,2692,Eastern Washington Eagles,Weber State Wildcats,84,79,54.0,28.0,10.0,12.0,56.0,24.0,7.0,9.0
401851432,2026-03-09,2026,1,40,2750,94,Wright State Raiders,Northern Kentucky Norse,103,90,59.0,33.0,6.0,10.0,64.0,30.0,15.0,15.0
401851433,2026-03-09,2026,1,40,2523,2174,Robert Morris Colonials,Detroit Mercy Titans,64,70,54.0,16.0,12.0,15.0,57.0,22.0,14.0,8.0
401851593,2026-03-09,2026,1,40,2193,231,East Tennessee State Buccaneers,Furman Paladins,61,76,50.0,18.0,6.0,10.0,53.0,15.0,11.0,12.0
401851607,2026-03-09,2026,1,40,357,2443,Texas A&M-Corpus Christi Islanders,LSU New Orleans Privateers,74,61,53.0,13.0,17.0,17.0,53.0,30.0,18.0,8.0
401851608,2026-03-09,2026,1,40,292,2447,UT Rio Grande Valley Vaqueros,Nicholls Colonels,86,68,53.0,12.0,5.0,13.0,55.0,17.0,10.0,14.0
401851706,2026-03-09,2026,1,40,2653,290,Troy Trojans,Georgia Southern Eagles,77,61,51.0,17.0,11.0,16.0,48.0,15.0,5.0,12.0
401851714,2026-03-09,2026,1,40,2011,2016,Alabama State Hornets,Alcorn State Braves,65,77,64.0,20.0,14.0,9.0,55.0,30.0,7.0,10.0
401851715,2026-03-09,2026,1,40,2755,2400,Grambling Tigers,Mississippi Valley State Delta Devils,77,52,55.0,24.0,11.0,12.0,52.0,17.0,13.0,18.0
401851759,2026-03-09,2026,1,40,2250,204,Gonzaga Bulldogs,Oregon State Beavers,65,56,53.0,13.0,7.0,10.0,56.0,15.0,11.0,12.0
401851760,2026-03-09,2026,1,40,2608,2541,Saint Mary's Gaels,Santa Clara Broncos,71,76,54.0,19.0,12.0,10.0,62.0,14.0,10.0,4.0
401856431,2026-03-09,2026,1,40,2405,2097,Monmouth Hawks,Campbell Fighting Camels,74,64,60.0,24.0,11.0,7.0,47.0,19.0,12.0,23.0
401856432,2026-03-09,2026,1,45,2275,119,Hofstra Pride,Towson Tigers,68,65,63.0,11.0,16.0,9.0,62.0,18.0,15.0,5.0
401851170,2026-03-10,2026,1,40,24,221,Stanford Cardinal,Pittsburgh Panthers,63,64,52.0,6.0,7.0,10.0,66.0,9.0,20.0,9.0
401851171,2026-03-10,2026,1,40,2567,183,SMU Mustangs,Syracuse Orange,86,69,73.0,8.0,19.0,7.0,64.0,7.0,11.0,11.0
401851172,2026-03-10,2026,1,45,259,154,Virginia Tech Hokies,Wake Forest Demon Deacons,89,95,70.0,27.0,21.0,13.0,59.0,30.0,7.0,9.0
401851202,2026-03-10,2026,0,40,2378,2349,UMBC Retrievers,UMass Lowell River Hawks,91,69,61.0,22.0,11.0,6.0,69.0,11.0,17.0,12.0
401851204,2026-03-10,2026,0,40,261,2885,Vermont Catamounts,NJIT Highlanders,63,54,55.0,15.0,8.0,10.0,58.0,7.0,11.0,12.0
401851282,2026-03-10,2026,1,40,9,239,Arizona State Sun Devils,Baylor Bears,83,79,54.0,22.0,9.0,15.0,67.0,17.0,16.0,12.0
401851283,2026-03-10,2026,1,40,2132,254,Cincinnati Bearcats,Utah Utes,73,66,60.0,18.0,11.0,7.0,62.0,16.0,11.0,8.0
401851285,2026-03-10,2026,1,40,252,2306,BYU Cougars,Kansas State Wildcats,105,91,73.0,18.0,14.0,11.0,63.0,21.0,9.0,13.0
401851287,2026-03-10,2026,1,40,38,197,Colorado Buffaloes,Oklahoma State Cowboys,83,92,68.0,16.0,10.0,8.0,64.0,35.0,15.0,7.0
401851334,2026-03-10,2026,1,40,2502,149,Portland State Vikings,Montana Grizzlies,72,75,70.0,27.0,15.0,7.0,47.0,22.0,3.0,18.0
401851335,2026-03-10,2026,1,40,331,70,Eastern Washington Eagles,Idaho Vandals,68,81,62.0,28.0,10.0,9.0,53.0,29.0,5.0,7.0
401851362,2026-03-10,2026,1,40,2483,120,Oregon Ducks,Maryland Terrapins,60,70,52.0,21.0,7.0,8.0,57.0,18.0,13.0,10.0
401851363,2026-03-10,2026,1,40,77,213,Northwestern Wildcats,Penn State Nittany Lions,76,66,53.0,22.0,10.0,8.0,47.0,14.0,5.0,17.0
401851405,2026-03-10,2026,1,40,2229,2623,Florida International Panthers,Missouri State Bears,72,75,55.0,27.0,16.0,14.0,49.0,22.0,7.0,12.0
401851406,2026-03-10,2026,1,40,55,166,Jacksonville State Gamecocks,New Mexico State Aggies,63,68,48.0,20.0,7.0,13.0,56.0,23.0,12.0,10.0
401851434,2026-03-10,2026,1,40,2750,2174,Wright State Raiders,Detroit Mercy Titans,66,63,58.0,26.0,13.0,10.0,60.0,19.0,12.0,12.0
401851467,2026-03-10,2026,1,40,2771,2561,Merrimack Warriors,Siena Saints,54,64,58.0,13.0,7.0,6.0,55.0,21.0,15.0,14.0
401851521,2026-03-10,2026,0,40,112358,2385,Long Island University Sharks,Mercyhurst Lakers,79,70,52.0,29.0,6.0,6.0,59.0,12.0,6.0,8.0
401851611,2026-03-10,2026,1,40,2617,357,Stephen F. Austin Lumberjacks,Texas A&M-Corpus Christi Islanders,60,58,57.0,10.0,6.0,6.0,45.0,10.0,6.0,17.0
401851612,2026-03-10,2026,1,55,2377,292,McNeese Cowboys,UT Rio Grande Valley Vaqueros,84,80,80.0,31.0,20.0,10.0,59.0,23.0,8.0,24.0
401851716,2026-03-10,2026,1,40,2504,2016,Prairie View A&M Panthers,Alcorn State Braves,65,56,59.0,27.0,11.0,7.0,47.0,30.0,7.0,11.0
401851717,2026-03-10,2026,1,40,2296,2755,Jackson State Tigers,Grambling Tigers,68,65,59.0,26.0,16.0,13.0,54.0,23.0,10.0,14.0
401851762,2026-03-10,2026,1,40,2250,2541,Gonzaga Bulldogs,Santa Clara Broncos,79,68,53.0,23.0,12.0,8.0,68.0,8.0,20.0,9.0
401856433,2026-03-10,2026,1,40,2275,2405,Hofstra Pride,Monmouth Hawks,75,69,58.0,28.0,15.0,11.0,55.0,20.0,8.0,9.0
401851173,2026-03-11,2026,1,40,152,221,NC State Wolfpack,Pittsburgh Panthers,98,88,51.0,27.0,4.0,6.0,49.0,25.0,6.0,11.0
401851174,2026-03-11,2026,1,40,97,2567,Louisville Cardinals,SMU Mustangs,62,58,53.0,20.0,10.0,10.0,56.0,3.0,11.0,14.0
401851175,2026-03-11,2026,1,40,52,25,Florida State Seminoles,California Golden Bears,95,89,61.0,19.0,6.0,6.0,61.0,24.0,15.0,12.0
401851176,2026-03-11,2026,1,40,228,154,Clemson Tigers,Wake Forest Demon Deacons,71,62,64.0,15.0,17.0,4.0,50.0,13.0,7.0,12.0
401851221,2026-03-11,2026,1,40,235,2655,Memphis Tigers,Tulane Green Wave,69,81,61.0,29.0,16.0,12.0,62.0,28.0,15.0,10.0
401851222,2026-03-11,2026,1,40,2226,218,Florida Atlantic Owls,Temple Owls,63,59,50.0,12.0,10.0,17.0,60.0,16.0,11.0,10.0
401851258,2026-03-11,2026,1,40,2325,179,La Salle Explorers,St. Bonaventure Bonnies,80,99,65.0,25.0,16.0,11.0,67.0,14.0,17.0,14.0
401851260,2026-03-11,2026,1,40,257,2350,Richmond Spiders,Loyola Chicago Ramblers,67,75,59.0,16.0,8.0,5.0,43.0,24.0,6.0,13.0
401851289,2026-03-11,2026,1,40,66,9,Iowa State Cyclones,Arizona State Sun Devils,91,42,65.0,25.0,14.0,8.0,47.0,12.0,9.0,23.0
401851291,2026-03-11,2026,1,45,2116,2132,UCF Knights,Cincinnati Bearcats,66,65,74.0,23.0,18.0,10.0,59.0,17.0,10.0,19.0
401851293,2026-03-11,2026,1,40,277,252,West Virginia Mountaineers,BYU Cougars,48,68,42.0,18.0,10.0,22.0,61.0,10.0,16.0,13.0
401851294,2026-03-11,2026,1,40,2628,197,TCU Horned Frogs,Oklahoma State Cowboys,95,88,67.0,27.0,19.0,7.0,69.0,17.0,15.0,8.0
401851308,2026-03-11,2026,1,40,2086,2507,Butler Bulldogs,Providence Friars,81,91,65.0,21.0,9.0,8.0,65.0,13.0,9.0,9.0
401851309,2026-03-11,2026,1,40,269,2752,Marquette Golden Eagles,Xavier Musketeers,87,89,73.0,19.0,14.0,9.0,64.0,17.0,7.0,11.0
401851310,2026-03-11,2026,1,40,305,46,DePaul Blue Demons,Georgetown Hoyas,56,63,58.0,11.0,9.0,9.0,56.0,18.0,12.0,10.0
401851336,2026-03-11,2026,1,40,149,70,Montana Grizzlies,Idaho Vandals,66,77,54.0,21.0,3.0,14.0,59.0,32.0,13.0,8.0
401851365,2026-03-11,2026,1,40,2294,120,Iowa Hawkeyes,Maryland Terrapins,75,64,53.0,20.0,7.0,11.0,51.0,21.0,12.0,16.0
401851367,2026-03-11,2026,1,45,264,30,Washington Huskies,USC Trojans,83,79,70.0,19.0,10.0,11.0,69.0,18.0,9.0,13.0
401851369,2026-03-11,2026,1,40,84,77,Indiana Hoosiers,Northwestern Wildcats,61,74,45.0,22.0,7.0,11.0,54.0,21.0,8.0,6.0
401851370,2026-03-11,2026,1,40,135,164,Minnesota Golden Gophers,Rutgers Scarlet Knights,67,72,48.0,12.0,5.0,15.0,54.0,17.0,8.0,10.0
401851391,2026-03-11,2026,1,40,28,13,UC San Diego Tritons,Cal Poly Mustangs,72,69,55.0,25.0,7.0,13.0,65.0,16.0,11.0,12.0
401851392,2026-03-11,2026,1,40,302,2540,UC Davis Aggies,UC Santa Barbara Gauchos,79,73,58.0,22.0,5.0,10.0,62.0,23.0,11.0,12.0
401851407,2026-03-11,2026,1,40,2335,2623,Liberty Flames,Missouri State Bears,69,77,63.0,9.0,11.0,8.0,50.0,22.0,7.0,10.0
401851408,2026-03-11,2026,1,40,2534,166,Sam Houston Bearkats,New Mexico State Aggies,69,61,66.0,33.0,20.0,9.0,59.0,24.0,12.0,14.0
401851472,2026-03-11,2026,1,45,2415,2169,Morgan State Bears,Delaware State Hornets,70,75,61.0,36.0,12.0,9.0,61.0,30.0,12.0,12.0
401851495,2026-03-11,2026,1,40,2439,2751,UNLV Rebels,Wyoming Cowboys,73,70,52.0,31.0,10.0,11.0,70.0,20.0,21.0,5.0
401851496,2026-03-11,2026,1,40,2440,2005,Nevada Wolf Pack,Air Force Falcons,80,45,57.0,30.0,12.0,13.0,57.0,11.0,9.0,17.0
401851497,2026-03-11,2026,1,40,36,278,Colorado State Rams,Fresno State Bulldogs,67,63,59.0,15.0,13.0,9.0,52.0,8.0,5.0,13.0
401851498,2026-03-11,2026,1,40,68,23,Boise State Broncos,San José State Spartans,74,84,58.0,30.0,14.0,12.0,61.0,24.0,9.0,6.0
401851549,2026-03-11,2026,0,40,2329,104,Lehigh Mountain Hawks,Boston University Terriers,74,60,55.0,24.0,14.0,7.0,53.0,23.0,10.0,9.0
401851557,2026-03-11,2026,1,40,96,99,Kentucky Wildcats,LSU Tigers,87,82,64.0,23.0,11.0,5.0,64.0,20.0,11.0,9.0
401851558,2026-03-11,2026,1,40,2,344,Auburn Tigers,Mississippi State Bulldogs,79,61,65.0,22.0,11.0,7.0,64.0,15.0,11.0,11.0
401851559,2026-03-11,2026,1,40,251,145,Texas Longhorns,Ole Miss Rebels,66,76,54.0,25.0,8.0,13.0,64.0,20.0,8.0,3.0
401851560,2026-03-11,2026,1,40,201,2579,Oklahoma Sooners,South Carolina Gamecocks,86,74,50.0,22.0,5.0,8.0,61.0,17.0,16.0,11.0
401851614,2026-03-11,2026,1,40,2617,2377,Stephen F. Austin Lumberjacks,McNeese Cowboys,59,76,51.0,19.0,7.0,12.0,54.0,12.0,10.0,13.0
401851718,2026-03-11,2026,1,40,2065,2504,Bethune-Cookman Wildcats,Prairie View A&M Panthers,67,71,58.0,19.0,12.0,12.0,53.0,20.0,10.0,12.0
401851721,2026-03-11,2026,1,40,50,2296,Florida A&M Rattlers,Jackson State Tigers,70,60,61.0,19.0,17.0,16.0,56.0,23.0,16.0,20.0
401851733,2026-03-11,2026,1,40,2000,2627,Abilene Christian Wildcats,Tarleton State Texans,84,78,46.0,45.0,6.0,15.0,58.0,35.0,11.0,13.0
401851177,2026-03-12,2026,1,40,258,152,Virginia Cavaliers,NC State Wolfpack,81,74,61.0,14.0,9.0,10.0,57.0,24.0,10.0,10.0
401851178,2026-03-12,2026,1,40,2390,97,Miami Hurricanes,Louisville Cardinals,78,73,58.0,29.0,11.0,8.0,56.0,17.0,9.0,13.0
401851179,2026-03-12,2026,1,40,150,52,Duke Blue Devils,Florida State Seminoles,80,79,64.0,23.0,22.0,15.0,54.0,18.0,6.0,10.0
401851180,2026-03-12,2026,1,40,153,228,North Carolina Tar Heels,Clemson Tigers,79,80,61.0,17.0,11.0,10.0,55.0,23.0,3.0,7.0
401851223,2026-03-12,2026,1,40,2429,2655,Charlotte 49ers,Tulane Green Wave,74,60,56.0,19.0,15.0,11.0,55.0,19.0,8.0,5.0
401851224,2026-03-12,2026,1,40,249,2226,North Texas Mean Green,Florida Atlantic Owls,74,70,56.0,43.0,10.0,5.0,49.0,33.0,6.0,13.0
401851263,2026-03-12,2026,1,40,2230,45,Fordham Rams,George Washington Revolutionaries,62,66,50.0,16.0,3.0,10.0,50.0,21.0,10.0,13.0
401851264,2026-03-12,2026,1,40,2244,179,George Mason Patriots,St. Bonaventure Bonnies,57,63,57.0,6.0,10.0,10.0,51.0,25.0,8.0,7.0
401851266,2026-03-12,2026,1,40,2184,227,Duquesne Dukes,Rhode Island Rams,67,61,62.0,25.0,16.0,1.0,54.0,7.0,11.0,14.0
401851268,2026-03-12,2026,1,45,2166,2350,Davidson Wildcats,Loyola Chicago Ramblers,64,59,55.0,24.0,9.0,9.0,59.0,15.0,13.0,13.0
401851296,2026-03-12,2026,1,40,2641,66,Texas Tech Red Raiders,Iowa State Cyclones,53,75,56.0,10.0,7.0,10.0,56.0,14.0,7.0,10.0
401851299,2026-03-12,2026,1,40,12,2116,Arizona Wildcats,UCF Knights,81,59,60.0,31.0,14.0,8.0,63.0,15.0,13.0,11.0
401851300,2026-03-12,2026,1,40,248,252,Houston Cougars,BYU Cougars,73,66,58.0,20.0,14.0,16.0,51.0,19.0,9.0,18.0
401851302,2026-03-12,2026,1,40,2305,2628,Kansas Jayhawks,TCU Horned Frogs,78,73,58.0,37.0,11.0,10.0,64.0,18.0,12.0,14.0
401851311,2026-03-12,2026,0,40,2599,2507,St. John's Red Storm,Providence Friars,85,72,77.0,17.0,18.0,9.0,56.0,25.0,4.0,11.0
401851312,2026-03-12,2026,1,40,2550,156,Seton Hall Pirates,Creighton Bluejays,72,61,59.0,26.0,9.0,7.0,60.0,18.0,10.0,10.0
401851313,2026-03-12,2026,1,40,41,2752,UConn Huskies,Xavier Musketeers,93,68,61.0,13.0,12.0,10.0,51.0,33.0,13.0,10.0
401851314,2026-03-12,2026,1,40,222,46,Villanova Wildcats,Georgetown Hoyas,64,78,61.0,14.0,9.0,5.0,59.0,15.0,15.0,14.0
401851375,2026-03-12,2026,1,40,194,2294,Ohio State Buckeyes,Iowa Hawkeyes,72,69,47.0,19.0,5.0,9.0,44.0,19.0,7.0,10.0
401851376,2026-03-12,2026,1,40,275,264,Wisconsin Badgers,Washington Huskies,85,82,69.0,8.0,12.0,6.0,68.0,20.0,20.0,8.0
401851377,2026-03-12,2026,1,40,2509,77,Purdue Boilermakers,Northwestern Wildcats,81,68,61.0,17.0,16.0,7.0,53.0,8.0,7.0,9.0
401851378,2026-03-12,2026,1,40,26,164,UCLA Bruins,Rutgers Scarlet Knights,72,59,60.0,23.0,12.0,10.0,58.0,10.0,7.0,13.0
401851393,2026-03-12,2026,1,40,2463,28,Cal State Northridge Matadors,UC San Diego Tritons,80,70,61.0,15.0,7.0,10.0,61.0,17.0,10.0,15.0
401851394,2026-03-12,2026,1,40,2239,302,Cal State Fullerton Titans,UC Davis Aggies,82,70,56.0,45.0,13.0,17.0,64.0,22.0,6.0,16.0
401851410,2026-03-12,2026,1,40,2348,2393,Louisiana Tech Bulldogs,Middle Tennessee Blue Raiders,80,69,58.0,19.0,11.0,9.0,47.0,33.0,11.0,16.0
401851411,2026-03-12,2026,1,40,98,338,Western Kentucky Hilltoppers,Kennesaw State Owls,87,96,55.0,36.0,10.0,14.0,59.0,42.0,11.0,10.0
401851473,2026-03-12,2026,1,40,2450,2569,Norfolk State Spartans,South Carolina State Bulldogs,82,88,59.0,27.0,15.0,18.0,58.0,34.0,13.0,15.0
401851474,2026-03-12,2026,1,45,2428,2379,North Carolina Central Eagles,Maryland Eastern Shore Hawks,83,76,53.0,23.0,9.0,13.0,58.0,25.0,15.0,16.0
401851499,2026-03-12,2026,1,40,328,2439,Utah State Aggies,UNLV Rebels,80,60,57.0,22.0,9.0,13.0,54.0,15.0,12.0,19.0
401851500,2026-03-12,2026,1,40,2253,2440,Grand Canyon Lopes,Nevada Wolf Pack,80,84,48.0,41.0,8.0,11.0,45.0,45.0,7.0,11.0
401851501,2026-03-12,2026,1,40,21,36,San Diego State Aztecs,Colorado State Rams,71,62,50.0,42.0,14.0,13.0,57.0,13.0,9.0,16.0
401851502,2026-03-12,2026,1,40,167,23,New Mexico Lobos,San José State Spartans,93,77,65.0,11.0,13.0,11.0,53.0,26.0,9.0,13.0
401851561,2026-03-12,2026,1,40,142,96,Missouri Tigers,Kentucky Wildcats,72,78,55.0,23.0,11.0,15.0,55.0,23.0,7.0,9.0
401851562,2026-03-12,2026,1,40,2633,2,Tennessee Volunteers,Auburn Tigers,72,62,51.0,32.0,10.0,6.0,60.0,20.0,16.0,12.0
401851563,2026-03-12,2026,1,40,61,145,Georgia Bulldogs,Ole Miss Rebels,72,76,66.0,25.0,16.0,11.0,60.0,18.0,8.0,15.0
401851564,2026-03-12,2026,1,40,245,201,Texas A&M Aggies,Oklahoma Sooners,63,83,60.0,15.0,11.0,10.0,68.0,18.0,19.0,7.0
401851719,2026-03-12,2026,1,45,2640,2010,Texas Southern Tigers,Alabama A&M Bulldogs,74,85,62.0,29.0,13.0,14.0,56.0,33.0,9.0,13.0
401851720,2026-03-12,2026,1,40,2582,2029,Southern Jaguars,Arkansas-Pine Bluff Golden Lions,84,81,51.0,23.0,8.0,11.0,56.0,25.0,10.0,8.0
401851734,2026-03-12,2026,1,40,250,253,UT Arlington Mavericks,Southern Utah Thunderbirds,69,63,70.0,23.0,20.0,10.0,64.0,10.0,11.0,14.0
401851735,2026-03-12,2026,1,40,3101,2000,Utah Tech Trailblazers,Abilene Christian Wildcats,80,74,47.0,25.0,6.0,16.0,58.0,23.0,10.0,13.0
401858186,2026-03-12,2026,1,40,193,113,Miami (OH) RedHawks,Massachusetts Minutemen,83,87,60.0,18.0,9.0,9.0,67.0,18.0,17.0,11.0
401858187,2026-03-12,2026,1,40,2649,189,Toledo Rockets,Bowling Green Falcons,77,76,61.0,13.0,11.0,11.0,57.0,19.0,8.0,11.0
401858188,2026-03-12,2026,1,40,2006,2084,Akron Zips,Buffalo Bulls,73,70,59.0,18.0,10.0,11.0,54.0,20.0,6.0,13.0
401858189,2026-03-12,2026,1,40,2309,195,Kent State Golden Flashes,Ohio Bobcats,86,75,61.0,29.0,9.0,5.0,53.0,32.0,9.0,12.0
401851181,2026-03-13,2026,1,40,258,2390,Virginia Cavaliers,Miami Hurricanes,84,62,59.0,12.0,12.0,10.0,57.0,15.0,9.0,7.0
401851182,2026-03-13,2026,1,40,150,228,Duke Blue Devils,Clemson Tigers,73,61,50.0,22.0,9.0,11.0,55.0,23.0,8.0,6.0
401851225,2026-03-13,2026,1,40,5,2429,UAB Blazers,Charlotte 49ers,78,83,63.0,17.0,10.0,6.0,58.0,17.0,9.0,9.0
401851226,2026-03-13,2026,1,55,202,249,Tulsa Golden Hurricane,North Texas Mean Green,90,84,66.0,39.0,11.0,18.0,80.0,27.0,15.0,13.0
401851270,2026-03-13,2026,1,40,139,45,Saint Louis Billikens,George Washington Revolutionaries,88,81,59.0,26.0,7.0,11.0,70.0,20.0,16.0,10.0
401851272,2026-03-13,2026,1,40,2168,179,Dayton Flyers,St. Bonaventure Bonnies,68,63,52.0,28.0,12.0,13.0,46.0,28.0,6.0,12.0
401851273,2026-03-13,2026,1,40,2670,2184,VCU Rams,Duquesne Dukes,71,66,49.0,25.0,8.0,11.0,55.0,12.0,10.0,15.0
401851274,2026-03-13,2026,1,40,2603,2166,Saint Joseph's Hawks,Davidson Wildcats,70,58,48.0,26.0,10.0,11.0,56.0,8.0,10.0,11.0
401851304,2026-03-13,2026,1,40,12,66,Arizona Wildcats,Iowa State Cyclones,82,80,58.0,16.0,11.0,12.0,66.0,8.0,15.0,11.0
401851305,2026-03-13,2026,1,40,248,2305,Houston Cougars,Kansas Jayhawks,69,47,53.0,19.0,10.0,8.0,57.0,18.0,15.0,8.0
401851315,2026-03-13,2026,0,40,2599,2550,St. John's Red Storm,Seton Hall Pirates,78,68,48.0,30.0,10.0,13.0,65.0,12.0,15.0,12.0
401851316,2026-03-13,2026,1,40,41,46,UConn Huskies,Georgetown Hoyas,67,51,59.0,4.0,13.0,12.0,50.0,15.0,9.0,11.0
401851380,2026-03-13,2026,1,40,130,194,Michigan Wolverines,Ohio State Buckeyes,71,67,53.0,24.0,6.0,9.0,58.0,18.0,10.0,10.0
401851381,2026-03-13,2026,1,45,356,275,Illinois Fighting Illini,Wisconsin Badgers,88,91,70.0,15.0,9.0,6.0,66.0,30.0,11.0,7.0
401851382,2026-03-13,2026,1,40,158,2509,Nebraska Cornhuskers,Purdue Boilermakers,58,74,56.0,9.0,10.0,10.0,58.0,14.0,13.0,9.0
401851383,2026-03-13,2026,1,40,127,26,Michigan State Spartans,UCLA Bruins,84,88,62.0,22.0,16.0,12.0,54.0,19.0,6.0,8.0
401851395,2026-03-13,2026,1,40,300,2463,UC Irvine Anteaters,Cal State Northridge Matadors,93,78,64.0,22.0,17.0,14.0,68.0,8.0,10.0,8.0
401851397,2026-03-13,2026,1,40,62,2239,Hawai'i Rainbow Warriors,Cal State Fullerton Titans,78,63,61.0,26.0,16.0,17.0,64.0,10.0,6.0,10.0
401851413,2026-03-13,2026,1,40,2348,2623,Louisiana Tech Bulldogs,Missouri State Bears,69,66,54.0,18.0,12.0,7.0,55.0,15.0,12.0,6.0
401851414,2026-03-13,2026,1,40,2534,338,Sam Houston Bearkats,Kennesaw State Owls,73,79,62.0,20.0,17.0,15.0,52.0,27.0,11.0,16.0
401851475,2026-03-13,2026,1,40,47,2569,Howard Bison,South Carolina State Bulldogs,78,61,52.0,38.0,12.0,16.0,59.0,11.0,12.0,21.0
401851476,2026-03-13,2026,1,40,2428,2169,North Carolina Central Eagles,Delaware State Hornets,59,53,56.0,17.0,15.0,7.0,49.0,8.0,11.0,15.0
401851503,2026-03-13,2026,1,40,328,2440,Utah State Aggies,Nevada Wolf Pack,79,66,53.0,35.0,9.0,11.0,59.0,20.0,9.0,15.0
401851504,2026-03-13,2026,1,40,21,167,San Diego State Aztecs,New Mexico Lobos,64,62,56.0,21.0,12.0,13.0,61.0,28.0,20.0,11.0
401851565,2026-03-13,2026,1,40,57,96,Florida Gators,Kentucky Wildcats,71,63,58.0,33.0,18.0,18.0,59.0,20.0,8.0,12.0
401851566,2026-03-13,2026,1,40,238,2633,Vanderbilt Commodores,Tennessee Volunteers,75,68,57.0,26.0,13.0,6.0,64.0,26.0,23.0,9.0
401851567,2026-03-13,2026,1,40,333,145,Alabama Crimson Tide,Ole Miss Rebels,79,80,64.0,25.0,8.0,5.0,67.0,15.0,9.0,9.0
401851568,2026-03-13,2026,1,40,8,201,Arkansas Razorbacks,Oklahoma Sooners,82,79,64.0,22.0,13.0,7.0,65.0,20.0,11.0,8.0
401851722,2026-03-13,2026,1,40,2010,2504,Alabama A&M Bulldogs,Prairie View A&M Panthers,55,74,54.0,24.0,12.0,10.0,50.0,25.0,6.0,7.0
401851723,2026-03-13,2026,1,40,50,2582,Florida A&M Rattlers,Southern Jaguars,70,73,50.0,20.0,6.0,18.0,68.0,10.0,13.0,12.0
401851736,2026-03-13,2026,1,40,3084,250,Utah Valley Wolverines,UT Arlington Mavericks,67,65,46.0,26.0,9.0,13.0,49.0,24.0,9.0,11.0
401851738,2026-03-13,2026,1,40,2856,3101,California Baptist Lancers,Utah Tech Trailblazers,86,72,64.0,16.0,13.0,12.0,56.0,15.0,7.0,14.0
401858190,2026-03-13,2026,1,40,2649,113,Toledo Rockets,Massachusetts Minutemen,77,67,54.0,14.0,3.0,12.0,63.0,21.0,14.0,12.0
401858191,2026-03-13,2026,1,40,2006,2309,Akron Zips,Kent State Golden Flashes,75,68,57.0,27.0,10.0,9.0,68.0,25.0,21.0,9.0
401851183,2026-03-14,2026,1,40,150,258,Duke Blue Devils,Virginia Cavaliers,74,70,65.0,20.0,20.0,9.0,54.0,16.0,10.0,12.0
401851206,2026-03-14,2026,0,40,2378,261,UMBC Retrievers,Vermont Catamounts,74,59,51.0,26.0,8.0,9.0,59.0,10.0,8.0,8.0
401851227,2026-03-14,2026,1,40,58,2429,South Florida Bulls,Charlotte 49ers,86,64,69.0,13.0,17.0,11.0,56.0,28.0,15.0,14.0
401851228,2026-03-14,2026,1,40,2724,202,Wichita State Shockers,Tulsa Golden Hurricane,81,68,59.0,18.0,13.0,10.0,63.0,15.0,14.0,9.0
401851275,2026-03-14,2026,1,40,139,2168,Saint Louis Billikens,Dayton Flyers,69,70,51.0,17.0,7.0,18.0,55.0,29.0,10.0,8.0
401851276,2026-03-14,2026,1,40,2670,2603,VCU Rams,Saint Joseph's Hawks,77,64,64.0,14.0,12.0,7.0,67.0,5.0,14.0,9.0
401851306,2026-03-14,2026,1,40,12,248,Arizona Wildcats,Houston Cougars,79,74,54.0,27.0,9.0,8.0,64.0,14.0,13.0,8.0
401851317,2026-03-14,2026,0,40,2599,41,St. John's Red Storm,UConn Huskies,72,52,56.0,17.0,8.0,8.0,56.0,14.0,17.0,16.0
401851384,2026-03-14,2026,1,40,130,275,Michigan Wolverines,Wisconsin Badgers,68,65,58.0,12.0,10.0,14.0,61.0,5.0,7.0,11.0
401851386,2026-03-14,2026,1,40,26,2509,UCLA Bruins,Purdue Boilermakers,66,73,57.0,11.0,9.0,6.0,54.0,19.0,13.0,10.0
401851398,2026-03-14,2026,1,40,300,62,UC Irvine Anteaters,Hawai'i Rainbow Warriors,64,71,61.0,17.0,13.0,15.0,66.0,15.0,17.0,14.0
401851415,2026-03-14,2026,1,40,2348,338,Louisiana Tech Bulldogs,Kennesaw State Owls,60,71,72.0,19.0,23.0,8.0,58.0,23.0,14.0,8.0
401851435,2026-03-14,2026,1,40,43,172,Yale Bulldogs,Cornell Big Red,88,76,64.0,14.0,16.0,7.0,69.0,8.0,19.0,6.0
401851436,2026-03-14,2026,1,45,108,219,Harvard Crimson,Pennsylvania Quakers,60,62,62.0,2.0,11.0,17.0,65.0,8.0,6.0,8.0
401851477,2026-03-14,2026,1,40,47,2428,Howard Bison,North Carolina Central Eagles,70,63,52.0,35.0,16.0,10.0,50.0,23.0,12.0,13.0
401851505,2026-03-14,2026,1,40,328,21,Utah State Aggies,San Diego State Aztecs,73,62,65.0,13.0,11.0,6.0,49.0,24.0,10.0,14.0
401851569,2026-03-14,2026,1,40,57,238,Florida Gators,Vanderbilt Commodores,74,91,57.0,23.0,20.0,14.0,55.0,23.0,8.0,8.0
401851570,2026-03-14,2026,1,45,8,145,Arkansas Razorbacks,Ole Miss Rebels,93,90,69.0,31.0,16.0,9.0,70.0,14.0,9.0,11.0
401851726,2026-03-14,2026,1,40,2582,2504,Southern Jaguars,Prairie View A&M Panthers,66,72,62.0,19.0,16.0,11.0,60.0,12.0,10.0,10.0
401851739,2026-03-14,2026,1,40,3084,2856,Utah Valley Wolverines,California Baptist Lancers,61,63,50.0,24.0,9.0,14.0,58.0,11.0,10.0,13.0
401858192,2026-03-14,2026,1,40,2006,2649,Akron Zips,Toledo Rockets,79,76,71.0,9.0,14.0,8.0,56.0,13.0,6.0,11.0
401851229,2026-03-15,2026,1,40,58,2724,South Florida Bulls,Wichita State Shockers,70,55,61.0,23.0,13.0,10.0,56.0,20.0,12.0,14.0
401851277,2026-03-15,2026,1,40,2670,2168,VCU Rams,Dayton Flyers,70,62,57.0,19.0,6.0,5.0,53.0,17.0,8.0,11.0
401851388,2026-03-15,2026,1,40,130,2509,Michigan Wolverines,Purdue Boilermakers,72,80,64.0,6.0,11.0,7.0,57.0,22.0,7.0,2.0
401851437,2026-03-15,2026,1,45,43,219,Yale Bulldogs,Pennsylvania Quakers,84,88,71.0,17.0,17.0,9.0,64.0,16.0,11.0,13.0
401851571,2026-03-15,2026,1,40,8,238,Arkansas Razorbacks,Vanderbilt Commodores,86,75,58.0,15.0,5.0,10.0,66.0,15.0,10.0,7.0
401856434,2026-03-17,2026,1,40,152,251,NC State Wolfpack,Texas Longhorns,66,68,59.0,18.0,7.0,7.0,57.0,29.0,15.0,12.0
401856435,2026-03-17,2026,1,40,47,2378,Howard Bison,UMBC Retrievers,86,83,61.0,25.0,12.0,8.0,56.0,24.0,6.0,9.0
401858193,2026-03-17,2026,0,40,2,6,Auburn Tigers,South Alabama Jaguars,78,67,61.0,17.0,13.0,9.0,60.0,11.0,7.0,5.0
401858194,2026-03-17,2026,0,40,2547,2900,Seattle U Redhawks,St. Thomas Tommies,67,52,54.0,22.0,5.0,11.0,56.0,8.0,11.0,21.0
401858195,2026-03-17,2026,0,40,2244,2335,George Mason Patriots,Liberty Flames,71,77,59.0,24.0,15.0,8.0,55.0,20.0,8.0,6.0
401858196,2026-03-17,2026,0,45,202,2617,Tulsa Golden Hurricane,Stephen F. Austin Lumberjacks,89,84,67.0,41.0,22.0,14.0,70.0,16.0,13.0,14.0
401858197,2026-03-17,2026,0,40,300,2439,UC Irvine Anteaters,UNLV Rebels,72,75,62.0,25.0,11.0,11.0,54.0,13.0,6.0,20.0
401858338,2026-03-17,2026,0,40,2724,2751,Wichita State Shockers,Wyoming Cowboys,74,70,65.0,23.0,17.0,15.0,65.0,20.0,9.0,10.0
401858339,2026-03-17,2026,0,40,197,2166,Oklahoma State Cowboys,Davidson Wildcats,84,80,56.0,30.0,5.0,8.0,70.0,7.0,6.0,6.0
401858340,2026-03-17,2026,0,40,43,350,Yale Bulldogs,UNC Wilmington Seahawks,67,68,67.0,22.0,20.0,8.0,69.0,14.0,19.0,8.0
401856436,2026-03-18,2026,1,40,2567,193,SMU Mustangs,Miami (OH) RedHawks,79,89,65.0,15.0,12.0,6.0,64.0,22.0,12.0,4.0
401856437,2026-03-18,2026,1,40,2329,2504,Lehigh Mountain Hawks,Prairie View A&M Panthers,55,67,58.0,12.0,14.0,16.0,57.0,12.0,7.0,9.0
401858341,2026-03-18,2026,0,40,2440,93,Nevada Wolf Pack,Murray State Racers,89,75,73.0,9.0,11.0,5.0,59.0,13.0,7.0,15.0
401858342,2026-03-18,2026,0,40,167,2534,New Mexico Lobos,Sam Houston Bearkats,107,83,74.0,20.0,13.0,5.0,68.0,18.0,14.0,14.0
401858343,2026-03-18,2026,0,40,3084,45,Utah Valley Wolverines,George Washington Revolutionaries,78,79,58.0,23.0,13.0,12.0,53.0,19.0,9.0,17.0
401858344,2026-03-18,2026,0,40,154,2426,Wake Forest Demon Deacons,Navy Midshipmen,82,72,56.0,21.0,14.0,13.0,65.0,13.0,15.0,11.0
401858345,2026-03-18,2026,0,40,2287,2309,Illinois State Redbirds,Kent State Golden Flashes,79,58,64.0,18.0,8.0,4.0,64.0,12.0,10.0,10.0
401858346,2026-03-18,2026,0,40,71,2168,Bradley Braves,Dayton Flyers,66,80,51.0,14.0,9.0,10.0,48.0,25.0,3.0,4.0
401858347,2026-03-18,2026,0,40,25,82,California Golden Bears,UIC Flames,91,73,57.0,12.0,7.0,16.0,57.0,16.0,8.0,14.0
401858348,2026-03-18,2026,0,40,36,2603,Colorado State Rams,Saint Joseph's Hawks,64,69,58.0,20.0,12.0,11.0,58.0,20.0,14.0,14.0
401856478,2026-03-19,2026,1,40,150,2561,Duke Blue Devils,Siena Saints,71,65,59.0,21.0,16.0,8.0,65.0,6.0,11.0,6.0
401856479,2026-03-19,2026,1,40,194,2628,Ohio State Buckeyes,TCU Horned Frogs,64,66,57.0,11.0,6.0,7.0,60.0,14.0,12.0,7.0
401856480,2026-03-19,2026,1,40,275,2272,Wisconsin Badgers,High Point Panthers,82,83,65.0,12.0,6.0,10.0,74.0,9.0,13.0,6.0
401856481,2026-03-19,2026,1,40,8,62,Arkansas Razorbacks,Hawai'i Rainbow Warriors,97,78,72.0,17.0,12.0,10.0,69.0,11.0,11.0,12.0
401856482,2026-03-19,2026,1,40,97,58,Louisville Cardinals,South Florida Bulls,83,79,52.0,25.0,11.0,22.0,77.0,16.0,18.0,9.0
401856483,2026-03-19,2026,1,40,127,2449,Michigan State Spartans,North Dakota State Bison,92,67,56.0,18.0,4.0,12.0,57.0,17.0,4.0,12.0
401856484,2026-03-19,2026,1,40,252,251,BYU Cougars,Texas Longhorns,71,79,56.0,24.0,8.0,7.0,66.0,18.0,16.0,9.0
401856485,2026-03-19,2026,1,40,2250,338,Gonzaga Bulldogs,Kennesaw State Owls,73,64,63.0,23.0,16.0,10.0,58.0,26.0,11.0,11.0
401856486,2026-03-19,2026,1,40,130,47,Michigan Wolverines,Howard Bison,101,80,55.0,20.0,4.0,10.0,63.0,17.0,7.0,8.0
401856487,2026-03-19,2026,1,40,61,139,Georgia Bulldogs,Saint Louis Billikens,77,102,72.0,26.0,15.0,11.0,72.0,11.0,11.0,13.0
401856488,2026-03-19,2026,1,40,238,2377,Vanderbilt Commodores,McNeese Cowboys,78,68,51.0,20.0,9.0,13.0,69.0,9.0,16.0,6.0
401856489,2026-03-19,2026,1,40,158,2653,Nebraska Cornhuskers,Troy Trojans,76,47,65.0,6.0,13.0,6.0,46.0,14.0,9.0,17.0
401856490,2026-03-19,2026,1,45,153,2670,North Carolina Tar Heels,VCU Rams,78,82,70.0,20.0,11.0,8.0,66.0,16.0,7.0,10.0
401856491,2026-03-19,2026,1,40,356,219,Illinois Fighting Illini,Pennsylvania Quakers,105,70,74.0,21.0,20.0,3.0,67.0,2.0,7.0,8.0
401856492,2026-03-19,2026,1,40,2608,245,Saint Mary's Gaels,Texas A&M Aggies,50,63,47.0,11.0,11.0,18.0,52.0,13.0,9.0,10.0
401856493,2026-03-19,2026,1,40,248,70,Houston Cougars,Idaho Vandals,78,47,62.0,11.0,8.0,7.0,56.0,15.0,7.0,9.0
401856494,2026-03-20,2026,1,40,2599,2460,St. John's Red Storm,Northern Iowa Panthers,79,53,57.0,22.0,12.0,8.0,57.0,12.0,6.0,6.0
401856495,2026-03-20,2026,1,40,2305,2856,Kansas Jayhawks,California Baptist Lancers,68,60,65.0,14.0,10.0,8.0,64.0,19.0,12.0,8.0
401856496,2026-03-20,2026,1,40,26,2116,UCLA Bruins,UCF Knights,75,71,68.0,18.0,15.0,8.0,72.0,16.0,25.0,17.0
401856497,2026-03-20,2026,1,40,41,231,UConn Huskies,Furman Paladins,82,71,65.0,18.0,18.0,9.0,47.0,26.0,4.0,11.0
401856518,2026-03-20,2026,1,40,2390,142,Miami Hurricanes,Missouri Tigers,80,66,60.0,29.0,16.0,9.0,57.0,18.0,7.0,9.0
401856519,2026-03-20,2026,1,40,2509,2511,Purdue Boilermakers,Queens University Royals,104,71,65.0,12.0,15.0,12.0,65.0,5.0,8.0,8.0
401856520,2026-03-20,2026,1,40,2641,2006,Texas Tech Red Raiders,Akron Zips,91,71,53.0,19.0,7.0,10.0,58.0,20.0,11.0,9.0
401856521,2026-03-20,2026,1,40,333,2275,Alabama Crimson Tide,Hofstra Pride,90,70,67.0,19.0,17.0,10.0,69.0,5.0,13.0,12.0
401856522,2026-03-20,2026,1,40,228,2294,Clemson Tigers,Iowa Hawkeyes,61,67,54.0,12.0,10.0,3.0,47.0,31.0,15.0,8.0
401856523,2026-03-20,2026,1,40,57,2504,Florida Gators,Prairie View A&M Panthers,114,55,70.0,18.0,16.0,7.0,63.0,17.0,9.0,7.0
401856524,2026-03-20,2026,1,40,66,2634,Iowa State Cyclones,Tennessee State Tigers,108,74,72.0,27.0,18.0,11.0,65.0,19.0,11.0,16.0
401856525,2026-03-20,2026,1,45,96,2541,Kentucky Wildcats,Santa Clara Broncos,89,84,63.0,21.0,9.0,11.0,73.0,13.0,12.0,7.0
401856526,2026-03-20,2026,1,40,258,2750,Virginia Cavaliers,Wright State Raiders,82,73,54.0,14.0,10.0,14.0,61.0,11.0,8.0,7.0
401856527,2026-03-20,2026,1,40,2633,193,Tennessee Volunteers,Miami (OH) RedHawks,78,56,59.0,10.0,13.0,16.0,54.0,14.0,8.0,12.0
401856528,2026-03-20,2026,1,40,222,328,Villanova Wildcats,Utah State Aggies,76,86,63.0,13.0,10.0,9.0,51.0,36.0,9.0,9.0
401856529,2026-03-20,2026,1,40,12,112358,Arizona Wildcats,Long Island University Sharks,92,58,60.0,33.0,16.0,10.0,68.0,10.0,12.0,11.0
401856530,2026-03-21,2026,1,40,150,2628,Duke Blue Devils,TCU Horned Frogs,81,58,49.0,23.0,9.0,17.0,69.0,10.0,11.0,8.0
401856531,2026-03-21,2026,1,40,127,97,Michigan State Spartans,Louisville Cardinals,77,69,55.0,19.0,11.0,15.0,63.0,6.0,11.0,11.0
401856532,2026-03-21,2026,1,40,130,139,Michigan Wolverines,Saint Louis Billikens,95,72,61.0,23.0,11.0,9.0,61.0,15.0,5.0,8.0
401856533,2026-03-21,2026,1,40,356,2670,Illinois Fighting Illini,VCU Rams,76,55,58.0,17.0,12.0,11.0,66.0,6.0,12.0,10.0
401856534,2026-03-21,2026,1,40,158,238,Nebraska Cornhuskers,Vanderbilt Commodores,74,72,52.0,10.0,5.0,12.0,58.0,19.0,11.0,8.0
401856535,2026-03-21,2026,1,40,248,245,Houston Cougars,Texas A&M Aggies,88,57,68.0,25.0,19.0,7.0,52.0,19.0,9.0,11.0
401856536,2026-03-21,2026,1,40,8,2272,Arkansas Razorbacks,High Point Panthers,94,88,68.0,20.0,8.0,7.0,75.0,11.0,11.0,9.0
401856537,2026-03-21,2026,1,40,2250,251,Gonzaga Bulldogs,Texas Longhorns,68,74,60.0,12.0,9.0,7.0,60.0,9.0,5.0,5.0
401858349,2026-03-21,2026,0,40,2440,2335,Nevada Wolf Pack,Liberty Flames,73,63,54.0,20.0,12.0,10.0,57.0,16.0,6.0,4.0
401858350,2026-03-21,2026,0,40,350,2168,UNC Wilmington Seahawks,Dayton Flyers,61,80,57.0,16.0,10.0,9.0,56.0,16.0,11.0,11.0
401856558,2026-03-22,2026,1,40,2305,2599,Kansas Jayhawks,St. John's Red Storm,65,67,54.0,17.0,9.0,16.0,69.0,11.0,11.0,8.0
401856559,2026-03-22,2026,1,40,41,26,UConn Huskies,UCLA Bruins,73,57,49.0,21.0,11.0,16.0,49.0,21.0,8.0,11.0
401856560,2026-03-22,2026,1,40,333,2641,Alabama Crimson Tide,Texas Tech Red Raiders,90,65,68.0,15.0,18.0,13.0,61.0,24.0,14.0,10.0
401856561,2026-03-22,2026,1,40,66,96,Iowa State Cyclones,Kentucky Wildcats,82,63,61.0,24.0,9.0,7.0,45.0,17.0,5.0,20.0
401856562,2026-03-22,2026,1,40,258,2633,Virginia Cavaliers,Tennessee Volunteers,72,79,69.0,11.0,16.0,7.0,55.0,25.0,11.0,10.0
401856563,2026-03-22,2026,1,40,57,2294,Florida Gators,Iowa Hawkeyes,72,73,46.0,27.0,9.0,11.0,51.0,22.0,10.0,10.0
401856564,2026-03-22,2026,1,40,2509,2390,Purdue Boilermakers,Miami Hurricanes,79,69,47.0,22.0,4.0,12.0,63.0,10.0,14.0,12.0
401856565,2026-03-22,2026,1,40,12,328,Arizona Wildcats,Utah State Aggies,78,66,56.0,39.0,22.0,11.0,64.0,11.0,8.0,4.0
401858351,2026-03-22,2026,0,40,2,2547,Auburn Tigers,Seattle U Redhawks,91,85,58.0,32.0,10.0,10.0,60.0,11.0,1.0,8.0
401858352,2026-03-22,2026,0,40,154,2287,Wake Forest Demon Deacons,Illinois State Redbirds,75,78,56.0,21.0,8.0,11.0,61.0,21.0,10.0,9.0
401858353,2026-03-22,2026,0,40,167,45,New Mexico Lobos,George Washington Revolutionaries,86,61,65.0,20.0,15.0,9.0,62.0,9.0,12.0,14.0
401858354,2026-03-22,2026,0,40,25,2603,California Golden Bears,Saint Joseph's Hawks,75,76,67.0,12.0,12.0,8.0,68.0,13.0,16.0,9.0
401858355,2026-03-22,2026,0,40,202,2439,Tulsa Golden Hurricane,UNLV Rebels,77,66,58.0,22.0,18.0,15.0,59.0,13.0,6.0,7.0
401858356,2026-03-22,2026,0,40,197,2724,Oklahoma State Cowboys,Wichita State Shockers,70,96,65.0,18.0,11.0,11.0,73.0,16.0,14.0,7.0
401858357,2026-03-24,2026,0,40,202,2724,Tulsa Golden Hurricane,Wichita State Shockers,83,79,65.0,24.0,11.0,9.0,64.0,31.0,13.0,10.0
401858358,2026-03-24,2026,0,40,167,2603,New Mexico Lobos,Saint Joseph's Hawks,84,69,59.0,28.0,7.0,10.0,65.0,11.0,8.0,10.0
401858359,2026-03-25,2026,0,40,2168,2287,Dayton Flyers,Illinois State Redbirds,55,61,,,,,,,,
401858360,2026-03-25,2026,0,40,2,2440,Auburn Tigers,Nevada Wolf Pack,75,69,61.0,14.0,11.0,7.0,54.0,17.0,9.0,12.0
401856566,2026-03-26,2026,1,40,248,356,Houston Cougars,Illinois Fighting Illini,55,65,64.0,2.0,11.0,5.0,51.0,21.0,12.0,9.0
401856567,2026-03-26,2026,1,40,158,2294,Nebraska Cornhuskers,Iowa Hawkeyes,71,77,58.0,11.0,12.0,10.0,52.0,12.0,3.0,5.0
401856568,2026-03-26,2026,1,40,2509,251,Purdue Boilermakers,Texas Longhorns,79,77,62.0,20.0,12.0,4.0,56.0,15.0,12.0,7.0
401856569,2026-03-26,2026,1,40,12,8,Arizona Wildcats,Arkansas Razorbacks,109,88,58.0,39.0,6.0,12.0,65.0,26.0,9.0,9.0
401856570,2026-03-27,2026,1,40,150,2599,Duke Blue Devils,St. John's Red Storm,80,75,56.0,24.0,12.0,9.0,64.0,8.0,10.0,6.0
401856571,2026-03-27,2026,1,40,41,127,UConn Huskies,Michigan State Spartans,67,63,52.0,16.0,6.0,10.0,58.0,18.0,13.0,10.0
401856572,2026-03-27,2026,1,40,130,333,Michigan Wolverines,Alabama Crimson Tide,90,77,66.0,20.0,13.0,8.0,69.0,14.0,11.0,7.0
401856573,2026-03-27,2026,1,40,66,2633,Iowa State Cyclones,Tennessee Volunteers,62,76,54.0,25.0,8.0,11.0,59.0,15.0,16.0,17.0
401856574,2026-03-28,2026,1,40,356,2294,Illinois Fighting Illini,Iowa Hawkeyes,71,59,53.0,21.0,16.0,8.0,47.0,14.0,8.0,9.0
401856575,2026-03-28,2026,1,40,12,2509,Arizona Wildcats,Purdue Boilermakers,79,64,58.0,22.0,10.0,6.0,63.0,13.0,14.0,11.0
401856576,2026-03-29,2026,1,40,130,2633,Michigan Wolverines,Tennessee Volunteers,95,62,56.0,37.0,8.0,11.0,76.0,17.0,19.0,9.0
401856577,2026-03-29,2026,1,40,150,41,Duke Blue Devils,UConn Huskies,72,73,48.0,22.0,10.0,13.0,64.0,17.0,13.0,5.0
401858379,2026-04-01,2026,1,45,38,201,Colorado Buffaloes,Oklahoma Sooners,86,90,60.0,39.0,11.0,15.0,71.0,32.0,12.0,9.0
401858380,2026-04-01,2026,1,40,135,239,Minnesota Golden Gophers,Baylor Bears,48,67,49.0,15.0,5.0,8.0,58.0,8.0,7.0,5.0
401858361,2026-04-02,2026,1,40,167,202,New Mexico Lobos,Tulsa Golden Hurricane,69,74,68.0,18.0,14.0,10.0,58.0,18.0,11.0,14.0
401858362,2026-04-02,2026,1,40,2,2287,Auburn Tigers,Illinois State Redbirds,88,66,56.0,11.0,7.0,9.0,54.0,7.0,10.0,18.0
401858381,2026-04-02,2026,1,45,277,24,West Virginia Mountaineers,Stanford Cardinal,82,77,65.0,26.0,9.0,6.0,69.0,20.0,16.0,10.0
401858382,2026-04-02,2026,1,40,156,164,Creighton Bluejays,Rutgers Scarlet Knights,82,69,59.0,24.0,8.0,13.0,65.0,26.0,12.0,8.0
401856598,2026-04-04,2026,1,40,41,356,UConn Huskies,Illinois Fighting Illini,71,62,62.0,17.0,10.0,4.0,56.0,23.0,12.0,8.0
401856599,2026-04-04,2026,1,40,12,130,Arizona Wildcats,Michigan Wolverines,73,91,71.0,22.0,18.0,14.0,69.0,16.0,11.0,13.0
401858383,2026-04-04,2026,1,40,239,201,Baylor Bears,Oklahoma Sooners,69,82,62.0,20.0,13.0,12.0,60.0,16.0,6.0,8.0
401858384,2026-04-04,2026,1,40,156,277,Creighton Bluejays,West Virginia Mountaineers,70,87,53.0,23.0,3.0,7.0,66.0,11.0,8.0,4.0
401858363,2026-04-05,2026,1,45,2,202,Auburn Tigers,Tulsa Golden Hurricane,92,86,67.0,28.0,13.0,13.0,62.0,32.0,8.0,14.0
401858385,2026-04-05,2026,1,45,277,201,West Virginia Mountaineers,Oklahoma Sooners,89,82,60.0,23.0,11.0,11.0,60.0,12.0,7.0,14.0
401856600,2026-04-06,2026,1,40,130,41,Michigan Wolverines,UConn Huskies,69,63,55.0,28.0,12.0,10.0,68.0,16.0,22.0,11.0
