game_id,provider,close_spread_home,close_total,open_spread_home,open_total,home_spread_odds,away_spread_odds,over_odds,under_odds
401808890,,,,,,,,,
401808948,,,,,,,,,
401809073,,,,,,,,,
401809413,,,,,,,,,
401811101,,,,,,,,,
401811965,,,,,,,,,
401812260,,,,,,,,,
401812282,,,,,,,,,
401812350,,,,,,,,,
401812379,,,,,,,,,
401812625,,,,,,,,,
401812642,,,,,,,,,
401812659,,,,,,,,,
401812785,,,,,,,,,
401812916,,,,,,,,,
401813272,,,,,,,,,
401813319,,,,,,,,,
401813345,,,,,,,,,
401813373,,,,,,,,,
401813756,,,,,,,,,
401817141,,,,,,,,,
401817153,,,,,,,,,
401817163,,,,,,,,,
401817182,,,,,,,,,
401817194,,,,,,,,,
401817211,,,,,,,,,
401817218,,,,,,,,,
401817239,,,,,,,,,
401817252,,,,,,,,,
401817262,,,,,,,,,
401817441,,,,,,,,,
401817452,,,,,,,,,
401817476,,,,,,,,,
401817517,,,,,,,,,
401817527,,,,,,,,,
401819823,,,,,,,,,
401819834,,,,,,,,,
401819842,,,,,,,,,
401819860,,,,,,,,,
401819882,,,,,,,,,
401819905,,,,,,,,,
401820149,,,,,,,,,
401820182,,,,,,,,,
401820209,,,,,,,,,
401820296,,,,,,,,,
401820484,,,,,,,,,
401820577,,,,,,,,,
401820595,,,,,,,,,
401820613,,,,,,,,,
401820796,,,,,,,,,
401822308,,,,,,,,,
401822317,,,,,,,,,
401822339,,,,,,,,,
401822666,,,,,,,,,
401822728,,,,,,,,,
401822734,,,,,,,,,
401822757,,,,,,,,,
401823008,,,,,,,,,
401823020,,,,,,,,,
401823187,,,,,,,,,
401823213,,,,,,,,,
401823224,,,,,,,,,
401823255,,,,,,,,,
401823330,,,,,,,,,
401823358,,,,,,,,,
401823367,,,,,,,,,
401823374,,,,,,,,,
401823381,,,,,,,,,
401823391,,,,,,,,,
401823407,,,,,,,,,
401823415,,,,,,,,,
401823425,,,,,,,,,
401823449,,,,,,,,,
401823454,,,,,,,,,
401823460,,,,,,,,,
401823468,,,,,,,,,
401823474,,,,,,,,,
401823483,,,,,,,,,
401823508,,,,,,,,,
401823513,,,,,,,,,
401823521,,,,,,,,,
401823530,,,,,,,,,
401823588,,,,,,,,,
401823756,,,,,,,,,
401823807,,,,,,,,,
401823813,,,,,,,,,
401823864,,,,,,,,,
401824031,,,,,,,,,
401824037,,,,,,,,,
401824054,,,,,,,,,
401824068,,,,,,,,,
401824087,,,,,,,,,
401824125,,,,,,,,,
401824356,,,,,,,,,
401824809,,,,,,,,,
401824823,,,,,,,,,
401824867,,,,,,,,,
401824943,,,,,,,,,
401824946,,,,,,,,,
401825381,,,,,,,,,
401825586,,,,,,,,,
401826041,,,,,,,,,
401826068,,,,,,,,,
401826083,,,,,,,,,
401826085,,,,,,,,,
401826697,,,,,,,,,
401826724,,,,,,,,,
401826760,,,,,,,,,
401826766,,,,,,,,,
401826784,,,,,,,,,
401826792,,,,,,,,,
401826812,,,,,,,,,
401826842,,,,,,,,,
401826850,,,,,,,,,
401826855,,,,,,,,,
401826859,,,,,,,,,
401826885,,,,,,,,,
401826891,,,,,,,,,
401826906,,,,,,,,,
401826911,,,,,,,,,
401826917,,,,,,,,,
401826930,,,,,,,,,
401826967,,,,,,,,,
401826991,,,,,,,,,
401827039,,,,,,,,,
401827087,,,,,,,,,
401827127,,,,,,,,,
401827170,,,,,,,,,
401827171,,,,,,,,,
401827219,,,,,,,,,
401827261,,,,,,,,,
401827274,,,,,,,,,
401827439,,,,,,,,,
401827448,,,,,,,,,
401827503,,,,,,,,,
401827511,,,,,,,,,
401827734,,,,,,,,,
401827910,,,,,,,,,
401828274,,,,,,,,,
401828281,,,,,,,,,
401828287,,,,,,,,,
401828306,,,,,,,,,
401828330,,,,,,,,,
401828335,,,,,,,,,
401828469,,,,,,,,,
401828472,,,,,,,,,
401828511,,,,,,,,,
401828575,,,,,,,,,
401828642,,,,,,,,,
401828718,,,,,,,,,
401828916,,,,,,,,,
401828922,,,,,,,,,
401829042,,,,,,,,,
401829048,,,,,,,,,
401829052,,,,,,,,,
401829384,,,,,,,,,
401829423,,,,,,,,,
401829426,,,,,,,,,
401829429,,,,,,,,,
401829437,,,,,,,,,
401829442,,,,,,,,,
401829447,,,,,,,,,
401829451,,,,,,,,,
401829471,,,,,,,,,
401829477,,,,,,,,,
401829496,,,,,,,,,
401830113,,,,,,,,,
401830627,,,,,,,,,
401830655,,,,,,,,,
401813286,,,,,,,,,
401813397,,,,,,,,,
401817228,,,,,,,,,
401817464,,,,,,,,,
401819813,,,,,,,,,
401819888,,,,,,,,,
401819898,,,,,,,,,
401820395,,,,,,,,,
401820806,,,,,,,,,
401822165,,,,,,,,,
401822329,,,,,,,,,
401823304,,,,,,,,,
401823321,,,,,,,,,
401823398,,,,,,,,,
401823553,,,,,,,,,
401823724,,,,,,,,,
401823857,,,,,,,,,
401824110,,,,,,,,,
401824118,,,,,,,,,
401824860,,,,,,,,,
401824884,,,,,,,,,
401824895,,,,,,,,,
401825185,,,,,,,,,
401826052,,,,,,,,,
401826705,,,,,,,,,
401826746,,,,,,,,,
401826803,,,,,,,,,
401826879,,,,,,,,,
401826895,,,,,,,,,
401826926,,,,,,,,,
401826946,,,,,,,,,
401827525,,,,,,,,,
401828553,,,,,,,,,
401829341,,,,,,,,,
401830409,,,,,,,,,
401830629,,,,,,,,,
401811102,,,,,,,,,
401812626,,,,,,,,,
401817172,,,,,,,,,
401820604,,,,,,,,,
401820822,,,,,,,,,
401822176,,,,,,,,,
401822993,,,,,,,,,
401823021,,,,,,,,,
401823036,,,,,,,,,
401823351,,,,,,,,,
401823450,,,,,,,,,
401823484,,,,,,,,,
401823499,,,,,,,,,
401824022,,,,,,,,,
401824061,,,,,,,,,
401825576,,,,,,,,,
401826086,,,,,,,,,
401826731,,,,,,,,,
401826767,,,,,,,,,
401826837,,,,,,,,,
401826937,,,,,,,,,
401826995,,,,,,,,,
401827040,,,,,,,,,
401827058,,,,,,,,,
401827172,,,,,,,,,
401827212,,,,,,,,,
401827517,,,,,,,,,
401828288,,,,,,,,,
401828719,,,,,,,,,
401829411,,,,,,,,,
401829495,,,,,,,,,
401830318,,,,,,,,,
401830341,,,,,,,,,
401830411,,,,,,,,,
401831374,,,,,,,,,
401809414,,,,,,,,,
401812250,,,,,,,,,
401812333,,,,,,,,,
401812351,,,,,,,,,
401812643,,,,,,,,,
401813253,,,,,,,,,
401813273,,,,,,,,,
401813346,,,,,,,,,
401817154,,,,,,,,,
401817183,,,,,,,,,
401817212,,,,,,,,,
401817219,,,,,,,,,
401817240,,,,,,,,,
401817453,,,,,,,,,
401819871,,,,,,,,,
401819915,,,,,,,,,
401820183,,,,,,,,,
401820541,,,,,,,,,
401820837,,,,,,,,,
401822370,,,,,,,,,
401823340,,,,,,,,,
401823399,,,,,,,,,
401823416,,,,,,,,,
401823441,,,,,,,,,
401823475,,,,,,,,,
401823522,,,,,,,,,
401823550,,,,,,,,,
401824088,,,,,,,,,
401826042,,,,,,,,,
401826738,,,,,,,,,
401826757,,,,,,,,,
401827003,,,,,,,,,
401827256,,,,,,,,,
401827484,,,,,,,,,
401827521,,,,,,,,,
401828275,,,,,,,,,
401828543,,,,,,,,,
401828913,,,,,,,,,
401829053,,,,,,,,,
401829414,,,,,,,,,
401829472,,,,,,,,,
401829497,,,,,,,,,
401829685,,,,,,,,,
401830236,,,,,,,,,
401808949,,,,,,,,,
401809074,,,,,,,,,
401812573,,,,,,,,,
401812599,,,,,,,,,
401812786,,,,,,,,,
401812917,,,,,,,,,
401813445,,,,,,,,,
401813757,,,,,,,,,
401817132,,,,,,,,,
401817164,,,,,,,,,
401817253,,,,,,,,,
401817263,,,,,,,,,
401817442,,,,,,,,,
401817487,,,,,,,,,
401817528,,,,,,,,,
401818298,,,,,,,,,
401818367,,,,,,,,,
401818547,,,,,,,,,
401819843,,,,,,,,,
401819899,,,,,,,,,
401820614,,,,,,,,,
401820797,,,,,,,,,
401822166,,,,,,,,,
401822318,,,,,,,,,
401822330,,,,,,,,,
401822366,,,,,,,,,
401822724,,,,,,,,,
401822735,,,,,,,,,
401823002,,,,,,,,,
401823009,,,,,,,,,
401823225,,,,,,,,,
401823352,,,,,,,,,
401823392,,,,,,,,,
401823426,,,,,,,,,
401823461,,,,,,,,,
401823509,,,,,,,,,
401823514,,,,,,,,,
401823531,,,,,,,,,
401823554,,,,,,,,,
401823647,,,,,,,,,
401824023,,,,,,,,,
401824055,,,,,,,,,
401824119,,,,,,,,,
401824134,,,,,,,,,
401824302,,,,,,,,,
401824357,,,,,,,,,
401824868,,,,,,,,,
401824945,,,,,,,,,
401825204,,,,,,,,,
401825382,,,,,,,,,
401825587,,,,,,,,,
401826069,,,,,,,,,
401826698,,,,,,,,,
401826706,,,,,,,,,
401826804,,,,,,,,,
401826860,,,,,,,,,
401826869,,,,,,,,,
401826892,,,,,,,,,
401826918,,,,,,,,,
401826922,,,,,,,,,
401826927,,,,,,,,,
401827273,,,,,,,,,
401827449,,,,,,,,,
401828301,,,,,,,,,
401828473,,,,,,,,,
401828492,,,,,,,,,
401828495,,,,,,,,,
401828911,,,,,,,,,
401828917,,,,,,,,,
401829277,,,,,,,,,
401829342,,,,,,,,,
401829345,,,,,,,,,
401829430,,,,,,,,,
401829448,,,,,,,,,
401829486,,,,,,,,,
401831071,,,,,,,,,
401811966,,,,,,,,,
401812261,,,,,,,,,
401812283,,,,,,,,,
401812660,,,,,,,,,
401813347,,,,,,,,,
401813374,,,,,,,,,
401813435,,,,,,,,,
401817142,,,,,,,,,
401817173,,,,,,,,,
401817229,,,,,,,,,
401817465,,,,,,,,,
401817477,,,,,,,,,
401817518,,,,,,,,,
401819861,,,,,,,,,
401819889,,,,,,,,,
401819906,,,,,,,,,
401820210,,,,,,,,,
401820396,,,,,,,,,
401820485,,,,,,,,,
401820550,,,,,,,,,
401820596,,,,,,,,,
401820622,,,,,,,,,
401820823,,,,,,,,,
401822177,,,,,,,,,
401822309,,,,,,,,,
401822667,,,,,,,,,
401822729,,,,,,,,,
401822994,,,,,,,,,
401823037,,,,,,,,,
401823188,,,,,,,,,
401823305,,,,,,,,,
401823322,,,,,,,,,
401823382,,,,,,,,,
401823451,,,,,,,,,
401823455,,,,,,,,,
401823469,,,,,,,,,
401823539,,,,,,,,,
401823814,,,,,,,,,
401823865,,,,,,,,,
401824032,,,,,,,,,
401824038,,,,,,,,,
401824062,,,,,,,,,
401824126,,,,,,,,,
401824810,,,,,,,,,
401824824,,,,,,,,,
401824854,,,,,,,,,
401824885,,,,,,,,,
401826725,,,,,,,,,
401826771,,,,,,,,,
401826785,,,,,,,,,
401826793,,,,,,,,,
401826843,,,,,,,,,
401826880,,,,,,,,,
401826907,,,,,,,,,
401826977,,,,,,,,,
401827059,,,,,,,,,
401827233,,,,,,,,,
401827237,,,,,,,,,
401827277,,,,,,,,,
401827504,,,,,,,,,
401827518,,,,,,,,,
401827757,,,,,,,,,
401828336,,,,,,,,,
401828526,,,,,,,,,
401829324,,,,,,,,,
401829412,,,,,,,,,
401829488,,,,,,,,,
401831377,,,,,,,,,
401811103,,,,,,,,,
401812574,,,,,,,,,
401812600,,,,,,,,,
401813254,,,,,,,,,
401813287,,,,,,,,,
401813320,,,,,,,,,
401818548,,,,,,,,,
401819814,,,,,,,,,
401819824,,,,,,,,,
401819916,,,,,,,,,
401820542,,,,,,,,,
401822758,,,,,,,,,
401823022,,,,,,,,,
401823256,,,,,,,,,
401823393,,,,,,,,,
401823417,,,,,,,,,
401823485,,,,,,,,,
401823515,,,,,,,,,
401823555,,,,,,,,,
401823808,,,,,,,,,
401823858,,,,,,,,,
401824089,,,,,,,,,
401824896,,,,,,,,,
401825577,,,,,,,,,
401826732,,,,,,,,,
401826772,,,,,,,,,
401826896,,,,,,,,,
401827088,,,,,,,,,
401827257,,,,,,,,,
401828276,,,,,,,,,
401828296,,,,,,,,,
401828576,,,,,,,,,
401828912,,,,,,,,,
401829390,,,,,,,,,
401808892,,,,,,,,,
401808950,,,,,,,,,
401809415,,,,,,,,,
401812251,,,,,,,,,
401812661,,,,,,,,,
401812787,,,,,,,,,
401813375,,,,,,,,,
401813758,,,,,,,,,
401817184,,,,,,,,,
401817220,,,,,,,,,
401817443,,,,,,,,,
401819872,,,,,,,,,
401820623,,,,,,,,,
401820838,,,,,,,,,
401822310,,,,,,,,,
401823003,,,,,,,,,
401823010,,,,,,,,,
401823189,,,,,,,,,
401823359,,,,,,,,,
401823400,,,,,,,,,
401823462,,,,,,,,,
401823559,,,,,,,,,
401823866,,,,,,,,,
401824135,,,,,,,,,
401824869,,,,,,,,,
401826761,,,,,,,,,
401826829,,,,,,,,,
401826913,,,,,,,,,
401826938,,,,,,,,,
401826968,,,,,,,,,
401827011,,,,,,,,,
401827526,,,,,,,,,
401828307,,,,,,,,,
401828476,,,,,,,,,
401828905,,,,,,,,,
401828914,,,,,,,,,
401829443,,,,,,,,,
401830114,,,,,,,,,
401830124,,,,,,,,,
401830743,,,,,,,,,
401809075,,,,,,,,,
401811097,,,,,,,,,
401812353,,,,,,,,,
401812380,,,,,,,,,
401812575,,,,,,,,,
401812601,,,,,,,,,
401812644,,,,,,,,,
401812918,,,,,,,,,
401813274,,,,,,,,,
401813436,,,,,,,,,
401813446,,,,,,,,,
401817165,,,,,,,,,
401817174,,,,,,,,,
401817230,,,,,,,,,
401817241,,,,,,,,,
401817264,,,,,,,,,
401817433,,,,,,,,,
401817454,,,,,,,,,
401817488,,,,,,,,,
401817529,,,,,,,,,
401818299,,,,,,,,,
401819835,,,,,,,,,
401819883,,,,,,,,,
401820150,,,,,,,,,
401820184,,,,,,,,,
401820397,,,,,,,,,
401820798,,,,,,,,,
401820824,,,,,,,,,
401820831,,,,,,,,,
401822167,,,,,,,,,
401822178,,,,,,,,,
401822319,,,,,,,,,
401823038,,,,,,,,,
401823226,,,,,,,,,
401823257,,,,,,,,,
401823323,,,,,,,,,
401823341,,,,,,,,,
401823368,,,,,,,,,
401823375,,,,,,,,,
401823408,,,,,,,,,
401823427,,,,,,,,,
401823433,,,,,,,,,
401823476,,,,,,,,,
401823523,,,,,,,,,
401823540,,,,,,,,,
401823551,,,,,,,,,
401823563,,,,,,,,,
401823757,,,,,,,,,
401823815,,,,,,,,,
401824039,,,,,,,,,
401824069,,,,,,,,,
401824303,,,,,,,,,
401824825,,,,,,,,,
401824935,,,,,,,,,
401824947,,,,,,,,,
401825588,,,,,,,,,
401826043,,,,,,,,,
401826699,,,,,,,,,
401826707,,,,,,,,,
401826733,,,,,,,,,
401826777,,,,,,,,,
401826797,,,,,,,,,
401826805,,,,,,,,,
401826844,,,,,,,,,
401826851,,,,,,,,,
401826928,,,,,,,,,
401826996,,,,,,,,,
401827066,,,,,,,,,
401827109,,,,,,,,,
401827209,,,,,,,,,
401827216,,,,,,,,,
401827495,,,,,,,,,
401827497,,,,,,,,,
401827512,,,,,,,,,
401828267,,,,,,,,,
401828496,,,,,,,,,
401828720,,,,,,,,,
401828920,,,,,,,,,
401829049,,,,,,,,,
401829385,,,,,,,,,
401829455,,,,,,,,,
401830630,,,,,,,,,
401811104,,,,,,,,,
401812284,,,,,,,,,
401813288,,,,,,,,,
401813321,,,,,,,,,
401813348,,,,,,,,,
401817143,,,,,,,,,
401817195,,,,,,,,,
401817254,,,,,,,,,
401817466,,,,,,,,,
401817519,,,,,,,,,
401818549,,,,,,,,,
401820597,,,,,,,,,
401820605,,,,,,,,,
401820615,,,,,,,,,
401822311,,,,,,,,,
401822331,,,,,,,,,
401822736,,,,,,,,,
401822759,,,,,,,,,
401822995,,,,,,,,,
401823023,,,,,,,,,
401823214,,,,,,,,,
401823306,,,,,,,,,
401823394,,,,,,,,,
401823442,,,,,,,,,
401823500,,,,,,,,,
401823510,,,,,,,,,
401823516,,,,,,,,,
401823809,,,,,,,,,
401824056,,,,,,,,,
401824811,,,,,,,,,
401824848,,,,,,,,,
401824886,,,,,,,,,
401826726,,,,,,,,,
401826758,,,,,,,,,
401826908,,,,,,,,,
401826931,,,,,,,,,
401826939,,,,,,,,,
401826947,,,,,,,,,
401826992,,,,,,,,,
401827004,,,,,,,,,
401827060,,,,,,,,,
401827213,,,,,,,,,
401827234,,,,,,,,,
401827262,,,,,,,,,
401827265,,,,,,,,,
401828282,,,,,,,,,
401828337,,,,,,,,,
401828544,,,,,,,,,
401828734,,,,,,,,,
401828753,,,,,,,,,
401828918,,,,,,,,,
401829346,,,,,,,,,
401829461,,,,,,,,,
401830348,,,,,,,,,
401812262,,,,,,,,,
401817155,,,,,,,,,
401817221,,,,,,,,,
401817444,,,,,,,,,
401818368,,,,,,,,,
401820807,,,,,,,,,
401820839,,,,,,,,,
401823401,,,,,,,,,
401823463,,,,,,,,,
401824861,,,,,,,,,
401826750,,,,,,,,,
401826830,,,,,,,,,
401826856,,,,,,,,,
401826862,,,,,,,,,
401827089,,,,,,,,,
401827220,,,,,,,,,
401827527,,,,,,,,,
401828297,,,,,,,,,
401828331,,,,,,,,,
401828477,,,,,,,,,
401829043,,,,,,,,,
401829413,,,,,,,,,
401829493,,,,,,,,,
401829686,,,,,,,,,
401830421,,,,,,,,,
401831227,,,,,,,,,
401808893,,,,,,,,,
401809076,,,,,,,,,
401812252,,,,,,,,,
401813255,,,,,,,,,
401813759,,,,,,,,,
401817166,,,,,,,,,
401817231,,,,,,,,,
401817265,,,,,,,,,
401818550,,,,,,,,,
401819815,,,,,,,,,
401819825,,,,,,,,,
401819862,,,,,,,,,
401819900,,,,,,,,,
401820151,,,,,,,,,
401820543,,,,,,,,,
401820832,,,,,,,,,
401820840,,,,,,,,,
401822168,,,,,,,,,
401822350,,,,,,,,,
401822356,,,,,,,,,
401822760,,,,,,,,,
401823376,,,,,,,,,
401823524,,,,,,,,,
401823532,,,,,,,,,
401823552,,,,,,,,,
401823560,,,,,,,,,
401824040,,,,,,,,,
401824136,,,,,,,,,
401824826,,,,,,,,,
401824897,,,,,,,,,
401825383,,,,,,,,,
401825571,,,,,,,,,
401826087,,,,,,,,,
401826713,,,,,,,,,
401826786,,,,,,,,,
401826806,,,,,,,,,
401826852,,,,,,,,,
401827153,,,,,,,,,
401827180,,,,,,,,,
401827433,,,,,,,,,
401827450,,,,,,,,,
401827498,,,,,,,,,
401828277,,,,,,,,,
401828289,,,,,,,,,
401828308,,,,,,,,,
401828906,,,,,,,,,
401829444,,,,,,,,,
401829445,,,,,,,,,
401829489,,,,,,,,,
401830342,,,,,,,,,
401808951,,,,,,,,,
401811967,,,,,,,,,
401812285,,,,,,,,,
401812354,,,,,,,,,
401812602,,,,,,,,,
401812627,,,,,,,,,
401812788,,,,,,,,,
401812919,,,,,,,,,
401813275,,,,,,,,,
401813437,,,,,,,,,
401813447,,,,,,,,,
401817144,,,,,,,,,
401817185,,,,,,,,,
401817196,,,,,,,,,
401817213,,,,,,,,,
401817242,,,,,,,,,
401817455,,,,,,,,,
401817478,,,,,,,,,
401817489,,,,,,,,,
401818300,,,,,,,,,
401819884,,,,,,,,,
401819907,,,,,,,,,
401820185,,,,,,,,,
401820224,,,,,,,,,
401820551,,,,,,,,,
401820606,,,,,,,,,
401822179,,,,,,,,,
401822320,,,,,,,,,
401822340,,,,,,,,,
401822730,,,,,,,,,
401822761,,,,,,,,,
401823011,,,,,,,,,
401823024,,,,,,,,,
401823215,,,,,,,,,
401823227,,,,,,,,,
401823324,,,,,,,,,
401823342,,,,,,,,,
401823369,,,,,,,,,
401823395,,,,,,,,,
401823409,,,,,,,,,
401823418,,,,,,,,,
401823428,,,,,,,,,
401823443,,,,,,,,,
401823452,,,,,,,,,
401823486,,,,,,,,,
401823511,,,,,,,,,
401823541,,,,,,,,,
401823556,,,,,,,,,
401823589,,,,,,,,,
401823758,,,,,,,,,
401823816,,,,,,,,,
401824070,,,,,,,,,
401824120,,,,,,,,,
401824358,,,,,,,,,
401824887,,,,,,,,,
401824898,,,,,,,,,
401824948,,,,,,,,,
401826044,,,,,,,,,
401826700,,,,,,,,,
401826727,,,,,,,,,
401826739,,,,,,,,,
401826747,,,,,,,,,
401826768,,,,,,,,,
401826778,,,,,,,,,
401826870,,,,,,,,,
401826897,,,,,,,,,
401826915,,,,,,,,,
401826932,,,,,,,,,
401826948,,,,,,,,,
401826969,,,,,,,,,
401827005,,,,,,,,,
401827012,,,,,,,,,
401827129,,,,,,,,,
401827235,,,,,,,,,
401827911,,,,,,,,,
401828671,,,,,,,,,
401828681,,,,,,,,,
401829347,,,,,,,,,
401829425,,,,,,,,,
401829483,,,,,,,,,
401830115,,,,,,,,,
401830343,,,,,,,,,
401809305,,,,,,,,,
401809416,,,,,,,,,
401811105,,,,,,,,,
401812603,,,,,,,,,
401812645,,,,,,,,,
401812662,,,,,,,,,
401813256,,,,,,,,,
401813289,,,,,,,,,
401813398,,,,,,,,,
401817156,,,,,,,,,
401817434,,,,,,,,,
401817520,,,,,,,,,
401817530,,,,,,,,,
401820186,,,,,,,,,
401820398,,,,,,,,,
401820578,,,,,,,,,
401820598,,,,,,,,,
401820616,,,,,,,,,
401822169,,,,,,,,,
401822371,,,,,,,,,
401823012,,,,,,,,,
401823258,,,,,,,,,
401823360,,,,,,,,,
401823384,,,,,,,,,
401824936,,,,,,,,,
401825205,,,,,,,,,
401826053,,,,,,,,,
401826070,,,,,,,,,
401826813,,,,,,,,,
401826940,,,,,,,,,
401827189,,,,,,,,,
401828577,,,,,,,,,
401829352,,,,,,,,,
401830742,,,,,,,,,
401809077,,,,,,,,,
401812576,,,,,,,,,
401812920,,,,,,,,,
401813349,,,,,,,,,
401813376,,,,,,,,,
401817255,,,,,,,,,
401819816,,,,,,,,,
401819863,,,,,,,,,
401819873,,,,,,,,,
401819890,,,,,,,,,
401819917,,,,,,,,,
401822833,,,,,,,,,
401823501,,,,,,,,,
401823542,,,,,,,,,
401823733,,,,,,,,,
401824041,,,,,,,,,
401824057,,,,,,,,,
401824827,,,,,,,,,
401825384,,,,,,,,,
401826773,,,,,,,,,
401826807,,,,,,,,,
401826853,,,,,,,,,
401826912,,,,,,,,,
401826997,,,,,,,,,
401827041,,,,,,,,,
401827451,,,,,,,,,
401828470,,,,,,,,,
401828512,,,,,,,,,
401828919,,,,,,,,,
401829325,,,,,,,,,
401829420,,,,,,,,,
401829473,,,,,,,,,
401830121,,,,,,,,,
401830633,,,,,,,,,
401808894,,,,,,,,,
401812286,,,,,,,,,
401812381,,,,,,,,,
401812628,,,,,,,,,
401812663,,,,,,,,,
401813276,,,,,,,,,
401813760,,,,,,,,,
401817167,,,,,,,,,
401817214,,,,,,,,,
401817222,,,,,,,,,
401817232,,,,,,,,,
401817266,,,,,,,,,
401817456,,,,,,,,,
401817467,,,,,,,,,
401817479,,,,,,,,,
401818369,,,,,,,,,
401819908,,,,,,,,,
401820544,,,,,,,,,
401820808,,,,,,,,,
401820841,,,,,,,,,
401822341,,,,,,,,,
401822762,,,,,,,,,
401823013,,,,,,,,,
401823039,,,,,,,,,
401823343,,,,,,,,,
401823361,,,,,,,,,
401823370,,,,,,,,,
401823429,,,,,,,,,
401823525,,,,,,,,,
401823533,,,,,,,,,
401823557,,,,,,,,,
401823561,,,,,,,,,
401823648,,,,,,,,,
401823763,,,,,,,,,
401823817,,,,,,,,,
401823867,,,,,,,,,
401824111,,,,,,,,,
401824304,,,,,,,,,
401825186,,,,,,,,,
401825572,,,,,,,,,
401825589,,,,,,,,,
401826071,,,,,,,,,
401826088,,,,,,,,,
401826708,,,,,,,,,
401826714,,,,,,,,,
401826728,,,,,,,,,
401826759,,,,,,,,,
401826787,,,,,,,,,
401826794,,,,,,,,,
401826893,,,,,,,,,
401827013,,,,,,,,,
401827221,,,,,,,,,
401827258,,,,,,,,,
401827434,,,,,,,,,
401827499,,,,,,,,,
401827513,,,,,,,,,
401828268,,,,,,,,,
401828290,,,,,,,,,
401828302,,,,,,,,,
401828493,,,,,,,,,
401828527,,,,,,,,,
401828735,,,,,,,,,
401828923,,,,,,,,,
401829044,,,,,,,,,
401829421,,,,,,,,,
401830834,,,,,,,,,
401831277,,,,,,,,,
401831375,,,,,,,,,
401808952,,,,,,,,,
401811098,,,,,,,,,
401811968,,,,,,,,,
401812253,,,,,,,,,
401812604,,,,,,,,,
401812789,,,,,,,,,
401813290,,,,,,,,,
401813399,,,,,,,,,
401813438,,,,,,,,,
401813448,,,,,,,,,
401817145,,,,,,,,,
401817175,,,,,,,,,
401817435,,,,,,,,,
401817521,,,,,,,,,
401820552,,,,,,,,,
401820579,,,,,,,,,
401820607,,,,,,,,,
401820624,,,,,,,,,
401820833,,,,,,,,,
401822180,,,,,,,,,
401822332,,,,,,,,,
401822367,,,,,,,,,
401822996,,,,,,,,,
401823004,,,,,,,,,
401823228,,,,,,,,,
401823307,,,,,,,,,
401823331,,,,,,,,,
401823419,,,,,,,,,
401823444,,,,,,,,,
401823477,,,,,,,,,
401823543,,,,,,,,,
401824870,,,,,,,,,
401825206,,,,,,,,,
401826751,,,,,,,,,
401826762,,,,,,,,,
401826831,,,,,,,,,
401826838,,,,,,,,,
401826898,,,,,,,,,
401826923,,,,,,,,,
401826933,,,,,,,,,
401826949,,,,,,,,,
401827110,,,,,,,,,
401828309,,,,,,,,,
401828474,,,,,,,,,
401829278,,,,,,,,,
401829438,,,,,,,,,
401829462,,,,,,,,,
401829466,,,,,,,,,
401829484,,,,,,,,,
401830656,,,,,,,,,
401809078,,,,,,,,,
401809417,,,,,,,,,
401811106,,,,,,,,,
401812355,,,,,,,,,
401812629,,,,,,,,,
401813257,,,,,,,,,
401817197,,,,,,,,,
401817445,,,,,,,,,
401817531,,,,,,,,,
401818551,,,,,,,,,
401819817,,,,,,,,,
401819891,,,,,,,,,
401819909,,,,,,,,,
401820211,,,,,,,,,
401820399,,,,,,,,,
401820482,,,,,,,,,
401820483,,,,,,,,,
401822342,,,,,,,,,
401822399,,,,,,,,,
401823385,,,,,,,,,
401823410,,,,,,,,,
401823493,,,,,,,,,
401823636,,,,,,,,,
401824063,,,,,,,,,
401824937,,,,,,,,,
401825578,,,,,,,,,
401826779,,,,,,,,,
401826808,,,,,,,,,
401826863,,,,,,,,,
401827006,,,,,,,,,
401827130,,,,,,,,,
401827210,,,,,,,,,
401827238,,,,,,,,,
401827255,,,,,,,,,
401828332,,,,,,,,,
401829386,,,,,,,,,
401829402,,,,,,,,,
401830835,,,,,,,,,
401808895,,,,,,,,,
401809308,,,,,,,,,
401809309,,,,,,,,,
401809310,,,,,,,,,
401809311,,,,,,,,,
401811969,,,,,,,,,
401812577,,,,,,,,,
401812646,,,,,,,,,
401812664,,,,,,,,,
401813277,,,,,,,,,
401813322,,,,,,,,,
401813350,,,,,,,,,
401813377,,,,,,,,,
401813761,,,,,,,,,
401817157,,,,,,,,,
401817186,,,,,,,,,
401817223,,,,,,,,,
401817243,,,,,,,,,
401817457,,,,,,,,,
401817468,,,,,,,,,
401817490,,,,,,,,,
401818301,,,,,,,,,
401818370,,,,,,,,,
401819836,,,,,,,,,
401819864,,,,,,,,,
401820187,,,,,,,,,
401820225,,,,,,,,,
401820553,,,,,,,,,
401820599,,,,,,,,,
401820799,,,,,,,,,
401820809,,,,,,,,,
401820825,,,,,,,,,
401822351,,,,,,,,,
401822731,,,,,,,,,
401822834,,,,,,,,,
401823308,,,,,,,,,
401823371,,,,,,,,,
401823377,,,,,,,,,
401823534,,,,,,,,,
401823558,,,,,,,,,
401823590,,,,,,,,,
401823637,,,,,,,,,
401823638,,,,,,,,,
401823788,,,,,,,,,
401823810,,,,,,,,,
401823859,,,,,,,,,
401823868,,,,,,,,,
401824025,,,,,,,,,
401824058,,,,,,,,,
401824071,,,,,,,,,
401824112,,,,,,,,,
401824121,,,,,,,,,
401824888,,,,,,,,,
401825187,,,,,,,,,
401825385,,,,,,,,,
401826709,,,,,,,,,
401826788,,,,,,,,,
401826854,,,,,,,,,
401826871,,,,,,,,,
401826919,,,,,,,,,
401827014,,,,,,,,,
401827452,,,,,,,,,
401827489,,,,,,,,,
401827505,,,,,,,,,
401827522,,,,,,,,,
401828283,,,,,,,,,
401828907,,,,,,,,,
401829422,,,,,,,,,
401829440,,,,,,,,,
401829474,,,,,,,,,
401829487,,,,,,,,,
401831194,,,,,,,,,
401831195,,,,,,,,,
401812356,,,,,,,,,
401812605,,,,,,,,,
401813291,,,,,,,,,
401813378,,,,,,,,,
401813439,,,,,,,,,
401813449,,,,,,,,,
401817176,,,,,,,,,
401818792,,,,,,,,,
401820152,,,,,,,,,
401820486,,,,,,,,,
401820545,,,,,,,,,
401820608,,,,,,,,,
401822181,,,,,,,,,
401822312,,,,,,,,,
401822321,,,,,,,,,
401822725,,,,,,,,,
401822732,,,,,,,,,
401822737,,,,,,,,,
401823014,,,,,,,,,
401823025,,,,,,,,,
401823190,,,,,,,,,
401823325,,,,,,,,,
401823332,,,,,,,,,
401823435,,,,,,,,,
401823445,,,,,,,,,
401823512,,,,,,,,,
401823517,,,,,,,,,
401823544,,,,,,,,,
401823734,,,,,,,,,
401823869,,,,,,,,,
401824090,,,,,,,,,
401824949,,,,,,,,,
401826729,,,,,,,,,
401826763,,,,,,,,,
401826889,,,,,,,,,
401828682,,,,,,,,,
401829291,,,,,,,,,
401829391,,,,,,,,,
401829457,,,,,,,,,
401829505,,,,,,,,,
401830125,,,,,,,,,
401830880,,,,,,,,,
401830881,,,,,,,,,
401831206,,,,,,,,,
401831207,,,,,,,,,
401808728,,,,,,,,,
401809418,,,,,,,,,
401812790,,,,,,,,,
401813258,,,,,,,,,
401813351,,,,,,,,,
401813400,,,,,,,,,
401817233,,,,,,,,,
401817446,,,,,,,,,
401817491,,,,,,,,,
401818371,,,,,,,,,
401818552,,,,,,,,,
401820212,,,,,,,,,
401820554,,,,,,,,,
401820800,,,,,,,,,
401822997,,,,,,,,,
401823173,,,,,,,,,
401823372,,,,,,,,,
401823402,,,,,,,,,
401823494,,,,,,,,,
401823502,,,,,,,,,
401823759,,,,,,,,,
401824091,,,,,,,,,
401824889,,,,,,,,,
401825386,,,,,,,,,
401826780,,,,,,,,,
401826914,,,,,,,,,
401827067,,,,,,,,,
401827131,,,,,,,,,
401827154,,,,,,,,,
401827514,,,,,,,,,
401828291,,,,,,,,,
401828303,,,,,,,,,
401829279,,,,,,,,,
401829456,,,,,,,,,
401830116,,,,,,,,,
401831204,,,,,,,,,
401831205,,,,,,,,,
401831212,,,,,,,,,
401831213,,,,,,,,,
401831228,,,,,,,,,
401831229,,,,,,,,,
401831230,,,,,,,,,
401831231,,,,,,,,,
401808729,Draft Kings,-2.5,158.5,,,-115.0,-108.0,-110.0,-110.0
401808896,Draft Kings,-23.5,160.5,,,-115.0,-105.0,-108.0,
401809312,,,,,,,,,
401809393,,,,,,,,,
401809394,Draft Kings,1.5,148.5,,,-105.0,-115.0,-108.0,-112.0
401809395,,,,,,,,,
401812263,,,,,,,,,
401812287,,,,,,,,,
401812357,Draft Kings,-4.5,145.5,,,-112.0,-102.0,-105.0,-110.0
401812647,Draft Kings,,143.5,,,,,-112.0,-108.0
401812665,,,,,,,,,
401817146,Draft Kings,9.5,158.5,,,-112.0,-108.0,-110.0,-110.0
401817244,Draft Kings,,161.5,,,,,-115.0,-110.0
401817256,,,,,,,,,
401817436,Draft Kings,-5.5,,,,-105.0,-102.0,,
401817458,Draft Kings,,166.5,,,,,-110.0,-112.0
401817481,,,,,,,,,
401819818,Draft Kings,-6.5,153.5,,,-110.0,-115.0,-108.0,-115.0
401819826,,,,,,,,,
401819844,Draft Kings,,141.5,,,,,-108.0,-105.0
401819874,Draft Kings,,159.5,,,,,-105.0,
401820400,,,,,,,,,
401822393,Draft Kings,,152.5,,,,,-105.0,-115.0
401823216,Draft Kings,,156.5,,,,,-108.0,-112.0
401823229,Draft Kings,-11.5,153.5,,,-105.0,-115.0,-115.0,
401823344,Draft Kings,-3.5,,,,-105.0,-105.0,,
401823386,Draft Kings,-5.5,,,,-108.0,-108.0,,
401823420,,,,,,,,,
401823430,Draft Kings,-5.5,150.5,,,-112.0,,-112.0,-108.0
401823478,Draft Kings,,153.5,,,,,-105.0,-108.0
401823764,Draft Kings,-6.5,148.5,,,-108.0,-112.0,-112.0,-105.0
401823818,Draft Kings,3.5,155.5,,,-105.0,-105.0,-105.0,-115.0
401824042,,,,,,,,,
401824064,,,,,,,,,
401824137,,,,,,,,,
401824899,,,,,,,,,
401825590,Draft Kings,1.5,,,,-108.0,,,-112.0
401826045,Draft Kings,,143.5,,,,,-115.0,-105.0
401826054,,,,,,,,,
401826089,,,,,,,,,
401826701,,,,,,,,,
401826734,,,,,,,,,
401826740,Draft Kings,,156.5,,,,,-105.0,-115.0
401826872,Draft Kings,3.5,148.5,,,-105.0,-118.0,-112.0,-108.0
401827181,Draft Kings,,165.5,,,,,-110.0,-108.0
401827214,,,,,,,,,
401827435,Draft Kings,-14.5,141.5,,,-102.0,-102.0,-112.0,-105.0
401827506,,,,,,,,,
401827731,Draft Kings,2.5,161.5,,,-110.0,-110.0,-108.0,-108.0
401828310,Draft Kings,,155.5,,,,,-112.0,-108.0
401828338,,,,,,,,,
401828672,,,,,,,,,
401829045,Draft Kings,-2.5,,,,-102.0,-118.0,,-115.0
401829490,Draft Kings,,164.5,,,,,-115.0,-108.0
401829680,,,,,,,,,
401829681,,,,,,,,,
401830347,,,,,,,,,
401830410,,,,,,,,,
401831208,Draft Kings,-1.5,156.5,,,-118.0,-102.0,-112.0,-115.0
401831209,,,,,,,,,
401831210,Draft Kings,,150.5,,,,,-115.0,-110.0
401831211,,,,,,,,,
401808730,Draft Kings,-9.5,147.5,,,-102.0,-118.0,-115.0,-105.0
401812264,,,,,,,,,
401812630,Draft Kings,-8.5,139.5,,,-108.0,-112.0,-108.0,-112.0
401813278,Draft Kings,5.5,143.5,,,-112.0,-108.0,-115.0,-105.0
401813323,,,,,,,,,
401813401,Draft Kings,-30.5,151.5,,,-105.0,-115.0,-105.0,-115.0
401813762,Draft Kings,7.5,143.5,,,-105.0,-115.0,-110.0,-110.0
401817147,Draft Kings,-7.5,167.5,,,-110.0,-110.0,-110.0,-110.0
401817158,Draft Kings,8.5,134.5,,,-105.0,-115.0,-115.0,-105.0
401817198,Draft Kings,-10.5,152.5,,,-115.0,-105.0,-108.0,-112.0
401817437,Draft Kings,-6.5,140.5,,,-115.0,-105.0,-112.0,-110.0
401817482,Draft Kings,-4.5,144.5,,,-110.0,-112.0,-112.0,-115.0
401817532,Draft Kings,,160.5,,,,-110.0,-110.0,-110.0
401819827,Draft Kings,5.5,159.5,,,-112.0,-110.0,-115.0,-105.0
401819875,Draft Kings,-9.5,152.5,,,-110.0,-118.0,-105.0,-115.0
401819892,Draft Kings,-10.5,164.5,,,-108.0,-112.0,-105.0,-115.0
401819910,,,,,,,,,
401820188,,,,,,,,,
401820226,Draft Kings,-2.5,139.5,,,-105.0,-115.0,-108.0,-108.0
401820580,Draft Kings,,162.5,,,,,-112.0,-108.0
401820810,Draft Kings,19.5,140.5,,,-115.0,-112.0,-115.0,-105.0
401820842,,,,,,,,,
401822313,,,,,,,,,
401822343,Draft Kings,-12.5,149.5,,,-110.0,-110.0,-108.0,-108.0
401822358,Draft Kings,-5.5,139.5,,,-112.0,-108.0,-105.0,-115.0
401822668,,,,,,,,,
401823040,Draft Kings,6.5,124.5,,,-115.0,-105.0,-105.0,-115.0
401823217,Draft Kings,2.5,144.5,,,-105.0,-115.0,-115.0,-105.0
401823230,Draft Kings,-5.5,149.5,,,-105.0,-115.0,-105.0,-115.0
401823411,Draft Kings,9.5,147.5,,,-115.0,-105.0,-115.0,-105.0
401823436,,,,,,,,,
401823456,,,,,,,,,
401823464,Draft Kings,-6.5,147.5,,,-110.0,-110.0,-108.0,-112.0
401823479,Draft Kings,-4.5,163.5,,,-115.0,-105.0,-115.0,-105.0
401823503,Draft Kings,-12.5,141.5,,,-115.0,-105.0,-110.0,-110.0
401823535,Draft Kings,-7.5,146.5,,,-115.0,-105.0,-110.0,-110.0
401823564,Draft Kings,-22.5,147.5,,,-108.0,-112.0,-110.0,-110.0
401823649,Draft Kings,-4.5,140.5,,,-102.0,-118.0,-110.0,-110.0
401823735,Draft Kings,-26.5,159.5,,,-105.0,-115.0,-105.0,-115.0
401823765,Draft Kings,-2.5,141.5,,,-102.0,-118.0,-115.0,-105.0
401824026,Draft Kings,1.5,146.5,,,100.0,-120.0,-105.0,-115.0
401824033,Draft Kings,-14.5,157.5,,,-115.0,-105.0,-105.0,-115.0
401824359,Draft Kings,,143.5,,,,,-108.0,-105.0
401824812,Draft Kings,-2.5,136.5,,,-118.0,-102.0,-112.0,-108.0
401826815,Draft Kings,,143.5,,,-115.0,-105.0,,
401826873,Draft Kings,-4.5,162.5,,,-108.0,-112.0,-108.0,-112.0
401826929,,,,,,,,,
401826950,Draft Kings,1.5,151.5,,,-118.0,-108.0,-110.0,-110.0
401827061,Draft Kings,-7.5,148.5,,,-112.0,-108.0,-115.0,-115.0
401827068,Draft Kings,-14.5,166.5,,,-105.0,-115.0,-105.0,-115.0
401827485,,,,,,,,,
401827507,Draft Kings,-1.5,147.5,,,105.0,-125.0,-110.0,-110.0
401827732,Draft Kings,-8.5,146.5,,,-118.0,-118.0,-112.0,-112.0
401828284,,,,,,,,,
401828304,Draft Kings,1.5,142.5,,,100.0,100.0,-112.0,-112.0
401828339,Draft Kings,8.5,166.5,,,-110.0,-110.0,-112.0,-108.0
401828683,,,,,,,,,
401828721,,,,,,,,,
401829280,Draft Kings,-34.5,160.5,,,-110.0,-108.0,-108.0,-110.0
401829348,Draft Kings,1.5,170.5,,,-108.0,-112.0,-105.0,-115.0
401829387,Draft Kings,-5.5,164.5,,,-108.0,-112.0,-108.0,-112.0
401829392,,,,,,,,,
401829427,Draft Kings,-42.5,154.5,,,-115.0,-105.0,-108.0,-112.0
401829433,Draft Kings,5.5,146.5,,,-112.0,-108.0,-112.0,-108.0
401829467,Draft Kings,,152.5,,,,,-110.0,-110.0
401829491,Draft Kings,-3.5,160.5,,,-112.0,-108.0,-112.0,-108.0
401830888,Draft Kings,-6.5,137.5,,,-110.0,-110.0,-105.0,-105.0
401830889,Draft Kings,4.5,144.5,,,-105.0,-112.0,-115.0,-115.0
401830890,Draft Kings,-1.5,145.5,,,-108.0,-112.0,-105.0,-115.0
401830891,Draft Kings,8.5,145.5,,,-115.0,-105.0,-108.0,-112.0
401831196,Draft Kings,-6.5,145.5,,,-108.0,-112.0,-110.0,-110.0
401831197,Draft Kings,-4.5,157.5,,,-115.0,-105.0,-105.0,-115.0
401831198,Draft Kings,6.5,152.5,,,-105.0,-115.0,-115.0,-105.0
401831199,,,,,,,,,
401831234,Draft Kings,3.5,144.5,,,-112.0,-108.0,-110.0,-110.0
401831235,Draft Kings,4.5,143.5,,,-115.0,-105.0,-108.0,-112.0
401831236,,,,,,,,,
401831237,Draft Kings,2.5,135.5,,,-108.0,-112.0,-108.0,-115.0
401808897,Draft Kings,,156.5,,,,,-112.0,-108.0
401812288,Draft Kings,-4.5,152.5,,,-112.0,-108.0,-105.0,-115.0
401812606,Draft Kings,-7.5,138.5,,,-110.0,-110.0,-110.0,-110.0
401812666,,,,,,,,,
401813450,,,,,,,,,
401817245,Draft Kings,-44.5,158.5,,,-105.0,-115.0,-105.0,-115.0
401817522,Draft Kings,4.5,153.5,,,-102.0,-118.0,-115.0,-105.0
401818372,Draft Kings,3.5,150.5,,,-108.0,-112.0,-112.0,-108.0
401818553,Draft Kings,5.5,136.5,,,-110.0,-110.0,-110.0,-110.0
401819845,Draft Kings,-22.5,146.5,,,-115.0,-105.0,-108.0,-112.0
401820153,Draft Kings,10.5,153.5,,,-112.0,-108.0,-108.0,-112.0
401820227,Draft Kings,-12.5,136.5,,,-105.0,-115.0,-112.0,-108.0
401820555,Draft Kings,4.5,146.5,,,-105.0,-115.0,-108.0,-112.0
401820617,,,,,,,,,
401822333,Draft Kings,-9.5,150.5,,,-112.0,-108.0,-108.0,-112.0
401822352,Draft Kings,-2.5,148.5,,,-110.0,-110.0,-110.0,-110.0
401822738,Draft Kings,-1.5,172.5,,,-102.0,-118.0,-108.0,-112.0
401823231,Draft Kings,-1.5,160.5,,,-102.0,-118.0,-105.0,-115.0
401823259,Draft Kings,1.5,159.5,,,100.0,-120.0,-115.0,-105.0
401823309,Draft Kings,-5.5,148.5,,,-110.0,-110.0,-110.0,-110.0
401823353,Draft Kings,,141.5,,,,,-115.0,-105.0
401823362,Draft Kings,18.5,168.5,,,-112.0,-108.0,-115.0,-105.0
401823387,Draft Kings,-3.5,149.5,,,-115.0,-105.0,-112.0,-108.0
401823403,Draft Kings,1.5,151.5,,,-108.0,-112.0,-105.0,-115.0
401823421,Draft Kings,,148.5,,,,,-112.0,-108.0
401823431,Draft Kings,4.5,146.5,,,-108.0,-112.0,-115.0,-105.0
401823487,Draft Kings,-6.5,142.5,,,-102.0,-118.0,-112.0,-108.0
401823591,Draft Kings,-11.5,137.5,,,-102.0,-118.0,-112.0,-108.0
401823760,Draft Kings,-9.5,153.5,,,-112.0,-108.0,-105.0,-115.0
401823860,Draft Kings,-2.5,144.5,,,-118.0,-102.0,-115.0,-105.0
401824072,Draft Kings,-2.5,150.5,,,-102.0,-118.0,-105.0,-115.0
401824950,Draft Kings,-7.5,157.5,,,-110.0,-110.0,-112.0,-108.0
401825591,Draft Kings,-2.5,153.5,,,-118.0,-102.0,-108.0,-112.0
401826798,Draft Kings,-10.5,156.5,,,-108.0,-112.0,-112.0,-108.0
401826832,Draft Kings,-37.5,157.5,,,-112.0,-108.0,-112.0,-108.0
401826881,Draft Kings,9.5,139.5,,,-105.0,-115.0,-105.0,-115.0
401826899,Draft Kings,-2.5,141.5,,,-108.0,-112.0,-115.0,-105.0
401826941,,,,,,,,,
401826951,Draft Kings,-7.5,148.5,,,-115.0,-105.0,-105.0,-115.0
401827007,,,,,,,,,
401827155,Draft Kings,-19.5,148.5,,,-105.0,-115.0,-110.0,-110.0
401828311,Draft Kings,3.5,142.5,,,-112.0,-108.0,-110.0,-110.0
401828333,Draft Kings,1.5,137.5,,,-112.0,-108.0,-110.0,-110.0
401828497,,,,,,,,,
401829046,Draft Kings,-4.5,157.5,,,-110.0,-110.0,-112.0,-108.0
401829475,Draft Kings,-2.5,144.5,,,-115.0,-105.0,-105.0,-115.0
401829616,Draft Kings,-5.5,150.5,,,-105.0,-115.0,-115.0,-105.0
401830009,,,,,,,,,
401830117,Draft Kings,10.5,150.5,,,-105.0,-115.0,-110.0,-110.0
401830237,,,,,,,,,
401830744,Draft Kings,8.5,143.5,,,-108.0,-112.0,-108.0,-112.0
401830745,,,,,,,,,
401830746,Draft Kings,1.5,136.5,,,-120.0,100.0,-112.0,-108.0
401830747,Draft Kings,2.5,137.5,,,-120.0,100.0,-112.0,-108.0
401830882,Draft Kings,,163.5,,,,,-110.0,-110.0
401830883,Draft Kings,-21.5,151.5,,,-108.0,-112.0,-105.0,-115.0
401830892,Draft Kings,-1.5,138.5,,,-122.0,102.0,-105.0,-115.0
401830893,Draft Kings,4.5,144.5,,,-112.0,-108.0,-115.0,-105.0
401830894,Draft Kings,3.5,149.5,,,-118.0,-102.0,-115.0,-105.0
401830915,Draft Kings,5.5,140.5,,,-112.0,-108.0,-105.0,-115.0
401831200,Draft Kings,4.5,161.5,,,-105.0,-115.0,-108.0,-112.0
401831201,Draft Kings,8.5,147.5,,,-105.0,-115.0,-105.0,-115.0
401831202,Draft Kings,1.5,161.5,,,-115.0,-105.0,-112.0,-108.0
401831203,,,,,,,,,
401831214,Draft Kings,3.5,165.5,,,-118.0,-102.0,-112.0,-108.0
401831215,Draft Kings,-7.5,140.5,,,-112.0,-108.0,-110.0,-110.0
401831216,Draft Kings,-10.5,145.5,,,-105.0,-115.0,-110.0,-110.0
401831217,Draft Kings,-11.5,132.5,,,-105.0,-115.0,-112.0,-108.0
401831218,Draft Kings,4.5,166.5,,,-105.0,-115.0,-112.0,-108.0
401831219,Draft Kings,2.5,148.5,,,-118.0,-102.0,-110.0,-110.0
401831220,Draft Kings,-14.5,166.5,,,-118.0,-102.0,-110.0,-110.0
401831378,,,,,,,,,
401809047,Draft Kings,-11.5,155.5,,,-108.0,-112.0,-112.0,-108.0
401809396,Draft Kings,-1.5,145.5,,,105.0,-125.0,-108.0,-112.0
401809397,Draft Kings,3.5,147.5,,,-102.0,-118.0,-110.0,-110.0
401809398,Draft Kings,-5.5,139.5,,,-105.0,-115.0,-110.0,-110.0
401809419,Draft Kings,7.5,165.5,,,-110.0,-110.0,-110.0,-110.0
401812276,Draft Kings,-2.5,159.5,,,-112.0,-108.0,-108.0,-112.0
401817187,Draft Kings,-1.5,158.5,,,100.0,-120.0,-112.0,-108.0
401817199,Draft Kings,10.5,144.5,,,-115.0,-105.0,-108.0,-112.0
401817234,Draft Kings,12.5,159.5,,,-112.0,-108.0,-115.0,-105.0
401817267,Draft Kings,1.5,152.5,,,-118.0,-102.0,-112.0,-108.0
401817469,Draft Kings,2.5,142.5,,,-115.0,-105.0,-112.0,-108.0
401819865,Draft Kings,,150.5,,,,,-110.0,-110.0
401826890,Draft Kings,-6.5,166.5,,,-110.0,-110.0,-112.0,-108.0
401827268,Draft Kings,-3.5,145.5,,,-112.0,-108.0,-115.0,-105.0
401830752,Draft Kings,-6.5,161.5,,,-110.0,-110.0,-108.0,-112.0
401830753,Draft Kings,5.5,144.5,,,-112.0,-108.0,-105.0,-115.0
401830754,Draft Kings,-1.5,142.5,,,-120.0,100.0,-105.0,-115.0
401830875,Draft Kings,7.5,167.5,,,-110.0,-110.0,-112.0,-108.0
401831221,Draft Kings,,149.5,,,,,-115.0,-105.0
401831222,Draft Kings,4.5,153.5,,,-105.0,-115.0,-110.0,-110.0
401811096,Draft Kings,-4.5,150.5,,,-112.0,-108.0,-108.0,-112.0
401812578,Draft Kings,-2.5,,,,-110.0,-110.0,,
401817447,Draft Kings,,148.5,,,,,-115.0,-105.0
401817459,Draft Kings,-1.5,,,,-108.0,-112.0,,
401817492,Draft Kings,-25.5,,,,-108.0,-112.0,,
401817533,Draft Kings,-17.5,154.5,,,-110.0,-110.0,-112.0,-108.0
401820154,Draft Kings,-8.5,138.5,,,-105.0,-115.0,-115.0,-105.0
401820487,Draft Kings,-13.5,146.5,,,-105.0,-115.0,-115.0,-105.0
401820826,Draft Kings,-14.5,150.5,,,-115.0,-105.0,-112.0,-108.0
401820843,Draft Kings,-16.5,,,,-112.0,-108.0,,
401822182,Draft Kings,,138.5,,,,,-115.0,-105.0
401822322,Draft Kings,2.5,136.5,,,-108.0,-112.0,-115.0,-105.0
401822344,Draft Kings,-14.5,,,,-108.0,-112.0,,
401822359,Draft Kings,-40.5,,,,-115.0,-105.0,,
401822835,Draft Kings,-5.5,145.5,,,-115.0,-105.0,-115.0,-105.0
401823026,Draft Kings,1.5,162.5,,,-120.0,100.0,-112.0,-108.0
401823260,Draft Kings,-1.5,148.5,,,102.0,-122.0,-115.0,-105.0
401823354,Draft Kings,-1.5,154.5,,,-110.0,-110.0,-110.0,-110.0
401823396,,,,,,,,,
401823404,,,,,,,,,
401823526,,,,,,,,,
401823592,Draft Kings,6.5,141.5,,,-105.0,-115.0,-115.0,-105.0
401824043,,,,,,,,,
401824127,Draft Kings,-7.5,136.5,,,-105.0,-115.0,-110.0,-110.0
401824900,,,,,,,,,
401825573,Draft Kings,-1.5,147.5,,,-115.0,-105.0,-108.0,-112.0
401826710,Draft Kings,,174.5,,,,,-110.0,-110.0
401826748,Draft Kings,,148.5,,,,,-112.0,-108.0
401826857,Draft Kings,-4.5,151.5,,,-112.0,-108.0,-110.0,-110.0
401826998,,,,,,,,,
401827173,Draft Kings,-27.5,141.5,,,-108.0,-112.0,-105.0,-115.0
401827486,Draft Kings,-31.5,170.5,,,-115.0,-105.0,-105.0,-115.0
401827733,Draft Kings,,145.5,,,,,-112.0,-108.0
401827755,Draft Kings,-14.5,141.5,,,-115.0,-105.0,-110.0,-110.0
401828269,Draft Kings,7.5,141.5,,,-115.0,-105.0,-108.0,-112.0
401828662,Draft Kings,-5.5,136.5,,,-102.0,-118.0,-110.0,-110.0
401828908,Draft Kings,11.5,151.5,,,-105.0,-115.0,-115.0,-105.0
401828915,Draft Kings,12.5,152.5,,,-108.0,-112.0,-105.0,-115.0
401829343,,,,,,,,,
401829395,Draft Kings,-7.5,133.5,,,-105.0,-115.0,-105.0,-115.0
401829415,Draft Kings,,146.5,,,,,-110.0,-110.0
401829431,,,,,,,,,
401829463,Draft Kings,-3.5,160.5,,,-105.0,-115.0,-115.0,-105.0
401830741,,,,,,,,,
401830748,Draft Kings,5.5,142.5,,,-115.0,-105.0,-115.0,-105.0
401830749,Draft Kings,2.5,151.5,,,-112.0,-108.0,-110.0,-110.0
401830750,Draft Kings,-1.5,160.5,,,-112.0,-108.0,-112.0,-108.0
401830751,Draft Kings,-5.5,138.5,,,-105.0,-115.0,-115.0,-105.0
401830876,Draft Kings,-2.5,155.5,,,-115.0,-105.0,-110.0,-110.0
401830877,Draft Kings,4.5,,,,-110.0,-110.0,,
401830878,Draft Kings,-2.5,153.5,,,-108.0,-112.0,-110.0,-110.0
401830879,Draft Kings,-4.5,149.5,,,-108.0,-112.0,-110.0,-110.0
401830886,Draft Kings,9.5,150.5,,,-112.0,-108.0,-112.0,-108.0
401830887,Draft Kings,5.5,151.5,,,-115.0,-105.0,-112.0,-108.0
401830916,Draft Kings,-3.5,145.5,,,-105.0,-115.0,-115.0,-105.0
401830917,Draft Kings,,141.5,,,,,-112.0,-108.0
401831223,Draft Kings,-13.5,,,,-108.0,-112.0,,
401831224,Draft Kings,5.5,157.5,,,-105.0,-115.0,-110.0,-110.0
401811108,Draft Kings,-3.5,147.5,,,-112.0,-108.0,-108.0,-112.0
401812383,,,,,,,,,
401812579,Draft Kings,-1.5,149.5,,,-115.0,-105.0,-110.0,-110.0
401812607,Draft Kings,-7.5,137.5,,,-118.0,-102.0,-105.0,-115.0
401813352,Draft Kings,9.5,139.5,,,-115.0,-105.0,-112.0,-108.0
401813379,Draft Kings,1.5,142.5,,,-110.0,-110.0,-110.0,-110.0
401813402,Draft Kings,-2.5,146.5,,,100.0,-120.0,-105.0,-115.0
401818533,,,,,,,,,
401820155,Draft Kings,-3.5,136.5,,,-108.0,-112.0,-112.0,-108.0
401820600,Draft Kings,-12.5,166.5,,,-105.0,-115.0,-115.0,-105.0
401820626,Draft Kings,-5.5,138.5,,,-112.0,-108.0,-105.0,-115.0
401822323,Draft Kings,1.5,140.5,,,-102.0,-118.0,-105.0,-115.0
401822334,Draft Kings,-4.5,146.5,,,-115.0,-105.0,-110.0,-110.0
401822836,Draft Kings,2.5,137.5,,,-105.0,-115.0,-110.0,-110.0
401823015,,,,,,,,,
401823174,Draft Kings,,161.5,,,,,-110.0,-110.0
401823378,Draft Kings,,181.5,,,,,-110.0,-110.0
401823388,Draft Kings,-7.5,143.5,,,-105.0,-115.0,-105.0,-115.0
401823446,,,,,,,,,
401823488,Draft Kings,-2.5,159.5,,,-115.0,-105.0,-112.0,-108.0
401823518,Draft Kings,-25.5,159.5,,,-108.0,-112.0,-105.0,-115.0
401823536,Draft Kings,-1.5,137.5,,,102.0,-122.0,-115.0,-105.0
401823545,Draft Kings,1.5,148.5,,,-112.0,-108.0,-112.0,-108.0
401823593,Draft Kings,-18.5,147.5,,,-108.0,-112.0,-105.0,-115.0
401823725,Draft Kings,-14.5,160.5,,,-115.0,-105.0,-105.0,-115.0
401823861,Draft Kings,1.5,152.5,,,-105.0,-115.0,-105.0,-115.0
401823870,,,,,,,,,
401824027,Draft Kings,-5.5,145.5,,,-115.0,-105.0,-112.0,-108.0
401824065,Draft Kings,-10.5,146.5,,,-108.0,-112.0,-112.0,-108.0
401824853,,,,,,,,,
401824862,Draft Kings,6.5,145.5,,,-115.0,-105.0,-112.0,-108.0
401824890,Draft Kings,-12.5,144.5,,,-108.0,-112.0,-110.0,-110.0
401824951,Draft Kings,-3.5,153.5,,,-108.0,-112.0,-105.0,-115.0
401825188,Draft Kings,-13.5,141.5,,,-108.0,-112.0,-105.0,-115.0
401825579,Draft Kings,-17.5,148.5,,,-108.0,-112.0,-105.0,-115.0
401826055,Draft Kings,-13.5,138.5,,,-108.0,-112.0,-110.0,-110.0
401826072,,,,,,,,,
401826702,Draft Kings,-12.5,141.5,,,-108.0,-112.0,-110.0,-110.0
401826752,Draft Kings,-16.5,159.5,,,-112.0,-108.0,-110.0,-110.0
401826833,Draft Kings,-34.5,160.5,,,-110.0,-110.0,-110.0,-110.0
401826886,Draft Kings,-35.5,146.5,,,-115.0,-105.0,-108.0,-112.0
401826900,Draft Kings,-16.5,137.5,,,-105.0,-115.0,-110.0,-110.0
401826905,Draft Kings,-5.5,135.5,,,-105.0,-115.0,-115.0,-105.0
401826920,,,,,,,,,
401826934,Draft Kings,-10.5,155.5,,,-112.0,-108.0,-105.0,-115.0
401827015,Draft Kings,3.5,144.5,,,-108.0,-112.0,-115.0,-105.0
401827062,Draft Kings,,157.5,,,,,-110.0,-110.0
401827069,Draft Kings,-20.5,157.5,,,-102.0,-118.0,-108.0,-112.0
401827111,Draft Kings,-29.5,,,,-115.0,-105.0,,
401828270,Draft Kings,-10.5,143.5,,,-112.0,-108.0,-108.0,-112.0
401828334,Draft Kings,-7.5,148.5,,,-115.0,-105.0,-115.0,-105.0
401828478,,,,,,,,,
401828513,,,,,,,,,
401828545,Draft Kings,1.5,153.5,,,-115.0,-105.0,-110.0,-110.0
401828736,,,,,,,,,
401829353,,,,,,,,,
401829389,,,,,,,,,
401829403,,,,,,,,,
401829468,,,,,,,,,
401829478,,,,,,,,,
401830412,,,,,,,,,
401830884,Draft Kings,4.5,137.5,,,-105.0,-115.0,-115.0,-105.0
401830885,Draft Kings,-5.5,152.5,,,-115.0,-105.0,-112.0,-108.0
401831225,Draft Kings,-6.5,135.5,,,-108.0,-112.0,-110.0,-110.0
401831226,Draft Kings,2.5,142.5,,,-108.0,-112.0,-115.0,-105.0
401831275,,,,,,,,,
401831276,Draft Kings,-3.5,,,,-115.0,-105.0,,
401809079,Draft Kings,,159.5,,,,,-105.0,-115.0
401811970,Draft Kings,2.5,152.5,,,-105.0,-115.0,-115.0,-105.0
401812580,Draft Kings,1.5,149.5,,,-105.0,-115.0,-108.0,-112.0
401812648,,,,,,,,,
401817200,Draft Kings,-1.5,146.5,,,-110.0,-110.0,-105.0,-115.0
401818302,Draft Kings,,147.5,,,,-108.0,-105.0,-115.0
401819901,Draft Kings,-19.5,152.5,,,-118.0,-102.0,-110.0,-110.0
401819918,Draft Kings,-21.5,127.5,,,-112.0,-108.0,-105.0,-115.0
401820189,Draft Kings,-9.5,143.5,,,-105.0,-115.0,-110.0,-110.0
401820581,Draft Kings,-15.5,148.5,,,-112.0,-108.0,-108.0,-112.0
401820627,Draft Kings,9.5,127.5,,,-108.0,-112.0,-110.0,-110.0
401822183,Draft Kings,-2.5,132.5,,,-108.0,-112.0,-108.0,-112.0
401822324,Draft Kings,1.5,140.5,,,-112.0,-108.0,-115.0,-105.0
401822669,Draft Kings,5.5,146.5,,,-108.0,-112.0,-105.0,-115.0
401823191,Draft Kings,-9.5,147.5,,,-112.0,-108.0,-110.0,-110.0
401823310,Draft Kings,2.5,147.5,,,-108.0,-112.0,-112.0,-108.0
401823326,,,,,,,,,
401823405,Draft Kings,-11.5,142.5,,,-105.0,-115.0,-110.0,-110.0
401823736,Draft Kings,,150.5,,,,,-105.0,-115.0
401824863,Draft Kings,1.5,141.5,,,100.0,-120.0,-112.0,-108.0
401826735,Draft Kings,-1.5,137.5,,,-105.0,-115.0,-115.0,-105.0
401826942,Draft Kings,8.5,133.5,,,-112.0,-108.0,-110.0,-110.0
401826993,Draft Kings,-5.5,148.5,,,-105.0,-115.0,-112.0,-108.0
401827042,Draft Kings,-16.5,141.5,,,-102.0,-118.0,-112.0,-108.0
401827174,Draft Kings,-7.5,140.5,,,-108.0,-112.0,-105.0,-115.0
401827508,Draft Kings,-8.5,163.5,,,-112.0,-108.0,-105.0,-115.0
401828271,,,,,,,,,
401828684,,,,,,,,,
401829326,Draft Kings,3.5,139.5,,,-118.0,-102.0,-110.0,-110.0
401829388,Draft Kings,-8.5,155.5,,,-105.0,-115.0,-112.0,-108.0
401829404,Draft Kings,-1.5,142.5,,,-105.0,-115.0,-105.0,-115.0
401831376,Draft Kings,1.5,141.5,,,-102.0,-118.0,-108.0,-112.0
401831380,,,,,,,,,
401808731,Draft Kings,10.5,145.5,,,-105.0,-115.0,-110.0,-110.0
401812384,Draft Kings,-27.5,152.5,,,-105.0,-115.0,-108.0,-112.0
401817470,Draft Kings,-19.5,156.5,,,-105.0,-115.0,-105.0,-115.0
401819846,Draft Kings,-24.5,142.5,,,-112.0,-108.0,-112.0,-108.0
401819866,Draft Kings,-13.5,150.5,,,-105.0,-115.0,-108.0,-112.0
401819893,Draft Kings,-12.5,159.5,,,-105.0,-115.0,-110.0,-110.0
401820546,,,,,,,,,
401822998,Draft Kings,1.5,153.5,,,-120.0,100.0,-108.0,-112.0
401823437,Draft Kings,-6.5,134.5,,,-110.0,-110.0,-112.0,-108.0
401823470,,,,,,,,,
401823546,,,,,,,,,
401823565,Draft Kings,-14.5,146.5,,,-102.0,-118.0,-112.0,-108.0
401824308,Draft Kings,1.5,149.5,,,-108.0,-112.0,-110.0,-110.0
401825387,Draft Kings,-17.5,150.5,,,-108.0,-112.0,-112.0,-108.0
401827016,,,,,,,,,
401827523,,,,,,,,,
401830319,,,,,,,,,
401837346,,,,,,,,,
401806364,Draft Kings,-9.5,157.5,,,-105.0,-115.0,-105.0,-115.0
401806365,Draft Kings,-7.5,163.5,,,-105.0,-115.0,-112.0,-108.0
401806366,Draft Kings,7.5,147.5,,,-110.0,-110.0,-108.0,-112.0
401806367,Draft Kings,3.5,152.5,,,-110.0,-110.0,-108.0,-112.0
401806368,Draft Kings,1.5,146.5,,,-125.0,105.0,-108.0,-112.0
401806369,Draft Kings,-1.5,176.5,,,-110.0,-110.0,-108.0,-112.0
401806370,Draft Kings,-4.5,159.5,,,-108.0,-112.0,-110.0,-110.0
401806371,Draft Kings,-1.5,145.5,,,-112.0,-108.0,-105.0,-115.0
401806372,Draft Kings,-2.5,149.5,,,-115.0,-105.0,-110.0,-110.0
401812289,Draft Kings,-26.5,162.5,,,-112.0,-108.0,-105.0,-115.0
401812359,Draft Kings,5.5,153.5,,,-105.0,-115.0,-112.0,-108.0
401812791,Draft Kings,3.5,141.5,,,-115.0,-105.0,-108.0,-112.0
401813292,Draft Kings,-13.5,169.5,,,-108.0,-112.0,-105.0,-115.0
401813440,Draft Kings,-11.5,140.5,,,-112.0,-108.0,-112.0,-108.0
401813451,Draft Kings,-5.5,170.5,,,-112.0,-108.0,-110.0,-110.0
401817148,Draft Kings,19.5,156.5,,,-115.0,-105.0,-105.0,-115.0
401817159,Draft Kings,-6.5,140.5,,,-108.0,-112.0,-112.0,-108.0
401817168,Draft Kings,-13.5,138.5,,,-118.0,-102.0,-108.0,-112.0
401817188,Draft Kings,7.5,150.5,,,-108.0,-112.0,-108.0,-112.0
401817224,Draft Kings,-7.5,152.5,,,-115.0,-105.0,-108.0,-112.0
401818303,,,,,,,,,
401819828,Draft Kings,-29.5,158.5,,,-110.0,-110.0,-108.0,-112.0
401820609,Draft Kings,3.5,139.5,,,-115.0,-105.0,-105.0,-115.0
401820618,Draft Kings,-6.5,134.5,,,-112.0,-108.0,-108.0,-112.0
401820801,Draft Kings,-7.5,144.5,,,-118.0,-102.0,-110.0,-110.0
401820811,Draft Kings,-12.5,127.5,,,-112.0,-108.0,-108.0,-112.0
401820827,Draft Kings,-17.5,153.5,,,-112.0,-108.0,-108.0,-112.0
401820834,Draft Kings,-18.5,143.5,,,-110.0,-110.0,-112.0,-108.0
401820844,Draft Kings,-3.5,147.5,,,-105.0,-115.0,-110.0,-110.0
401822335,Draft Kings,-17.5,146.5,,,-110.0,-110.0,-108.0,-112.0
401822394,Draft Kings,-3.5,147.5,,,-105.0,-115.0,-110.0,-110.0
401823345,Draft Kings,-10.5,138.5,,,-112.0,-108.0,-110.0,-110.0
401823447,Draft Kings,7.5,153.5,,,-105.0,-115.0,-105.0,-115.0
401823489,Draft Kings,-10.5,155.5,,,-110.0,-110.0,-110.0,-110.0
401823527,Draft Kings,1.5,137.5,,,-118.0,-102.0,-112.0,-108.0
401823789,Draft Kings,-24.5,141.5,,,-112.0,-108.0,-112.0,-108.0
401823871,Draft Kings,-5.5,151.5,,,-115.0,-105.0,-112.0,-108.0
401824138,Draft Kings,-5.5,148.5,,,-118.0,-102.0,-115.0,-105.0
401825392,Draft Kings,-5.5,133.5,,,-108.0,-112.0,-108.0,-112.0
401825393,Draft Kings,13.5,146.5,,,-108.0,-112.0,-110.0,-110.0
401825394,Draft Kings,2.5,154.5,,,-108.0,-112.0,-110.0,-110.0
401826703,Draft Kings,-10.5,155.5,,,-108.0,-112.0,-115.0,-105.0
401826753,,,,,,,,,
401826845,Draft Kings,-11.5,148.5,,,-115.0,-105.0,-115.0,-105.0
401826861,Draft Kings,-16.5,158.5,,,-112.0,-108.0,-108.0,-112.0
401826882,,,,,,,,,
401826909,Draft Kings,-5.5,149.5,,,-112.0,-108.0,-108.0,-112.0
401827217,Draft Kings,-22.5,143.5,,,-105.0,-115.0,-105.0,-115.0
401827278,Draft Kings,-14.5,154.5,,,-105.0,-115.0,-110.0,-110.0
401828278,Draft Kings,-11.5,127.5,,,-115.0,-105.0,-112.0,-108.0
401828285,,,,,,,,,
401828340,Draft Kings,-15.5,157.5,,,-108.0,-112.0,-108.0,-112.0
401828909,Draft Kings,-17.5,138.5,,,-110.0,-110.0,-105.0,-115.0
401829349,,,,,,,,,
401830118,Draft Kings,-4.5,143.5,,,-118.0,-102.0,-110.0,-110.0
401830631,Draft Kings,2.5,135.5,,,-102.0,-118.0,-115.0,-105.0
401830740,,,,,,,,,
401831072,,,,,,,,,
401806373,Draft Kings,-5.5,162.5,,,-112.0,-108.0,-112.0,-108.0
401806374,Draft Kings,1.5,166.5,,,-102.0,-118.0,-110.0,-110.0
401806375,Draft Kings,-10.5,165.5,,,-118.0,-102.0,-112.0,-108.0
401806376,Draft Kings,-8.5,165.5,,,-112.0,-108.0,-112.0,-108.0
401806377,Draft Kings,1.5,150.5,,,100.0,-120.0,-110.0,-110.0
401806378,Draft Kings,7.5,149.5,,,-115.0,-105.0,-108.0,-112.0
401806379,Draft Kings,-3.5,154.5,,,-105.0,-115.0,-108.0,-112.0
401808898,Draft Kings,-14.5,149.5,,,-105.0,-115.0,-110.0,-110.0
401808966,Draft Kings,-6.5,143.5,,,-105.0,-115.0,-110.0,-110.0
401809080,Draft Kings,-23.5,157.5,,,-105.0,-115.0,-112.0,-108.0
401811109,Draft Kings,2.5,158.5,,,-112.0,-108.0,-108.0,-112.0
401811971,Draft Kings,-6.5,156.5,,,-108.0,-112.0,-110.0,-110.0
401812382,,,,,,,,,
401812608,Draft Kings,-5.5,143.5,,,-115.0,-105.0,-115.0,-105.0
401812649,Draft Kings,-18.5,128.5,,,-115.0,-105.0,-115.0,-105.0
401812667,Draft Kings,8.5,145.5,,,-115.0,-105.0,-105.0,-115.0
401813259,Draft Kings,-12.5,154.5,,,-115.0,-105.0,-110.0,-110.0
401813403,Draft Kings,1.5,152.5,,,-115.0,-105.0,-105.0,-115.0
401817201,,,,,,,,,
401817501,Draft Kings,-3.5,180.5,,,-112.0,-108.0,-108.0,-112.0
401817502,Draft Kings,-4.5,162.5,,,-115.0,-105.0,-105.0,-115.0
401817503,Draft Kings,-3.5,144.5,,,-115.0,-105.0,-110.0,-110.0
401817504,Draft Kings,-14.5,158.5,,,-105.0,-115.0,-108.0,-112.0
401818304,,,,,,,,,
401818534,Draft Kings,-3.5,144.5,,,-108.0,-112.0,-112.0,-108.0
401819837,Draft Kings,-18.5,153.5,,,-118.0,-102.0,-112.0,-108.0
401819876,Draft Kings,-42.5,151.5,,,-112.0,-108.0,-112.0,-108.0
401819919,Draft Kings,-31.5,134.5,,,-110.0,-110.0,-108.0,-112.0
401820156,Draft Kings,15.5,132.5,,,-118.0,-102.0,-108.0,-112.0
401820190,Draft Kings,-6.5,142.5,,,-105.0,-115.0,-105.0,-115.0
401820556,Draft Kings,5.5,134.5,,,-112.0,-108.0,-115.0,-105.0
401820628,Draft Kings,-12.5,138.5,,,-112.0,-108.0,-108.0,-112.0
401822325,Draft Kings,-6.5,136.5,,,-108.0,-112.0,-112.0,-108.0
401822726,Draft Kings,-19.5,149.5,,,-112.0,-108.0,-105.0,-115.0
401823016,Draft Kings,-8.5,153.5,,,-115.0,-105.0,-110.0,-110.0
401823219,,,,,,,,,
401823232,Draft Kings,1.5,154.5,,,-112.0,-108.0,-108.0,-112.0
401823438,Draft Kings,-16.5,145.5,,,-110.0,-110.0,-108.0,-112.0
401823495,Draft Kings,-14.5,161.5,,,-102.0,-118.0,-110.0,-110.0
401823504,Draft Kings,-1.5,155.5,,,-108.0,-112.0,-105.0,-115.0
401823568,Draft Kings,-11.5,151.5,,,-112.0,-108.0,-115.0,-105.0
401823594,Draft Kings,-8.5,150.5,,,-108.0,-112.0,-105.0,-115.0
401823766,Draft Kings,-8.5,144.5,,,-108.0,-112.0,-108.0,-112.0
401824028,Draft Kings,-20.5,144.5,,,-105.0,-115.0,-110.0,-110.0
401824059,Draft Kings,-3.5,143.5,,,-102.0,-118.0,-108.0,-112.0
401824128,,,,,,,,,
401824360,,,,,,,,,
401824855,Draft Kings,5.5,137.5,,,-110.0,-110.0,-115.0,-105.0
401824864,Draft Kings,-5.5,139.5,,,-105.0,-115.0,-115.0,-105.0
401824871,Draft Kings,1.5,153.5,,,-102.0,-118.0,-115.0,-105.0
401824938,Draft Kings,-3.5,138.5,,,-110.0,-110.0,-112.0,-108.0
401824952,Draft Kings,-10.5,152.5,,,-108.0,-112.0,-110.0,-110.0
401825395,Draft Kings,7.5,144.5,,,-105.0,-115.0,-110.0,-110.0
401825396,Draft Kings,2.5,141.5,,,-102.0,-118.0,-110.0,-110.0
401825397,Draft Kings,-10.5,155.5,,,-115.0,-105.0,-110.0,-110.0
401825580,Draft Kings,-2.5,147.5,,,-108.0,-112.0,-105.0,-115.0
401825592,Draft Kings,2.5,148.5,,,-112.0,-108.0,-115.0,-105.0
401826073,Draft Kings,-3.5,152.5,,,-110.0,-110.0,-115.0,-105.0
401826736,,,,,,,,,
401826809,Draft Kings,-3.5,133.5,,,-102.0,-118.0,-110.0,-110.0
401826901,Draft Kings,-1.5,145.5,,,-118.0,-102.0,-112.0,-108.0
401826921,Draft Kings,3.5,157.5,,,-115.0,-105.0,-108.0,-112.0
401826943,Draft Kings,-4.5,138.5,,,-112.0,-108.0,-105.0,-115.0
401826955,Draft Kings,-7.5,157.5,,,-112.0,-108.0,-115.0,-105.0
401826978,Draft Kings,-9.5,162.5,,,-102.0,-118.0,-108.0,-112.0
401826994,,,,,,,,,
401826999,,,,,,,,,
401827063,Draft Kings,-2.5,144.5,,,-108.0,-112.0,-108.0,-112.0
401827132,Draft Kings,-16.5,163.5,,,-110.0,-110.0,-112.0,-108.0
401827195,Draft Kings,4.5,147.5,,,-110.0,-110.0,-105.0,-115.0
401827267,Draft Kings,-8.5,147.5,,,-112.0,-108.0,-108.0,-112.0
401827500,Draft Kings,-6.5,154.5,,,-112.0,-108.0,-110.0,-110.0
401827515,Draft Kings,-4.5,137.5,,,-105.0,-115.0,-110.0,-110.0
401828292,Draft Kings,-3.5,153.5,,,-108.0,-112.0,-108.0,-112.0
401828514,Draft Kings,-10.5,129.5,,,-105.0,-115.0,-115.0,-105.0
401828737,Draft Kings,-14.5,143.5,,,-108.0,-112.0,-108.0,-112.0
401829054,Draft Kings,-5.5,150.5,,,-105.0,-115.0,-112.0,-108.0
401830126,Draft Kings,-9.5,149.5,,,-112.0,-108.0,-115.0,-105.0
401809105,Draft Kings,-13.5,142.5,,,-110.0,-110.0,-108.0,-112.0
401809123,,,,,,,,,
401809153,Draft Kings,-1.5,177.5,,,-105.0,-115.0,-110.0,-110.0
401812290,,,,,,,,,
401817505,Draft Kings,1.5,140.5,,,-122.0,102.0,-108.0,-112.0
401820845,,,,,,,,,
401823261,Draft Kings,-5.5,155.5,,,-112.0,-108.0,-115.0,-105.0
401823311,Draft Kings,-13.5,141.5,,,-115.0,-105.0,-105.0,-115.0
401823852,Draft Kings,-9.5,138.5,,,-115.0,-105.0,-115.0,-105.0
401826835,Draft Kings,-2.5,162.5,,,-102.0,-118.0,-108.0,-112.0
401828643,Draft Kings,-18.5,137.5,,,-115.0,-105.0,-112.0,-108.0
401808732,Draft Kings,-19.5,139.5,,,-108.0,-112.0,-108.0,-112.0
401812254,Draft Kings,-6.5,141.5,,,-115.0,-105.0,-112.0,-108.0
401812792,Draft Kings,-36.5,141.5,,,-115.0,-105.0,-112.0,-108.0
401813299,Draft Kings,1.5,155.5,,,-120.0,100.0,-112.0,-108.0
401813324,Draft Kings,-8.5,136.5,,,-105.0,-115.0,-110.0,-110.0
401813353,Draft Kings,-9.5,129.5,,,-110.0,-110.0,-108.0,-112.0
401813380,Draft Kings,-12.5,129.5,,,-112.0,-108.0,-112.0,-108.0
401818554,Draft Kings,-6.5,130.5,,,-115.0,-105.0,-115.0,-105.0
401819847,Draft Kings,1.5,147.5,,,-125.0,105.0,-112.0,-108.0
401820213,Draft Kings,,132.5,,,,,-110.0,-110.0
401820582,Draft Kings,-2.5,163.5,,,-115.0,-105.0,-108.0,-112.0
401822739,Draft Kings,-19.5,154.5,,,-108.0,-112.0,-108.0,-112.0
401823519,,,,,,,,,
401824034,Draft Kings,5.5,159.5,,,-110.0,-110.0,-108.0,-112.0
401824092,,,,,,,,,
401824113,Draft Kings,-6.5,144.5,,,-118.0,-102.0,-108.0,-112.0
401824891,Draft Kings,-7.5,143.5,,,-105.0,-115.0,-115.0,-105.0
401826875,Draft Kings,-1.5,148.5,,,-112.0,-108.0,-105.0,-115.0
401826979,Draft Kings,-28.5,155.5,,,-105.0,-115.0,-115.0,-105.0
401827112,Draft Kings,-13.5,148.5,,,-105.0,-115.0,-112.0,-108.0
401827756,,,,,,,,,
401806343,Draft Kings,8.5,145.5,,,-108.0,-112.0,-115.0,-105.0
401808899,Draft Kings,-4.5,140.5,,,-112.0,-108.0,-110.0,-110.0
401808918,Draft Kings,1.5,145.5,,,-122.0,102.0,-108.0,-112.0
401809081,Draft Kings,-1.5,143.5,,,-118.0,-118.0,-112.0,-108.0
401809085,Draft Kings,8.5,145.5,,,-110.0,-110.0,-115.0,-105.0
401809106,Draft Kings,-7.5,152.5,,,-112.0,-108.0,-115.0,-105.0
401809139,,,,,,,,,
401809154,Draft Kings,-5.5,162.5,,,-112.0,-108.0,-105.0,-115.0
401809420,Draft Kings,-19.5,145.5,,,-105.0,-115.0,-112.0,-108.0
401811099,Draft Kings,-1.5,149.5,,,-120.0,100.0,-110.0,-110.0
401811110,Draft Kings,-8.5,162.5,,,-118.0,-102.0,-110.0,-110.0
401812360,Draft Kings,1.5,142.5,,,-118.0,-102.0,-112.0,-108.0
401812609,Draft Kings,-4.5,141.5,,,-112.0,-108.0,-110.0,-110.0
401812668,Draft Kings,-10.5,138.5,,,-115.0,-105.0,-110.0,-110.0
401813260,Draft Kings,-20.5,144.5,,,-112.0,-108.0,-115.0,-105.0
401813279,Draft Kings,5.5,154.5,,,-105.0,-115.0,-108.0,-112.0
401813293,Draft Kings,1.5,155.5,,,-105.0,-115.0,-110.0,-110.0
401813441,Draft Kings,-5.5,147.5,,,-105.0,-115.0,-115.0,-105.0
401813452,Draft Kings,-9.5,150.5,,,-108.0,-112.0,-115.0,-105.0
401817149,Draft Kings,-13.5,174.5,,,-108.0,-112.0,-112.0,-108.0
401817160,Draft Kings,-6.5,136.5,,,-102.0,-118.0,-115.0,-105.0
401817169,Draft Kings,-7.5,159.5,,,-112.0,-108.0,-108.0,-112.0
401817177,Draft Kings,-12.5,153.5,,,-118.0,-102.0,-112.0,-108.0
401817202,Draft Kings,5.5,144.5,,,-108.0,-112.0,-105.0,-115.0
401817215,Draft Kings,-17.5,126.5,,,-108.0,-112.0,-108.0,-112.0
401817225,Draft Kings,-7.5,144.5,,,-112.0,-108.0,-115.0,-105.0
401817235,Draft Kings,1.5,141.5,,,-122.0,102.0,-112.0,-108.0
401817246,Draft Kings,-3.5,162.5,,,-115.0,-105.0,-110.0,-110.0
401817257,Draft Kings,-28.5,155.5,,,-110.0,-110.0,-112.0,-108.0
401817506,Draft Kings,-1.5,153.5,,,100.0,-120.0,-110.0,-110.0
401817507,Draft Kings,-1.5,158.5,,,-105.0,-115.0,-110.0,-110.0
401817508,Draft Kings,6.5,171.5,,,-108.0,-112.0,-108.0,-112.0
401817509,Draft Kings,-4.5,153.5,,,-115.0,-105.0,-105.0,-115.0
401817523,Draft Kings,-4.5,144.5,,,-105.0,-115.0,-112.0,-108.0
401817534,Draft Kings,-2.5,143.5,,,-115.0,-105.0,-110.0,-110.0
401818535,Draft Kings,-13.5,144.5,,,-112.0,-108.0,-112.0,-108.0
401818555,,,,,,,,,
401819819,Draft Kings,5.5,157.5,,,-105.0,-115.0,-115.0,-105.0
401819829,Draft Kings,3.5,158.5,,,-118.0,-102.0,-112.0,-108.0
401819867,Draft Kings,-1.5,149.5,,,-115.0,-105.0,-105.0,-115.0
401819877,Draft Kings,-4.5,154.5,,,-108.0,-112.0,-112.0,-108.0
401819894,Draft Kings,-2.5,148.5,,,-110.0,-110.0,-108.0,-112.0
401819911,Draft Kings,-5.5,145.5,,,-118.0,-102.0,-110.0,-110.0
401820488,Draft Kings,-3.5,136.5,,,-108.0,-112.0,-110.0,-110.0
401820547,Draft Kings,-1.5,135.5,,,-112.0,-108.0,-112.0,-108.0
401820601,Draft Kings,6.5,162.5,,,-112.0,-108.0,-112.0,-108.0
401820610,Draft Kings,2.5,144.5,,,-108.0,-112.0,-110.0,-110.0
401820629,Draft Kings,-17.5,139.5,,,-112.0,-108.0,-115.0,-105.0
401820812,Draft Kings,-7.5,139.5,,,-105.0,-115.0,-105.0,-115.0
401820828,Draft Kings,-2.5,148.5,,,-115.0,-105.0,-108.0,-112.0
401822336,,,,,,,,,
401822763,Draft Kings,-30.5,143.5,,,-115.0,-105.0,-105.0,-115.0
401823017,,,,,,,,,
401823027,Draft Kings,-11.5,160.5,,,-108.0,-112.0,-112.0,-108.0
401823041,Draft Kings,-10.5,130.5,,,-112.0,-108.0,-112.0,-108.0
401823220,Draft Kings,-16.5,157.5,,,-108.0,-112.0,-108.0,-112.0
401823327,Draft Kings,-7.5,142.5,,,-118.0,-102.0,-112.0,-108.0
401823346,Draft Kings,-5.5,145.5,,,-112.0,-108.0,-110.0,-110.0
401823355,Draft Kings,7.5,158.5,,,-115.0,-105.0,-108.0,-112.0
401823363,Draft Kings,-11.5,147.5,,,-118.0,-102.0,-112.0,-108.0
401823422,Draft Kings,1.5,144.5,,,-118.0,-102.0,-112.0,-108.0
401823465,Draft Kings,-18.5,146.5,,,-108.0,-112.0,-115.0,-105.0
401823471,Draft Kings,-4.5,166.5,,,-105.0,-115.0,-112.0,-108.0
401823480,Draft Kings,-11.5,162.5,,,-105.0,-115.0,-108.0,-112.0
401823505,Draft Kings,-9.5,151.5,,,-108.0,-112.0,-108.0,-112.0
401823528,Draft Kings,1.5,131.5,,,-110.0,-110.0,-115.0,-105.0
401823547,Draft Kings,-10.5,146.5,,,-115.0,-105.0,-108.0,-112.0
401823569,Draft Kings,-5.5,147.5,,,-112.0,-108.0,-108.0,-112.0
401823595,Draft Kings,12.5,130.5,,,-112.0,-108.0,-115.0,-105.0
401823737,Draft Kings,-12.5,145.5,,,-108.0,-112.0,-108.0,-112.0
401823761,Draft Kings,-14.5,156.5,,,-115.0,-105.0,-115.0,-105.0
401824073,Draft Kings,1.5,142.5,,,-112.0,-108.0,-115.0,-105.0
401824122,Draft Kings,-1.5,153.5,,,-102.0,-118.0,-110.0,-110.0
401824361,Draft Kings,5.5,134.5,,,-112.0,-108.0,-108.0,-112.0
401824813,Draft Kings,-12.5,148.5,,,-112.0,-108.0,-108.0,-112.0
401824856,Draft Kings,-8.5,142.5,,,-108.0,-112.0,-105.0,-115.0
401824865,Draft Kings,-10.5,144.5,,,-105.0,-115.0,-112.0,-108.0
401825189,Draft Kings,9.5,147.5,,,-108.0,-112.0,-110.0,-110.0
401825207,Draft Kings,-22.5,142.5,,,-105.0,-115.0,-105.0,-115.0
401825388,Draft Kings,-1.5,150.5,,,-120.0,100.0,-110.0,-110.0
401825398,Draft Kings,-10.5,137.5,,,-112.0,-108.0,-110.0,-110.0
401825399,Draft Kings,1.5,155.5,,,-125.0,105.0,-108.0,-112.0
401825400,Draft Kings,-25.5,153.5,,,-105.0,-115.0,-108.0,-112.0
401825401,Draft Kings,-8.5,146.5,,,-110.0,-110.0,-110.0,-110.0
401825402,Draft Kings,-4.5,154.5,,,-112.0,-108.0,-108.0,-112.0
401825574,Draft Kings,-23.5,156.5,,,-105.0,-115.0,-108.0,-112.0
401825581,Draft Kings,6.5,150.5,,,-105.0,-115.0,-112.0,-108.0
401825593,Draft Kings,-12.5,147.5,,,-110.0,-110.0,-108.0,-112.0
401826754,Draft Kings,-2.5,149.5,,,-108.0,-112.0,-110.0,-110.0
401826764,Draft Kings,-11.5,155.5,,,-108.0,-112.0,-108.0,-112.0
401826791,Draft Kings,-19.5,161.5,,,-110.0,-110.0,-110.0,-110.0
401826916,Draft Kings,-13.5,151.5,,,-108.0,-112.0,-108.0,-112.0
401826924,Draft Kings,-12.5,144.5,,,-112.0,-108.0,-115.0,-105.0
401826944,Draft Kings,-7.5,134.5,,,-105.0,-115.0,-110.0,-110.0
401826970,Draft Kings,10.5,162.5,,,-105.0,-115.0,-112.0,-108.0
401827043,,,,,,,,,
401827070,Draft Kings,-16.5,153.5,,,-105.0,-115.0,-105.0,-115.0
401827211,,,,,,,,,
401827263,Draft Kings,-3.5,157.5,,,-115.0,-105.0,-112.0,-108.0
401827519,Draft Kings,-4.5,161.5,,,-108.0,-112.0,-112.0,-108.0
401827528,Draft Kings,2.5,142.5,,,-118.0,-102.0,-108.0,-112.0
401828293,Draft Kings,5.5,154.5,,,-115.0,-105.0,-115.0,-105.0
401828305,Draft Kings,7.5,129.5,,,-108.0,-112.0,-110.0,-110.0
401828341,Draft Kings,-14.5,158.5,,,-105.0,-115.0,-110.0,-110.0
401828546,,,,,,,,,
401828722,Draft Kings,-10.5,138.5,,,-112.0,-108.0,-112.0,-108.0
401829275,Draft Kings,-5.5,139.5,,,-108.0,-112.0,-110.0,-110.0
401829350,Draft Kings,-3.5,149.5,,,-108.0,-112.0,-108.0,-112.0
401829405,,,,,,,,,
401830238,,,,,,,,,
401830634,,,,,,,,,
401831238,Draft Kings,1.5,129.5,,,-125.0,105.0,-112.0,-108.0
401831239,Draft Kings,-1.5,147.5,,,-118.0,-102.0,-112.0,-108.0
401831240,Draft Kings,-18.5,150.5,,,-118.0,-102.0,-105.0,-115.0
401831242,,,,,,,,,
401831529,,,,,,,,,
401808934,Draft Kings,-7.5,133.5,,,-108.0,-112.0,-115.0,-105.0
401811972,Draft Kings,3.5,153.5,,,-115.0,-105.0,-105.0,-115.0
401812255,Draft Kings,9.5,135.5,,,-110.0,-110.0,-105.0,-115.0
401812265,Draft Kings,-33.5,171.5,,,-108.0,-112.0,-108.0,-112.0
401812385,Draft Kings,-13.5,154.5,,,-110.0,-110.0,-108.0,-112.0
401812650,Draft Kings,-1.5,138.5,,,102.0,-122.0,-112.0,-108.0
401813309,Draft Kings,-7.5,140.5,,,-110.0,-110.0,-108.0,-112.0
401813354,Draft Kings,-17.5,131.5,,,-108.0,-112.0,-115.0,-105.0
401813381,Draft Kings,-5.5,131.5,,,-105.0,-115.0,-115.0,-105.0
401817189,Draft Kings,-24.5,160.5,,,-115.0,-105.0,-108.0,-112.0
401817268,Draft Kings,-10.5,149.5,,,-115.0,-105.0,-112.0,-108.0
401817448,Draft Kings,-8.5,134.5,,,-112.0,-108.0,-110.0,-110.0
401817460,Draft Kings,1.5,164.5,,,-108.0,-112.0,-110.0,-110.0
401817471,Draft Kings,-9.5,164.5,,,-105.0,-115.0,-108.0,-112.0
401817510,Draft Kings,-6.5,142.5,,,-108.0,-112.0,-115.0,-105.0
401818305,Draft Kings,-12.5,148.5,,,-115.0,-105.0,-105.0,-115.0
401819885,Draft Kings,-5.5,150.5,,,-115.0,-105.0,-105.0,-115.0
401819902,Draft Kings,-5.5,154.5,,,-110.0,-110.0,-108.0,-112.0
401820157,Draft Kings,-9.5,133.5,,,-108.0,-112.0,-110.0,-110.0
401820214,,,,,,,,,
401820583,Draft Kings,-14.5,147.5,,,-105.0,-115.0,-112.0,-108.0
401820802,Draft Kings,10.5,139.5,,,-108.0,-112.0,-112.0,-108.0
401820835,Draft Kings,-5.5,155.5,,,-105.0,-115.0,-110.0,-110.0
401823192,Draft Kings,-3.5,144.5,,,-112.0,-108.0,-112.0,-108.0
401823233,Draft Kings,2.5,150.5,,,-118.0,-102.0,-105.0,-115.0
401823423,,,,,,,,,
401823448,Draft Kings,-42.5,166.5,,,-115.0,-105.0,-115.0,-105.0
401823490,,,,,,,,,
401823726,Draft Kings,-1.5,163.5,,,100.0,-120.0,-108.0,-112.0
401824129,Draft Kings,-12.5,136.5,,,-115.0,-105.0,-110.0,-110.0
401824139,Draft Kings,-2.5,145.5,,,-108.0,-112.0,-108.0,-112.0
401824828,Draft Kings,-9.5,148.5,,,-105.0,-115.0,-105.0,-115.0
401824892,,,,,,,,,
401824939,Draft Kings,-2.5,145.5,,,-108.0,-112.0,-112.0,-108.0
401824953,Draft Kings,-11.5,146.5,,,-112.0,-108.0,-112.0,-108.0
401826730,Draft Kings,-4.5,150.5,,,-105.0,-115.0,-115.0,-105.0
401826816,,,,,,,,,
401826902,,,,,,,,,
401826956,Draft Kings,-7.5,154.5,,,-108.0,-112.0,-110.0,-110.0
401827000,,,,,,,,,
401827156,Draft Kings,-6.5,144.5,,,-108.0,-112.0,-110.0,-110.0
401828298,,,,,,,,,
401828312,,,,,,,,,
401828644,Draft Kings,8.5,137.5,,,-115.0,-105.0,-115.0,-105.0
401829354,Draft Kings,-11.5,158.5,,,-105.0,-115.0,-105.0,-115.0
401829434,Draft Kings,-2.5,166.5,,,-110.0,-110.0,-112.0,-108.0
401829449,Draft Kings,-19.5,142.5,,,-105.0,-115.0,-108.0,-112.0
401830122,Draft Kings,-2.5,151.5,,,-112.0,-108.0,-110.0,-110.0
401808900,Draft Kings,1.5,148.5,,,100.0,-120.0,-108.0,-112.0
401812581,Draft Kings,-7.5,150.5,,,-105.0,-115.0,-105.0,-115.0
401819895,Draft Kings,-38.5,160.5,,,-115.0,-105.0,-110.0,-110.0
401820846,Draft Kings,-12.5,156.5,,,-112.0,-108.0,-112.0,-108.0
401827017,Draft Kings,-22.5,158.5,,,-108.0,-112.0,-108.0,-112.0
401827090,Draft Kings,-8.5,142.5,,,-108.0,-112.0,-115.0,-105.0
401828342,,,,,,,,,
401809082,Draft Kings,2.5,135.5,,,-102.0,-118.0,-108.0,-112.0
401811111,Draft Kings,-14.5,161.5,,,-115.0,-105.0,-108.0,-112.0
401812669,,,,,,,,,
401812793,Draft Kings,-4.5,145.5,,,-105.0,-115.0,-112.0,-108.0
401812923,Draft Kings,-4.5,152.5,,,-112.0,-108.0,-110.0,-110.0
401813280,Draft Kings,-21.5,150.5,,,-115.0,-105.0,-112.0,-108.0
401817170,Draft Kings,1.5,146.5,,,-105.0,-115.0,-105.0,-115.0
401817513,Draft Kings,-36.5,134.5,,,-115.0,-105.0,-112.0,-108.0
401818536,Draft Kings,4.5,146.5,,,-108.0,-112.0,-115.0,-105.0
401818556,Draft Kings,-19.5,145.5,,,-108.0,-112.0,-112.0,-108.0
401819820,Draft Kings,-16.5,154.5,,,-105.0,-115.0,-110.0,-110.0
401819920,Draft Kings,-27.5,132.5,,,-108.0,-112.0,-105.0,-115.0
401820191,Draft Kings,2.5,151.5,,,-105.0,-115.0,-105.0,-115.0
401820295,,,,,,,,,
401822326,Draft Kings,5.5,142.5,,,-108.0,-112.0,-112.0,-108.0
401822395,,,,,,,,,
401822670,Draft Kings,-22.5,146.5,,,-108.0,-112.0,-108.0,-112.0
401823312,Draft Kings,-7.5,141.5,,,-105.0,-115.0,-105.0,-115.0
401823389,,,,,,,,,
401823432,Draft Kings,3.5,145.5,,,-112.0,-108.0,-108.0,-112.0
401823566,Draft Kings,-17.5,156.5,,,-108.0,-112.0,-112.0,-108.0
401823811,Draft Kings,-20.5,153.5,,,-105.0,-115.0,-110.0,-110.0
401824114,Draft Kings,14.5,158.5,,,-115.0,-105.0,-108.0,-112.0
401824872,,,,,,,,,
401825403,Draft Kings,-14.5,152.5,,,-105.0,-115.0,-110.0,-110.0
401825404,Draft Kings,3.5,162.5,,,-115.0,-105.0,-110.0,-110.0
401826741,,,,,,,,,
401826839,,,,,,,,,
401827071,,,,,,,,,
401827529,Draft Kings,2.5,149.5,,,-105.0,-115.0,-108.0,-112.0
401828738,Draft Kings,-42.5,148.5,,,-110.0,-110.0,-110.0,-110.0
401829432,,,,,,,,,
401829439,,,,,,,,,
401829469,,,,,,,,,
401830127,,,,,,,,,
401812291,Draft Kings,-11.5,141.5,,,-112.0,-108.0,-115.0,-105.0
401813453,Draft Kings,-14.5,150.5,,,100.0,-120.0,-112.0,-108.0
401817150,Draft Kings,-21.5,152.5,,,-112.0,-108.0,-112.0,-108.0
401817203,Draft Kings,-9.5,142.5,,,-115.0,-105.0,-105.0,-115.0
401817216,Draft Kings,-1.5,143.5,,,102.0,-122.0,-112.0,-108.0
401817258,Draft Kings,-12.5,149.5,,,-115.0,-105.0,-110.0,-110.0
401817438,Draft Kings,-11.5,144.5,,,-115.0,-105.0,-115.0,-105.0
401818306,Draft Kings,-17.5,145.5,,,-112.0,-108.0,-110.0,-110.0
401819830,Draft Kings,-26.5,148.5,,,-110.0,-110.0,-112.0,-108.0
401820619,Draft Kings,-8.5,146.5,,,-108.0,-112.0,-112.0,-108.0
401820630,Draft Kings,-8.5,128.5,,,-112.0,-108.0,-108.0,-112.0
401822740,Draft Kings,-8.5,157.5,,,-115.0,-105.0,-112.0,-108.0
401823175,,,,,,,,,
401823262,Draft Kings,-3.5,161.5,,,-108.0,-112.0,-108.0,-112.0
401823364,Draft Kings,-1.5,159.5,,,-115.0,-105.0,-110.0,-110.0
401823397,Draft Kings,-3.5,147.5,,,-108.0,-112.0,-105.0,-115.0
401823767,Draft Kings,-17.5,135.5,,,-108.0,-112.0,-115.0,-105.0
401824814,Draft Kings,-40.5,137.5,,,-105.0,-115.0,-115.0,-105.0
401824857,Draft Kings,-9.5,141.5,,,-115.0,-105.0,-115.0,-105.0
401824901,,,,,,,,,
401825405,Draft Kings,-1.5,158.5,,,-118.0,-102.0,-110.0,-110.0
401825406,Draft Kings,-19.5,143.5,,,-115.0,-105.0,-108.0,-112.0
401826749,,,,,,,,,
401826765,,,,,,,,,
401826774,,,,,,,,,
401826836,Draft Kings,-13.5,160.5,,,-115.0,-105.0,-112.0,-108.0
401826846,,,,,,,,,
401826864,Draft Kings,-2.5,134.5,,,-102.0,-118.0,-115.0,-105.0
401826957,Draft Kings,7.5,150.5,,,-112.0,-108.0,-110.0,-110.0
401827018,Draft Kings,-3.5,142.5,,,-108.0,-112.0,-108.0,-112.0
401827133,Draft Kings,-25.5,155.5,,,-105.0,-115.0,-115.0,-105.0
401828294,,,,,,,,,
401828547,Draft Kings,6.5,149.5,,,-110.0,-110.0,-108.0,-112.0
401828685,Draft Kings,2.5,130.5,,,-115.0,-105.0,-112.0,-108.0
401829393,Draft Kings,-8.5,146.5,,,-105.0,-115.0,-110.0,-110.0
401829458,,,,,,,,,
401830422,Draft Kings,6.5,152.5,,,-105.0,-115.0,-115.0,-105.0
401830739,,,,,,,,,
401817480,Draft Kings,-11.5,146.5,,,-115.0,-105.0,-110.0,-110.0
401817511,Draft Kings,-3.5,165.5,,,-102.0,-118.0,-110.0,-110.0
401817524,Draft Kings,-20.5,152.5,,,-108.0,-112.0,-110.0,-110.0
401819878,Draft Kings,-11.5,141.5,,,-108.0,-112.0,-105.0,-115.0
401820813,Draft Kings,-4.5,130.5,,,-110.0,-110.0,-115.0,-105.0
401823347,,,,,,,,,
401823738,Draft Kings,7.5,149.5,,,-108.0,-112.0,-115.0,-105.0
401823872,Draft Kings,-4.5,145.5,,,-112.0,-108.0,-105.0,-115.0
401826742,,,,,,,,,
401827157,Draft Kings,-26.5,155.5,,,-110.0,-110.0,-110.0,-110.0
401829479,,,,,,,,,
401829492,,,,,,,,,
401831530,,,,,,,,,
401808702,Draft Kings,-20.5,142.5,,,-105.0,-115.0,-115.0,-105.0
401812794,Draft Kings,-11.5,145.5,,,-112.0,-108.0,-105.0,-115.0
401820489,,,,,,,,,
401822353,,,,,,,,,
401823042,Draft Kings,-7.5,130.5,,,-115.0,-105.0,-105.0,-115.0
401823328,Draft Kings,-18.5,151.5,,,-108.0,-112.0,-115.0,-105.0
401823496,Draft Kings,-18.5,157.5,,,-108.0,-112.0,-115.0,-105.0
401823506,Draft Kings,3.5,153.5,,,-108.0,-112.0,-108.0,-112.0
401824893,Draft Kings,3.5,143.5,,,-105.0,-115.0,-110.0,-110.0
401826056,Draft Kings,-7.5,146.5,,,-115.0,-105.0,-110.0,-110.0
401826971,,,,,,,,,
401829476,,,,,,,,,
401830119,,,,,,,,,
401808901,Draft Kings,-32.5,138.5,,,-108.0,-112.0,-108.0,-112.0
401808953,Draft Kings,-2.5,132.5,,,-108.0,-112.0,-112.0,-108.0
401809421,Draft Kings,-35.5,153.5,,,-115.0,-105.0,-110.0,-110.0
401811112,Draft Kings,-6.5,168.5,,,-115.0,-105.0,-108.0,-112.0
401812266,Draft Kings,2.5,178.5,,,-105.0,-115.0,-110.0,-110.0
401812361,Draft Kings,-2.5,143.5,,,-110.0,-110.0,-110.0,-110.0
401812631,Draft Kings,-1.5,144.5,,,102.0,-122.0,-115.0,-105.0
401812651,Draft Kings,7.5,133.5,,,-105.0,-115.0,-110.0,-110.0
401812924,Draft Kings,-22.5,152.5,,,-105.0,-115.0,-105.0,-115.0
401813261,Draft Kings,-8.5,148.5,,,-110.0,-110.0,-105.0,-115.0
401813281,Draft Kings,-1.5,140.5,,,-115.0,-105.0,-105.0,-115.0
401813294,Draft Kings,2.5,169.5,,,-110.0,-110.0,-108.0,-112.0
401813325,Draft Kings,1.5,131.5,,,100.0,-120.0,-108.0,-112.0
401813355,Draft Kings,-6.5,127.5,,,-110.0,-110.0,-108.0,-112.0
401813404,Draft Kings,2.5,151.5,,,-118.0,-102.0,-105.0,-115.0
401813442,Draft Kings,-30.5,159.5,,,-115.0,-105.0,-108.0,-112.0
401813454,Draft Kings,-5.5,151.5,,,-112.0,-108.0,-112.0,-108.0
401813763,Draft Kings,-10.5,147.5,,,-105.0,-115.0,-108.0,-112.0
401817151,Draft Kings,-14.5,162.5,,,-115.0,-105.0,-112.0,-108.0
401817178,Draft Kings,-3.5,153.5,,,-112.0,-108.0,-112.0,-108.0
401817190,Draft Kings,-12.5,155.5,,,-115.0,-105.0,-108.0,-112.0
401817204,Draft Kings,6.5,150.5,,,-112.0,-108.0,-110.0,-110.0
401817226,Draft Kings,-19.5,145.5,,,-108.0,-112.0,-108.0,-112.0
401817247,Draft Kings,-16.5,162.5,,,-115.0,-105.0,-110.0,-110.0
401817259,Draft Kings,-1.5,148.5,,,-118.0,-102.0,-108.0,-112.0
401817269,Draft Kings,-29.5,151.5,,,-105.0,-115.0,-108.0,-112.0
401817439,Draft Kings,-14.5,136.5,,,-120.0,100.0,-108.0,-112.0
401817449,Draft Kings,-10.5,138.5,,,-108.0,-112.0,-105.0,-115.0
401817461,Draft Kings,-1.5,158.5,,,-102.0,-118.0,-108.0,-112.0
401817472,Draft Kings,8.5,145.5,,,-108.0,-112.0,-108.0,-112.0
401817483,Draft Kings,-9.5,139.5,,,-105.0,-115.0,-108.0,-112.0
401819821,Draft Kings,-1.5,154.5,,,-118.0,-102.0,-105.0,-115.0
401819838,Draft Kings,-33.5,155.5,,,-115.0,-105.0,-105.0,-115.0
401819848,Draft Kings,-5.5,157.5,,,-110.0,-110.0,-112.0,-108.0
401819868,Draft Kings,-22.5,154.5,,,-112.0,-108.0,-115.0,-105.0
401819896,Draft Kings,-4.5,159.5,,,-108.0,-112.0,-112.0,-108.0
401819912,Draft Kings,1.5,153.5,,,100.0,-120.0,-108.0,-112.0
401819921,Draft Kings,-3.5,145.5,,,-105.0,-115.0,-105.0,-115.0
401820215,Draft Kings,-11.5,132.5,,,-118.0,-102.0,-105.0,-115.0
401820401,Draft Kings,-12.5,161.5,,,-112.0,-108.0,-108.0,-112.0
401820548,Draft Kings,-8.5,149.5,,,-108.0,-112.0,-108.0,-112.0
401820584,Draft Kings,-12.5,153.5,,,-110.0,-110.0,-108.0,-112.0
401820602,Draft Kings,-4.5,168.5,,,-112.0,-108.0,-115.0,-105.0
401822170,Draft Kings,-8.5,147.5,,,-115.0,-105.0,-115.0,-105.0
401822337,Draft Kings,4.5,136.5,,,-108.0,-112.0,-112.0,-108.0
401822727,Draft Kings,-20.5,140.5,,,-112.0,-108.0,-110.0,-110.0
401822867,Draft Kings,-3.5,164.5,,,-112.0,-108.0,-115.0,-105.0
401823028,Draft Kings,-16.5,154.5,,,-110.0,-110.0,-112.0,-108.0
401823176,Draft Kings,-3.5,165.5,,,-115.0,-105.0,-110.0,-110.0
401823221,Draft Kings,4.5,146.5,,,-105.0,-115.0,-108.0,-112.0
401823406,Draft Kings,1.5,154.5,,,-115.0,-105.0,-108.0,-112.0
401823412,Draft Kings,-3.5,149.5,,,-112.0,-108.0,-108.0,-112.0
401823457,Draft Kings,-7.5,145.5,,,-108.0,-112.0,-115.0,-105.0
401823466,Draft Kings,-11.5,156.5,,,-108.0,-112.0,-108.0,-112.0
401823481,Draft Kings,-19.5,150.5,,,-112.0,-108.0,-115.0,-105.0
401823548,Draft Kings,-25.5,153.5,,,-105.0,-115.0,-112.0,-108.0
401823727,Draft Kings,6.5,151.5,,,-112.0,-108.0,-115.0,-105.0
401823739,Draft Kings,-1.5,147.5,,,-118.0,-102.0,-110.0,-110.0
401823790,Draft Kings,-17.5,143.5,,,-112.0,-108.0,-105.0,-115.0
401824029,,,,,,,,,
401824060,Draft Kings,-1.5,140.5,,,-115.0,-105.0,-108.0,-112.0
401824066,,,,,,,,,
401824115,Draft Kings,-4.5,149.5,,,-110.0,-110.0,-115.0,-105.0
401824130,,,,,,,,,
401824309,Draft Kings,-28.5,159.5,,,-105.0,-115.0,-110.0,-110.0
401824362,Draft Kings,-2.5,144.5,,,-115.0,-105.0,-115.0,-105.0
401824902,Draft Kings,-12.5,138.5,,,-110.0,-110.0,-105.0,-115.0
401824940,Draft Kings,-36.5,158.5,,,-105.0,-115.0,-108.0,-112.0
401825389,Draft Kings,3.5,154.5,,,-110.0,-110.0,-108.0,-112.0
401825407,Draft Kings,-9.5,156.5,,,-110.0,-110.0,-112.0,-108.0
401825408,Draft Kings,19.5,163.5,,,-112.0,-108.0,-115.0,-105.0
401825409,Draft Kings,12.5,145.5,,,-110.0,-110.0,-108.0,-112.0
401825575,Draft Kings,-7.5,145.5,,,-110.0,-110.0,-115.0,-105.0
401826090,Draft Kings,-13.5,146.5,,,-115.0,-105.0,-110.0,-110.0
401826704,Draft Kings,-16.5,144.5,,,-108.0,-112.0,-110.0,-110.0
401826711,Draft Kings,-12.5,165.5,,,-112.0,-108.0,-115.0,-105.0
401826789,Draft Kings,2.5,155.5,,,-118.0,-102.0,-108.0,-112.0
401826795,Draft Kings,-18.5,147.5,,,-112.0,-108.0,-115.0,-105.0
401826810,Draft Kings,2.5,155.5,,,-102.0,-118.0,-115.0,-105.0
401826834,,,,,,,,,
401826847,Draft Kings,-5.5,149.5,,,-108.0,-112.0,-115.0,-105.0
401826894,Draft Kings,-13.5,136.5,,,-102.0,-118.0,-112.0,-108.0
401826903,Draft Kings,-9.5,126.5,,,-115.0,-105.0,-112.0,-108.0
401826925,,,,,,,,,
401826935,Draft Kings,-30.5,146.5,,,-108.0,-112.0,-110.0,-110.0
401826952,Draft Kings,-5.5,146.5,,,-108.0,-112.0,-115.0,-105.0
401827055,Draft Kings,-13.5,139.5,,,-115.0,-105.0,-110.0,-110.0
401827072,,,,,,,,,
401827196,,,,,,,,,
401827208,Draft Kings,-3.5,156.5,,,-110.0,-110.0,-108.0,-112.0
401827259,Draft Kings,-12.5,138.5,,,-115.0,-105.0,-110.0,-110.0
401827524,Draft Kings,2.5,142.5,,,-105.0,-115.0,-105.0,-115.0
401828286,Draft Kings,4.5,146.5,,,-115.0,-105.0,-108.0,-112.0
401828313,Draft Kings,3.5,139.5,,,-108.0,-112.0,-108.0,-112.0
401828528,,,,,,,,,
401828548,Draft Kings,5.5,158.5,,,-110.0,-110.0,-112.0,-108.0
401828910,Draft Kings,-5.5,145.5,,,-105.0,-115.0,-112.0,-108.0
401829424,Draft Kings,-22.5,141.5,,,-115.0,-105.0,-115.0,-105.0
401829452,,,,,,,,,
401829459,Draft Kings,-7.5,145.5,,,-110.0,-110.0,-115.0,-105.0
401829480,Draft Kings,3.5,148.5,,,-110.0,-110.0,-110.0,-110.0
401830198,Draft Kings,-12.5,154.5,,,-112.0,-108.0,-105.0,-115.0
401812386,Draft Kings,-20.5,150.5,,,-118.0,-102.0,-112.0,-108.0
401817161,Draft Kings,-15.5,140.5,,,-105.0,-115.0,-112.0,-108.0
401817512,Draft Kings,-9.5,153.5,,,-105.0,-115.0,-112.0,-108.0
401817525,Draft Kings,-27.5,139.5,,,-115.0,-105.0,-108.0,-112.0
401817535,Draft Kings,-18.5,165.5,,,-108.0,-112.0,-110.0,-110.0
401819879,Draft Kings,-43.5,144.5,,,-115.0,-105.0,-112.0,-108.0
401820803,Draft Kings,-5.5,140.5,,,-115.0,-105.0,-108.0,-112.0
401820814,Draft Kings,-1.5,146.5,,,-112.0,-108.0,-112.0,-108.0
401822314,Draft Kings,-2.5,159.5,,,-112.0,-108.0,-110.0,-110.0
401822327,Draft Kings,-8.5,145.5,,,-105.0,-115.0,-110.0,-110.0
401822764,Draft Kings,-20.5,154.5,,,-112.0,-108.0,-110.0,-110.0
401823005,,,,,,,,,
401823018,Draft Kings,7.5,160.5,,,-105.0,-115.0,-108.0,-112.0
401823234,Draft Kings,-15.5,159.5,,,-112.0,-108.0,-110.0,-110.0
401823313,Draft Kings,2.5,143.5,,,-115.0,-105.0,-110.0,-110.0
401823348,Draft Kings,-26.5,147.5,,,-105.0,-115.0,-115.0,-105.0
401823570,,,,,,,,,
401823650,Draft Kings,-25.5,137.5,,,-112.0,-108.0,-110.0,-110.0
401823812,,,,,,,,,
401823819,Draft Kings,2.5,139.5,,,-115.0,-105.0,-108.0,-112.0
401824140,Draft Kings,-12.5,156.5,,,-110.0,-110.0,-112.0,-108.0
401826737,Draft Kings,12.5,144.5,,,-112.0,-108.0,-115.0,-105.0
401826769,Draft Kings,-6.5,136.5,,,-110.0,-110.0,-108.0,-112.0
401826876,Draft Kings,-6.5,155.5,,,-108.0,-112.0,-110.0,-110.0
401827008,Draft Kings,-21.5,144.5,,,-105.0,-115.0,-112.0,-108.0
401827113,Draft Kings,-20.5,146.5,,,-115.0,-105.0,-115.0,-105.0
401827487,,,,,,,,,
401828279,Draft Kings,-1.5,135.5,,,-108.0,-112.0,-108.0,-112.0
401829344,,,,,,,,,
401829351,,,,,,,,,
401829394,,,,,,,,,
401832162,,,,,,,,,
401808703,Draft Kings,-4.5,137.5,,,-108.0,-112.0,-110.0,-110.0
401812256,Draft Kings,-19.5,143.5,,,-108.0,-112.0,-108.0,-112.0
401813382,Draft Kings,-30.5,143.5,,,-112.0,-108.0,-108.0,-112.0
401820475,Draft Kings,14.5,137.5,,,-112.0,-108.0,-112.0,-108.0
401823365,,,,,,,,,
401823439,Draft Kings,4.5,140.5,,,-115.0,-105.0,-108.0,-112.0
401823762,Draft Kings,3.5,149.5,,,-105.0,-115.0,-112.0,-108.0
401825208,,,,,,,,,
401826972,Draft Kings,10.5,155.5,,,-108.0,-112.0,-112.0,-108.0
401827134,,,,,,,,,
401829435,,,,,,,,,
401829464,,,,,,,,,
401842404,,,,,,,,,
401806344,Draft Kings,-2.5,136.5,,,-118.0,-102.0,-115.0,-105.0
401808976,Draft Kings,-3.5,139.5,,,-108.0,-112.0,-110.0,-110.0
401809422,Draft Kings,-22.5,161.5,,,-110.0,-110.0,-105.0,-115.0
401812362,Draft Kings,-16.5,152.5,,,-108.0,-112.0,-108.0,-112.0
401812670,Draft Kings,1.5,147.5,,,-112.0,-108.0,-108.0,-112.0
401812925,Draft Kings,-12.5,142.5,,,-112.0,-108.0,-105.0,-115.0
401813326,Draft Kings,-6.5,141.5,,,-112.0,-108.0,-110.0,-110.0
401813356,Draft Kings,-21.5,138.5,,,-115.0,-105.0,-108.0,-112.0
401813443,Draft Kings,-6.5,162.5,,,-112.0,-108.0,-105.0,-115.0
401817236,Draft Kings,-32.5,151.5,,,-105.0,-115.0,-105.0,-115.0
401817248,Draft Kings,-4.5,156.5,,,-110.0,-110.0,-110.0,-110.0
401817270,Draft Kings,-17.5,150.5,,,-112.0,-108.0,-110.0,-110.0
401819839,Draft Kings,-23.5,149.5,,,-105.0,-115.0,-115.0,-105.0
401819886,Draft Kings,-14.5,137.5,,,-108.0,-112.0,-115.0,-105.0
401819903,Draft Kings,-25.5,152.5,,,-112.0,-108.0,-105.0,-115.0
401822338,Draft Kings,-14.5,145.5,,,-112.0,-108.0,-115.0,-105.0
401822346,Draft Kings,-21.5,148.5,,,-108.0,-112.0,-112.0,-108.0
401822868,Draft Kings,-15.5,144.5,,,-110.0,-110.0,-110.0,-110.0
401822869,Draft Kings,-19.5,147.5,,,-110.0,-110.0,-108.0,-112.0
401823329,Draft Kings,-4.5,146.5,,,-115.0,-105.0,-108.0,-112.0
401823379,,,,,,,,,
401823413,Draft Kings,1.5,149.5,,,-112.0,-108.0,-112.0,-108.0
401823467,,,,,,,,,
401823472,Draft Kings,-23.5,150.5,,,-102.0,-118.0,-115.0,-105.0
401823497,Draft Kings,-23.5,169.5,,,-108.0,-112.0,-115.0,-105.0
401823529,Draft Kings,-34.5,145.5,,,-105.0,-115.0,-110.0,-110.0
401823537,Draft Kings,-12.5,155.5,,,-115.0,-105.0,-112.0,-108.0
401823728,Draft Kings,2.5,151.5,,,-112.0,-108.0,-115.0,-105.0
401823853,Draft Kings,-8.5,129.5,,,-105.0,-115.0,-115.0,-105.0
401824044,Draft Kings,1.5,150.5,,,-120.0,100.0,-108.0,-112.0
401825582,Draft Kings,2.5,159.5,,,-108.0,-112.0,-112.0,-108.0
401826046,,,,,,,,,
401826743,,,,,,,,,
401826781,Draft Kings,-30.5,153.5,,,-115.0,-105.0,-112.0,-108.0
401826858,Draft Kings,-29.5,152.5,,,-105.0,-115.0,-115.0,-105.0
401826980,,,,,,,,,
401827001,Draft Kings,17.5,142.5,,,-110.0,-110.0,-110.0,-110.0
401827064,Draft Kings,10.5,147.5,,,-115.0,-105.0,-112.0,-108.0
401827516,Draft Kings,-6.5,138.5,,,-115.0,-105.0,-108.0,-112.0
401827530,Draft Kings,-6.5,147.5,,,-112.0,-108.0,-110.0,-110.0
401828471,,,,,,,,,
401829050,,,,,,,,,
401829470,,,,,,,,,
401830199,Draft Kings,8.5,147.5,,,-112.0,-108.0,-115.0,-105.0
401830423,,,,,,,,,
401808575,Draft Kings,4.5,151.5,,,-115.0,-105.0,-110.0,-110.0
401808577,Draft Kings,2.5,148.5,,,-105.0,-115.0,-112.0,-108.0
401808578,Draft Kings,9.5,148.5,,,-105.0,-115.0,-115.0,-105.0
401808919,Draft Kings,-3.5,137.5,,,-115.0,-105.0,-110.0,-110.0
401808967,Draft Kings,-6.5,139.5,,,-105.0,-115.0,-105.0,-115.0
401811113,,,,,,,,,
401812267,Draft Kings,-14.5,178.5,,,-108.0,-112.0,-110.0,-110.0
401812387,Draft Kings,-44.5,156.5,,,-118.0,-102.0,-112.0,-108.0
401813764,Draft Kings,-9.5,142.5,,,-118.0,-102.0,-115.0,-105.0
401817162,Draft Kings,-11.5,143.5,,,-110.0,-110.0,-110.0,-110.0
401817179,Draft Kings,3.5,161.5,,,-112.0,-108.0,-115.0,-105.0
401817191,Draft Kings,-26.5,157.5,,,-108.0,-112.0,-108.0,-112.0
401817260,Draft Kings,-34.5,152.5,,,-105.0,-115.0,-108.0,-112.0
401817450,Draft Kings,-24.5,134.5,,,-108.0,-112.0,-115.0,-105.0
401817473,Draft Kings,-10.5,139.5,,,-112.0,-108.0,-112.0,-108.0
401817484,Draft Kings,-24.5,131.5,,,-112.0,-108.0,-112.0,-108.0
401817536,Draft Kings,-24.5,163.5,,,-115.0,-105.0,-105.0,-115.0
401817593,Draft Kings,-3.5,163.5,,,-115.0,-105.0,-112.0,-108.0
401817594,Draft Kings,-2.5,140.5,,,-118.0,-102.0,-108.0,-112.0
401819849,Draft Kings,-21.5,145.5,,,-105.0,-115.0,-108.0,-112.0
401819869,Draft Kings,-16.5,150.5,,,-112.0,-108.0,-110.0,-110.0
401820557,Draft Kings,-24.5,135.5,,,-112.0,-108.0,-112.0,-108.0
401820585,Draft Kings,-1.5,145.5,,,-112.0,-108.0,-112.0,-108.0
401820815,Draft Kings,-4.5,131.5,,,-108.0,-112.0,-110.0,-110.0
401822354,Draft Kings,-3.5,138.5,,,-110.0,-110.0,-105.0,-115.0
401822837,Draft Kings,-2.5,134.5,,,-115.0,-105.0,-110.0,-110.0
401822870,Draft Kings,-6.5,149.5,,,-108.0,-112.0,-108.0,-112.0
401822871,Draft Kings,-2.5,151.5,,,-118.0,-102.0,-108.0,-112.0
401822999,Draft Kings,-3.5,160.5,,,-112.0,-108.0,-108.0,-112.0
401823043,Draft Kings,-4.5,131.5,,,-108.0,-112.0,-110.0,-110.0
401823222,Draft Kings,1.5,146.5,,,-108.0,-112.0,-110.0,-110.0
401823349,Draft Kings,3.5,139.5,,,-105.0,-115.0,-115.0,-105.0
401823356,Draft Kings,-3.5,153.5,,,-108.0,-112.0,-108.0,-112.0
401823458,,,,,,,,,
401823491,Draft Kings,-16.5,160.5,,,-105.0,-115.0,-108.0,-112.0
401823507,Draft Kings,6.5,153.5,,,-110.0,-110.0,-112.0,-108.0
401824035,Draft Kings,-36.5,160.5,,,-108.0,-112.0,-112.0,-108.0
401824093,Draft Kings,-19.5,154.5,,,-105.0,-115.0,-105.0,-115.0
401824123,Draft Kings,-12.5,139.5,,,-112.0,-108.0,-112.0,-108.0
401824131,Draft Kings,2.5,143.5,,,-105.0,-115.0,-112.0,-108.0
401824941,,,,,,,,,
401825390,,,,,,,,,
401826799,Draft Kings,9.5,159.5,,,-115.0,-105.0,-115.0,-105.0
401826811,,,,,,,,,
401826848,Draft Kings,-4.5,140.5,,,-102.0,-118.0,-115.0,-105.0
401826877,Draft Kings,-18.5,156.5,,,-115.0,-105.0,-112.0,-108.0
401826883,Draft Kings,-12.5,144.5,,,-105.0,-115.0,-110.0,-110.0
401826953,Draft Kings,-15.5,148.5,,,-108.0,-112.0,-105.0,-115.0
401827065,,,,,,,,,
401827135,,,,,,,,,
401827197,Draft Kings,-20.5,135.5,,,-105.0,-115.0,-108.0,-112.0
401827440,Draft Kings,-25.5,157.5,,,-105.0,-115.0,-115.0,-105.0
401827453,Draft Kings,-17.5,146.5,,,-110.0,-110.0,-105.0,-115.0
401827496,Draft Kings,-10.5,146.5,,,-105.0,-115.0,-108.0,-112.0
401828295,,,,,,,,,
401828314,Draft Kings,-2.5,142.5,,,-105.0,-115.0,-105.0,-115.0
401828479,Draft Kings,7.5,140.5,,,-112.0,-108.0,-115.0,-105.0
401828739,,,,,,,,,
401830246,Draft Kings,5.5,133.5,,,-112.0,-108.0,-112.0,-108.0
401806345,Draft Kings,6.5,134.5,,,-112.0,-108.0,-112.0,-108.0
401806346,Draft Kings,-12.5,146.5,,,-108.0,-112.0,-112.0,-108.0
401806347,Draft Kings,2.5,140.5,,,-112.0,-108.0,-112.0,-108.0
401806348,Draft Kings,2.5,155.5,,,-108.0,-112.0,-105.0,-115.0
401806349,Draft Kings,-2.5,141.5,,,-108.0,-112.0,-105.0,-115.0
401808576,Draft Kings,-9.5,159.5,,,-112.0,-108.0,-115.0,-105.0
401808579,Draft Kings,-4.5,137.5,,,-115.0,-105.0,-108.0,-112.0
401808580,Draft Kings,-11.5,132.5,,,-112.0,-108.0,-110.0,-110.0
401812257,Draft Kings,-23.5,147.5,,,-115.0,-105.0,-115.0,-105.0
401812652,Draft Kings,-6.5,143.5,,,-105.0,-115.0,-105.0,-115.0
401813295,Draft Kings,-27.5,161.5,,,-115.0,-105.0,-110.0,-110.0
401820804,Draft Kings,-11.5,137.5,,,-108.0,-112.0,-112.0,-108.0
401820847,Draft Kings,-10.5,163.5,,,-108.0,-112.0,-108.0,-112.0
401822671,Draft Kings,-17.5,137.5,,,-115.0,-105.0,-110.0,-110.0
401822741,Draft Kings,-19.5,154.5,,,-105.0,-115.0,-110.0,-110.0
401823333,Draft Kings,-4.5,141.5,,,-105.0,-115.0,-105.0,-115.0
401823549,Draft Kings,-5.5,150.5,,,-110.0,-110.0,-108.0,-112.0
401823740,,,,,,,,,
401823862,Draft Kings,10.5,154.5,,,-112.0,-108.0,-112.0,-108.0
401824858,,,,,,,,,
401826074,Draft Kings,-8.5,170.5,,,-115.0,-105.0,-110.0,-110.0
401826775,Draft Kings,-32.5,167.5,,,-110.0,-110.0,-115.0,-105.0
401826840,Draft Kings,-5.5,141.5,,,-105.0,-115.0,-105.0,-115.0
401826973,,,,,,,,,
401827073,Draft Kings,12.5,157.5,,,-110.0,-110.0,-105.0,-115.0
401827092,Draft Kings,1.5,135.5,,,-122.0,102.0,-110.0,-110.0
401828300,Draft Kings,8.5,135.5,,,-115.0,-105.0,-112.0,-108.0
401829416,,,,,,,,,
401830220,Draft Kings,5.5,150.5,,,-112.0,-108.0,-105.0,-115.0
401830247,Draft Kings,-7.5,156.5,,,-108.0,-112.0,-105.0,-115.0
401830248,Draft Kings,-1.5,153.5,,,-108.0,-112.0,-112.0,-108.0
401830424,,,,,,,,,
401808954,Draft Kings,-24.5,144.5,,,-105.0,-115.0,-115.0,-105.0
401811973,Draft Kings,-1.5,150.5,,,-102.0,-118.0,-115.0,-105.0
401812292,,,,,,,,,
401813282,Draft Kings,-26.5,151.5,,,-110.0,-110.0,-108.0,-112.0
401813405,Draft Kings,-4.5,137.5,,,-118.0,-102.0,-110.0,-110.0
401813765,Draft Kings,-24.5,161.5,,,-112.0,-108.0,-115.0,-105.0
401813767,Draft Kings,-15.5,155.5,,,-110.0,-110.0,-110.0,-110.0
401819831,Draft Kings,-35.5,160.5,,,-105.0,-115.0,-110.0,-110.0
401819840,Draft Kings,-33.5,146.5,,,-105.0,-115.0,-112.0,-108.0
401820158,Draft Kings,-20.5,145.5,,,-115.0,-105.0,-110.0,-110.0
401822184,Draft Kings,-13.5,149.5,,,-112.0,-108.0,-112.0,-108.0
401822315,Draft Kings,1.5,151.5,,,100.0,-120.0,-115.0,-105.0
401822872,Draft Kings,-1.5,152.5,,,102.0,-122.0,-115.0,-105.0
401823263,,,,,,,,,
401823366,Draft Kings,2.5,158.5,,,-108.0,-112.0,-108.0,-112.0
401823440,Draft Kings,-10.5,140.5,,,-105.0,-115.0,-115.0,-105.0
401823567,Draft Kings,3.5,152.5,,,-112.0,-108.0,-112.0,-108.0
401823729,Draft Kings,1.5,155.5,,,-115.0,-105.0,-112.0,-108.0
401824116,Draft Kings,-12.5,156.5,,,-115.0,-105.0,-110.0,-110.0
401824132,Draft Kings,7.5,151.5,,,-112.0,-108.0,-112.0,-108.0
401826712,Draft Kings,-40.5,164.5,,,-112.0,-108.0,-115.0,-105.0
401826796,Draft Kings,-13.5,145.5,,,-105.0,-115.0,-115.0,-105.0
401827002,Draft Kings,-14.5,145.5,,,-105.0,-115.0,-108.0,-112.0
401827091,Draft Kings,-1.5,137.5,,,100.0,-120.0,-112.0,-108.0
401827501,,,,,,,,,
401828733,Draft Kings,5.5,140.5,,,-108.0,-112.0,-105.0,-115.0
401829281,,,,,,,,,
401829436,,,,,,,,,
401806350,Draft Kings,1.5,145.5,,,-110.0,-110.0,-112.0,-108.0
401806351,Draft Kings,1.5,151.5,,,-102.0,-118.0,-115.0,-105.0
401806352,Draft Kings,2.5,145.5,,,-120.0,100.0,-110.0,-110.0
401808581,Draft Kings,-7.5,137.5,,,-115.0,-105.0,-108.0,-112.0
401808582,Draft Kings,-2.5,153.5,,,-112.0,-108.0,-110.0,-110.0
401808583,Draft Kings,-3.5,147.5,,,-105.0,-115.0,-112.0,-108.0
401808584,Draft Kings,1.5,155.5,,,-105.0,-115.0,-110.0,-110.0
401808585,Draft Kings,1.5,136.5,,,-102.0,-118.0,-115.0,-105.0
401808586,Draft Kings,-3.5,136.5,,,-105.0,-115.0,-108.0,-112.0
401808587,Draft Kings,-4.5,155.5,,,-112.0,-108.0,-110.0,-110.0
401809083,Draft Kings,-25.5,133.5,,,-105.0,-115.0,-115.0,-105.0
401809306,Draft Kings,-1.5,154.5,,,102.0,-122.0,-105.0,-115.0
401809307,Draft Kings,2.5,157.5,,,-108.0,-112.0,-110.0,-110.0
401811114,Draft Kings,-21.5,176.5,,,-115.0,-105.0,-108.0,-112.0
401812363,Draft Kings,-6.5,161.5,,,-105.0,-115.0,-110.0,-110.0
401812388,Draft Kings,13.5,145.5,,,-110.0,-110.0,-112.0,-108.0
401812582,Draft Kings,-11.5,150.5,,,-115.0,-105.0,-108.0,-112.0
401812610,Draft Kings,-10.5,136.5,,,-105.0,-115.0,-112.0,-108.0
401813383,,,,,,,,,
401813444,Draft Kings,-9.5,142.5,,,-118.0,-102.0,-112.0,-108.0
401813768,Draft Kings,1.5,153.5,,,-112.0,-108.0,-110.0,-110.0
401813769,Draft Kings,2.5,150.5,,,-120.0,100.0,-112.0,-108.0
401813770,Draft Kings,-2.5,149.5,,,-108.0,-112.0,-108.0,-112.0
401813771,Draft Kings,1.5,163.5,,,-122.0,102.0,-110.0,-110.0
401813772,Draft Kings,7.5,147.5,,,-112.0,-108.0,-115.0,-105.0
401817180,Draft Kings,-18.5,146.5,,,-112.0,-108.0,-115.0,-105.0
401817205,Draft Kings,-21.5,151.5,,,-102.0,-118.0,-115.0,-105.0
401817237,Draft Kings,-9.5,152.5,,,-115.0,-105.0,-112.0,-108.0
401817249,Draft Kings,-30.5,166.5,,,-105.0,-115.0,-112.0,-108.0
401817474,Draft Kings,-2.5,154.5,,,-110.0,-110.0,-110.0,-110.0
401817485,Draft Kings,-14.5,140.5,,,-112.0,-108.0,-115.0,-105.0
401817514,Draft Kings,-16.5,153.5,,,-110.0,-110.0,-112.0,-108.0
401817526,Draft Kings,-12.5,158.5,,,-112.0,-108.0,-112.0,-108.0
401819913,Draft Kings,-10.5,160.5,,,-118.0,-102.0,-105.0,-115.0
401820216,Draft Kings,-7.5,132.5,,,-118.0,-102.0,-110.0,-110.0
401820294,Draft Kings,5.5,146.5,,,-112.0,-108.0,-115.0,-105.0
401820490,,,,,,,,,
401820829,Draft Kings,-3.5,154.5,,,-118.0,-102.0,-105.0,-115.0
401822347,Draft Kings,-38.5,152.5,,,-105.0,-115.0,-108.0,-112.0
401822396,,,,,,,,,
401822873,Draft Kings,-6.5,151.5,,,-112.0,-108.0,-108.0,-112.0
401822874,Draft Kings,-4.5,149.5,,,-115.0,-105.0,-105.0,-115.0
401823006,Draft Kings,-6.5,141.5,,,-115.0,-105.0,-108.0,-112.0
401823373,,,,,,,,,
401823473,,,,,,,,,
401823482,Draft Kings,-7.5,152.5,,,-110.0,-110.0,-105.0,-115.0
401823492,Draft Kings,-7.5,151.5,,,-115.0,-105.0,-112.0,-108.0
401823538,Draft Kings,-14.5,158.5,,,-112.0,-108.0,-110.0,-110.0
401823768,Draft Kings,-13.5,153.5,,,-115.0,-105.0,-115.0,-105.0
401823791,Draft Kings,-2.5,147.5,,,-118.0,-102.0,-115.0,-105.0
401823820,Draft Kings,3.5,141.5,,,-110.0,-110.0,-110.0,-110.0
401824030,Draft Kings,-5.5,152.5,,,-110.0,-110.0,-115.0,-105.0
401824074,Draft Kings,1.5,140.5,,,-115.0,-105.0,-112.0,-108.0
401824124,Draft Kings,-15.5,151.5,,,-102.0,-118.0,-110.0,-110.0
401824310,Draft Kings,-6.5,152.5,,,-108.0,-112.0,-110.0,-110.0
401824829,Draft Kings,-17.5,161.5,,,-105.0,-115.0,-105.0,-115.0
401824894,Draft Kings,-9.5,134.5,,,-112.0,-108.0,-112.0,-108.0
401824954,,,,,,,,,
401826047,Draft Kings,-14.5,152.5,,,-115.0,-105.0,-105.0,-115.0
401826744,Draft Kings,-8.5,159.5,,,-108.0,-112.0,-108.0,-112.0
401826755,Draft Kings,-16.5,147.5,,,-102.0,-118.0,-105.0,-115.0
401826800,Draft Kings,-3.5,153.5,,,-110.0,-110.0,-105.0,-115.0
401826849,Draft Kings,-2.5,145.5,,,-108.0,-112.0,-108.0,-112.0
401826874,Draft Kings,-19.5,155.5,,,-115.0,-105.0,-105.0,-115.0
401826954,,,,,,,,,
401827044,,,,,,,,,
401827056,Draft Kings,3.5,146.5,,,-115.0,-105.0,-108.0,-112.0
401827502,Draft Kings,-15.5,141.5,,,-115.0,-105.0,-108.0,-112.0
401827531,,,,,,,,,
401827913,Draft Kings,-10.5,147.5,,,-110.0,-110.0,-112.0,-108.0
401828515,Draft Kings,-5.5,141.5,,,-112.0,-108.0,-110.0,-110.0
401828924,Draft Kings,-8.5,159.5,,,-105.0,-115.0,-112.0,-108.0
401829327,Draft Kings,-16.5,152.5,,,-108.0,-112.0,-110.0,-110.0
401829446,,,,,,,,,
401830123,,,,,,,,,
401804830,Draft Kings,-5.5,153.5,,,-105.0,-115.0,-110.0,-110.0
401809423,Draft Kings,-37.5,171.5,,,-105.0,-115.0,-105.0,-115.0
401812258,Draft Kings,-29.5,142.5,,,-115.0,-105.0,-112.0,-108.0
401812268,Draft Kings,-20.5,182.5,,,-108.0,-112.0,-108.0,-108.0
401812926,Draft Kings,-3.5,140.5,,,-115.0,-105.0,-108.0,-112.0
401813283,Draft Kings,-25.5,145.5,,,-105.0,-115.0,-105.0,-115.0
401813296,Draft Kings,-19.5,176.5,,,-115.0,-105.0,-115.0,-105.0
401813327,Draft Kings,-6.5,137.5,,,-105.0,-115.0,-105.0,-115.0
401813421,,,,,,,,,
401817192,Draft Kings,-34.5,157.5,,,-115.0,-105.0,-108.0,-112.0
401817227,Draft Kings,-8.5,153.5,,,-112.0,-108.0,-105.0,-115.0
401817261,Draft Kings,-7.5,148.5,,,-105.0,-115.0,-105.0,-115.0
401817440,Draft Kings,-11.5,149.5,,,-105.0,-115.0,-108.0,-112.0
401817451,Draft Kings,-1.5,146.5,,,105.0,-125.0,-108.0,-112.0
401817462,Draft Kings,-24.5,156.5,,,-108.0,-112.0,-115.0,-105.0
401817537,Draft Kings,5.5,164.5,,,-105.0,-115.0,-110.0,-110.0
401817595,Draft Kings,6.5,160.5,,,-108.0,-112.0,-112.0,-108.0
401819822,Draft Kings,-12.5,147.5,,,-115.0,-105.0,-105.0,-115.0
401819832,Draft Kings,-26.5,169.5,,,-105.0,-115.0,-115.0,-105.0
401819880,Draft Kings,-37.5,149.5,,,-108.0,-112.0,-112.0,-108.0
401820159,,,,,,,,,
401820192,Draft Kings,-23.5,146.5,,,-110.0,-110.0,-105.0,-115.0
401820494,Draft Kings,-6.5,140.5,,,-110.0,-110.0,-110.0,-110.0
401820586,Draft Kings,-7.5,147.5,,,-102.0,-118.0,-110.0,-110.0
401820631,Draft Kings,-10.5,129.5,,,-112.0,-108.0,-110.0,-110.0
401820805,Draft Kings,-1.5,137.5,,,-115.0,-105.0,-108.0,-112.0
401820848,Draft Kings,-10.5,155.5,,,-108.0,-112.0,-115.0,-105.0
401822185,Draft Kings,-40.5,155.5,,,-105.0,-115.0,-108.0,-112.0
401822875,Draft Kings,12.5,133.5,,,-110.0,-110.0,-112.0,-108.0
401823000,,,,,,,,,
401823390,Draft Kings,-5.5,153.5,,,-110.0,-110.0,-105.0,-115.0
401823520,Draft Kings,-11.5,158.5,,,-112.0,-108.0,-105.0,-115.0
401823571,Draft Kings,1.5,167.5,,,-102.0,-118.0,-110.0,-110.0
401823863,Draft Kings,2.5,138.5,,,-120.0,100.0,-110.0,-110.0
401824036,Draft Kings,12.5,155.5,,,-108.0,-112.0,-115.0,-105.0
401824067,Draft Kings,-8.5,139.5,,,-115.0,-105.0,-112.0,-108.0
401824363,Draft Kings,-5.5,145.5,,,-108.0,-112.0,-110.0,-110.0
401824859,Draft Kings,-5.5,143.5,,,-110.0,-110.0,-112.0,-108.0
401824866,Draft Kings,-9.5,143.5,,,-112.0,-108.0,-105.0,-115.0
401826057,Draft Kings,-22.5,160.5,,,-110.0,-110.0,-108.0,-112.0
401826878,Draft Kings,-13.5,151.5,,,-115.0,-105.0,-105.0,-115.0
401826884,Draft Kings,-14.5,148.5,,,-105.0,-115.0,-108.0,-112.0
401826974,Draft Kings,-42.5,152.5,,,-105.0,-115.0,-115.0,-105.0
401827074,,,,,,,,,
401827198,Draft Kings,2.5,138.5,,,-105.0,-115.0,-110.0,-110.0
401827236,Draft Kings,-13.5,145.5,,,-115.0,-105.0,-115.0,-105.0
401827239,Draft Kings,-29.5,151.5,,,-108.0,-112.0,-110.0,-110.0
401828272,Draft Kings,6.5,167.5,,,-110.0,-110.0,-110.0,-110.0
401828475,Draft Kings,-10.5,136.5,,,-102.0,-118.0,-110.0,-110.0
401829406,Draft Kings,-27.5,156.5,,,-105.0,-115.0,-112.0,-108.0
401829428,Draft Kings,-28.5,166.5,,,-112.0,-108.0,-108.0,-112.0
401829450,,,,,,,,,
401829465,Draft Kings,-1.5,146.5,,,-105.0,-115.0,-115.0,-105.0
401830120,,,,,,,,,
401830219,Draft Kings,-6.5,152.5,,,-108.0,-112.0,-108.0,-112.0
401830249,Draft Kings,-2.5,141.5,,,-115.0,-105.0,-115.0,-105.0
401830250,Draft Kings,-13.5,152.5,,,-108.0,-112.0,-112.0,-108.0
401830251,Draft Kings,5.5,155.5,,,-110.0,-110.0,-108.0,-112.0
401830836,,,,,,,,,
401842364,,,,,,,,,
401806413,Draft Kings,6.5,138.5,,,-105.0,-115.0,-108.0,-112.0
401811100,Draft Kings,-8.5,153.5,,,-112.0,-108.0,-105.0,-115.0
401812313,Draft Kings,-16.5,141.5,,,-108.0,-112.0,-108.0,-112.0
401812632,Draft Kings,-30.5,145.5,,,-105.0,-115.0,-112.0,-108.0
401813357,Draft Kings,-19.5,143.5,,,-105.0,-115.0,-105.0,-115.0
401817152,,,,,,,,,
401817171,Draft Kings,-10.5,144.5,,,-118.0,-102.0,-115.0,-105.0
401817271,Draft Kings,-25.5,144.5,,,-112.0,-108.0,-108.0,-112.0
401817486,Draft Kings,-22.5,140.5,,,-110.0,-110.0,-112.0,-108.0
401817515,Draft Kings,-27.5,153.5,,,-115.0,-105.0,-112.0,-108.0
401819841,Draft Kings,-34.5,168.5,,,-115.0,-105.0,-105.0,-115.0
401819887,Draft Kings,-14.5,139.5,,,-115.0,-105.0,-105.0,-115.0
401819922,Draft Kings,-42.5,137.5,,,-108.0,-112.0,-108.0,-112.0
401820549,Draft Kings,-11.5,132.5,,,-108.0,-112.0,-108.0,-112.0
401820620,Draft Kings,-19.5,153.5,,,-110.0,-110.0,-115.0,-105.0
401820830,Draft Kings,-32.5,149.5,,,-105.0,-115.0,-110.0,-110.0
401820836,Draft Kings,-19.5,147.5,,,-112.0,-108.0,-112.0,-108.0
401822171,Draft Kings,-13.5,127.5,,,-115.0,-105.0,-115.0,-105.0
401822362,,,,,,,,,
401822672,Draft Kings,-7.5,144.5,,,-102.0,-118.0,-108.0,-112.0
401822765,Draft Kings,-33.5,150.5,,,-108.0,-112.0,-110.0,-110.0
401822838,Draft Kings,-21.5,145.5,,,-115.0,-105.0,-110.0,-110.0
401823044,Draft Kings,-33.5,138.5,,,-105.0,-115.0,-115.0,-105.0
401823264,Draft Kings,-8.5,164.5,,,-112.0,-108.0,-112.0,-108.0
401823314,,,,,,,,,
401823350,Draft Kings,-23.5,159.5,,,-115.0,-105.0,-112.0,-108.0
401823380,Draft Kings,-23.5,169.5,,,-108.0,-112.0,-112.0,-108.0
401823414,Draft Kings,-10.5,142.5,,,-108.0,-112.0,-112.0,-108.0
401823424,,,,,,,,,
401823453,,,,,,,,,
401823459,Draft Kings,-26.5,152.5,,,-108.0,-112.0,-115.0,-105.0
401823730,Draft Kings,-13.5,145.5,,,-115.0,-105.0,-108.0,-112.0
401823769,,,,,,,,,
401823873,Draft Kings,3.5,136.5,,,-108.0,-112.0,-105.0,-115.0
401824094,Draft Kings,-9.5,147.5,,,-108.0,-112.0,-112.0,-108.0
401824117,Draft Kings,-18.5,159.5,,,-112.0,-108.0,-108.0,-112.0
401824133,Draft Kings,10.5,148.5,,,-115.0,-105.0,-110.0,-110.0
401825190,,,,,,,,,
401825209,Draft Kings,-31.5,148.5,,,-110.0,-110.0,-105.0,-115.0
401825391,Draft Kings,-36.5,173.5,,,-112.0,-108.0,-115.0,-105.0
401825583,,,,,,,,,
401826745,Draft Kings,-16.5,160.5,,,-110.0,-110.0,-112.0,-108.0
401826801,Draft Kings,-20.5,151.5,,,-108.0,-112.0,-105.0,-115.0
401826841,Draft Kings,-8.5,139.5,,,-105.0,-115.0,-108.0,-112.0
401826887,Draft Kings,-39.5,154.5,,,-110.0,-110.0,-110.0,-110.0
401826904,,,,,,,,,
401826958,,,,,,,,,
401827009,Draft Kings,4.5,138.5,,,-118.0,-102.0,-110.0,-110.0
401827045,Draft Kings,-29.5,161.5,,,-112.0,-108.0,-105.0,-115.0
401827520,,,,,,,,,
401827758,,,,,,,,,
401828280,,,,,,,,,
401829047,,,,,,,,,
401829051,,,,,,,,,
401829276,,,,,,,,,
401829282,Draft Kings,-31.5,149.5,,,-108.0,-112.0,-108.0,-112.0
401831073,,,,,,,,,
401831232,Draft Kings,2.5,139.5,,,-115.0,-105.0,-110.0,-110.0
401831233,Draft Kings,11.5,136.5,,,-108.0,-112.0,-108.0,-112.0
401831279,,,,,,,,,
401831531,,,,,,,,,
401812611,Draft Kings,-26.5,145.5,,,-108.0,-112.0,-115.0,-105.0
401813284,Draft Kings,-23.5,144.5,,,-118.0,-102.0,-112.0,-108.0
401813766,Draft Kings,-24.5,148.5,,,-105.0,-115.0,-110.0,-110.0
401820611,Draft Kings,-12.5,140.5,,,-108.0,-112.0,-105.0,-115.0
401822397,Draft Kings,-3.5,145.5,,,-108.0,-112.0,-108.0,-112.0
401822876,Draft Kings,-1.5,135.5,,,102.0,-122.0,-110.0,-110.0
401823223,Draft Kings,-34.5,152.5,,,-110.0,-110.0,-112.0,-108.0
401823572,Draft Kings,7.5,150.5,,,-105.0,-115.0,-105.0,-115.0
401824830,Draft Kings,-8.5,162.5,,,-115.0,-105.0,-108.0,-112.0
401827093,Draft Kings,-28.5,153.5,,,-108.0,-112.0,-108.0,-112.0
401827264,,,,,,,,,
401828299,Draft Kings,-5.5,145.5,,,-115.0,-105.0,-105.0,-115.0
401813455,,,,,,,,,
401817475,Draft Kings,-15.5,160.5,,,-118.0,-102.0,-108.0,-112.0
401823596,,,,,,,,,
401804831,Draft Kings,4.5,152.5,,,-105.0,-115.0,-110.0,-110.0
401811115,,,,,,,,,
401812583,Draft Kings,-16.5,146.5,,,-112.0,-108.0,-108.0,-112.0
401812612,Draft Kings,-3.5,141.5,,,-112.0,-108.0,-110.0,-110.0
401817181,Draft Kings,-11.5,159.5,,,-110.0,-110.0,-108.0,-112.0
401817193,,,,,,,,,
401817217,Draft Kings,-12.5,146.5,,,-115.0,-105.0,-112.0,-108.0
401817463,Draft Kings,-21.5,170.5,,,-105.0,-115.0,-115.0,-105.0
401818537,Draft Kings,11.5,162.5,,,-108.0,-112.0,-112.0,-108.0
401819870,Draft Kings,-15.5,158.5,,,-105.0,-115.0,-115.0,-105.0
401819897,Draft Kings,-32.5,169.5,,,-112.0,-108.0,-105.0,-115.0
401819904,Draft Kings,-17.5,163.5,,,-115.0,-105.0,-108.0,-112.0
401820621,,,,,,,,,
401822733,,,,,,,,,
401823235,,,,,,,,,
401823357,,,,,,,,,
401826075,,,,,,,,,
401826091,,,,,,,,,
401826756,Draft Kings,-19.5,146.5,,,-110.0,-110.0,-112.0,-108.0
401826910,,,,,,,,,
401826945,,,,,,,,,
401826981,,,,,,,,,
401827057,,,,,,,,,
401827218,Draft Kings,-14.5,154.5,,,-112.0,-108.0,-110.0,-110.0
401827266,Draft Kings,-21.5,151.5,,,-110.0,-110.0,-112.0,-108.0
401828723,Draft Kings,-3.5,126.5,,,-108.0,-112.0,-108.0,-112.0
401829163,Draft Kings,29.5,152.5,,,-112.0,-108.0,-112.0,-108.0
401829164,Draft Kings,2.5,150.5,,,-105.0,-115.0,-112.0,-108.0
401829165,Draft Kings,9.5,143.5,,,-105.0,-115.0,-105.0,-115.0
401829166,Draft Kings,-2.5,146.5,,,-108.0,-112.0,-115.0,-105.0
401829167,Draft Kings,7.5,150.5,,,-115.0,-105.0,-105.0,-115.0
401829168,Draft Kings,3.5,152.5,,,-102.0,-118.0,-112.0,-108.0
401829441,,,,,,,,,
401829454,,,,,,,,,
401829460,,,,,,,,,
401829481,,,,,,,,,
401829494,,,,,,,,,
401830628,,,,,,,,,
401830632,,,,,,,,,
401831190,,,,,,,,,
401832544,,,,,,,,,
401804832,Draft Kings,2.5,142.5,,,-115.0,-105.0,-108.0,-112.0
401804853,Draft Kings,-2.5,130.5,,,-115.0,-105.0,-105.0,-115.0
401804854,Draft Kings,1.5,131.5,,,-105.0,-115.0,-110.0,-110.0
401805154,Draft Kings,-2.5,136.5,,,-108.0,-112.0,-112.0,-108.0
401805155,Draft Kings,-7.5,148.5,,,-118.0,-102.0,-115.0,-105.0
401805156,Draft Kings,-7.5,148.5,,,-110.0,-110.0,-115.0,-105.0
401808704,Draft Kings,4.5,146.5,,,-115.0,-105.0,-115.0,-105.0
401808902,Draft Kings,-6.5,152.5,,,-102.0,-118.0,-110.0,-110.0
401808920,Draft Kings,-5.5,137.5,,,-112.0,-108.0,-110.0,-110.0
401808935,Draft Kings,3.5,138.5,,,-105.0,-115.0,-115.0,-105.0
401811983,Draft Kings,-4.5,153.5,,,-115.0,-105.0,-108.0,-112.0
401811984,Draft Kings,-2.5,140.5,,,-105.0,-115.0,-112.0,-108.0
401811985,Draft Kings,-6.5,149.5,,,-115.0,-105.0,-105.0,-115.0
401811986,Draft Kings,-9.5,142.5,,,100.0,-120.0,-105.0,-115.0
401811987,Draft Kings,-1.5,157.5,,,-120.0,100.0,-110.0,-110.0
401811988,Draft Kings,10.5,146.5,,,-112.0,-108.0,-110.0,-110.0
401812259,Draft Kings,-30.5,143.5,,,-115.0,-105.0,-110.0,-110.0
401812269,Draft Kings,-15.5,171.5,,,-105.0,-115.0,-108.0,-112.0
401812314,Draft Kings,-25.5,139.5,,,-105.0,-115.0,-108.0,-112.0
401812364,Draft Kings,-30.5,179.5,,,-110.0,-110.0,-105.0,-115.0
401813297,Draft Kings,-20.5,164.5,,,-108.0,-112.0,-110.0,-110.0
401813310,Draft Kings,2.5,147.5,,,-110.0,-110.0,-108.0,-112.0
401813328,Draft Kings,-2.5,145.5,,,-108.0,-112.0,-105.0,-115.0
401813407,Draft Kings,2.5,153.5,,,-112.0,-108.0,-108.0,-112.0
401817596,Draft Kings,-1.5,172.5,,,-105.0,-115.0,-112.0,-108.0
401817597,Draft Kings,-3.5,156.5,,,-102.0,-118.0,-112.0,-108.0
401817598,Draft Kings,1.5,149.5,,,-115.0,-105.0,-112.0,-108.0
401817599,Draft Kings,-9.5,146.5,,,-115.0,-105.0,-108.0,-112.0
401817600,Draft Kings,-3.5,159.5,,,-112.0,-108.0,-110.0,-110.0
401819833,,,,,,,,,
401819850,Draft Kings,-13.5,150.5,,,-120.0,100.0,-112.0,-108.0
401819881,Draft Kings,-35.5,145.5,,,-105.0,-115.0,-110.0,-110.0
401819914,Draft Kings,-12.5,157.5,,,-105.0,-115.0,-110.0,-110.0
401820402,,,,,,,,,
401820603,,,,,,,,,
401820612,,,,,,,,,
401822328,,,,,,,,,
401822766,Draft Kings,10.5,148.5,,,-112.0,-108.0,-108.0,-112.0
401823001,Draft Kings,-25.5,138.5,,,-115.0,-105.0,-105.0,-115.0
401823019,Draft Kings,-24.5,155.5,,,-105.0,-115.0,-115.0,-105.0
401823315,Draft Kings,-2.5,140.5,,,-108.0,-112.0,-108.0,-112.0
401823498,Draft Kings,-25.5,171.5,,,-105.0,-115.0,-112.0,-108.0
401823651,Draft Kings,-33.5,145.5,,,-110.0,-110.0,-108.0,-112.0
401823731,Draft Kings,-1.5,144.5,,,-108.0,-112.0,-115.0,-105.0
401825594,,,,,,,,,
401826084,Draft Kings,-24.5,161.5,,,-112.0,-108.0,-112.0,-108.0
401826782,Draft Kings,-44.5,153.5,,,-108.0,-112.0,-110.0,-110.0
401826790,Draft Kings,-23.5,159.5,,,-102.0,-118.0,-112.0,-108.0
401826814,,,,,,,,,
401826888,Draft Kings,-31.5,159.5,,,-110.0,-110.0,-115.0,-105.0
401827020,Draft Kings,-33.5,163.5,,,-115.0,-105.0,-112.0,-108.0
401827046,Draft Kings,-29.5,177.5,,,-115.0,-105.0,-105.0,-115.0
401827158,Draft Kings,-17.5,154.5,,,-110.0,-110.0,-108.0,-112.0
401827222,Draft Kings,-23.5,160.5,,,-118.0,-102.0,-105.0,-115.0
401827260,Draft Kings,-21.5,154.5,,,-108.0,-112.0,-112.0,-108.0
401827279,Draft Kings,-23.5,150.5,,,-112.0,-108.0,-112.0,-108.0
401827436,Draft Kings,-20.5,135.5,,,-118.0,-102.0,-110.0,-110.0
401828494,Draft Kings,-28.5,148.5,,,-108.0,-112.0,-105.0,-115.0
401828686,Draft Kings,-39.5,145.5,,,-108.0,-112.0,-110.0,-110.0
401828921,,,,,,,,,
401829419,Draft Kings,-35.5,160.5,,,-110.0,-110.0,-105.0,-115.0
401830112,,,,,,,,,
401830200,Draft Kings,7.5,159.5,,,-115.0,-105.0,-112.0,-108.0
401830218,Draft Kings,-11.5,144.5,,,-108.0,-112.0,-105.0,-115.0
401830252,Draft Kings,4.5,145.5,,,-118.0,-102.0,-112.0,-108.0
401830253,Draft Kings,-6.5,165.5,,,-110.0,-110.0,-115.0,-105.0
401830254,Draft Kings,-8.5,131.5,,,-112.0,-108.0,-108.0,-112.0
401831555,,,,,,,,,
401806414,Draft Kings,1.5,155.5,,,-118.0,-102.0,-108.0,-112.0
401809224,Draft Kings,12.5,140.5,,,-110.0,-110.0,-115.0,-105.0
401813285,,,,,,,,,
401814494,Draft Kings,-6.5,150.5,,,-110.0,-110.0,-112.0,-108.0
401814495,Draft Kings,6.5,151.5,,,-110.0,-110.0,-108.0,-112.0
401814496,Draft Kings,2.5,148.5,,,-110.0,-110.0,-108.0,-112.0
401814497,Draft Kings,-10.5,160.5,,,-110.0,-110.0,-108.0,-112.0
401820495,Draft Kings,-6.5,135.5,,,-105.0,-115.0,-115.0,-105.0
401820558,Draft Kings,14.5,146.5,,,-108.0,-112.0,-108.0,-112.0
401820632,,,,,,,,,
401820634,Draft Kings,7.5,159.5,,,-112.0,-108.0,-108.0,-112.0
401820635,Draft Kings,-6.5,143.5,,,-118.0,-102.0,-115.0,-105.0
401820637,Draft Kings,-9.5,144.5,,,-112.0,-108.0,-108.0,-112.0
401820639,Draft Kings,-12.5,166.5,,,-105.0,-115.0,-115.0,-105.0
401822316,Draft Kings,-19.5,157.5,,,-120.0,100.0,-108.0,-112.0
401822877,Draft Kings,-1.5,145.5,,,-105.0,-115.0,-108.0,-112.0
401822878,Draft Kings,-5.5,156.5,,,-118.0,-102.0,-112.0,-108.0
401823334,,,,,,,,,
401823770,Draft Kings,11.5,141.5,,,-112.0,-108.0,-112.0,-108.0
401823821,Draft Kings,-5.5,146.5,,,-105.0,-115.0,-110.0,-110.0
401826770,Draft Kings,3.5,136.5,,,-112.0,-108.0,-115.0,-105.0
401826776,Draft Kings,-31.5,146.5,,,-112.0,-108.0,-108.0,-112.0
401826936,Draft Kings,-19.5,148.5,,,-120.0,100.0,-110.0,-110.0
401827010,,,,,,,,,
401827094,,,,,,,,,
401827199,,,,,,,,,
401827914,Draft Kings,14.5,154.5,,,-105.0,-115.0,-115.0,-105.0
401828151,Draft Kings,-1.5,138.5,,,-112.0,-108.0,-112.0,-108.0
401828273,Draft Kings,-19.5,148.5,,,-115.0,-105.0,-105.0,-115.0
401828343,Draft Kings,-2.5,150.5,,,-102.0,-118.0,-112.0,-108.0
401829169,Draft Kings,29.5,160.5,,,-115.0,-105.0,-110.0,-110.0
401829170,Draft Kings,-3.5,139.5,,,-110.0,-110.0,-108.0,-112.0
401829171,Draft Kings,19.5,141.5,,,100.0,-120.0,-110.0,-110.0
401829172,Draft Kings,4.5,144.5,,,-110.0,-110.0,-110.0,-110.0
401829173,Draft Kings,13.5,157.5,,,-112.0,-108.0,-108.0,-112.0
401829174,Draft Kings,-6.5,144.5,,,-102.0,-118.0,-115.0,-105.0
401829283,Draft Kings,-44.5,147.5,,,-108.0,-112.0,-115.0,-105.0
401829292,Draft Kings,-1.5,139.5,,,-115.0,-105.0,-115.0,-105.0
401829485,,,,,,,,,
401808588,Draft Kings,-1.5,136.5,,,-105.0,-115.0,-110.0,-110.0
401808589,Draft Kings,-13.5,151.5,,,-110.0,-110.0,-108.0,-112.0
401808590,Draft Kings,3.5,127.5,,,100.0,-120.0,-110.0,-110.0
401808591,Draft Kings,-8.5,145.5,,,-118.0,-102.0,-110.0,-110.0
401808705,Draft Kings,5.5,143.5,,,-108.0,-112.0,-110.0,-110.0
401808903,Draft Kings,-4.5,142.5,,,-115.0,-105.0,-105.0,-115.0
401808921,Draft Kings,-3.5,145.5,,,-102.0,-118.0,-115.0,-105.0
401808936,Draft Kings,8.5,138.5,,,-108.0,-112.0,-110.0,-110.0
401809223,Draft Kings,-2.5,154.5,,,-108.0,-112.0,-110.0,-110.0
401809225,Draft Kings,2.5,154.5,,,-102.0,-118.0,-110.0,-110.0
401811989,Draft Kings,3.5,151.5,,,-105.0,-115.0,-110.0,-110.0
401811990,Draft Kings,-11.5,159.5,,,-112.0,-108.0,-110.0,-110.0
401811991,Draft Kings,-12.5,137.5,,,-105.0,-115.0,-112.0,-108.0
401811992,Draft Kings,6.5,136.5,,,-102.0,-118.0,-112.0,-108.0
401811993,Draft Kings,-1.5,152.5,,,-110.0,-110.0,-112.0,-108.0
401811994,Draft Kings,-2.5,155.5,,,-112.0,-108.0,-112.0,-108.0
401812584,Draft Kings,-14.5,151.5,,,-115.0,-105.0,-108.0,-112.0
401814493,Draft Kings,6.5,152.5,,,-118.0,-102.0,-112.0,-108.0
401818329,Draft Kings,-11.5,164.5,,,-112.0,-108.0,-110.0,-110.0
401818330,Draft Kings,-9.5,156.5,,,-108.0,-112.0,-112.0,-108.0
401818538,,,,,,,,,
401818558,,,,,,,,,
401820160,Draft Kings,-4.5,137.5,,,-115.0,-105.0,-108.0,-112.0
401820193,Draft Kings,-8.5,154.5,,,-110.0,-110.0,-112.0,-108.0
401820636,Draft Kings,-27.5,153.5,,,-110.0,-110.0,-108.0,-112.0
401820638,Draft Kings,-10.5,159.5,,,100.0,-120.0,-108.0,-112.0
401820640,Draft Kings,1.5,140.5,,,-108.0,-112.0,-112.0,-108.0
401820641,Draft Kings,5.5,153.5,,,-105.0,-115.0,-105.0,-115.0
401822879,Draft Kings,8.5,152.5,,,-118.0,-102.0,-105.0,-115.0
401822880,Draft Kings,11.5,144.5,,,-105.0,-115.0,-105.0,-115.0
401822881,Draft Kings,-12.5,139.5,,,-108.0,-112.0,-108.0,-112.0
401823874,Draft Kings,12.5,163.5,,,-105.0,-115.0,-115.0,-105.0
401823895,Draft Kings,10.5,151.5,,,-102.0,-118.0,-112.0,-108.0
401823896,Draft Kings,-1.5,158.5,,,-110.0,-110.0,-115.0,-105.0
401823897,Draft Kings,7.5,161.5,,,-105.0,-115.0,-112.0,-108.0
401824384,Draft Kings,1.5,133.5,,,-105.0,-115.0,-115.0,-105.0
401826817,Draft Kings,-5.5,146.5,,,-110.0,-110.0,-105.0,-115.0
401828150,Draft Kings,-3.5,149.5,,,-105.0,-115.0,-110.0,-110.0
401828152,Draft Kings,1.5,145.5,,,-105.0,-115.0,-112.0,-108.0
401828153,Draft Kings,-16.5,158.5,,,-112.0,-108.0,-112.0,-108.0
401828154,Draft Kings,-9.5,137.5,,,-118.0,-102.0,-108.0,-112.0
401828155,Draft Kings,-12.5,152.5,,,-108.0,-112.0,-110.0,-110.0
401828344,Draft Kings,-16.5,139.5,,,-110.0,-110.0,-115.0,-105.0
401828345,Draft Kings,8.5,134.5,,,-102.0,-118.0,-115.0,-105.0
401828346,Draft Kings,2.5,162.5,,,-110.0,-110.0,-112.0,-108.0
401828347,Draft Kings,-9.5,145.5,,,-108.0,-112.0,-112.0,-108.0
401828348,Draft Kings,-9.5,157.5,,,-120.0,100.0,-115.0,-105.0
401828349,Draft Kings,-19.5,161.5,,,-115.0,-105.0,-108.0,-112.0
401829407,Draft Kings,6.5,146.5,,,-108.0,-112.0,-110.0,-110.0
401805157,Draft Kings,-5.5,139.5,,,-102.0,-118.0,-110.0,-110.0
401805158,Draft Kings,5.5,144.5,,,-105.0,-115.0,-108.0,-112.0
401805159,Draft Kings,2.5,134.5,,,-110.0,-110.0,-115.0,-105.0
401806415,Draft Kings,-12.5,146.5,,,-105.0,-115.0,-105.0,-115.0
401806416,Draft Kings,-6.5,147.5,,,-105.0,-115.0,-110.0,-110.0
401806417,Draft Kings,-1.5,144.5,,,-105.0,-115.0,-105.0,-115.0
401806418,Draft Kings,-10.5,136.5,,,100.0,-120.0,-115.0,-105.0
401806419,Draft Kings,-13.5,140.5,,,-105.0,-115.0,-105.0,-115.0
401807661,Draft Kings,1.5,151.5,,,-105.0,-115.0,-105.0,-115.0
401807662,Draft Kings,-4.5,164.5,,,-115.0,-105.0,-108.0,-112.0
401807663,Draft Kings,2.5,156.5,,,-115.0,-105.0,-105.0,-115.0
401807664,Draft Kings,-12.5,147.5,,,-112.0,-108.0,-115.0,-105.0
401807665,Draft Kings,-15.5,162.5,,,100.0,-120.0,-112.0,-108.0
401807666,Draft Kings,-9.5,142.5,,,-102.0,-118.0,-105.0,-115.0
401808487,Draft Kings,-8.5,153.5,,,-118.0,-102.0,-108.0,-112.0
401808501,Draft Kings,-5.5,149.5,,,-105.0,-115.0,-110.0,-110.0
401808513,Draft Kings,-2.5,154.5,,,-118.0,-102.0,-110.0,-110.0
401808537,Draft Kings,1.5,148.5,,,-115.0,-105.0,-110.0,-110.0
401808592,Draft Kings,-1.5,157.5,,,102.0,-122.0,-110.0,-110.0
401808593,Draft Kings,9.5,152.5,,,100.0,-120.0,-105.0,-115.0
401809086,Draft Kings,8.5,174.5,,,-110.0,-110.0,-108.0,-112.0
401809107,Draft Kings,11.5,143.5,,,-110.0,-110.0,-110.0,-110.0
401809124,Draft Kings,-3.5,162.5,,,-115.0,-105.0,-115.0,-105.0
401809140,Draft Kings,8.5,149.5,,,-105.0,-115.0,-108.0,-112.0
401809226,Draft Kings,2.5,147.5,,,-112.0,-108.0,-108.0,-112.0
401809227,Draft Kings,6.5,154.5,,,-118.0,-102.0,-110.0,-110.0
401817601,Draft Kings,-8.5,145.5,,,-110.0,-110.0,-105.0,-115.0
401817602,Draft Kings,-3.5,147.5,,,-115.0,-105.0,-112.0,-108.0
401817603,Draft Kings,-13.5,176.5,,,-120.0,100.0,-108.0,-112.0
401817604,Draft Kings,-1.5,157.5,,,-118.0,-102.0,-110.0,-110.0
401818331,Draft Kings,-1.5,148.5,,,-115.0,-105.0,-112.0,-108.0
401818332,Draft Kings,-9.5,152.5,,,-115.0,-105.0,-105.0,-115.0
401823177,Draft Kings,3.5,155.5,,,-108.0,-112.0,-112.0,-108.0
401830201,Draft Kings,-3.5,153.5,,,-110.0,-110.0,-108.0,-112.0
401830255,Draft Kings,-12.5,144.5,,,-102.0,-118.0,-105.0,-115.0
401830256,Draft Kings,5.5,159.5,,,-115.0,-105.0,-110.0,-110.0
401830257,Draft Kings,-10.5,135.5,,,-108.0,-112.0,-108.0,-112.0
401830258,Draft Kings,-7.5,145.5,,,-110.0,-110.0,-115.0,-105.0
401831278,,,,,,,,,
401804855,Draft Kings,1.5,157.5,,,-115.0,-105.0,-108.0,-112.0
401804856,Draft Kings,-3.5,131.5,,,-102.0,-118.0,-110.0,-110.0
401804857,Draft Kings,-5.5,168.5,,,-110.0,-110.0,-108.0,-112.0
401804858,Draft Kings,-6.5,134.5,,,-115.0,-105.0,-112.0,-108.0
401804859,Draft Kings,4.5,126.5,,,-112.0,-108.0,-105.0,-115.0
401804860,Draft Kings,-7.5,158.5,,,-105.0,-115.0,-108.0,-112.0
401808873,Draft Kings,-16.5,145.5,,,-115.0,-105.0,-110.0,-110.0
401812315,Draft Kings,-5.5,133.5,,,-118.0,-102.0,-105.0,-115.0
401812334,Draft Kings,5.5,151.5,,,-105.0,-115.0,-112.0,-108.0
401812365,Draft Kings,-6.5,146.5,,,-105.0,-115.0,-108.0,-112.0
401812401,Draft Kings,-1.5,128.5,,,100.0,-120.0,-110.0,-110.0
401812411,Draft Kings,1.5,146.5,,,-112.0,-108.0,-110.0,-110.0
401813300,Draft Kings,7.5,159.5,,,-112.0,-108.0,-105.0,-115.0
401813329,Draft Kings,2.5,133.5,,,-112.0,-108.0,-105.0,-115.0
401813358,Draft Kings,6.5,140.5,,,-108.0,-112.0,-112.0,-108.0
401813384,Draft Kings,1.5,139.5,,,-102.0,-118.0,-115.0,-105.0
401813408,Draft Kings,-3.5,141.5,,,-118.0,-102.0,-108.0,-112.0
401813422,Draft Kings,1.5,149.5,,,-110.0,-110.0,-105.0,-115.0
401817605,Draft Kings,3.5,148.5,,,-110.0,-110.0,-110.0,-110.0
401820642,Draft Kings,-3.5,138.5,,,-115.0,-105.0,-112.0,-108.0
401820643,Draft Kings,7.5,157.5,,,-112.0,-108.0,-112.0,-108.0
401825410,Draft Kings,1.5,146.5,,,-110.0,-110.0,-112.0,-108.0
401825411,Draft Kings,-22.5,173.5,,,-108.0,-112.0,-112.0,-108.0
401825412,Draft Kings,-2.5,146.5,,,100.0,-120.0,-112.0,-108.0
401825413,Draft Kings,9.5,151.5,,,-118.0,-102.0,-112.0,-108.0
401827592,Draft Kings,-16.5,142.5,,,-110.0,-110.0,-108.0,-112.0
401829175,Draft Kings,-3.5,142.5,,,-108.0,-112.0,-115.0,-105.0
401829176,Draft Kings,-4.5,137.5,,,-118.0,-102.0,-110.0,-110.0
401829177,Draft Kings,-20.5,150.5,,,-102.0,-118.0,-115.0,-105.0
401829178,Draft Kings,-18.5,146.5,,,-118.0,-102.0,-112.0,-108.0
401829179,Draft Kings,-12.5,152.5,,,-115.0,-105.0,-105.0,-115.0
401829180,Draft Kings,-24.5,155.5,,,-112.0,-108.0,-112.0,-108.0
401830010,,,,,,,,,
401805160,Draft Kings,7.5,139.5,,,-102.0,-118.0,-110.0,-110.0
401805161,Draft Kings,-1.5,147.5,,,-105.0,-115.0,-108.0,-112.0
401805162,Draft Kings,5.5,138.5,,,-108.0,-112.0,-115.0,-105.0
401806420,Draft Kings,-10.5,133.5,,,-115.0,-105.0,-115.0,-105.0
401806421,Draft Kings,-9.5,147.5,,,-118.0,-102.0,-112.0,-108.0
401806422,Draft Kings,1.5,144.5,,,-115.0,-105.0,-110.0,-110.0
401806423,Draft Kings,-4.5,131.5,,,-105.0,-115.0,-112.0,-108.0
401806424,Draft Kings,-13.5,147.5,,,-120.0,100.0,-105.0,-115.0
401807667,Draft Kings,-7.5,169.5,,,-108.0,-112.0,-105.0,-115.0
401807668,Draft Kings,1.5,156.5,,,-108.0,-112.0,-110.0,-110.0
401807669,Draft Kings,2.5,147.5,,,-102.0,-118.0,-105.0,-115.0
401807670,Draft Kings,-10.5,140.5,,,-105.0,-115.0,-112.0,-108.0
401807671,Draft Kings,-18.5,172.5,,,-110.0,-110.0,-108.0,-112.0
401807672,Draft Kings,-11.5,147.5,,,-105.0,-115.0,-115.0,-105.0
401808145,Draft Kings,1.5,158.5,,,-105.0,-115.0,-110.0,-110.0
401808146,Draft Kings,-6.5,173.5,,,-108.0,-112.0,-105.0,-115.0
401808147,Draft Kings,7.5,154.5,,,-115.0,-105.0,-108.0,-112.0
401808148,Draft Kings,9.5,155.5,,,-112.0,-108.0,-108.0,-112.0
401808149,Draft Kings,-5.5,168.5,,,-112.0,-108.0,-110.0,-110.0
401808150,Draft Kings,-9.5,157.5,,,-115.0,-105.0,-105.0,-115.0
401808151,Draft Kings,-6.5,146.5,,,-115.0,-105.0,-112.0,-108.0
401808152,Draft Kings,-5.5,173.5,,,100.0,-120.0,-105.0,-115.0
401808453,Draft Kings,-6.5,158.5,,,-118.0,-102.0,-108.0,-112.0
401808488,Draft Kings,-3.5,142.5,,,-108.0,-112.0,-110.0,-110.0
401808502,Draft Kings,1.5,161.5,,,-112.0,-108.0,-105.0,-115.0
401808514,Draft Kings,-10.5,143.5,,,-110.0,-110.0,-110.0,-110.0
401808541,Draft Kings,-6.5,168.5,,,-110.0,-110.0,-112.0,-108.0
401808594,Draft Kings,-7.5,141.5,,,-108.0,-112.0,-115.0,-105.0
401808595,Draft Kings,1.5,161.5,,,-112.0,-108.0,-110.0,-110.0
401808596,Draft Kings,-6.5,148.5,,,-110.0,-110.0,-112.0,-108.0
401808597,Draft Kings,-10.5,158.5,,,-102.0,-118.0,-115.0,-105.0
401808598,Draft Kings,3.5,129.5,,,-105.0,-115.0,-105.0,-115.0
401808599,Draft Kings,-9.5,148.5,,,-108.0,-112.0,-105.0,-115.0
401808600,Draft Kings,10.5,150.5,,,-118.0,-102.0,-105.0,-115.0
401808706,Draft Kings,-6.5,146.5,,,-118.0,-102.0,-105.0,-115.0
401808904,Draft Kings,1.5,149.5,,,-102.0,-118.0,-105.0,-115.0
401808956,Draft Kings,3.5,137.5,,,-108.0,-112.0,-108.0,-112.0
401808977,Draft Kings,-2.5,137.5,,,-105.0,-115.0,-108.0,-112.0
401809087,Draft Kings,-2.5,148.5,,,-105.0,-115.0,-108.0,-112.0
401809108,Draft Kings,3.5,160.5,,,-108.0,-112.0,-110.0,-110.0
401809125,Draft Kings,-9.5,151.5,,,-105.0,-115.0,-110.0,-110.0
401809155,Draft Kings,-2.5,162.5,,,-102.0,-118.0,-110.0,-110.0
401809228,Draft Kings,-7.5,148.5,,,-105.0,-115.0,-105.0,-115.0
401809229,Draft Kings,-8.5,157.5,,,-105.0,-115.0,-105.0,-115.0
401809230,Draft Kings,9.5,144.5,,,-108.0,-112.0,-105.0,-115.0
401809231,Draft Kings,2.5,151.5,,,-112.0,-108.0,-112.0,-108.0
401809232,Draft Kings,6.5,149.5,,,-112.0,-108.0,-110.0,-110.0
401811995,Draft Kings,-3.5,154.5,,,-112.0,-108.0,-110.0,-110.0
401811996,Draft Kings,4.5,131.5,,,-105.0,-115.0,-115.0,-105.0
401811997,Draft Kings,-8.5,136.5,,,-102.0,-118.0,-110.0,-110.0
401811999,Draft Kings,-12.5,140.5,,,-115.0,-105.0,-110.0,-110.0
401812000,Draft Kings,-4.5,141.5,,,-110.0,-110.0,-110.0,-110.0
401812106,Draft Kings,-2.5,150.5,,,-102.0,-118.0,-110.0,-110.0
401812107,Draft Kings,1.5,125.5,,,-120.0,100.0,-105.0,-115.0
401812108,Draft Kings,-3.5,140.5,,,-112.0,-108.0,-108.0,-112.0
401812109,Draft Kings,7.5,139.5,,,-112.0,-108.0,-105.0,-115.0
401814498,Draft Kings,4.5,177.5,,,-115.0,-105.0,-112.0,-108.0
401814499,Draft Kings,-6.5,145.5,,,-112.0,-108.0,-110.0,-110.0
401814500,Draft Kings,1.5,152.5,,,-108.0,-112.0,-105.0,-115.0
401814501,Draft Kings,-16.5,157.5,,,-108.0,-112.0,-112.0,-108.0
401814502,Draft Kings,2.5,150.5,,,-112.0,-108.0,-110.0,-110.0
401814503,Draft Kings,7.5,158.5,,,-105.0,-115.0,-112.0,-108.0
401818373,Draft Kings,7.5,152.5,,,-108.0,-112.0,-108.0,-112.0
401818374,Draft Kings,-13.5,146.5,,,-108.0,-112.0,-112.0,-108.0
401818375,Draft Kings,-8.5,148.5,,,-108.0,-112.0,-112.0,-108.0
401820161,Draft Kings,5.5,137.5,,,-110.0,-110.0,-108.0,-112.0
401820194,Draft Kings,1.5,152.5,,,-115.0,-105.0,-112.0,-108.0
401820476,Draft Kings,-6.5,141.5,,,-115.0,-105.0,-108.0,-112.0
401820559,Draft Kings,-14.5,142.5,,,-112.0,-108.0,-112.0,-108.0
401820644,Draft Kings,16.5,163.5,,,-120.0,100.0,-112.0,-108.0
401820645,Draft Kings,-6.5,145.5,,,-105.0,-115.0,-105.0,-115.0
401820646,Draft Kings,-4.5,151.5,,,-110.0,-110.0,-115.0,-105.0
401820647,Draft Kings,3.5,135.5,,,-108.0,-112.0,-115.0,-105.0
401820648,Draft Kings,-1.5,155.5,,,100.0,-120.0,-115.0,-105.0
401820649,Draft Kings,-5.5,153.5,,,-115.0,-105.0,-112.0,-108.0
401822767,Draft Kings,-8.5,139.5,,,-118.0,-102.0,-108.0,-112.0
401822882,Draft Kings,-14.5,166.5,,,-105.0,-115.0,-112.0,-108.0
401822883,Draft Kings,-2.5,149.5,,,-112.0,-108.0,-112.0,-108.0
401822884,Draft Kings,-2.5,149.5,,,-112.0,-108.0,-112.0,-108.0
401823045,Draft Kings,-6.5,138.5,,,-105.0,-115.0,-110.0,-110.0
401823265,Draft Kings,-2.5,156.5,,,102.0,-122.0,-108.0,-112.0
401823771,Draft Kings,-4.5,138.5,,,-108.0,-112.0,-115.0,-105.0
401823792,Draft Kings,-6.5,143.5,,,-108.0,-112.0,-108.0,-112.0
401823898,Draft Kings,-23.5,164.5,,,-112.0,-108.0,-110.0,-110.0
401823899,Draft Kings,-16.5,160.5,,,-102.0,-118.0,-110.0,-110.0
401823900,Draft Kings,-4.5,151.5,,,-118.0,-102.0,-112.0,-108.0
401823901,Draft Kings,-1.5,137.5,,,-115.0,-105.0,-110.0,-110.0
401824364,Draft Kings,-1.5,142.5,,,110.0,-130.0,-112.0,-108.0
401825414,Draft Kings,-6.5,140.5,,,-102.0,-118.0,-105.0,-115.0
401825415,Draft Kings,-4.5,138.5,,,-105.0,-115.0,-115.0,-105.0
401825416,Draft Kings,14.5,156.5,,,-105.0,-115.0,-105.0,-115.0
401825417,Draft Kings,5.5,153.5,,,-112.0,-108.0,-110.0,-110.0
401826818,Draft Kings,7.5,147.5,,,-115.0,-105.0,-108.0,-112.0
401827021,Draft Kings,-6.5,153.5,,,-115.0,-105.0,-108.0,-112.0
401827047,Draft Kings,-7.5,155.5,,,-112.0,-108.0,-105.0,-115.0
401827114,Draft Kings,-7.5,145.5,,,-108.0,-112.0,-112.0,-108.0
401827136,Draft Kings,1.5,149.5,,,-105.0,-115.0,-108.0,-112.0
401827159,Draft Kings,13.5,144.5,,,-112.0,-108.0,-105.0,-115.0
401827593,Draft Kings,-1.5,156.5,,,-115.0,-105.0,-105.0,-115.0
401827594,Draft Kings,4.5,157.5,,,-118.0,-102.0,-108.0,-112.0
401827595,Draft Kings,4.5,135.5,,,-102.0,-118.0,-108.0,-112.0
401827596,Draft Kings,7.5,174.5,,,-112.0,-108.0,-110.0,-110.0
401827597,Draft Kings,-2.5,154.5,,,-115.0,-105.0,-110.0,-110.0
401827598,Draft Kings,-12.5,167.5,,,-108.0,-112.0,-108.0,-112.0
401827599,Draft Kings,17.5,162.5,,,-105.0,-115.0,-108.0,-112.0
401827935,Draft Kings,-22.5,151.5,,,-115.0,-105.0,-115.0,-105.0
401828156,Draft Kings,5.5,140.5,,,-105.0,-115.0,-105.0,-115.0
401828157,Draft Kings,7.5,144.5,,,-108.0,-112.0,-112.0,-108.0
401828158,Draft Kings,-10.5,149.5,,,-108.0,-112.0,-108.0,-112.0
401828350,Draft Kings,1.5,139.5,,,-110.0,-110.0,-108.0,-112.0
401828351,Draft Kings,7.5,140.5,,,-110.0,-110.0,-115.0,-105.0
401828352,Draft Kings,5.5,165.5,,,-112.0,-108.0,-112.0,-108.0
401828353,Draft Kings,-6.5,139.5,,,-112.0,-108.0,-112.0,-108.0
401828354,Draft Kings,-16.5,150.5,,,-108.0,-112.0,-105.0,-115.0
401828663,Draft Kings,-5.5,145.5,,,-108.0,-112.0,-112.0,-108.0
401828724,Draft Kings,1.5,141.5,,,-102.0,-118.0,-115.0,-105.0
401828925,Draft Kings,4.5,146.5,,,-115.0,-105.0,-112.0,-108.0
401829284,Draft Kings,8.5,144.5,,,-105.0,-115.0,-110.0,-110.0
401829396,Draft Kings,-4.5,137.5,,,-112.0,-108.0,-112.0,-108.0
401830320,Draft Kings,-7.5,151.5,,,-110.0,-110.0,-112.0,-108.0
401804861,Draft Kings,-1.5,134.5,,,-108.0,-112.0,-112.0,-108.0
401804862,Draft Kings,-6.5,152.5,,,-118.0,-102.0,-110.0,-110.0
401804863,Draft Kings,-4.5,156.5,,,-115.0,-105.0,-110.0,-110.0
401804864,Draft Kings,-9.5,145.5,,,-115.0,-105.0,-112.0,-108.0
401804865,Draft Kings,-9.5,134.5,,,-115.0,-105.0,-108.0,-112.0
401804866,Draft Kings,8.5,148.5,,,-105.0,-115.0,-115.0,-105.0
401812316,Draft Kings,2.5,143.5,,,-118.0,-102.0,-110.0,-110.0
401812335,Draft Kings,-2.5,141.5,,,102.0,-122.0,-115.0,-105.0
401812366,Draft Kings,7.5,151.5,,,-105.0,-115.0,-110.0,-110.0
401812402,Draft Kings,-7.5,139.5,,,-105.0,-115.0,-108.0,-112.0
401812653,Draft Kings,-7.5,130.5,,,-120.0,100.0,-108.0,-112.0
401813311,Draft Kings,-6.5,148.5,,,-115.0,-105.0,-105.0,-115.0
401813330,Draft Kings,-4.5,148.5,,,-108.0,-112.0,-105.0,-115.0
401813359,Draft Kings,5.5,141.5,,,-115.0,-105.0,-110.0,-110.0
401813385,Draft Kings,3.5,138.5,,,-112.0,-108.0,-108.0,-112.0
401813409,Draft Kings,-7.5,150.5,,,-115.0,-105.0,-110.0,-110.0
401813423,Draft Kings,8.5,135.5,,,-108.0,-112.0,-115.0,-105.0
401817606,Draft Kings,8.5,162.5,,,-110.0,-110.0,-112.0,-108.0
401817607,Draft Kings,-11.5,159.5,,,-105.0,-115.0,-110.0,-110.0
401817608,Draft Kings,-4.5,146.5,,,-110.0,-110.0,-105.0,-115.0
401817609,Draft Kings,-1.5,161.5,,,-120.0,100.0,-110.0,-110.0
401818376,Draft Kings,-11.5,163.5,,,-112.0,-108.0,-105.0,-115.0
401822885,Draft Kings,-17.5,144.5,,,-112.0,-108.0,-115.0,-105.0
401822886,Draft Kings,-3.5,143.5,,,-112.0,-108.0,-108.0,-112.0
401825418,Draft Kings,-9.5,152.5,,,-108.0,-112.0,-115.0,-105.0
401828159,Draft Kings,-8.5,163.5,,,-115.0,-105.0,-110.0,-110.0
401828160,Draft Kings,3.5,158.5,,,-108.0,-112.0,-110.0,-110.0
401828161,Draft Kings,2.5,138.5,,,-105.0,-115.0,-112.0,-108.0
401828355,Draft Kings,2.5,142.5,,,-112.0,-108.0,-115.0,-105.0
401829181,Draft Kings,-25.5,154.5,,,-105.0,-115.0,-110.0,-110.0
401829182,Draft Kings,-6.5,140.5,,,-115.0,-105.0,-110.0,-110.0
401829183,Draft Kings,-11.5,138.5,,,-102.0,-118.0,-112.0,-108.0
401829184,Draft Kings,-11.5,147.5,,,-110.0,-110.0,-108.0,-112.0
401829185,Draft Kings,-17.5,161.5,,,-108.0,-112.0,-115.0,-105.0
401829186,Draft Kings,-11.5,139.5,,,-112.0,-108.0,-105.0,-115.0
401830202,Draft Kings,-6.5,158.5,,,-118.0,-102.0,-115.0,-105.0
401830235,Draft Kings,-5.5,162.5,,,-112.0,-108.0,-108.0,-112.0
401830259,Draft Kings,-6.5,149.5,,,-110.0,-110.0,-108.0,-112.0
401830260,Draft Kings,4.5,131.5,,,-105.0,-115.0,-105.0,-115.0
401830261,Draft Kings,-2.5,144.5,,,-112.0,-108.0,-110.0,-110.0
401808707,Draft Kings,-6.5,150.5,,,-112.0,-108.0,-115.0,-105.0
401808874,Draft Kings,-10.5,144.5,,,-102.0,-118.0,-110.0,-110.0
401808922,Draft Kings,-8.5,144.5,,,-112.0,-108.0,-112.0,-108.0
401808957,Draft Kings,1.5,135.5,,,-112.0,-108.0,-115.0,-105.0
401808978,Draft Kings,-1.5,146.5,,,-110.0,-110.0,-108.0,-112.0
401811998,Draft Kings,-2.5,165.5,,,-118.0,-102.0,-108.0,-112.0
401812585,Draft Kings,-3.5,145.5,,,-108.0,-112.0,-108.0,-112.0
401812613,Draft Kings,-7.5,148.5,,,-110.0,-110.0,-108.0,-112.0
401817610,Draft Kings,3.5,144.5,,,-115.0,-105.0,-110.0,-110.0
401818307,Draft Kings,8.5,142.5,,,-110.0,-110.0,-112.0,-108.0
401818539,Draft Kings,-3.5,170.5,,,-115.0,-105.0,-112.0,-108.0
401820477,Draft Kings,3.5,132.5,,,-108.0,-112.0,-110.0,-110.0
401825419,Draft Kings,-11.5,151.5,,,-115.0,-105.0,-105.0,-115.0
401825420,Draft Kings,-2.5,155.5,,,-112.0,-108.0,-108.0,-112.0
401825421,Draft Kings,4.5,139.5,,,-115.0,-105.0,-110.0,-110.0
401827022,Draft Kings,-7.5,160.5,,,-110.0,-110.0,-115.0,-105.0
401827095,Draft Kings,-5.5,146.5,,,-110.0,-110.0,-110.0,-110.0
401827137,Draft Kings,1.5,159.5,,,-118.0,-102.0,-115.0,-105.0
401827201,Draft Kings,10.5,135.5,,,-108.0,-112.0,-108.0,-112.0
401806425,Draft Kings,-1.5,142.5,,,100.0,-120.0,-110.0,-110.0
401808153,Draft Kings,-9.5,172.5,,,-115.0,-105.0,-112.0,-108.0
401808156,Draft Kings,-6.5,168.5,,,-112.0,-108.0,-115.0,-105.0
401808158,Draft Kings,-7.5,145.5,,,-110.0,-110.0,-112.0,-108.0
401808160,Draft Kings,-12.5,153.5,,,-102.0,-118.0,-105.0,-115.0
401814504,Draft Kings,-3.5,155.5,,,-110.0,-110.0,-110.0,-110.0
401814505,Draft Kings,-23.5,164.5,,,-110.0,-110.0,-105.0,-115.0
401814506,Draft Kings,-1.5,137.5,,,100.0,-120.0,-110.0,-110.0
401814507,Draft Kings,-4.5,160.5,,,-105.0,-115.0,-108.0,-112.0
401814508,Draft Kings,7.5,161.5,,,-102.0,-118.0,-108.0,-112.0
401814509,Draft Kings,-14.5,160.5,,,-110.0,-110.0,-110.0,-110.0
401820560,Draft Kings,22.5,139.5,,,-118.0,-102.0,-115.0,-105.0
401820650,Draft Kings,1.5,161.5,,,-115.0,-105.0,-108.0,-112.0
401820651,Draft Kings,11.5,141.5,,,-108.0,-112.0,-115.0,-105.0
401820653,Draft Kings,2.5,146.5,,,-112.0,-108.0,-112.0,-108.0
401822887,Draft Kings,-2.5,144.5,,,100.0,-120.0,-110.0,-110.0
401822888,Draft Kings,4.5,162.5,,,-112.0,-108.0,-115.0,-105.0
401823772,Draft Kings,-1.5,141.5,,,100.0,-120.0,-110.0,-110.0
401825422,Draft Kings,4.5,130.5,,,-102.0,-118.0,-115.0,-105.0
401825423,Draft Kings,24.5,169.5,,,-112.0,-108.0,-110.0,-110.0
401825424,Draft Kings,-3.5,152.5,,,-118.0,-102.0,-112.0,-108.0
401827600,Draft Kings,-7.5,142.5,,,-120.0,100.0,-108.0,-112.0
401827601,Draft Kings,-6.5,143.5,,,-115.0,-105.0,-110.0,-110.0
401827602,Draft Kings,-1.5,175.5,,,-115.0,-105.0,-108.0,-112.0
401827603,Draft Kings,1.5,132.5,,,-122.0,102.0,-108.0,-112.0
401828356,Draft Kings,-2.5,154.5,,,-105.0,-115.0,-105.0,-115.0
401828926,Draft Kings,1.5,149.5,,,-112.0,-108.0,-108.0,-112.0
401830321,Draft Kings,1.5,143.5,,,-112.0,-108.0,-115.0,-105.0
401830822,Draft Kings,-4.5,154.5,,,-115.0,-105.0,-112.0,-108.0
401804867,Draft Kings,-1.5,150.5,,,-102.0,-118.0,-112.0,-108.0
401804868,Draft Kings,-6.5,152.5,,,-105.0,-115.0,-112.0,-108.0
401808154,Draft Kings,-1.5,158.5,,,100.0,-120.0,-112.0,-108.0
401808155,Draft Kings,-3.5,176.5,,,-102.0,-118.0,-115.0,-105.0
401808157,Draft Kings,-12.5,150.5,,,-112.0,-108.0,-115.0,-105.0
401808159,Draft Kings,3.5,153.5,,,-102.0,-118.0,-108.0,-112.0
401808601,Draft Kings,-1.5,152.5,,,-118.0,-102.0,-110.0,-110.0
401808602,Draft Kings,-4.5,160.5,,,-108.0,-112.0,-110.0,-110.0
401809313,Draft Kings,2.5,146.5,,,-110.0,-110.0,-115.0,-105.0
401809314,Draft Kings,-16.5,146.5,,,-112.0,-108.0,-108.0,-112.0
401809315,Draft Kings,-16.5,147.5,,,-105.0,-115.0,-108.0,-112.0
401809316,Draft Kings,-4.5,153.5,,,-112.0,-108.0,-115.0,-105.0
401809317,Draft Kings,-7.5,153.5,,,-115.0,-105.0,-108.0,-112.0
401817611,Draft Kings,-4.5,145.5,,,-118.0,-102.0,-115.0,-105.0
401818377,Draft Kings,-14.5,162.5,,,-112.0,-108.0,-108.0,-112.0
401820162,Draft Kings,-8.5,137.5,,,-102.0,-118.0,-115.0,-105.0
401820195,Draft Kings,-4.5,146.5,,,-102.0,-118.0,-108.0,-112.0
401820652,Draft Kings,-3.5,149.5,,,-115.0,-105.0,-110.0,-110.0
401820654,Draft Kings,-14.5,148.5,,,-105.0,-115.0,-110.0,-110.0
401820655,Draft Kings,-3.5,148.5,,,-105.0,-115.0,-112.0,-108.0
401820656,Draft Kings,-1.5,157.5,,,100.0,-120.0,-108.0,-112.0
401822889,Draft Kings,9.5,152.5,,,-105.0,-115.0,-108.0,-112.0
401822890,Draft Kings,-5.5,157.5,,,-105.0,-115.0,-110.0,-110.0
401822891,Draft Kings,-4.5,142.5,,,-112.0,-108.0,-110.0,-110.0
401823793,Draft Kings,-8.5,140.5,,,-110.0,-110.0,-115.0,-105.0
401823902,Draft Kings,-8.5,166.5,,,-110.0,-110.0,-105.0,-115.0
401823903,Draft Kings,-26.5,162.5,,,-112.0,-108.0,-112.0,-108.0
401823904,Draft Kings,-2.5,148.5,,,-115.0,-105.0,-112.0,-108.0
401823905,Draft Kings,-6.5,147.5,,,-115.0,-105.0,-115.0,-105.0
401824365,Draft Kings,1.5,142.5,,,-110.0,-110.0,-110.0,-110.0
401824385,Draft Kings,-2.5,137.5,,,-112.0,-108.0,-105.0,-115.0
401825425,Draft Kings,7.5,147.5,,,-102.0,-118.0,-115.0,-105.0
401825426,Draft Kings,-16.5,154.5,,,-115.0,-105.0,-105.0,-115.0
401827604,Draft Kings,-17.5,171.5,,,-110.0,-110.0,-112.0,-108.0
401827605,Draft Kings,3.5,155.5,,,-102.0,-118.0,-105.0,-115.0
401827606,Draft Kings,-17.5,168.5,,,-110.0,-110.0,-112.0,-108.0
401827607,Draft Kings,-9.5,162.5,,,-112.0,-108.0,-108.0,-112.0
401828162,Draft Kings,-3.5,162.5,,,-118.0,-102.0,-110.0,-110.0
401828163,Draft Kings,6.5,145.5,,,-112.0,-108.0,-105.0,-115.0
401828164,Draft Kings,-7.5,143.5,,,-118.0,-102.0,-108.0,-112.0
401828165,Draft Kings,-13.5,145.5,,,-102.0,-118.0,-110.0,-110.0
401828166,Draft Kings,4.5,147.5,,,-105.0,-115.0,-108.0,-112.0
401828357,Draft Kings,1.5,136.5,,,-105.0,-115.0,-115.0,-105.0
401828358,Draft Kings,1.5,149.5,,,-105.0,-115.0,-108.0,-112.0
401828359,Draft Kings,5.5,134.5,,,-112.0,-108.0,-112.0,-108.0
401828360,Draft Kings,-11.5,135.5,,,-102.0,-118.0,-115.0,-105.0
401828361,Draft Kings,-6.5,153.5,,,-105.0,-115.0,-108.0,-112.0
401828362,Draft Kings,-1.5,171.5,,,-118.0,-102.0,-105.0,-115.0
401828673,Draft Kings,-5.5,148.5,,,-115.0,-105.0,-105.0,-115.0
401830203,Draft Kings,-2.5,137.5,,,-108.0,-112.0,-108.0,-112.0
401830234,Draft Kings,-6.5,144.5,,,-112.0,-108.0,-110.0,-110.0
401830262,Draft Kings,8.5,153.5,,,-105.0,-115.0,-108.0,-112.0
401830263,Draft Kings,1.5,146.5,,,-112.0,-108.0,-112.0,-108.0
401830264,Draft Kings,6.5,138.5,,,-105.0,-115.0,-112.0,-108.0
401804869,Draft Kings,-2.5,154.5,,,102.0,-122.0,-112.0,-108.0
401804870,Draft Kings,3.5,137.5,,,-105.0,-115.0,-112.0,-108.0
401804871,Draft Kings,4.5,135.5,,,-115.0,-105.0,-110.0,-110.0
401804872,Draft Kings,-11.5,144.5,,,-115.0,-105.0,-112.0,-108.0
401805163,Draft Kings,-4.5,140.5,,,100.0,-120.0,-110.0,-110.0
401805164,Draft Kings,-7.5,144.5,,,-102.0,-118.0,-110.0,-110.0
401805165,Draft Kings,-18.5,154.5,,,-112.0,-108.0,-110.0,-110.0
401806426,Draft Kings,1.5,140.5,,,-112.0,-108.0,-105.0,-115.0
401806427,Draft Kings,-3.5,131.5,,,-112.0,-108.0,-105.0,-115.0
401806428,Draft Kings,2.5,135.5,,,-112.0,-108.0,-115.0,-105.0
401806429,Draft Kings,7.5,146.5,,,-110.0,-110.0,-115.0,-105.0
401806430,Draft Kings,6.5,145.5,,,-110.0,-110.0,-110.0,-110.0
401807673,Draft Kings,-3.5,153.5,,,-105.0,-115.0,-110.0,-110.0
401807674,Draft Kings,2.5,154.5,,,-112.0,-108.0,-112.0,-108.0
401807675,Draft Kings,11.5,150.5,,,-110.0,-110.0,-112.0,-108.0
401807676,Draft Kings,-5.5,148.5,,,-112.0,-108.0,-105.0,-115.0
401807677,Draft Kings,4.5,154.5,,,-110.0,-110.0,-115.0,-105.0
401807678,Draft Kings,2.5,164.5,,,-105.0,-115.0,-108.0,-112.0
401808454,Draft Kings,2.5,156.5,,,-112.0,-108.0,-112.0,-108.0
401808471,Draft Kings,-4.5,154.5,,,-115.0,-105.0,-108.0,-112.0
401808489,Draft Kings,-4.5,155.5,,,-102.0,-118.0,-105.0,-115.0
401808523,Draft Kings,2.5,149.5,,,-105.0,-115.0,-115.0,-105.0
401808603,Draft Kings,-4.5,151.5,,,-105.0,-115.0,-105.0,-115.0
401808604,Draft Kings,1.5,140.5,,,-110.0,-110.0,-105.0,-115.0
401808605,Draft Kings,-7.5,139.5,,,-110.0,-110.0,-108.0,-112.0
401808606,Draft Kings,-2.5,144.5,,,-110.0,-110.0,-110.0,-110.0
401809088,Draft Kings,-13.5,166.5,,,-105.0,-115.0,-112.0,-108.0
401809109,Draft Kings,-10.5,142.5,,,100.0,-120.0,-108.0,-112.0
401809126,Draft Kings,-4.5,147.5,,,-112.0,-108.0,-105.0,-115.0
401809156,Draft Kings,-6.5,175.5,,,-115.0,-105.0,-112.0,-108.0
401812001,Draft Kings,-5.5,132.5,,,-112.0,-108.0,-105.0,-115.0
401812002,Draft Kings,-1.5,134.5,,,-118.0,-102.0,-108.0,-112.0
401812003,Draft Kings,2.5,156.5,,,-110.0,-110.0,-112.0,-108.0
401812004,Draft Kings,-6.5,145.5,,,100.0,-120.0,-105.0,-115.0
401812005,Draft Kings,6.5,158.5,,,-110.0,-110.0,-108.0,-112.0
401812006,Draft Kings,4.5,142.5,,,-110.0,-110.0,-108.0,-112.0
401812110,Draft Kings,-20.5,140.5,,,-105.0,-115.0,-112.0,-108.0
401812111,Draft Kings,-7.5,133.5,,,-115.0,-105.0,-110.0,-110.0
401812112,Draft Kings,-2.5,143.5,,,100.0,-120.0,-108.0,-112.0
401812113,Draft Kings,2.5,137.5,,,-115.0,-105.0,-112.0,-108.0
401812317,Draft Kings,-4.5,143.5,,,-112.0,-108.0,-115.0,-105.0
401812336,Draft Kings,-5.5,137.5,,,-108.0,-112.0,-108.0,-112.0
401812367,Draft Kings,-8.5,139.5,,,-110.0,-110.0,-112.0,-108.0
401812389,Draft Kings,-7.5,144.5,,,-108.0,-112.0,-110.0,-110.0
401812403,Draft Kings,-7.5,134.5,,,100.0,-120.0,-110.0,-110.0
401818378,Draft Kings,-5.5,146.5,,,-120.0,100.0,-108.0,-112.0
401818379,Draft Kings,9.5,144.5,,,-112.0,-108.0,-115.0,-105.0
401818380,Draft Kings,-8.5,162.5,,,-102.0,-118.0,-110.0,-110.0
401823741,Draft Kings,-3.5,147.5,,,-112.0,-108.0,-108.0,-112.0
401825427,Draft Kings,-22.5,149.5,,,-110.0,-110.0,-108.0,-112.0
401825428,Draft Kings,-13.5,143.5,,,-102.0,-118.0,-112.0,-108.0
401825429,Draft Kings,-1.5,152.5,,,-110.0,-110.0,-112.0,-108.0
401829187,Draft Kings,3.5,144.5,,,-115.0,-105.0,-115.0,-105.0
401829188,Draft Kings,-4.5,149.5,,,-108.0,-112.0,-110.0,-110.0
401829189,Draft Kings,-1.5,141.5,,,102.0,-122.0,-105.0,-115.0
401829190,Draft Kings,-17.5,163.5,,,-105.0,-115.0,-115.0,-105.0
401829191,Draft Kings,4.5,139.5,,,-102.0,-118.0,-105.0,-115.0
401813301,Draft Kings,-7.5,145.5,,,-110.0,-110.0,-115.0,-105.0
401813331,Draft Kings,5.5,143.5,,,-118.0,-102.0,-108.0,-112.0
401813386,Draft Kings,-10.5,140.5,,,100.0,-120.0,-112.0,-108.0
401813410,Draft Kings,1.5,141.5,,,-110.0,-110.0,-105.0,-115.0
401813424,Draft Kings,-5.5,132.5,,,-102.0,-118.0,-115.0,-105.0
401814510,Draft Kings,4.5,163.5,,,-112.0,-108.0,-108.0,-112.0
401814515,Draft Kings,-1.5,166.5,,,-110.0,-110.0,-108.0,-112.0
401817612,Draft Kings,-6.5,156.5,,,-105.0,-115.0,-110.0,-110.0
401817613,Draft Kings,-1.5,157.5,,,-120.0,100.0,-110.0,-110.0
401817614,Draft Kings,5.5,148.5,,,-108.0,-112.0,-110.0,-110.0
401817615,Draft Kings,-15.5,169.5,,,-108.0,-112.0,-105.0,-115.0
401823007,,,,,,,,,
401823316,Draft Kings,-8.5,145.5,,,-108.0,-112.0,-112.0,-108.0
401825430,Draft Kings,-3.5,147.5,,,-112.0,-108.0,-105.0,-115.0
401830827,Draft Kings,-6.5,151.5,,,-110.0,-110.0,-110.0,-110.0
401804873,Draft Kings,-5.5,149.5,,,-115.0,-105.0,-108.0,-112.0
401804874,Draft Kings,3.5,144.5,,,-105.0,-115.0,-110.0,-110.0
401804875,Draft Kings,-3.5,144.5,,,-112.0,-108.0,-110.0,-110.0
401804876,Draft Kings,-2.5,153.5,,,-118.0,-102.0,-110.0,-110.0
401804877,Draft Kings,1.5,154.5,,,-115.0,-105.0,-108.0,-112.0
401804878,Draft Kings,-6.5,123.5,,,-110.0,-110.0,-110.0,-110.0
401805166,Draft Kings,-3.5,134.5,,,-112.0,-108.0,-108.0,-112.0
401805167,Draft Kings,-13.5,149.5,,,-108.0,-112.0,-108.0,-112.0
401805168,Draft Kings,-14.5,150.5,,,-108.0,-112.0,-105.0,-115.0
401806431,Draft Kings,3.5,144.5,,,-105.0,-115.0,-108.0,-112.0
401806432,Draft Kings,-6.5,149.5,,,-108.0,-112.0,-115.0,-105.0
401806433,Draft Kings,5.5,144.5,,,-108.0,-112.0,-110.0,-110.0
401806434,Draft Kings,5.5,137.5,,,-118.0,-102.0,-110.0,-110.0
401806435,Draft Kings,3.5,143.5,,,-112.0,-108.0,-108.0,-112.0
401807679,Draft Kings,9.5,150.5,,,100.0,-120.0,-110.0,-110.0
401807680,Draft Kings,1.5,156.5,,,-112.0,-108.0,-115.0,-105.0
401807681,Draft Kings,-2.5,157.5,,,-110.0,-110.0,-108.0,-112.0
401807682,Draft Kings,-4.5,146.5,,,-115.0,-105.0,-108.0,-112.0
401807683,Draft Kings,11.5,173.5,,,-118.0,-102.0,-112.0,-108.0
401807684,Draft Kings,-1.5,141.5,,,-115.0,-105.0,-112.0,-108.0
401808161,Draft Kings,-2.5,169.5,,,-105.0,-115.0,-110.0,-110.0
401808162,Draft Kings,-4.5,151.5,,,-118.0,-102.0,-108.0,-112.0
401808163,Draft Kings,-10.5,152.5,,,-112.0,-108.0,-110.0,-110.0
401808164,Draft Kings,-1.5,143.5,,,100.0,-120.0,-110.0,-110.0
401808165,Draft Kings,4.5,163.5,,,-110.0,-110.0,-110.0,-110.0
401808166,Draft Kings,-4.5,165.5,,,-110.0,-110.0,-105.0,-115.0
401808167,Draft Kings,-13.5,159.5,,,-118.0,-102.0,-110.0,-112.0
401808168,Draft Kings,-11.5,177.5,,,-110.0,-110.0,-115.0,-105.0
401808455,Draft Kings,-1.5,161.5,,,-110.0,-110.0,-112.0,-108.0
401808472,Draft Kings,-1.5,144.5,,,-108.0,-112.0,-115.0,-105.0
401808490,Draft Kings,4.5,139.5,,,-105.0,-115.0,-108.0,-112.0
401808531,Draft Kings,-6.5,162.5,,,-110.0,-110.0,-115.0,-105.0
401808538,Draft Kings,-9.5,160.5,,,-108.0,-112.0,-105.0,-115.0
401808607,Draft Kings,1.5,133.5,,,-110.0,-110.0,-112.0,-108.0
401808608,Draft Kings,4.5,153.5,,,-108.0,-112.0,-108.0,-112.0
401808609,Draft Kings,-6.5,147.5,,,-118.0,-102.0,-115.0,-105.0
401808610,Draft Kings,-2.5,148.5,,,100.0,-120.0,-110.0,-110.0
401808611,Draft Kings,-11.5,156.5,,,-110.0,-110.0,-108.0,-112.0
401808612,Draft Kings,-14.5,155.5,,,-115.0,-105.0,-112.0,-108.0
401808613,Draft Kings,9.5,136.5,,,-118.0,-102.0,-105.0,-115.0
401808708,Draft Kings,3.5,145.5,,,-105.0,-115.0,-108.0,-112.0
401808875,Draft Kings,-16.5,138.5,,,-112.0,-108.0,-112.0,-108.0
401808905,Draft Kings,3.5,154.5,,,-115.0,-105.0,-108.0,-112.0
401808937,Draft Kings,5.5,138.5,,,-118.0,-102.0,-110.0,-110.0
401808968,Draft Kings,-12.5,137.5,,,-112.0,-108.0,-105.0,-115.0
401809089,Draft Kings,10.5,149.5,,,-110.0,-110.0,-105.0,-115.0
401809110,Draft Kings,-4.5,140.5,,,-105.0,-115.0,-108.0,-112.0
401809127,Draft Kings,1.5,168.5,,,-110.0,-110.0,-110.0,-110.0
401809318,Draft Kings,-1.5,148.5,,,-108.0,-112.0,-108.0,-112.0
401809319,Draft Kings,-11.5,148.5,,,-115.0,-105.0,-115.0,-105.0
401809320,Draft Kings,-12.5,149.5,,,-115.0,-105.0,-110.0,-110.0
401809321,Draft Kings,-3.5,156.5,,,-118.0,-102.0,-112.0,-108.0
401809322,Draft Kings,6.5,148.5,,,-105.0,-115.0,-108.0,-112.0
401812007,Draft Kings,-7.5,139.5,,,-110.0,-110.0,-112.0,-108.0
401812008,Draft Kings,2.5,143.5,,,-115.0,-105.0,-105.0,-115.0
401812009,Draft Kings,3.5,150.5,,,-115.0,-105.0,-108.0,-112.0
401812010,Draft Kings,-9.5,145.5,,,-108.0,-112.0,-110.0,-110.0
401812011,Draft Kings,-4.5,161.5,,,-108.0,-112.0,-110.0,-110.0
401812012,Draft Kings,6.5,133.5,,,-102.0,-118.0,-115.0,-105.0
401812114,Draft Kings,-3.5,136.5,,,-102.0,-118.0,-112.0,-108.0
401812115,Draft Kings,-1.5,130.5,,,-105.0,-115.0,-110.0,-110.0
401812116,Draft Kings,6.5,146.5,,,-112.0,-108.0,-110.0,-110.0
401812117,Draft Kings,-6.5,143.5,,,-115.0,-105.0,-115.0,-105.0
401812318,Draft Kings,-1.5,130.5,,,-118.0,-102.0,-110.0,-110.0
401812337,Draft Kings,-1.5,146.5,,,-112.0,-108.0,-115.0,-105.0
401812368,Draft Kings,-15.5,148.5,,,-108.0,-112.0,-115.0,-105.0
401812404,Draft Kings,-4.5,135.5,,,-112.0,-108.0,-108.0,-112.0
401812412,Draft Kings,-1.5,132.5,,,-108.0,-112.0,-115.0,-105.0
401812586,Draft Kings,-5.5,145.5,,,-105.0,-115.0,-108.0,-112.0
401812614,Draft Kings,-5.5,145.5,,,-120.0,100.0,-110.0,-110.0
401814511,Draft Kings,-10.5,147.5,,,-108.0,-112.0,-110.0,-110.0
401814512,Draft Kings,-4.5,156.5,,,-115.0,-105.0,-115.0,-105.0
401814513,Draft Kings,1.5,145.5,,,-105.0,-115.0,-110.0,-110.0
401814514,Draft Kings,10.5,156.5,,,-112.0,-108.0,-105.0,-115.0
401818308,Draft Kings,7.5,142.5,,,-112.0,-108.0,-112.0,-108.0
401818381,Draft Kings,-1.5,146.5,,,-105.0,-115.0,-108.0,-112.0
401818382,Draft Kings,5.5,147.5,,,-105.0,-115.0,-110.0,-110.0
401818383,Draft Kings,1.5,169.5,,,-115.0,-105.0,-108.0,-112.0
401818384,Draft Kings,8.5,152.5,,,-108.0,-112.0,-108.0,-112.0
401820163,Draft Kings,-8.5,141.5,,,-108.0,-112.0,-115.0,-105.0
401820196,Draft Kings,-6.5,143.5,,,-112.0,-108.0,-112.0,-108.0
401820496,Draft Kings,-1.5,140.5,,,-105.0,-115.0,-110.0,-110.0
401820561,Draft Kings,16.5,138.5,,,-105.0,-115.0,-105.0,-115.0
401820657,Draft Kings,-15.5,155.5,,,-115.0,-105.0,-110.0,-110.0
401820658,Draft Kings,4.5,160.5,,,-115.0,-105.0,-112.0,-108.0
401820659,Draft Kings,-21.5,150.5,,,-102.0,-118.0,-115.0,-105.0
401820660,Draft Kings,-15.5,156.5,,,-105.0,-115.0,-108.0,-112.0
401820661,Draft Kings,-10.5,154.5,,,-102.0,-118.0,-112.0,-108.0
401820662,Draft Kings,3.5,133.5,,,-112.0,-108.0,-112.0,-108.0
401820663,Draft Kings,-1.5,142.5,,,-108.0,-112.0,-108.0,-112.0
401820664,Draft Kings,-12.5,143.5,,,-108.0,-112.0,-115.0,-105.0
401820665,Draft Kings,-5.5,148.5,,,-112.0,-108.0,-108.0,-112.0
401822768,Draft Kings,6.5,143.5,,,-108.0,-112.0,-108.0,-112.0
401822892,Draft Kings,2.5,152.5,,,-112.0,-108.0,-110.0,-110.0
401822893,Draft Kings,-19.5,137.5,,,-110.0,-110.0,-105.0,-115.0
401822894,Draft Kings,1.5,137.5,,,-110.0,-110.0,-112.0,-108.0
401822895,Draft Kings,3.5,146.5,,,-112.0,-108.0,-105.0,-110.0
401822896,Draft Kings,1.5,165.5,,,-112.0,-108.0,-112.0,-108.0
401823046,Draft Kings,2.5,130.5,,,-105.0,-115.0,-110.0,-110.0
401823178,Draft Kings,-1.5,173.5,,,105.0,-125.0,-108.0,-112.0
401823335,Draft Kings,-6.5,142.5,,,-108.0,-112.0,-112.0,-108.0
401823773,Draft Kings,-14.5,146.5,,,-115.0,-105.0,-110.0,-110.0
401823794,Draft Kings,-16.5,141.5,,,-110.0,-110.0,-110.0,-110.0
401823822,Draft Kings,1.5,149.5,,,-105.0,-115.0,-112.0,-108.0
401823906,Draft Kings,8.5,163.5,,,-105.0,-115.0,-110.0,-110.0
401823907,Draft Kings,-3.5,139.5,,,-105.0,-115.0,-112.0,-108.0
401823908,Draft Kings,-4.5,151.5,,,-118.0,-102.0,-108.0,-112.0
401823909,Draft Kings,5.5,157.5,,,-110.0,-110.0,-108.0,-112.0
401824366,Draft Kings,-7.5,140.5,,,100.0,-120.0,-115.0,-105.0
401824386,Draft Kings,-8.5,137.5,,,-112.0,-108.0,-112.0,-108.0
401825431,Draft Kings,-4.5,150.5,,,-110.0,-110.0,-110.0,-110.0
401825432,Draft Kings,-19.5,169.5,,,-102.0,-118.0,-112.0,-108.0
401825433,Draft Kings,-22.5,152.5,,,-112.0,-108.0,-110.0,-110.0
401825434,Draft Kings,-13.5,147.5,,,-108.0,-112.0,-115.0,-105.0
401827023,Draft Kings,4.5,153.5,,,-108.0,-112.0,-105.0,-115.0
401827048,Draft Kings,-18.5,152.5,,,-108.0,-112.0,-115.0,-105.0
401827096,Draft Kings,-3.5,144.5,,,-112.0,-108.0,-115.0,-105.0
401827138,Draft Kings,-1.5,162.5,,,-108.0,-112.0,-108.0,-112.0
401827161,Draft Kings,-7.5,153.5,,,-112.0,-108.0,-110.0,-110.0
401827202,Draft Kings,-9.5,140.5,,,-105.0,-115.0,-115.0,-105.0
401827608,Draft Kings,-1.5,169.5,,,-108.0,-112.0,-112.0,-108.0
401827609,Draft Kings,2.5,142.5,,,-110.0,-110.0,-115.0,-105.0
401827610,Draft Kings,5.5,161.5,,,-115.0,-105.0,-108.0,-112.0
401827611,Draft Kings,-19.5,165.5,,,-115.0,-105.0,-112.0,-108.0
401827612,Draft Kings,7.5,157.5,,,-115.0,-105.0,-110.0,-110.0
401827613,Draft Kings,14.5,168.5,,,-115.0,-105.0,-112.0,-108.0
401827614,Draft Kings,2.5,139.5,,,-115.0,-105.0,-112.0,-108.0
401828167,Draft Kings,-1.5,163.5,,,-110.0,-110.0,-112.0,-108.0
401828168,Draft Kings,7.5,147.5,,,-105.0,-115.0,-108.0,-112.0
401828363,Draft Kings,-2.5,134.5,,,-115.0,-105.0,-115.0,-105.0
401828364,Draft Kings,-8.5,142.5,,,-112.0,-108.0,-110.0,-110.0
401828365,Draft Kings,1.5,144.5,,,-112.0,-108.0,-115.0,-105.0
401828366,Draft Kings,-14.5,154.5,,,100.0,-120.0,-110.0,-110.0
401828367,Draft Kings,17.5,152.5,,,-110.0,-110.0,-112.0,-108.0
401828688,Draft Kings,-4.5,147.5,,,-110.0,-110.0,-105.0,-115.0
401828725,Draft Kings,4.5,132.5,,,-115.0,-105.0,-110.0,-110.0
401829192,Draft Kings,-11.5,153.5,,,-110.0,-110.0,-108.0,-112.0
401829193,Draft Kings,-2.5,145.5,,,-102.0,-118.0,-115.0,-105.0
401829194,Draft Kings,-8.5,147.5,,,-108.0,-112.0,-105.0,-115.0
401829195,Draft Kings,7.5,140.5,,,-112.0,-108.0,-110.0,-110.0
401829196,Draft Kings,-15.5,143.5,,,-105.0,-115.0,-105.0,-115.0
401829293,Draft Kings,-3.5,143.5,,,-115.0,-105.0,-115.0,-105.0
401829408,Draft Kings,-11.5,142.5,,,100.0,-120.0,-108.0,-112.0
401830011,Draft Kings,-9.5,175.5,,,-112.0,-108.0,-110.0,-110.0
401830204,Draft Kings,4.5,148.5,,,-115.0,-105.0,-105.0,-115.0
401830233,Draft Kings,-4.5,131.5,,,-112.0,-108.0,-115.0,-105.0
401830265,Draft Kings,-10.5,141.5,,,-112.0,-108.0,-108.0,-112.0
401830266,Draft Kings,-7.5,145.5,,,-110.0,-110.0,-108.0,-112.0
401830267,Draft Kings,-12.5,152.5,,,-105.0,-115.0,-112.0,-108.0
401813302,Draft Kings,-5.5,140.5,,,-112.0,-108.0,-115.0,-105.0
401813332,Draft Kings,10.5,131.5,,,100.0,-120.0,-112.0,-108.0
401813360,Draft Kings,-11.5,141.5,,,-105.0,-115.0,-108.0,-112.0
401813411,Draft Kings,2.5,139.5,,,-105.0,-115.0,-115.0,-105.0
401817616,Draft Kings,-8.5,165.5,,,-118.0,-102.0,-112.0,-108.0
401817617,Draft Kings,-4.5,146.5,,,100.0,-120.0,-108.0,-112.0
401817618,Draft Kings,4.5,144.5,,,-115.0,-105.0,-105.0,-115.0
401817619,Draft Kings,-4.5,161.5,,,-115.0,-105.0,-110.0,-110.0
401817620,Draft Kings,-6.5,162.5,,,-105.0,-115.0,-108.0,-112.0
401820587,Draft Kings,5.5,152.5,,,-105.0,-115.0,-112.0,-108.0
401823846,Draft Kings,-1.5,133.5,,,-112.0,-108.0,-105.0,-115.0
401825435,Draft Kings,1.5,142.5,,,-112.0,-108.0,-112.0,-108.0
401825436,Draft Kings,4.5,144.5,,,-110.0,-110.0,-108.0,-112.0
401825437,Draft Kings,-1.5,155.5,,,-115.0,-105.0,-115.0,-105.0
401827615,Draft Kings,-2.5,150.5,,,-102.0,-118.0,-115.0,-105.0
401828169,Draft Kings,7.5,150.5,,,-110.0,-110.0,-112.0,-108.0
401828170,Draft Kings,1.5,137.5,,,-115.0,-105.0,-112.0,-108.0
401828171,Draft Kings,-1.5,152.5,,,-120.0,100.0,-108.0,-112.0
401828172,Draft Kings,-8.5,135.5,,,-102.0,-118.0,-115.0,-105.0
401828368,Draft Kings,-7.5,150.5,,,-108.0,-112.0,-105.0,-115.0
401808709,Draft Kings,3.5,142.5,,,-102.0,-118.0,-110.0,-110.0
401808876,Draft Kings,-15.5,146.5,,,-110.0,-110.0,-105.0,-115.0
401808906,Draft Kings,-2.5,142.5,,,-112.0,-108.0,-108.0,-112.0
401808938,Draft Kings,2.5,143.5,,,-108.0,-112.0,-112.0,-108.0
401808969,Draft Kings,-7.5,140.5,,,-118.0,-102.0,-105.0,-115.0
401820164,Draft Kings,2.5,139.5,,,-108.0,-112.0,-115.0,-105.0
401820478,Draft Kings,-8.5,134.5,,,-108.0,-112.0,-110.0,-110.0
401822769,Draft Kings,-1.5,140.5,,,-108.0,-112.0,-110.0,-110.0
401823047,Draft Kings,-5.5,132.5,,,-118.0,-102.0,-112.0,-108.0
401827024,Draft Kings,-3.5,151.5,,,-110.0,-110.0,-110.0,-110.0
401827049,Draft Kings,-3.5,164.5,,,-105.0,-115.0,-110.0,-110.0
401827097,Draft Kings,1.5,141.5,,,-105.0,-115.0,-105.0,-115.0
401827162,Draft Kings,-9.5,151.5,,,-110.0,-110.0,-110.0,-110.0
401827203,Draft Kings,-6.5,140.5,,,-105.0,-115.0,-110.0,-110.0
401828689,Draft Kings,3.5,141.5,,,-115.0,-105.0,-108.0,-112.0
401829500,Draft Kings,-12.5,142.5,,,-115.0,-105.0,-108.0,-112.0
401830239,Draft Kings,-8.5,129.5,,,-115.0,-105.0,-110.0,-110.0
401806436,Draft Kings,-6.5,132.5,,,-112.0,-108.0,-108.0,-112.0
401808170,Draft Kings,4.5,171.5,,,-115.0,-105.0,-108.0,-112.0
401808172,Draft Kings,7.5,157.5,,,-110.0,-110.0,-108.0,-112.0
401808175,Draft Kings,-11.5,159.5,,,100.0,-120.0,-108.0,-112.0
401814516,Draft Kings,-20.5,152.5,,,-108.0,-112.0,-112.0,-108.0
401814517,Draft Kings,-15.5,158.5,,,-108.0,-112.0,-115.0,-105.0
401814518,Draft Kings,2.5,165.5,,,-118.0,-102.0,-105.0,-115.0
401814519,Draft Kings,-7.5,141.5,,,-122.0,102.0,-115.0,-105.0
401814520,Draft Kings,-2.5,161.5,,,102.0,-122.0,-108.0,-112.0
401814521,Draft Kings,5.5,157.5,,,-115.0,-105.0,-112.0,-108.0
401820562,Draft Kings,-5.5,128.5,,,-112.0,-108.0,-115.0,-105.0
401820667,Draft Kings,-15.5,136.5,,,-108.0,-112.0,-115.0,-105.0
401820669,Draft Kings,-4.5,154.5,,,-112.0,-108.0,-115.0,-105.0
401820670,Draft Kings,5.5,143.5,,,-115.0,-105.0,-108.0,-112.0
401820673,Draft Kings,-4.5,160.5,,,-118.0,-102.0,-110.0,-110.0
401822897,Draft Kings,-15.5,155.5,,,-110.0,-110.0,-112.0,-108.0
401822898,Draft Kings,-8.5,147.5,,,-102.0,-118.0,-105.0,-115.0
401822899,Draft Kings,2.5,156.5,,,-112.0,-108.0,-112.0,-108.0
401822900,Draft Kings,6.5,132.5,,,-105.0,-115.0,-115.0,-105.0
401823795,Draft Kings,-6.5,146.5,,,-115.0,-105.0,-110.0,-110.0
401823823,Draft Kings,1.5,150.5,,,-110.0,-110.0,-105.0,-115.0
401825438,Draft Kings,-6.5,145.5,,,-112.0,-108.0,-105.0,-115.0
401825439,Draft Kings,1.5,146.5,,,-112.0,-108.0,-108.0,-112.0
401825440,Draft Kings,-10.5,146.5,,,-110.0,-110.0,-108.0,-112.0
401825441,Draft Kings,-9.5,150.5,,,-110.0,-110.0,-112.0,-108.0
401827616,Draft Kings,-13.5,127.5,,,-108.0,-112.0,-110.0,-110.0
401827617,Draft Kings,3.5,152.5,,,-112.0,-108.0,-105.0,-115.0
401827618,Draft Kings,1.5,165.5,,,-105.0,-115.0,-105.0,-115.0
401828369,Draft Kings,2.5,152.5,,,-108.0,-112.0,-110.0,-110.0
401828370,Draft Kings,11.5,140.5,,,-110.0,-110.0,-108.0,-112.0
401828927,Draft Kings,3.5,139.5,,,-102.0,-118.0,-110.0,-110.0
401829201,Draft Kings,5.5,141.5,,,-105.0,-115.0,-105.0,-115.0
401830205,Draft Kings,-11.5,146.5,,,-110.0,-110.0,-110.0,-110.0
401830232,Draft Kings,7.5,142.5,,,-110.0,-110.0,-112.0,-108.0
401830268,Draft Kings,-6.5,128.5,,,-108.0,-112.0,-108.0,-112.0
401804879,Draft Kings,-1.5,150.5,,,102.0,-122.0,-115.0,-105.0
401804880,Draft Kings,-5.5,175.5,,,-112.0,-108.0,-110.0,-110.0
401804881,Draft Kings,3.5,131.5,,,-112.0,-108.0,-110.0,-110.0
401804882,Draft Kings,-6.5,148.5,,,-115.0,-105.0,-108.0,-112.0
401808169,Draft Kings,3.5,151.5,,,-115.0,-105.0,-108.0,-112.0
401808171,Draft Kings,1.5,153.5,,,-118.0,-102.0,-112.0,-108.0
401808173,Draft Kings,-12.5,155.5,,,-108.0,-112.0,-112.0,-108.0
401808174,Draft Kings,-10.5,158.5,,,-118.0,-102.0,-115.0,-105.0
401808176,Draft Kings,3.5,163.5,,,-102.0,-118.0,-108.0,-112.0
401808614,Draft Kings,-9.5,151.5,,,-110.0,-110.0,-105.0,-115.0
401808615,Draft Kings,-8.5,145.5,,,-118.0,-102.0,-110.0,-110.0
401808616,Draft Kings,-8.5,133.5,,,-108.0,-112.0,-112.0,-108.0
401809323,Draft Kings,1.5,149.5,,,-110.0,-110.0,-110.0,-110.0
401809324,Draft Kings,6.5,147.5,,,-105.0,-115.0,-110.0,-110.0
401809325,Draft Kings,-5.5,154.5,,,-115.0,-105.0,-108.0,-112.0
401813312,Draft Kings,-6.5,158.5,,,-108.0,-112.0,-110.0,-110.0
401813361,Draft Kings,-2.5,126.5,,,-108.0,-112.0,-112.0,-108.0
401813425,Draft Kings,-8.5,139.5,,,-110.0,-110.0,-115.0,-105.0
401818385,Draft Kings,-5.5,151.5,,,-110.0,-110.0,-115.0,-105.0
401818386,Draft Kings,-6.5,156.5,,,-110.0,-110.0,-110.0,-110.0
401820197,Draft Kings,8.5,150.5,,,-105.0,-115.0,-112.0,-108.0
401820588,Draft Kings,-6.5,140.5,,,-115.0,-105.0,-108.0,-112.0
401820666,Draft Kings,14.5,149.5,,,-115.0,-105.0,-108.0,-112.0
401820668,Draft Kings,1.5,145.5,,,-105.0,-115.0,-112.0,-108.0
401820671,Draft Kings,-8.5,155.5,,,-110.0,-110.0,-115.0,-105.0
401820672,Draft Kings,4.5,147.5,,,-115.0,-105.0,-115.0,-105.0
401822901,Draft Kings,1.5,161.5,,,-110.0,-110.0,-108.0,-112.0
401823854,Draft Kings,7.5,141.5,,,-115.0,-105.0,-112.0,-108.0
401823910,Draft Kings,2.5,162.5,,,-115.0,-105.0,-112.0,-108.0
401823911,Draft Kings,13.5,165.5,,,-118.0,-102.0,-110.0,-110.0
401823912,Draft Kings,2.5,138.5,,,-115.0,-105.0,-105.0,-115.0
401823913,Draft Kings,-6.5,155.5,,,-112.0,-108.0,-112.0,-108.0
401824367,Draft Kings,-4.5,144.5,,,-110.0,-110.0,-108.0,-112.0
401824387,Draft Kings,-4.5,142.5,,,-105.0,-115.0,-110.0,-110.0
401825442,Draft Kings,9.5,151.5,,,-112.0,-108.0,-112.0,-108.0
401825443,Draft Kings,4.5,148.5,,,-108.0,-112.0,-105.0,-115.0
401825444,Draft Kings,-10.5,145.5,,,-108.0,-112.0,-105.0,-115.0
401825445,Draft Kings,12.5,165.5,,,-105.0,-115.0,-112.0,-108.0
401827619,Draft Kings,-21.5,167.5,,,-105.0,-115.0,-110.0,-110.0
401827620,Draft Kings,-13.5,162.5,,,-102.0,-118.0,-110.0,-110.0
401827621,Draft Kings,-8.5,145.5,,,-110.0,-110.0,-112.0,-108.0
401827622,Draft Kings,-2.5,170.5,,,-115.0,-105.0,-110.0,-110.0
401827623,Draft Kings,-17.5,159.5,,,-110.0,-110.0,-112.0,-108.0
401828173,Draft Kings,1.5,153.5,,,-105.0,-115.0,-108.0,-112.0
401828174,Draft Kings,3.5,146.5,,,-102.0,-118.0,-112.0,-108.0
401828175,Draft Kings,-18.5,158.5,,,-110.0,-110.0,-108.0,-112.0
401828176,Draft Kings,-7.5,143.5,,,-112.0,-108.0,-112.0,-108.0
401828177,Draft Kings,6.5,144.5,,,-115.0,-105.0,-115.0,-105.0
401828371,Draft Kings,-9.5,150.5,,,-115.0,-105.0,-108.0,-112.0
401828372,Draft Kings,-17.5,154.5,,,-115.0,-105.0,-108.0,-112.0
401828373,Draft Kings,-8.5,147.5,,,-102.0,-118.0,-105.0,-115.0
401828374,Draft Kings,3.5,147.5,,,-115.0,-105.0,-110.0,-110.0
401828375,Draft Kings,1.5,147.5,,,-110.0,-110.0,-108.0,-112.0
401829198,Draft Kings,1.5,140.5,,,-112.0,-108.0,-112.0,-108.0
401829199,Draft Kings,-12.5,154.5,,,-108.0,-112.0,-105.0,-115.0
401829200,Draft Kings,1.5,147.5,,,-105.0,-115.0,-115.0,-105.0
401829294,Draft Kings,-13.5,147.5,,,-105.0,-115.0,-110.0,-110.0
401829397,Draft Kings,-2.5,137.5,,,-118.0,-102.0,-105.0,-115.0
401830269,Draft Kings,-5.5,144.5,,,-115.0,-105.0,-112.0,-108.0
401830270,Draft Kings,6.5,148.5,,,-110.0,-110.0,-115.0,-105.0
401830823,Draft Kings,1.5,148.5,,,-120.0,100.0,-112.0,-108.0
401804883,Draft Kings,-8.5,145.5,,,-118.0,-102.0,-105.0,-115.0
401804884,Draft Kings,-1.5,125.5,,,-118.0,-102.0,-105.0,-115.0
401805169,Draft Kings,-1.5,140.5,,,105.0,-125.0,-108.0,-112.0
401805170,Draft Kings,3.5,150.5,,,-105.0,-115.0,-115.0,-105.0
401805171,Draft Kings,-1.5,141.5,,,105.0,-125.0,-105.0,-115.0
401806437,Draft Kings,-6.5,133.5,,,-112.0,-108.0,-112.0,-108.0
401806438,Draft Kings,-6.5,154.5,,,-105.0,-115.0,-108.0,-112.0
401806439,Draft Kings,-7.5,148.5,,,-108.0,-112.0,-108.0,-112.0
401806440,Draft Kings,-7.5,131.5,,,-118.0,-102.0,-105.0,-115.0
401806441,Draft Kings,-5.5,142.5,,,-112.0,-108.0,-112.0,-108.0
401807685,Draft Kings,-11.5,154.5,,,-102.0,-118.0,-110.0,-110.0
401807686,Draft Kings,-7.5,153.5,,,-108.0,-112.0,-110.0,-110.0
401807687,Draft Kings,-7.5,136.5,,,-112.0,-108.0,-105.0,-115.0
401807688,Draft Kings,-9.5,157.5,,,-108.0,-112.0,-110.0,-110.0
401807689,Draft Kings,-1.5,166.5,,,-118.0,-102.0,-110.0,-110.0
401807690,Draft Kings,1.5,151.5,,,-115.0,-105.0,-110.0,-110.0
401808456,Draft Kings,-3.5,158.5,,,-112.0,-108.0,-110.0,-110.0
401808473,Draft Kings,-2.5,149.5,,,-105.0,-115.0,-105.0,-115.0
401808524,Draft Kings,-1.5,153.5,,,-112.0,-108.0,-105.0,-115.0
401808532,Draft Kings,-2.5,155.5,,,-115.0,-105.0,-115.0,-105.0
401808617,Draft Kings,-2.5,133.5,,,-112.0,-108.0,-110.0,-110.0
401808618,Draft Kings,-5.5,162.5,,,-118.0,-102.0,-105.0,-115.0
401808619,Draft Kings,4.5,154.5,,,-115.0,-105.0,-105.0,-115.0
401809090,Draft Kings,-7.5,159.5,,,-110.0,-110.0,-110.0,-110.0
401809128,Draft Kings,-3.5,166.5,,,-102.0,-118.0,-110.0,-110.0
401809141,Draft Kings,5.5,160.5,,,-108.0,-112.0,-105.0,-115.0
401809326,Draft Kings,-9.5,148.5,,,-105.0,-115.0,-115.0,-105.0
401809327,Draft Kings,8.5,153.5,,,-108.0,-112.0,-110.0,-110.0
401812013,Draft Kings,6.5,136.5,,,-110.0,-110.0,-105.0,-115.0
401812014,Draft Kings,-5.5,127.5,,,-110.0,-110.0,-110.0,-110.0
401812015,Draft Kings,-13.5,162.5,,,-120.0,100.0,-112.0,-108.0
401812016,Draft Kings,3.5,157.5,,,-105.0,-115.0,-115.0,-105.0
401812017,Draft Kings,-3.5,143.5,,,-108.0,-112.0,-115.0,-105.0
401812118,Draft Kings,-8.5,138.5,,,100.0,-120.0,-112.0,-108.0
401812119,Draft Kings,-14.5,130.5,,,-112.0,-108.0,-115.0,-105.0
401812120,Draft Kings,1.5,135.5,,,-108.0,-112.0,-115.0,-105.0
401812121,Draft Kings,-8.5,145.5,,,-118.0,-102.0,-110.0,-110.0
401817621,Draft Kings,3.5,150.5,,,-112.0,-108.0,-110.0,-110.0
401817622,Draft Kings,-10.5,159.5,,,-110.0,-110.0,-115.0,-105.0
401817623,Draft Kings,2.5,166.5,,,-112.0,-108.0,-115.0,-105.0
401817624,Draft Kings,-4.5,141.5,,,-105.0,-115.0,-112.0,-108.0
401817625,Draft Kings,5.5,160.5,,,-108.0,-112.0,-112.0,-108.0
401818387,Draft Kings,10.5,151.5,,,-118.0,-102.0,-112.0,-108.0
401818388,Draft Kings,-7.5,156.5,,,-110.0,-110.0,-115.0,-105.0
401823336,Draft Kings,-5.5,141.5,,,-112.0,-108.0,-112.0,-108.0
401823742,Draft Kings,7.5,144.5,,,-118.0,-102.0,-110.0,-110.0
401828178,Draft Kings,-3.5,155.5,,,-112.0,-108.0,-110.0,-110.0
401829197,Draft Kings,16.5,155.5,,,-105.0,-115.0,-108.0,-112.0
401829202,Draft Kings,-9.5,147.5,,,-108.0,-112.0,-105.0,-115.0
401814524,Draft Kings,5.5,147.5,,,-112.0,-108.0,-110.0,-110.0
401814526,Draft Kings,-5.5,168.5,,,-110.0,-110.0,-110.0,-110.0
401822902,Draft Kings,-2.5,145.5,,,-110.0,-110.0,-105.0,-115.0
401822903,Draft Kings,2.5,161.5,,,-110.0,-110.0,-108.0,-112.0
401827624,Draft Kings,-7.5,156.5,,,-108.0,-112.0,-112.0,-108.0
401828376,Draft Kings,-16.5,141.5,,,-115.0,-105.0,-112.0,-108.0
401830828,Draft Kings,-5.5,140.5,,,-112.0,-108.0,-108.0,-112.0
401804885,Draft Kings,4.5,134.5,,,-102.0,-118.0,-108.0,-112.0
401804886,Draft Kings,-13.5,137.5,,,-110.0,-110.0,-112.0,-108.0
401804887,Draft Kings,-2.5,168.5,,,-108.0,-112.0,-110.0,-110.0
401804888,Draft Kings,-4.5,127.5,,,-112.0,-108.0,-112.0,-108.0
401804889,Draft Kings,-7.5,165.5,,,-118.0,-102.0,-112.0,-108.0
401804890,Draft Kings,-5.5,137.5,,,-112.0,-108.0,-115.0,-105.0
401805172,Draft Kings,3.5,149.5,,,-115.0,-105.0,-112.0,-108.0
401805173,Draft Kings,-3.5,150.5,,,-108.0,-112.0,-110.0,-110.0
401805174,Draft Kings,-11.5,143.5,,,-108.0,-112.0,-110.0,-110.0
401806442,Draft Kings,-2.5,147.5,,,-120.0,100.0,-110.0,-110.0
401806443,Draft Kings,-10.5,135.5,,,-108.0,-112.0,-108.0,-112.0
401806444,Draft Kings,-1.5,141.5,,,-112.0,-108.0,-112.0,-108.0
401806445,Draft Kings,-9.5,139.5,,,-105.0,-115.0,-112.0,-108.0
401806446,Draft Kings,-8.5,150.5,,,-112.0,-108.0,-108.0,-112.0
401807691,Draft Kings,-2.5,155.5,,,-110.0,-110.0,-112.0,-108.0
401807692,Draft Kings,-5.5,156.5,,,-110.0,-110.0,-108.0,-112.0
401807693,Draft Kings,-1.5,133.5,,,102.0,-122.0,-108.0,-112.0
401807694,Draft Kings,-12.5,164.5,,,-108.0,-112.0,-105.0,-115.0
401807695,Draft Kings,10.5,162.5,,,-115.0,-105.0,-112.0,-108.0
401807696,Draft Kings,-9.5,152.5,,,-105.0,-115.0,-105.0,-115.0
401808177,Draft Kings,-13.5,152.5,,,-108.0,-112.0,-108.0,-112.0
401808178,Draft Kings,-2.5,181.5,,,-115.0,-105.0,-112.0,-108.0
401808179,Draft Kings,-1.5,148.5,,,102.0,-122.0,-108.0,-112.0
401808180,Draft Kings,-3.5,147.5,,,-115.0,-105.0,-115.0,-105.0
401808181,Draft Kings,-6.5,145.5,,,-105.0,-115.0,-105.0,-115.0
401808182,Draft Kings,1.5,164.5,,,-112.0,-108.0,-112.0,-108.0
401808183,Draft Kings,-4.5,166.5,,,-110.0,-110.0,-105.0,-115.0
401808184,Draft Kings,5.5,177.5,,,-108.0,-112.0,-110.0,-110.0
401808457,Draft Kings,-6.5,152.5,,,-105.0,-115.0,-108.0,-112.0
401808474,Draft Kings,1.5,158.5,,,-122.0,102.0,-108.0,-112.0
401808503,Draft Kings,-5.5,150.5,,,-108.0,-112.0,-115.0,-105.0
401808525,Draft Kings,-11.5,140.5,,,-108.0,-112.0,-108.0,-112.0
401808533,Draft Kings,6.5,163.5,,,-105.0,-115.0,-115.0,-105.0
401808620,Draft Kings,-7.5,140.5,,,-105.0,-115.0,-112.0,-108.0
401808621,Draft Kings,-6.5,149.5,,,-108.0,-112.0,-112.0,-108.0
401808622,Draft Kings,-6.5,157.5,,,-105.0,-115.0,-110.0,-110.0
401808623,Draft Kings,6.5,155.5,,,-112.0,-108.0,-110.0,-110.0
401808624,Draft Kings,-9.5,129.5,,,-108.0,-112.0,-110.0,-110.0
401808625,Draft Kings,-2.5,140.5,,,-108.0,-112.0,-108.0,-112.0
401808626,Draft Kings,-3.5,165.5,,,-110.0,-110.0,-112.0,-108.0
401808710,Draft Kings,-2.5,139.5,,,-108.0,-112.0,-110.0,-110.0
401808877,Draft Kings,9.5,146.5,,,-105.0,-115.0,-105.0,-115.0
401808907,Draft Kings,6.5,147.5,,,-112.0,-108.0,-105.0,-115.0
401808923,Draft Kings,-3.5,139.5,,,-112.0,-108.0,-105.0,-115.0
401808939,Draft Kings,-8.5,141.5,,,-110.0,-110.0,-115.0,-105.0
401808958,Draft Kings,-5.5,130.5,,,-102.0,-118.0,-105.0,-115.0
401809091,Draft Kings,8.5,147.5,,,-112.0,-108.0,-112.0,-108.0
401809111,Draft Kings,3.5,148.5,,,-108.0,-112.0,-105.0,-115.0
401809142,Draft Kings,2.5,143.5,,,-110.0,-110.0,-112.0,-108.0
401809328,Draft Kings,-4.5,149.5,,,-112.0,-108.0,-112.0,-108.0
401809329,Draft Kings,3.5,148.5,,,-115.0,-105.0,-105.0,-115.0
401809330,Draft Kings,5.5,155.5,,,-102.0,-118.0,-112.0,-108.0
401809331,Draft Kings,-6.5,143.5,,,-108.0,-112.0,-115.0,-105.0
401809332,Draft Kings,-1.5,150.5,,,-118.0,-102.0,-110.0,-110.0
401812020,Draft Kings,-5.5,149.5,,,-112.0,-108.0,-108.0,-112.0
401812021,Draft Kings,4.5,142.5,,,-110.0,-110.0,-112.0,-108.0
401812022,Draft Kings,-6.5,149.5,,,-115.0,-105.0,-112.0,-108.0
401812319,Draft Kings,7.5,143.5,,,-110.0,-110.0,-112.0,-108.0
401812338,Draft Kings,6.5,146.5,,,-112.0,-108.0,-115.0,-105.0
401812390,Draft Kings,6.5,144.5,,,-110.0,-110.0,-110.0,-110.0
401812405,Draft Kings,-4.5,128.5,,,-108.0,-112.0,-110.0,-110.0
401812413,Draft Kings,-1.5,129.5,,,-118.0,-102.0,-108.0,-112.0
401812587,Draft Kings,-2.5,163.5,,,-102.0,-118.0,-105.0,-115.0
401812615,Draft Kings,-4.5,133.5,,,-112.0,-108.0,-105.0,-115.0
401813303,Draft Kings,6.5,144.5,,,-108.0,-112.0,-115.0,-105.0
401813333,Draft Kings,-8.5,141.5,,,-110.0,-110.0,-108.0,-112.0
401813362,Draft Kings,3.5,135.5,,,-112.0,-108.0,-110.0,-110.0
401814522,Draft Kings,-10.5,162.5,,,-112.0,-108.0,-112.0,-108.0
401814523,Draft Kings,-11.5,141.5,,,-112.0,-108.0,-108.0,-112.0
401814525,Draft Kings,8.5,157.5,,,-110.0,-110.0,-108.0,-112.0
401814527,Draft Kings,-21.5,163.5,,,-105.0,-115.0,-112.0,-108.0
401817626,Draft Kings,-1.5,169.5,,,-115.0,-105.0,-112.0,-108.0
401817627,Draft Kings,8.5,152.5,,,-112.0,-108.0,-115.0,-105.0
401817628,Draft Kings,-7.5,153.5,,,-105.0,-115.0,-105.0,-115.0
401818309,Draft Kings,-9.5,174.5,,,-112.0,-108.0,-112.0,-108.0
401818389,Draft Kings,-1.5,160.5,,,-118.0,-102.0,-110.0,-110.0
401818390,Draft Kings,-1.5,149.5,,,-105.0,-115.0,-105.0,-115.0
401818391,Draft Kings,-2.5,151.5,,,-105.0,-115.0,-105.0,-115.0
401818392,Draft Kings,-13.5,151.5,,,-108.0,-112.0,-110.0,-110.0
401818540,Draft Kings,2.5,143.5,,,-102.0,-118.0,-105.0,-115.0
401820165,Draft Kings,3.5,137.5,,,-115.0,-105.0,-108.0,-112.0
401820198,Draft Kings,1.5,148.5,,,-112.0,-108.0,-115.0,-105.0
401820563,Draft Kings,14.5,134.5,,,-102.0,-118.0,-110.0,-110.0
401820589,Draft Kings,1.5,141.5,,,-118.0,-102.0,-105.0,-115.0
401820674,Draft Kings,5.5,141.5,,,-105.0,-115.0,-105.0,-115.0
401820675,Draft Kings,7.5,151.5,,,-115.0,-105.0,-108.0,-112.0
401820676,Draft Kings,-4.5,143.5,,,-115.0,-105.0,-108.0,-112.0
401820677,Draft Kings,1.5,168.5,,,-122.0,102.0,-112.0,-108.0
401820678,Draft Kings,-17.5,154.5,,,-112.0,-108.0,-112.0,-108.0
401820679,Draft Kings,7.5,152.5,,,-115.0,-105.0,-112.0,-108.0
401820680,Draft Kings,2.5,153.5,,,-112.0,-108.0,-110.0,-110.0
401820681,Draft Kings,11.5,148.5,,,-115.0,-105.0,-108.0,-112.0
401820682,Draft Kings,-6.5,143.5,,,-108.0,-112.0,-105.0,-115.0
401822770,Draft Kings,-10.5,133.5,,,-118.0,-102.0,-115.0,-105.0
401822904,Draft Kings,11.5,141.5,,,-108.0,-112.0,-110.0,-110.0
401822905,Draft Kings,2.5,147.5,,,-115.0,-105.0,-112.0,-108.0
401822906,Draft Kings,-6.5,144.5,,,-105.0,-115.0,-115.0,-105.0
401823179,Draft Kings,3.5,157.5,,,-118.0,-102.0,-108.0,-112.0
401823266,Draft Kings,-7.5,158.5,,,-108.0,-112.0,-105.0,-115.0
401823775,Draft Kings,-5.5,148.5,,,-108.0,-112.0,-110.0,-110.0
401823796,Draft Kings,5.5,150.5,,,-110.0,-110.0,-105.0,-115.0
401823847,Draft Kings,-10.5,134.5,,,-118.0,-102.0,-108.0,-112.0
401823914,Draft Kings,-4.5,157.5,,,-115.0,-105.0,-108.0,-112.0
401823915,Draft Kings,8.5,145.5,,,-112.0,-108.0,-112.0,-108.0
401823916,Draft Kings,-16.5,152.5,,,-115.0,-105.0,-115.0,-105.0
401823917,Draft Kings,5.5,152.5,,,-108.0,-112.0,-115.0,-105.0
401824388,Draft Kings,-2.5,138.5,,,-105.0,-115.0,-115.0,-105.0
401825446,Draft Kings,-15.5,142.5,,,-105.0,-115.0,-108.0,-112.0
401825447,Draft Kings,-3.5,146.5,,,-108.0,-112.0,-105.0,-115.0
401825448,Draft Kings,4.5,149.5,,,-112.0,-108.0,-105.0,-115.0
401825449,Draft Kings,-4.5,146.5,,,-112.0,-108.0,-115.0,-105.0
401825450,Draft Kings,18.5,157.5,,,-112.0,-108.0,-110.0,-110.0
401825451,Draft Kings,9.5,155.5,,,-112.0,-108.0,-110.0,-110.0
401825452,Draft Kings,3.5,145.5,,,-115.0,-105.0,-115.0,-105.0
401825453,Draft Kings,-15.5,149.5,,,-105.0,-115.0,-112.0,-108.0
401827025,Draft Kings,-1.5,153.5,,,-112.0,-108.0,-110.0,-110.0
401827050,Draft Kings,-1.5,160.5,,,-105.0,-115.0,-110.0,-110.0
401827115,Draft Kings,16.5,144.5,,,-112.0,-108.0,-110.0,-110.0
401827140,Draft Kings,-2.5,149.5,,,-115.0,-105.0,-110.0,-110.0
401827625,Draft Kings,9.5,165.5,,,-110.0,-110.0,-110.0,-110.0
401827626,Draft Kings,5.5,141.5,,,-115.0,-105.0,-112.0,-108.0
401827627,Draft Kings,-2.5,175.5,,,-112.0,-108.0,-110.0,-110.0
401827628,Draft Kings,-2.5,165.5,,,-115.0,-105.0,-112.0,-108.0
401827629,Draft Kings,4.5,154.5,,,-108.0,-112.0,-112.0,-108.0
401827630,Draft Kings,-6.5,141.5,,,-112.0,-108.0,-115.0,-105.0
401828377,Draft Kings,1.5,145.5,,,-120.0,100.0,-115.0,-105.0
401828378,Draft Kings,5.5,141.5,,,-115.0,-105.0,-112.0,-108.0
401828379,Draft Kings,-14.5,162.5,,,-115.0,-105.0,-108.0,-112.0
401828690,Draft Kings,-3.5,136.5,,,-105.0,-115.0,-108.0,-112.0
401828726,Draft Kings,5.5,139.5,,,-108.0,-112.0,-112.0,-108.0
401828928,Draft Kings,3.5,145.5,,,-108.0,-112.0,-115.0,-105.0
401829203,Draft Kings,9.5,150.5,,,-105.0,-115.0,-110.0,-110.0
401829204,Draft Kings,-1.5,139.5,,,-102.0,-118.0,-112.0,-108.0
401829205,Draft Kings,-8.5,148.5,,,-108.0,-112.0,-108.0,-112.0
401829206,Draft Kings,-1.5,152.5,,,-112.0,-108.0,-112.0,-108.0
401829328,Draft Kings,7.5,146.5,,,-115.0,-105.0,-105.0,-115.0
401829401,Draft Kings,-8.5,139.5,,,100.0,-120.0,-108.0,-112.0
401829501,Draft Kings,1.5,146.5,,,-112.0,-108.0,-105.0,-115.0
401830206,Draft Kings,3.5,151.5,,,-102.0,-118.0,-115.0,-105.0
401830231,Draft Kings,-5.5,147.5,,,-110.0,-110.0,-108.0,-112.0
401830240,Draft Kings,2.5,141.5,,,-105.0,-115.0,-105.0,-115.0
401830271,Draft Kings,-5.5,139.5,,,-108.0,-112.0,-110.0,-110.0
401830272,Draft Kings,-11.5,167.5,,,-102.0,-118.0,-105.0,-115.0
401830273,Draft Kings,1.5,130.5,,,-102.0,-118.0,-115.0,-105.0
401831990,,,,,,,,,
401817629,Draft Kings,-3.5,148.5,,,-105.0,-115.0,-110.0,-110.0
401817630,Draft Kings,4.5,153.5,,,-112.0,-108.0,-110.0,-110.0
401825454,Draft Kings,-1.5,148.5,,,-112.0,-108.0,-105.0,-115.0
401826819,Draft Kings,4.5,147.5,,,-102.0,-118.0,-115.0,-105.0
401827631,Draft Kings,-18.5,142.5,,,-112.0,-108.0,-108.0,-112.0
401828179,Draft Kings,-1.5,159.5,,,-105.0,-115.0,-112.0,-108.0
401828180,Draft Kings,-1.5,139.5,,,100.0,-120.0,-115.0,-105.0
401828181,Draft Kings,2.5,148.5,,,-108.0,-112.0,-115.0,-105.0
401828182,Draft Kings,-20.5,147.5,,,-105.0,-115.0,-110.0,-110.0
401828183,Draft Kings,-1.5,137.5,,,-108.0,-112.0,-105.0,-115.0
401828184,Draft Kings,-7.5,158.5,,,-118.0,-102.0,-115.0,-105.0
401829207,Draft Kings,-5.5,146.5,,,-112.0,-108.0,-108.0,-112.0
401843145,,,,,,,,,
401808504,Draft Kings,3.5,146.5,,,-108.0,-112.0,-112.0,-108.0
401808515,Draft Kings,-2.5,153.5,,,-110.0,-110.0,-110.0,-110.0
401808711,Draft Kings,-6.5,142.5,,,-112.0,-108.0,-110.0,-110.0
401808878,Draft Kings,9.5,140.5,,,-105.0,-115.0,-108.0,-112.0
401808908,Draft Kings,1.5,144.5,,,-118.0,-102.0,-110.0,-110.0
401808924,Draft Kings,4.5,144.5,,,-112.0,-108.0,-108.0,-112.0
401808940,Draft Kings,-2.5,139.5,,,-110.0,-110.0,-110.0,-110.0
401808959,Draft Kings,-5.5,135.5,,,-108.0,-112.0,-112.0,-108.0
401812018,Draft Kings,-3.5,143.5,,,-118.0,-102.0,-115.0,-105.0
401812019,Draft Kings,-7.5,124.5,,,-120.0,100.0,-115.0,-105.0
401812023,Draft Kings,-6.5,143.5,,,-108.0,-112.0,-105.0,-115.0
401812122,Draft Kings,-1.5,132.5,,,-102.0,-118.0,-112.0,-108.0
401812123,Draft Kings,4.5,140.5,,,-115.0,-105.0,-108.0,-112.0
401812124,Draft Kings,-1.5,129.5,,,-115.0,-105.0,-112.0,-108.0
401812125,Draft Kings,5.5,139.5,,,-112.0,-108.0,-112.0,-108.0
401812320,Draft Kings,-2.5,137.5,,,-115.0,-105.0,-115.0,-105.0
401812339,Draft Kings,1.5,150.5,,,100.0,-120.0,-105.0,-115.0
401812391,Draft Kings,-1.5,141.5,,,-115.0,-105.0,-110.0,-110.0
401812588,Draft Kings,-5.5,150.5,,,-108.0,-112.0,-105.0,-115.0
401812654,Draft Kings,-1.5,132.5,,,105.0,-125.0,-108.0,-112.0
401813313,Draft Kings,-13.5,153.5,,,-102.0,-118.0,-115.0,-105.0
401813334,Draft Kings,-6.5,133.5,,,-112.0,-108.0,-110.0,-110.0
401813387,Draft Kings,3.5,131.5,,,-110.0,-110.0,-110.0,-110.0
401813426,Draft Kings,-6.5,142.5,,,-102.0,-118.0,-115.0,-105.0
401818310,Draft Kings,-9.5,150.5,,,-108.0,-112.0,-115.0,-105.0
401818559,Draft Kings,2.5,163.5,,,-112.0,-108.0,-110.0,-110.0
401820199,Draft Kings,-3.5,149.5,,,-115.0,-105.0,-108.0,-112.0
401822348,Draft Kings,-1.5,129.5,,,100.0,-120.0,-110.0,-110.0
401822907,Draft Kings,-2.5,167.5,,,-112.0,-108.0,-110.0,-110.0
401823732,Draft Kings,4.5,144.5,,,-115.0,-105.0,-105.0,-115.0
401823848,Draft Kings,-3.5,141.5,,,-112.0,-108.0,-112.0,-108.0
401826865,Draft Kings,1.5,147.5,,,-125.0,105.0,-112.0,-108.0
401827051,Draft Kings,2.5,152.5,,,-115.0,-105.0,-108.0,-112.0
401827141,Draft Kings,2.5,155.5,,,-112.0,-108.0,-110.0,-110.0
401827163,Draft Kings,-1.5,146.5,,,-115.0,-105.0,-108.0,-112.0
401828380,Draft Kings,-1.5,153.5,,,-112.0,-108.0,-112.0,-108.0
401828381,Draft Kings,-14.5,151.5,,,-110.0,-110.0,-108.0,-112.0
401828664,Draft Kings,-2.5,153.5,,,-110.0,-110.0,-110.0,-110.0
401828727,,,,,,,,,
401830241,,,,,,,,,
401830344,Draft Kings,11.5,139.5,,,-110.0,-110.0,-108.0,-112.0
401806447,Draft Kings,-2.5,140.5,,,-112.0,-108.0,-115.0,-105.0
401808186,Draft Kings,3.5,151.5,,,-110.0,-110.0,-110.0,-110.0
401808188,Draft Kings,-1.5,173.5,,,102.0,-122.0,-110.0,-110.0
401808189,Draft Kings,-15.5,158.5,,,-112.0,-108.0,-105.0,-115.0
401808190,Draft Kings,-1.5,163.5,,,100.0,-120.0,-112.0,-108.0
401808191,Draft Kings,2.5,150.5,,,-112.0,-108.0,-110.0,-110.0
401814528,Draft Kings,8.5,166.5,,,-110.0,-110.0,-112.0,-108.0
401814529,Draft Kings,1.5,142.5,,,-122.0,102.0,-108.0,-112.0
401814530,Draft Kings,6.5,152.5,,,-110.0,-110.0,-108.0,-112.0
401814531,Draft Kings,-1.5,167.5,,,-115.0,-105.0,-105.0,-115.0
401814532,Draft Kings,-11.5,154.5,,,-110.0,-110.0,-112.0,-108.0
401814533,Draft Kings,-2.5,164.5,,,-105.0,-115.0,-105.0,-115.0
401820564,Draft Kings,-19.5,133.5,,,-105.0,-115.0,-115.0,-105.0
401820683,Draft Kings,-1.5,157.5,,,105.0,-125.0,-108.0,-112.0
401820685,Draft Kings,-2.5,142.5,,,-115.0,-105.0,-105.0,-115.0
401820686,Draft Kings,-10.5,163.5,,,-118.0,-102.0,-108.0,-112.0
401822908,Draft Kings,-7.5,147.5,,,-105.0,-115.0,-115.0,-105.0
401822909,Draft Kings,-11.5,145.5,,,-110.0,-110.0,-110.0,-110.0
401823825,Draft Kings,1.5,145.5,,,-122.0,102.0,-105.0,-115.0
401825455,Draft Kings,-17.5,140.5,,,-102.0,-118.0,-105.0,-115.0
401825456,Draft Kings,-15.5,163.5,,,-108.0,-112.0,-110.0,-110.0
401825457,Draft Kings,-7.5,143.5,,,-120.0,100.0,-115.0,-105.0
401825458,Draft Kings,10.5,139.5,,,-115.0,-105.0,-108.0,-112.0
401825459,Draft Kings,5.5,147.5,,,-105.0,-115.0,-105.0,-115.0
401827632,Draft Kings,1.5,154.5,,,-105.0,-115.0,-108.0,-112.0
401827633,Draft Kings,4.5,155.5,,,-115.0,-105.0,-112.0,-108.0
401827634,Draft Kings,-14.5,156.5,,,-110.0,-110.0,-112.0,-108.0
401827635,Draft Kings,-10.5,168.5,,,-108.0,-112.0,-105.0,-115.0
401827636,Draft Kings,-8.5,161.5,,,-102.0,-118.0,-115.0,-105.0
401827948,Draft Kings,-15.5,156.5,,,-105.0,-115.0,-110.0,-110.0
401828382,Draft Kings,8.5,165.5,,,-105.0,-115.0,-112.0,-108.0
401828383,Draft Kings,-10.5,147.5,,,-115.0,-105.0,-108.0,-112.0
401829285,,,,,,,,,
401829315,Draft Kings,-16.5,137.5,,,-112.0,-108.0,-115.0,-105.0
401830274,Draft Kings,-8.5,139.5,,,-115.0,-105.0,-105.0,-115.0
401856166,,,,,,,,,
401804891,Draft Kings,-5.5,167.5,,,-102.0,-118.0,-108.0,-112.0
401804892,Draft Kings,1.5,148.5,,,-115.0,-105.0,-110.0,-110.0
401805175,Draft Kings,-3.5,142.5,,,-102.0,-118.0,-110.0,-110.0
401805176,Draft Kings,-8.5,143.5,,,-118.0,-102.0,-115.0,-105.0
401805177,Draft Kings,12.5,160.5,,,-112.0,-108.0,-108.0,-112.0
401807697,Draft Kings,-12.5,162.5,,,-115.0,-105.0,-110.0,-110.0
401808185,Draft Kings,-7.5,152.5,,,-110.0,-110.0,-105.0,-115.0
401808187,Draft Kings,-8.5,163.5,,,-105.0,-115.0,-112.0,-108.0
401808627,Draft Kings,5.5,152.5,,,-102.0,-118.0,-115.0,-105.0
401809333,Draft Kings,4.5,143.5,,,-105.0,-115.0,-115.0,-105.0
401809334,Draft Kings,-8.5,158.5,,,-118.0,-102.0,-110.0,-110.0
401809335,Draft Kings,11.5,142.5,,,-118.0,-102.0,-112.0,-108.0
401809336,Draft Kings,2.5,151.5,,,-118.0,-102.0,-105.0,-115.0
401809337,Draft Kings,-3.5,154.5,,,-102.0,-118.0,-108.0,-112.0
401817631,Draft Kings,-14.5,176.5,,,-115.0,-105.0,-105.0,-115.0
401817632,Draft Kings,2.5,155.5,,,-105.0,-115.0,-110.0,-110.0
401817633,Draft Kings,-15.5,156.5,,,-105.0,-115.0,-115.0,-105.0
401818393,Draft Kings,-6.5,160.5,,,-115.0,-105.0,-110.0,-110.0
401820166,Draft Kings,-11.5,134.5,,,-105.0,-115.0,-112.0,-108.0
401820684,Draft Kings,2.5,137.5,,,-110.0,-110.0,-105.0,-115.0
401820687,Draft Kings,-13.5,149.5,,,-105.0,-115.0,-110.0,-110.0
401820688,Draft Kings,-3.5,152.5,,,-112.0,-108.0,-108.0,-112.0
401822910,Draft Kings,-8.5,155.5,,,-102.0,-118.0,-115.0,-105.0
401822911,Draft Kings,-8.5,142.5,,,-110.0,-110.0,-105.0,-115.0
401823776,Draft Kings,1.5,145.5,,,-115.0,-105.0,-108.0,-112.0
401823918,Draft Kings,1.5,147.5,,,-122.0,102.0,-110.0,-110.0
401823919,Draft Kings,-16.5,155.5,,,-102.0,-118.0,-108.0,-112.0
401823920,Draft Kings,-9.5,165.5,,,-108.0,-112.0,-105.0,-115.0
401823921,Draft Kings,-1.5,145.5,,,100.0,-120.0,-105.0,-115.0
401824368,Draft Kings,-4.5,145.5,,,-115.0,-105.0,-105.0,-115.0
401825460,Draft Kings,-18.5,152.5,,,-105.0,-115.0,-108.0,-112.0
401825461,Draft Kings,-10.5,152.5,,,-108.0,-112.0,-105.0,-115.0
401825462,Draft Kings,-6.5,149.5,,,-115.0,-105.0,-108.0,-112.0
401826820,Draft Kings,-4.5,144.5,,,-108.0,-112.0,-110.0,-110.0
401827637,Draft Kings,-13.5,152.5,,,-105.0,-115.0,-115.0,-105.0
401827638,Draft Kings,-1.5,145.5,,,-110.0,-110.0,-112.0,-108.0
401828185,Draft Kings,-12.5,144.5,,,-105.0,-115.0,-115.0,-105.0
401828186,Draft Kings,-10.5,155.5,,,-110.0,-110.0,-110.0,-110.0
401828187,Draft Kings,-6.5,153.5,,,-108.0,-112.0,-115.0,-105.0
401828188,Draft Kings,-1.5,142.5,,,-110.0,-110.0,-115.0,-105.0
401828189,Draft Kings,-15.5,138.5,,,-102.0,-118.0,-108.0,-112.0
401828384,Draft Kings,-4.5,135.5,,,-112.0,-108.0,-112.0,-108.0
401828385,Draft Kings,9.5,137.5,,,100.0,-120.0,-115.0,-105.0
401828386,Draft Kings,-3.5,144.5,,,-105.0,-115.0,-105.0,-115.0
401828674,Draft Kings,-1.5,146.5,,,-105.0,-115.0,-110.0,-110.0
401828929,Draft Kings,-15.5,151.5,,,-112.0,-108.0,-110.0,-110.0
401829208,Draft Kings,-4.5,141.5,,,-115.0,-105.0,-108.0,-112.0
401829209,Draft Kings,-19.5,142.5,,,-110.0,-110.0,-108.0,-112.0
401829210,Draft Kings,-28.5,150.5,,,-108.0,-112.0,-112.0,-108.0
401829211,Draft Kings,1.5,152.5,,,-110.0,-110.0,-112.0,-108.0
401830230,Draft Kings,-8.5,155.5,,,-105.0,-115.0,-108.0,-112.0
401830275,Draft Kings,4.5,156.5,,,-108.0,-112.0,-115.0,-105.0
401830276,Draft Kings,-6.5,132.5,,,-108.0,-112.0,-105.0,-115.0
401830277,Draft Kings,-1.5,142.5,,,-118.0,-102.0,-115.0,-105.0
401804893,Draft Kings,1.5,151.5,,,-118.0,-102.0,-105.0,-115.0
401804894,Draft Kings,-6.5,144.5,,,-108.0,-112.0,-110.0,-110.0
401806448,Draft Kings,-2.5,135.5,,,-110.0,-110.0,-105.0,-115.0
401806449,Draft Kings,-8.5,151.5,,,-110.0,-110.0,-105.0,-115.0
401806450,Draft Kings,-5.5,145.5,,,-108.0,-112.0,-110.0,-110.0
401806451,Draft Kings,-8.5,138.5,,,-108.0,-112.0,-112.0,-108.0
401806452,Draft Kings,-1.5,142.5,,,102.0,-122.0,-110.0,-110.0
401807698,Draft Kings,-4.5,138.5,,,-115.0,-105.0,-115.0,-105.0
401807699,Draft Kings,3.5,154.5,,,-108.0,-112.0,-112.0,-108.0
401807700,Draft Kings,8.5,166.5,,,-118.0,-102.0,-112.0,-108.0
401807701,Draft Kings,-6.5,155.5,,,-112.0,-108.0,-108.0,-112.0
401807702,Draft Kings,-15.5,157.5,,,-105.0,-115.0,-110.0,-110.0
401808458,Draft Kings,2.5,150.5,,,-105.0,-115.0,-110.0,-110.0
401808475,Draft Kings,-10.5,161.5,,,-102.0,-118.0,-110.0,-110.0
401808491,Draft Kings,-5.5,144.5,,,-105.0,-115.0,-105.0,-115.0
401808505,Draft Kings,-4.5,157.5,,,-105.0,-115.0,-115.0,-105.0
401808628,Draft Kings,-9.5,124.5,,,-118.0,-102.0,-105.0,-115.0
401808629,Draft Kings,-1.5,140.5,,,-118.0,-102.0,-108.0,-112.0
401808630,Draft Kings,1.5,172.5,,,-115.0,-105.0,-108.0,-112.0
401808631,Draft Kings,-1.5,144.5,,,-118.0,-102.0,-115.0,-105.0
401808632,Draft Kings,-4.5,138.5,,,-110.0,-110.0,-105.0,-115.0
401808633,Draft Kings,-18.5,160.5,,,-108.0,-112.0,-110.0,-110.0
401809092,Draft Kings,1.5,152.5,,,-105.0,-115.0,-105.0,-115.0
401809112,Draft Kings,8.5,142.5,,,-112.0,-108.0,-105.0,-115.0
401809143,Draft Kings,-17.5,144.5,,,-108.0,-112.0,-105.0,-115.0
401809157,Draft Kings,-8.5,159.5,,,-118.0,-102.0,-105.0,-115.0
401812024,Draft Kings,-3.5,148.5,,,-115.0,-105.0,-115.0,-105.0
401812025,Draft Kings,9.5,146.5,,,-115.0,-105.0,-108.0,-112.0
401812026,Draft Kings,-1.5,135.5,,,105.0,-125.0,-108.0,-112.0
401812027,Draft Kings,-1.5,145.5,,,-115.0,-105.0,-115.0,-105.0
401812028,Draft Kings,-3.5,160.5,,,-105.0,-115.0,-108.0,-112.0
401812029,Draft Kings,-2.5,159.5,,,-110.0,-110.0,-112.0,-108.0
401812126,Draft Kings,2.5,131.5,,,-108.0,-112.0,-105.0,-115.0
401812127,Draft Kings,-9.5,135.5,,,-112.0,-108.0,-112.0,-108.0
401812128,Draft Kings,-6.5,143.5,,,-115.0,-105.0,-105.0,-115.0
401812129,Draft Kings,4.5,145.5,,,-110.0,-110.0,-110.0,-110.0
401813335,Draft Kings,-1.5,133.5,,,-102.0,-118.0,-112.0,-108.0
401813363,Draft Kings,-10.5,145.5,,,-115.0,-105.0,-105.0,-115.0
401813388,Draft Kings,-10.5,139.5,,,100.0,-120.0,-108.0,-112.0
401813412,Draft Kings,4.5,148.5,,,-108.0,-112.0,-115.0,-105.0
401817634,Draft Kings,-7.5,139.5,,,-115.0,-105.0,-110.0,-110.0
401817635,Draft Kings,-4.5,152.5,,,-112.0,-108.0,-108.0,-112.0
401818394,Draft Kings,-1.5,149.5,,,-105.0,-115.0,-108.0,-112.0
401818395,Draft Kings,4.5,160.5,,,-112.0,-108.0,-105.0,-115.0
401818396,Draft Kings,-6.5,155.5,,,-110.0,-110.0,-110.0,-110.0
401823180,Draft Kings,-3.5,160.5,,,-108.0,-112.0,-110.0,-110.0
401824311,Draft Kings,1.5,143.5,,,-122.0,102.0,-112.0,-108.0
401825463,Draft Kings,5.5,157.5,,,-108.0,-112.0,-105.0,-115.0
401828190,Draft Kings,2.5,168.5,,,-105.0,-115.0,-110.0,-110.0
401804895,Draft Kings,1.5,144.5,,,-110.0,-110.0,-115.0,-105.0
401804897,Draft Kings,1.5,133.5,,,-105.0,-115.0,-110.0,-110.0
401806457,Draft Kings,-6.5,136.5,,,-110.0,-110.0,-112.0,-108.0
401807706,Draft Kings,-5.5,153.5,,,-115.0,-105.0,-110.0,-110.0
401807708,Draft Kings,-16.5,148.5,,,-108.0,-112.0,-105.0,-115.0
401808634,Draft Kings,-16.5,144.5,,,-115.0,-105.0,-108.0,-112.0
401809338,Draft Kings,-17.5,141.5,,,-105.0,-115.0,-112.0,-108.0
401809340,Draft Kings,4.5,150.5,,,-112.0,-108.0,-108.0,-112.0
401812321,Draft Kings,-7.5,140.5,,,-105.0,-115.0,-115.0,-105.0
401812340,Draft Kings,-7.5,143.5,,,-112.0,-108.0,-105.0,-115.0
401812369,Draft Kings,5.5,137.5,,,-105.0,-115.0,-110.0,-110.0
401812392,Draft Kings,-3.5,143.5,,,-112.0,-108.0,-108.0,-112.0
401814534,Draft Kings,6.5,167.5,,,-102.0,-118.0,-112.0,-108.0
401814538,Draft Kings,-1.5,159.5,,,-115.0,-105.0,-108.0,-112.0
401820217,Draft Kings,1.5,122.5,,,-110.0,-110.0,-108.0,-112.0
401822912,Draft Kings,-5.5,161.5,,,-115.0,-105.0,-112.0,-108.0
401823922,Draft Kings,-1.5,156.5,,,-102.0,-118.0,-105.0,-115.0
401823923,Draft Kings,7.5,165.5,,,-105.0,-115.0,-105.0,-115.0
401823924,Draft Kings,9.5,153.5,,,-110.0,-110.0,-110.0,-110.0
401825464,Draft Kings,-16.5,165.5,,,-115.0,-105.0,-112.0,-108.0
401825465,Draft Kings,7.5,147.5,,,-112.0,-108.0,-108.0,-112.0
401828191,Draft Kings,-10.5,134.5,,,-105.0,-115.0,-115.0,-105.0
401828194,Draft Kings,-2.5,143.5,,,-110.0,-110.0,-105.0,-115.0
401828387,Draft Kings,8.5,159.5,,,-115.0,-105.0,-108.0,-112.0
401830829,Draft Kings,5.5,149.5,,,-105.0,-115.0,-105.0,-115.0
401804896,Draft Kings,-5.5,156.5,,,-105.0,-115.0,-110.0,-110.0
401804898,Draft Kings,-7.5,159.5,,,-102.0,-118.0,-115.0,-105.0
401804899,Draft Kings,1.5,139.5,,,-102.0,-118.0,-112.0,-108.0
401804900,Draft Kings,-15.5,134.5,,,100.0,-120.0,-108.0,-112.0
401805179,Draft Kings,-6.5,149.5,,,-102.0,-118.0,-115.0,-105.0
401805180,Draft Kings,-1.5,147.5,,,102.0,-122.0,-115.0,-105.0
401806453,Draft Kings,-4.5,134.5,,,-105.0,-115.0,-112.0,-108.0
401806454,Draft Kings,-4.5,160.5,,,-115.0,-105.0,-110.0,-110.0
401806456,Draft Kings,-7.5,135.5,,,-112.0,-108.0,-112.0,-108.0
401807703,Draft Kings,3.5,164.5,,,-110.0,-110.0,-110.0,-110.0
401807705,Draft Kings,-1.5,142.5,,,-115.0,-105.0,-105.0,-115.0
401807707,Draft Kings,7.5,162.5,,,-105.0,-115.0,-105.0,-115.0
401808192,Draft Kings,-10.5,163.5,,,-105.0,-115.0,-105.0,-115.0
401808193,Draft Kings,-11.5,159.5,,,-112.0,-108.0,-112.0,-108.0
401808194,Draft Kings,-11.5,145.5,,,-102.0,-118.0,-108.0,-112.0
401808195,Draft Kings,7.5,159.5,,,-108.0,-112.0,-108.0,-112.0
401808196,Draft Kings,-4.5,151.5,,,-105.0,-115.0,-112.0,-108.0
401808197,Draft Kings,-10.5,155.5,,,-118.0,-102.0,-110.0,-110.0
401808198,Draft Kings,-3.5,168.5,,,-105.0,-115.0,-115.0,-105.0
401808199,Draft Kings,-4.5,167.5,,,-102.0,-118.0,-110.0,-110.0
401808459,Draft Kings,-5.5,163.5,,,-115.0,-105.0,-108.0,-112.0
401808476,Draft Kings,-1.5,145.5,,,-108.0,-112.0,-108.0,-112.0
401808492,Draft Kings,-4.5,148.5,,,-105.0,-115.0,-108.0,-112.0
401808516,Draft Kings,-6.5,147.5,,,-105.0,-115.0,-110.0,-110.0
401808526,Draft Kings,6.5,150.5,,,-115.0,-105.0,-108.0,-112.0
401808635,Draft Kings,-2.5,141.5,,,-118.0,-102.0,-112.0,-108.0
401808636,Draft Kings,4.5,159.5,,,-105.0,-115.0,-105.0,-115.0
401808637,Draft Kings,4.5,157.5,,,-105.0,-115.0,-105.0,-115.0
401808638,Draft Kings,-5.5,143.5,,,-108.0,-112.0,-112.0,-108.0
401808879,Draft Kings,-18.5,156.5,,,-108.0,-112.0,-110.0,-110.0
401808925,Draft Kings,-2.5,141.5,,,-108.0,-112.0,-112.0,-108.0
401808970,Draft Kings,4.5,136.5,,,-105.0,-115.0,-105.0,-115.0
401808979,Draft Kings,2.5,140.5,,,-108.0,-112.0,-110.0,-110.0
401809093,Draft Kings,-2.5,146.5,,,-115.0,-105.0,-112.0,-108.0
401809129,Draft Kings,-9.5,149.5,,,-112.0,-108.0,-112.0,-108.0
401809144,Draft Kings,-10.5,158.5,,,-102.0,-118.0,-115.0,-105.0
401809158,Draft Kings,1.5,173.5,,,-112.0,-108.0,-112.0,-108.0
401809339,Draft Kings,-4.5,152.5,,,-105.0,-115.0,-108.0,-112.0
401809341,Draft Kings,-8.5,152.5,,,-110.0,-110.0,-112.0,-108.0
401809342,Draft Kings,2.5,157.5,,,-115.0,-105.0,-105.0,-115.0
401812030,Draft Kings,-4.5,139.5,,,-105.0,-115.0,-108.0,-112.0
401812031,Draft Kings,-3.5,157.5,,,-115.0,-105.0,-115.0,-105.0
401812032,Draft Kings,-4.5,148.5,,,-105.0,-115.0,-105.0,-115.0
401812033,Draft Kings,7.5,139.5,,,-112.0,-108.0,-105.0,-115.0
401812034,Draft Kings,-3.5,159.5,,,-115.0,-105.0,-108.0,-112.0
401812035,Draft Kings,4.5,136.5,,,-118.0,-102.0,-108.0,-112.0
401812130,Draft Kings,-2.5,137.5,,,-108.0,-112.0,-110.0,-110.0
401812131,Draft Kings,-5.5,124.5,,,-112.0,-108.0,-112.0,-108.0
401812132,Draft Kings,-2.5,151.5,,,-112.0,-108.0,-105.0,-115.0
401812133,Draft Kings,8.5,133.5,,,-112.0,-108.0,-115.0,-105.0
401812589,Draft Kings,6.5,157.5,,,-112.0,-108.0,-110.0,-110.0
401812616,Draft Kings,-1.5,160.5,,,-110.0,-110.0,-115.0,-105.0
401813314,Draft Kings,-7.5,153.5,,,-105.0,-115.0,-110.0,-110.0
401813336,Draft Kings,-3.5,139.5,,,-115.0,-105.0,-112.0,-108.0
401813364,Draft Kings,-10.5,141.5,,,-110.0,-110.0,-112.0,-108.0
401813389,Draft Kings,-9.5,139.5,,,-110.0,-110.0,-115.0,-105.0
401813413,Draft Kings,-9.5,139.5,,,-105.0,-115.0,-105.0,-115.0
401814535,Draft Kings,1.5,155.5,,,-118.0,-102.0,-112.0,-108.0
401814536,Draft Kings,-5.5,148.5,,,-108.0,-112.0,-110.0,-110.0
401814537,Draft Kings,4.5,154.5,,,-112.0,-108.0,-108.0,-112.0
401814539,Draft Kings,-5.5,141.5,,,-118.0,-102.0,-108.0,-112.0
401817636,Draft Kings,-6.5,142.5,,,-115.0,-105.0,-115.0,-105.0
401817637,Draft Kings,-6.5,151.5,,,-110.0,-110.0,-110.0,-110.0
401817638,Draft Kings,-1.5,155.5,,,-115.0,-105.0,-110.0,-110.0
401817639,Draft Kings,6.5,167.5,,,-108.0,-112.0,-112.0,-108.0
401818397,Draft Kings,-5.5,162.5,,,-108.0,-112.0,-105.0,-115.0
401818398,Draft Kings,10.5,151.5,,,-108.0,-112.0,-112.0,-108.0
401818399,Draft Kings,4.5,148.5,,,-118.0,-102.0,-108.0,-112.0
401818400,Draft Kings,10.5,161.5,,,-108.0,-112.0,-105.0,-115.0
401818541,Draft Kings,2.5,156.5,,,-118.0,-102.0,-105.0,-115.0
401818560,Draft Kings,-4.5,134.5,,,-105.0,-115.0,-108.0,-112.0
401820167,Draft Kings,-10.5,143.5,,,-115.0,-105.0,-115.0,-105.0
401820200,Draft Kings,-2.5,147.5,,,-105.0,-115.0,-112.0,-108.0
401820491,Draft Kings,-1.5,136.5,,,105.0,-125.0,-105.0,-115.0
401820565,Draft Kings,-23.5,137.5,,,-108.0,-112.0,-112.0,-108.0
401820689,Draft Kings,-19.5,153.5,,,-102.0,-118.0,-105.0,-115.0
401820690,Draft Kings,8.5,142.5,,,-112.0,-108.0,-115.0,-105.0
401820691,Draft Kings,-14.5,160.5,,,-110.0,-110.0,-115.0,-105.0
401820692,Draft Kings,-7.5,137.5,,,-108.0,-112.0,-105.0,-115.0
401820693,Draft Kings,6.5,144.5,,,-112.0,-108.0,-112.0,-108.0
401820694,Draft Kings,-11.5,163.5,,,-108.0,-112.0,-112.0,-108.0
401820695,Draft Kings,-4.5,146.5,,,-115.0,-105.0,-115.0,-105.0
401820696,Draft Kings,1.5,149.5,,,-105.0,-115.0,-108.0,-112.0
401820697,Draft Kings,-6.5,152.5,,,-115.0,-105.0,-108.0,-112.0
401822771,Draft Kings,-13.5,143.5,,,-108.0,-112.0,-110.0,-110.0
401822913,Draft Kings,-11.5,137.5,,,-102.0,-118.0,-110.0,-110.0
401822914,Draft Kings,8.5,159.5,,,-108.0,-112.0,-115.0,-105.0
401822915,Draft Kings,2.5,135.5,,,-110.0,-110.0,-105.0,-115.0
401822916,Draft Kings,-5.5,159.5,,,-105.0,-115.0,-108.0,-112.0
401823337,Draft Kings,4.5,144.5,,,-110.0,-110.0,-105.0,-115.0
401823777,Draft Kings,3.5,149.5,,,-108.0,-112.0,-110.0,-110.0
401823797,Draft Kings,4.5,145.5,,,-108.0,-112.0,-112.0,-108.0
401823849,Draft Kings,-2.5,134.5,,,-118.0,-102.0,-108.0,-112.0
401823925,Draft Kings,5.5,146.5,,,-115.0,-105.0,-108.0,-112.0
401824369,Draft Kings,-7.5,147.5,,,-105.0,-115.0,-112.0,-108.0
401824389,Draft Kings,4.5,139.5,,,-108.0,-112.0,-105.0,-115.0
401825466,Draft Kings,-18.5,141.5,,,-108.0,-112.0,-115.0,-105.0
401825467,Draft Kings,4.5,140.5,,,-112.0,-108.0,-105.0,-115.0
401825468,Draft Kings,-5.5,152.5,,,-118.0,-102.0,-112.0,-108.0
401825469,Draft Kings,-7.5,143.5,,,-115.0,-105.0,-105.0,-115.0
401827026,Draft Kings,-9.5,154.5,,,100.0,-120.0,-108.0,-112.0
401827052,Draft Kings,1.5,158.5,,,-125.0,105.0,-105.0,-115.0
401827117,Draft Kings,-8.5,156.5,,,-105.0,-115.0,-110.0,-110.0
401827204,Draft Kings,1.5,145.5,,,-122.0,102.0,-105.0,-105.0
401827639,Draft Kings,-17.5,143.5,,,-112.0,-108.0,-112.0,-108.0
401827640,Draft Kings,3.5,146.5,,,-115.0,-105.0,-110.0,-110.0
401827641,Draft Kings,-4.5,147.5,,,-115.0,-105.0,-110.0,-110.0
401827642,Draft Kings,-19.5,168.5,,,-118.0,-102.0,-108.0,-112.0
401827643,Draft Kings,-3.5,159.5,,,-115.0,-105.0,-110.0,-110.0
401827644,Draft Kings,4.5,158.5,,,-102.0,-118.0,-112.0,-108.0
401827645,Draft Kings,10.5,162.5,,,-108.0,-112.0,-105.0,-115.0
401827646,Draft Kings,1.5,141.5,,,-115.0,-105.0,-110.0,-110.0
401828192,Draft Kings,-3.5,145.5,,,-112.0,-108.0,-115.0,-105.0
401828193,Draft Kings,10.5,145.5,,,-115.0,-105.0,-110.0,-110.0
401828196,Draft Kings,8.5,152.5,,,-105.0,-115.0,-105.0,-115.0
401828388,Draft Kings,5.5,148.5,,,-110.0,-110.0,-112.0,-108.0
401828389,Draft Kings,6.5,139.5,,,-108.0,-112.0,-115.0,-105.0
401828390,Draft Kings,5.5,152.5,,,-105.0,-115.0,-110.0,-110.0
401828391,Draft Kings,1.5,135.5,,,-108.0,-112.0,-112.0,-108.0
401828392,Draft Kings,-10.5,159.5,,,-102.0,-118.0,-105.0,-115.0
401828691,Draft Kings,-14.5,148.5,,,-112.0,-108.0,-115.0,-105.0
401829212,Draft Kings,-11.5,146.5,,,-115.0,-105.0,-112.0,-108.0
401829213,Draft Kings,14.5,144.5,,,-112.0,-108.0,-115.0,-105.0
401829214,Draft Kings,-15.5,149.5,,,-115.0,-105.0,-115.0,-105.0
401829215,Draft Kings,13.5,162.5,,,-112.0,-108.0,-108.0,-112.0
401829216,Draft Kings,-1.5,137.5,,,-118.0,-102.0,-110.0,-110.0
401829316,Draft Kings,-8.5,150.5,,,-110.0,-110.0,-112.0,-108.0
401829329,Draft Kings,-13.5,141.5,,,-105.0,-115.0,-112.0,-108.0
401829417,Draft Kings,-2.5,143.5,,,-105.0,-115.0,-115.0,-105.0
401829687,Draft Kings,-8.5,141.5,,,-118.0,-102.0,-112.0,-108.0
401830207,Draft Kings,-5.5,150.5,,,-110.0,-110.0,-110.0,-110.0
401830229,Draft Kings,-7.5,144.5,,,-105.0,-115.0,-108.0,-112.0
401830278,Draft Kings,-3.5,151.5,,,-108.0,-112.0,-110.0,-110.0
401830279,Draft Kings,1.5,145.5,,,-125.0,105.0,-108.0,-112.0
401820218,Draft Kings,-9.5,131.5,,,-115.0,-105.0,-105.0,-115.0
401825470,Draft Kings,-7.5,143.5,,,-120.0,100.0,-115.0,-105.0
401825471,Draft Kings,-7.5,158.5,,,-115.0,-105.0,-112.0,-108.0
401828195,Draft Kings,-5.5,166.5,,,-115.0,-105.0,-110.0,-110.0
401808980,Draft Kings,-2.5,135.5,,,-112.0,-108.0,-115.0,-105.0
401812322,Draft Kings,-1.5,139.5,,,-110.0,-110.0,-115.0,-105.0
401812406,Draft Kings,1.5,135.5,,,-112.0,-108.0,-112.0,-108.0
401820698,Draft Kings,-8.5,157.5,,,-110.0,-110.0,-105.0,-115.0
401820816,Draft Kings,1.5,166.5,,,-110.0,-110.0,-115.0,-105.0
401825472,Draft Kings,-11.5,153.5,,,-115.0,-105.0,-105.0,-115.0
401827118,Draft Kings,-13.5,147.5,,,-108.0,-112.0,-105.0,-115.0
401828665,Draft Kings,-7.5,150.5,,,-102.0,-118.0,-108.0,-112.0
401828692,Draft Kings,-7.5,152.5,,,-118.0,-102.0,-115.0,-105.0
401829286,Draft Kings,-1.5,135.5,,,-110.0,-110.0,-115.0,-105.0
401808204,Draft Kings,-10.5,167.5,,,-112.0,-108.0,-105.0,-115.0
401808205,Draft Kings,-5.5,155.5,,,-112.0,-108.0,-105.0,-115.0
401808206,Draft Kings,3.5,167.5,,,-115.0,-105.0,-110.0,-110.0
401808880,Draft Kings,12.5,139.5,,,-110.0,-110.0,-110.0,-110.0
401808909,Draft Kings,-4.5,157.5,,,-105.0,-115.0,-108.0,-112.0
401808941,Draft Kings,-14.5,141.5,,,-105.0,-115.0,-112.0,-108.0
401814540,Draft Kings,-7.5,150.5,,,-120.0,100.0,-105.0,-115.0
401814541,Draft Kings,2.5,139.5,,,-102.0,-118.0,-112.0,-108.0
401814542,Draft Kings,-5.5,162.5,,,-112.0,-108.0,-108.0,-112.0
401814543,Draft Kings,-9.5,164.5,,,-108.0,-112.0,-110.0,-110.0
401814544,Draft Kings,-12.5,168.5,,,-110.0,-110.0,-110.0,-110.0
401814545,Draft Kings,-1.5,146.5,,,-105.0,-115.0,-112.0,-108.0
401820479,Draft Kings,1.5,140.5,,,-118.0,-102.0,-110.0,-110.0
401820699,Draft Kings,-9.5,155.5,,,-108.0,-112.0,-110.0,-110.0
401820702,Draft Kings,-10.5,151.5,,,-110.0,-110.0,-108.0,-112.0
401820703,Draft Kings,9.5,145.5,,,-108.0,-112.0,-108.0,-112.0
401820704,Draft Kings,-1.5,150.5,,,105.0,-125.0,-108.0,-112.0
401822917,Draft Kings,1.5,154.5,,,-108.0,-112.0,-112.0,-108.0
401822918,Draft Kings,-15.5,152.5,,,-115.0,-105.0,-105.0,-115.0
401823798,Draft Kings,-3.5,143.5,,,-115.0,-105.0,-112.0,-108.0
401823826,Draft Kings,12.5,141.5,,,-105.0,-115.0,-108.0,-112.0
401825473,Draft Kings,4.5,150.5,,,-105.0,-115.0,-110.0,-110.0
401825474,Draft Kings,-11.5,157.5,,,-115.0,-105.0,-105.0,-115.0
401825475,Draft Kings,14.5,138.5,,,-118.0,-102.0,-110.0,-110.0
401827164,Draft Kings,-2.5,155.5,,,-102.0,-118.0,-105.0,-115.0
401827647,Draft Kings,-6.5,161.5,,,-118.0,-102.0,-108.0,-112.0
401827648,Draft Kings,-7.5,146.5,,,-110.0,-110.0,-105.0,-115.0
401828393,Draft Kings,-9.5,138.5,,,-112.0,-108.0,-110.0,-110.0
401828394,Draft Kings,-10.5,167.5,,,-115.0,-105.0,-112.0,-108.0
401828395,Draft Kings,1.5,143.5,,,-105.0,-115.0,-115.0,-105.0
401828396,Draft Kings,-12.5,155.5,,,-110.0,-110.0,-110.0,-110.0
401830281,Draft Kings,-5.5,147.5,,,-118.0,-102.0,-110.0,-110.0
401830322,Draft Kings,3.5,155.5,,,-105.0,-115.0,-112.0,-108.0
401858319,Draft Kings,-2.5,152.5,,,-102.0,-118.0,-110.0,-110.0
401858320,Draft Kings,-6.5,140.5,,,-105.0,-115.0,-105.0,-115.0
401804902,Draft Kings,-2.5,130.5,,,-102.0,-118.0,-108.0,-112.0
401804903,Draft Kings,-1.5,148.5,,,-108.0,-112.0,-108.0,-112.0
401804904,Draft Kings,-4.5,160.5,,,-108.0,-112.0,-108.0,-112.0
401804905,Draft Kings,-13.5,137.5,,,-102.0,-118.0,-112.0,-108.0
401804906,Draft Kings,-3.5,148.5,,,-115.0,-105.0,-115.0,-105.0
401807709,Draft Kings,2.5,151.5,,,-115.0,-105.0,-110.0,-110.0
401807710,Draft Kings,-5.5,158.5,,,-112.0,-108.0,-108.0,-112.0
401807711,Draft Kings,-2.5,151.5,,,-115.0,-105.0,-115.0,-105.0
401808200,Draft Kings,-6.5,154.5,,,-110.0,-110.0,-110.0,-110.0
401808201,Draft Kings,1.5,157.5,,,-118.0,-102.0,-108.0,-112.0
401808202,Draft Kings,-7.5,154.5,,,-108.0,-112.0,-115.0,-105.0
401808203,Draft Kings,13.5,151.5,,,100.0,-120.0,-110.0,-110.0
401808641,Draft Kings,-9.5,159.5,,,-120.0,100.0,-108.0,-112.0
401808642,Draft Kings,3.5,147.5,,,-102.0,-118.0,-110.0,-110.0
401817641,Draft Kings,-8.5,162.5,,,-112.0,-108.0,-105.0,-115.0
401817642,Draft Kings,1.5,162.5,,,-120.0,100.0,-108.0,-112.0
401818401,Draft Kings,1.5,150.5,,,100.0,-120.0,-115.0,-105.0
401818402,Draft Kings,3.5,161.5,,,-108.0,-112.0,-110.0,-110.0
401820168,Draft Kings,1.5,138.5,,,-105.0,-115.0,-105.0,-115.0
401820201,Draft Kings,4.5,147.5,,,-115.0,-105.0,-108.0,-112.0
401820700,Draft Kings,-3.5,157.5,,,-112.0,-108.0,-115.0,-105.0
401820701,Draft Kings,-9.5,147.5,,,-102.0,-118.0,-115.0,-105.0
401822919,Draft Kings,-12.5,158.5,,,-110.0,-110.0,-112.0,-108.0
401822920,Draft Kings,-3.5,139.5,,,-112.0,-108.0,-112.0,-108.0
401822921,Draft Kings,-5.5,145.5,,,-112.0,-108.0,-112.0,-108.0
401824390,Draft Kings,-10.5,144.5,,,-115.0,-105.0,-115.0,-105.0
401825476,Draft Kings,-9.5,141.5,,,-110.0,-110.0,-108.0,-112.0
401825477,Draft Kings,4.5,136.5,,,-115.0,-105.0,-110.0,-110.0
401825478,Draft Kings,-9.5,146.5,,,-120.0,100.0,-115.0,-105.0
401826827,Draft Kings,1.5,147.5,,,-115.0,-105.0,-115.0,-105.0
401827027,Draft Kings,-20.5,141.5,,,-110.0,-110.0,-115.0,-105.0
401827649,Draft Kings,-3.5,145.5,,,-115.0,-105.0,-115.0,-105.0
401827650,Draft Kings,8.5,139.5,,,-115.0,-105.0,-108.0,-112.0
401828197,Draft Kings,12.5,155.5,,,-102.0,-118.0,-112.0,-108.0
401828198,Draft Kings,-4.5,139.5,,,-108.0,-112.0,-110.0,-110.0
401828199,Draft Kings,-2.5,140.5,,,-112.0,-108.0,-115.0,-105.0
401828200,Draft Kings,-8.5,141.5,,,-120.0,100.0,-110.0,-110.0
401828201,Draft Kings,8.5,158.5,,,-110.0,-110.0,-115.0,-105.0
401828397,Draft Kings,-6.5,134.5,,,-105.0,-115.0,-112.0,-108.0
401828398,Draft Kings,-3.5,150.5,,,-108.0,-112.0,-108.0,-112.0
401828399,Draft Kings,-5.5,136.5,,,-108.0,-112.0,-110.0,-110.0
401829217,Draft Kings,-5.5,141.5,,,-115.0,-105.0,-115.0,-105.0
401829218,Draft Kings,-8.5,142.5,,,-102.0,-118.0,-110.0,-110.0
401829219,Draft Kings,2.5,151.5,,,-108.0,-112.0,-108.0,-112.0
401829220,Draft Kings,-9.5,150.5,,,-110.0,-110.0,-112.0,-108.0
401829221,Draft Kings,-1.5,142.5,,,-112.0,-108.0,-110.0,-110.0
401829398,Draft Kings,-4.5,138.5,,,-110.0,-110.0,-115.0,-105.0
401830208,Draft Kings,5.5,145.5,,,-110.0,-110.0,-105.0,-115.0
401830282,Draft Kings,-8.5,143.5,,,-115.0,-105.0,-105.0,-115.0
401830283,Draft Kings,-3.5,159.5,,,-108.0,-112.0,-105.0,-115.0
401830284,Draft Kings,1.5,130.5,,,-120.0,100.0,-110.0,-110.0
401830824,Draft Kings,-13.5,148.5,,,-105.0,-115.0,-108.0,-112.0
401830830,Draft Kings,-9.5,139.5,,,-108.0,-112.0,-108.0,-112.0
401804901,Draft Kings,1.5,136.5,,,-115.0,-105.0,-115.0,-105.0
401805181,Draft Kings,-3.5,145.5,,,-105.0,-115.0,-110.0,-110.0
401805182,Draft Kings,6.5,154.5,,,-115.0,-105.0,-105.0,-115.0
401805183,Draft Kings,-9.5,144.5,,,-102.0,-118.0,-110.0,-110.0
401806461,Draft Kings,-4.5,150.5,,,-112.0,-108.0,-112.0,-108.0
401806462,Draft Kings,-1.5,130.5,,,-108.0,-112.0,-112.0,-108.0
401806463,Draft Kings,10.5,142.5,,,-108.0,-112.0,-110.0,-110.0
401807712,Draft Kings,3.5,142.5,,,-105.0,-115.0,-108.0,-112.0
401807713,Draft Kings,-9.5,147.5,,,-115.0,-105.0,-108.0,-112.0
401807714,Draft Kings,1.5,165.5,,,-120.0,100.0,-110.0,-110.0
401808460,Draft Kings,2.5,145.5,,,-115.0,-105.0,-108.0,-112.0
401808477,Draft Kings,-2.5,155.5,,,-118.0,-102.0,-110.0,-110.0
401808506,Draft Kings,-4.5,143.5,,,-112.0,-108.0,-110.0,-110.0
401808517,Draft Kings,4.5,153.5,,,-115.0,-105.0,-112.0,-108.0
401808643,Draft Kings,1.5,134.5,,,-108.0,-112.0,-108.0,-112.0
401808644,Draft Kings,-3.5,139.5,,,-110.0,-110.0,-115.0,-105.0
401808645,Draft Kings,1.5,129.5,,,-115.0,-105.0,-112.0,-108.0
401808647,Draft Kings,-9.5,147.5,,,-105.0,-115.0,-110.0,-110.0
401809094,Draft Kings,-4.5,145.5,,,-108.0,-112.0,-110.0,-110.0
401809113,Draft Kings,-1.5,144.5,,,-115.0,-105.0,-105.0,-115.0
401809130,Draft Kings,-3.5,163.5,,,-108.0,-112.0,-105.0,-115.0
401809159,Draft Kings,1.5,161.5,,,-112.0,-108.0,-110.0,-110.0
401809343,Draft Kings,-1.5,150.5,,,100.0,-120.0,-110.0,-110.0
401809344,Draft Kings,-9.5,145.5,,,-112.0,-108.0,-112.0,-108.0
401809345,Draft Kings,-5.5,149.5,,,-105.0,-115.0,-115.0,-105.0
401809346,Draft Kings,-10.5,158.5,,,-115.0,-105.0,-110.0,-110.0
401809347,Draft Kings,-2.5,142.5,,,-108.0,-112.0,-115.0,-105.0
401812036,Draft Kings,-2.5,148.5,,,-118.0,-102.0,-112.0,-108.0
401812037,Draft Kings,-1.5,135.5,,,-105.0,-115.0,-105.0,-115.0
401812038,Draft Kings,-9.5,144.5,,,-112.0,-108.0,-110.0,-110.0
401812039,Draft Kings,-2.5,127.5,,,-112.0,-108.0,-115.0,-105.0
401812040,Draft Kings,1.5,169.5,,,-108.0,-112.0,-110.0,-110.0
401812041,Draft Kings,-4.5,152.5,,,-110.0,-110.0,-108.0,-112.0
401812134,Draft Kings,2.5,130.5,,,-115.0,-105.0,-110.0,-110.0
401812135,Draft Kings,-8.5,141.5,,,-110.0,-110.0,-108.0,-112.0
401812136,Draft Kings,-3.5,146.5,,,-110.0,-110.0,-112.0,-108.0
401812137,Draft Kings,-5.5,139.5,,,-112.0,-108.0,-115.0,-105.0
401812323,Draft Kings,-2.5,131.5,,,-105.0,-115.0,-108.0,-112.0
401812341,Draft Kings,-8.5,147.5,,,-112.0,-108.0,-112.0,-108.0
401812414,Draft Kings,2.5,136.5,,,-105.0,-115.0,-108.0,-112.0
401818403,Draft Kings,-11.5,152.5,,,-112.0,-108.0,-115.0,-105.0
401818404,Draft Kings,-3.5,154.5,,,-115.0,-105.0,-108.0,-112.0
401820219,Draft Kings,-5.5,122.5,,,-105.0,-115.0,-110.0,-110.0
401822363,Draft Kings,3.5,129.5,,,-102.0,-118.0,-105.0,-115.0
401822398,Draft Kings,4.5,150.5,,,-105.0,-115.0,-115.0,-105.0
401823338,Draft Kings,1.5,144.5,,,-115.0,-105.0,-115.0,-105.0
401823926,Draft Kings,-17.5,149.5,,,-115.0,-105.0,-115.0,-105.0
401823927,Draft Kings,1.5,147.5,,,-112.0,-108.0,-108.0,-112.0
401823928,Draft Kings,-14.5,149.5,,,-115.0,-105.0,-110.0,-110.0
401823929,Draft Kings,1.5,162.5,,,-112.0,-108.0,-115.0,-105.0
401825479,Draft Kings,-12.5,153.5,,,-112.0,-108.0,-108.0,-112.0
401825480,Draft Kings,-7.5,148.5,,,-110.0,-110.0,-105.0,-115.0
401827651,Draft Kings,-17.5,152.5,,,-105.0,-115.0,-112.0,-108.0
401828202,Draft Kings,-3.5,152.5,,,-110.0,-110.0,-112.0,-108.0
401812590,Draft Kings,-4.5,153.5,,,-108.0,-112.0,-115.0,-105.0
401812617,Draft Kings,1.5,132.5,,,-110.0,-110.0,-112.0,-108.0
401813304,Draft Kings,-5.5,145.5,,,-112.0,-108.0,-112.0,-108.0
401813337,Draft Kings,9.5,129.5,,,-108.0,-112.0,-105.0,-115.0
401813390,Draft Kings,9.5,128.5,,,-102.0,-118.0,-108.0,-112.0
401813414,Draft Kings,-5.5,138.5,,,-118.0,-102.0,-115.0,-105.0
401814549,Draft Kings,-10.5,166.5,,,-108.0,-112.0,-115.0,-105.0
401817643,Draft Kings,-10.5,153.5,,,-115.0,-105.0,-112.0,-108.0
401817644,Draft Kings,5.5,161.5,,,-105.0,-115.0,-115.0,-105.0
401817645,Draft Kings,2.5,151.5,,,-108.0,-112.0,-110.0,-110.0
401817646,Draft Kings,-7.5,150.5,,,-112.0,-108.0,-110.0,-110.0
401818311,Draft Kings,-15.5,155.5,,,-115.0,-105.0,-110.0,-110.0
401820590,Draft Kings,-8.5,156.5,,,-118.0,-102.0,-110.0,-110.0
401822922,Draft Kings,-8.5,157.5,,,-112.0,-108.0,-105.0,-115.0
401823317,Draft Kings,-1.5,146.5,,,-118.0,-102.0,-112.0,-108.0
401823799,Draft Kings,-1.5,141.5,,,-102.0,-118.0,-105.0,-115.0
401825481,Draft Kings,2.5,149.5,,,-115.0,-105.0,-112.0,-108.0
401826866,Draft Kings,-7.5,158.5,,,-108.0,-112.0,-115.0,-105.0
401828204,Draft Kings,-4.5,141.5,,,-110.0,-110.0,-108.0,-112.0
401828400,Draft Kings,-9.5,151.5,,,-102.0,-118.0,-105.0,-115.0
401828401,Draft Kings,-18.5,150.5,,,-105.0,-115.0,-115.0,-105.0
401829317,Draft Kings,-7.5,147.5,,,-115.0,-105.0,-108.0,-112.0
401858731,,,,,,,,,
401804907,Draft Kings,-3.5,159.5,,,-115.0,-105.0,-105.0,-115.0
401804908,Draft Kings,-7.5,141.5,,,-110.0,-110.0,-112.0,-108.0
401804909,Draft Kings,-4.5,135.5,,,-110.0,-110.0,-108.0,-112.0
401804910,Draft Kings,-6.5,140.5,,,-105.0,-115.0,-112.0,-108.0
401804911,Draft Kings,-6.5,128.5,,,-105.0,-115.0,-115.0,-105.0
401805184,Draft Kings,-6.5,150.5,,,-110.0,-110.0,-112.0,-108.0
401805185,Draft Kings,-1.5,149.5,,,-108.0,-112.0,-105.0,-115.0
401805186,Draft Kings,1.5,134.5,,,-112.0,-108.0,-110.0,-110.0
401806464,Draft Kings,4.5,138.5,,,-115.0,-105.0,-115.0,-105.0
401806465,Draft Kings,1.5,148.5,,,-112.0,-108.0,-115.0,-105.0
401806466,Draft Kings,1.5,141.5,,,-105.0,-115.0,-105.0,-115.0
401806467,Draft Kings,1.5,130.5,,,-112.0,-108.0,-112.0,-108.0
401806468,Draft Kings,10.5,137.5,,,-115.0,-105.0,-115.0,-105.0
401807715,Draft Kings,7.5,150.5,,,-110.0,-110.0,-110.0,-110.0
401807716,Draft Kings,-4.5,151.5,,,-112.0,-108.0,-115.0,-105.0
401807717,Draft Kings,-1.5,136.5,,,-102.0,-118.0,-112.0,-108.0
401807718,Draft Kings,10.5,165.5,,,-112.0,-108.0,-110.0,-110.0
401807719,Draft Kings,-1.5,144.5,,,-102.0,-118.0,-115.0,-105.0
401807720,Draft Kings,5.5,163.5,,,-112.0,-108.0,-105.0,-115.0
401808207,Draft Kings,-6.5,159.5,,,-110.0,-110.0,-115.0,-105.0
401808209,Draft Kings,-4.5,173.5,,,-105.0,-115.0,-110.0,-110.0
401808210,Draft Kings,-10.5,149.5,,,-115.0,-105.0,-110.0,-110.0
401808211,Draft Kings,-6.5,146.5,,,-110.0,-110.0,-115.0,-105.0
401808212,Draft Kings,2.5,147.5,,,-105.0,-115.0,-105.0,-115.0
401808213,Draft Kings,-5.5,147.5,,,-105.0,-115.0,-115.0,-105.0
401808214,Draft Kings,1.5,155.5,,,-108.0,-112.0,-110.0,-110.0
401808461,Draft Kings,-6.5,156.5,,,-105.0,-115.0,-112.0,-108.0
401808478,Draft Kings,5.5,146.5,,,-112.0,-108.0,-115.0,-105.0
401808493,Draft Kings,-2.5,151.5,,,-110.0,-110.0,-105.0,-115.0
401808507,Draft Kings,3.5,155.5,,,-115.0,-105.0,-105.0,-115.0
401808518,Draft Kings,-4.5,138.5,,,-115.0,-105.0,-115.0,-105.0
401808648,Draft Kings,-7.5,137.5,,,-105.0,-115.0,-105.0,-115.0
401808650,Draft Kings,2.5,144.5,,,-108.0,-112.0,-108.0,-112.0
401808651,Draft Kings,-5.5,140.5,,,-108.0,-112.0,-105.0,-115.0
401808652,Draft Kings,-1.5,143.5,,,-115.0,-105.0,-105.0,-115.0
401808653,Draft Kings,-3.5,165.5,,,-112.0,-108.0,-115.0,-105.0
401808654,Draft Kings,-2.5,143.5,,,-102.0,-118.0,-112.0,-108.0
401808714,Draft Kings,-1.5,146.5,,,-118.0,-102.0,-108.0,-112.0
401808881,Draft Kings,10.5,144.5,,,-118.0,-102.0,-105.0,-115.0
401808910,Draft Kings,-4.5,153.5,,,-110.0,-110.0,-108.0,-112.0
401808960,Draft Kings,-9.5,135.5,,,-112.0,-108.0,-112.0,-108.0
401808981,Draft Kings,1.5,140.5,,,-102.0,-118.0,-115.0,-105.0
401809095,Draft Kings,1.5,160.5,,,-112.0,-108.0,-108.0,-112.0
401809131,Draft Kings,5.5,152.5,,,-108.0,-112.0,-112.0,-108.0
401809145,Draft Kings,8.5,144.5,,,-118.0,-102.0,-112.0,-108.0
401809160,Draft Kings,-1.5,162.5,,,-105.0,-115.0,-110.0,-110.0
401809349,Draft Kings,-18.5,153.5,,,-110.0,-110.0,-108.0,-112.0
401809350,Draft Kings,2.5,147.5,,,-112.0,-108.0,-115.0,-105.0
401812042,Draft Kings,-4.5,148.5,,,-115.0,-105.0,-112.0,-108.0
401812043,Draft Kings,1.5,140.5,,,-102.0,-118.0,-105.0,-115.0
401812044,Draft Kings,-8.5,131.5,,,-110.0,-110.0,-115.0,-105.0
401812045,Draft Kings,-7.5,138.5,,,-110.0,-110.0,-110.0,-110.0
401812046,Draft Kings,-8.5,168.5,,,-115.0,-105.0,-108.0,-112.0
401812047,Draft Kings,3.5,161.5,,,-105.0,-115.0,-105.0,-115.0
401812138,Draft Kings,-4.5,136.5,,,-115.0,-105.0,-115.0,-105.0
401812139,Draft Kings,1.5,141.5,,,-110.0,-110.0,-108.0,-112.0
401812140,Draft Kings,-1.5,131.5,,,105.0,-125.0,-115.0,-105.0
401812141,Draft Kings,-13.5,139.5,,,-115.0,-105.0,-112.0,-108.0
401812324,Draft Kings,-1.5,133.5,,,-105.0,-115.0,-108.0,-112.0
401812342,Draft Kings,-2.5,140.5,,,-110.0,-110.0,-112.0,-108.0
401812371,Draft Kings,2.5,142.5,,,-112.0,-108.0,-115.0,-105.0
401812395,Draft Kings,-1.5,131.5,,,-105.0,-115.0,-112.0,-108.0
401812591,Draft Kings,-7.5,173.5,,,-112.0,-108.0,-110.0,-110.0
401812618,Draft Kings,-11.5,141.5,,,-115.0,-105.0,-108.0,-112.0
401814546,Draft Kings,-8.5,146.5,,,100.0,-120.0,-108.0,-112.0
401814547,Draft Kings,8.5,149.5,,,-110.0,-110.0,-102.0,-118.0
401814548,Draft Kings,-8.5,148.5,,,-115.0,-105.0,-112.0,-108.0
401814550,Draft Kings,-16.5,158.5,,,-105.0,-115.0,-105.0,-115.0
401814551,Draft Kings,-2.5,156.5,,,-110.0,-110.0,-110.0,-110.0
401817647,Draft Kings,-2.5,145.5,,,-110.0,-110.0,-105.0,-115.0
401818405,Draft Kings,8.5,154.5,,,-115.0,-105.0,-105.0,-115.0
401818406,Draft Kings,-1.5,158.5,,,-118.0,-102.0,-105.0,-115.0
401818407,Draft Kings,-13.5,150.5,,,-108.0,-112.0,-115.0,-105.0
401818542,Draft Kings,-5.5,139.5,,,-110.0,-110.0,-108.0,-112.0
401818561,Draft Kings,-1.5,142.5,,,-112.0,-108.0,-110.0,-110.0
401820169,Draft Kings,-9.5,143.5,,,-110.0,-110.0,-108.0,-112.0
401820220,Draft Kings,2.5,129.5,,,-115.0,-105.0,-112.0,-108.0
401820480,Draft Kings,-7.5,135.5,,,-110.0,-110.0,-105.0,-115.0
401820566,Draft Kings,9.5,141.5,,,-112.0,-108.0,-110.0,-110.0
401820705,Draft Kings,13.5,141.5,,,-115.0,-105.0,-110.0,-110.0
401820706,Draft Kings,-6.5,147.5,,,-102.0,-118.0,-112.0,-108.0
401820707,Draft Kings,-10.5,135.5,,,-112.0,-108.0,-105.0,-115.0
401820708,Draft Kings,-3.5,152.5,,,-108.0,-112.0,-112.0,-108.0
401820709,Draft Kings,9.5,160.5,,,-105.0,-115.0,-112.0,-108.0
401820710,Draft Kings,-9.5,163.5,,,-120.0,100.0,-108.0,-112.0
401820711,Draft Kings,-11.5,148.5,,,-105.0,-115.0,-112.0,-108.0
401820712,Draft Kings,13.5,148.5,,,-118.0,-102.0,-112.0,-108.0
401820713,Draft Kings,5.5,156.5,,,-118.0,-102.0,-110.0,-110.0
401822773,Draft Kings,3.5,155.5,,,-118.0,-102.0,-108.0,-112.0
401822923,Draft Kings,6.5,142.5,,,-105.0,-115.0,-105.0,-115.0
401822924,Draft Kings,-5.5,149.5,,,-115.0,-105.0,-108.0,-112.0
401822925,Draft Kings,-6.5,143.5,,,-105.0,-115.0,-108.0,-112.0
401822926,Draft Kings,-4.5,150.5,,,-105.0,-115.0,-112.0,-108.0
401823050,Draft Kings,2.5,128.5,,,-102.0,-118.0,-112.0,-108.0
401823181,Draft Kings,-8.5,153.5,,,-112.0,-108.0,-105.0,-115.0
401823779,Draft Kings,-6.5,147.5,,,-115.0,-105.0,-105.0,-115.0
401823931,Draft Kings,9.5,156.5,,,-118.0,-102.0,-110.0,-110.0
401823932,Draft Kings,-1.5,151.5,,,-105.0,-115.0,-108.0,-112.0
401823933,Draft Kings,-9.5,147.5,,,-112.0,-108.0,-115.0,-105.0
401824370,Draft Kings,1.5,138.5,,,-125.0,105.0,-110.0,-110.0
401824391,Draft Kings,-2.5,144.5,,,-115.0,-105.0,-108.0,-112.0
401825482,Draft Kings,-1.5,146.5,,,-112.0,-108.0,-110.0,-110.0
401825483,Draft Kings,-3.5,144.5,,,-112.0,-108.0,-112.0,-108.0
401825484,Draft Kings,-11.5,146.5,,,-118.0,-102.0,-108.0,-112.0
401825485,Draft Kings,-4.5,155.5,,,-115.0,-105.0,-108.0,-112.0
401827028,Draft Kings,7.5,147.5,,,-115.0,-105.0,-115.0,-105.0
401827054,Draft Kings,1.5,157.5,,,-110.0,-110.0,-115.0,-105.0
401827100,Draft Kings,2.5,148.5,,,-105.0,-115.0,-108.0,-112.0
401827119,Draft Kings,1.5,152.5,,,-110.0,-110.0,-115.0,-105.0
401827144,Draft Kings,10.5,143.5,,,-115.0,-105.0,-105.0,-115.0
401827205,Draft Kings,-3.5,138.5,,,-112.0,-108.0,-108.0,-112.0
401827652,Draft Kings,14.5,163.5,,,-105.0,-115.0,-112.0,-108.0
401827653,Draft Kings,5.5,159.5,,,-112.0,-108.0,-112.0,-108.0
401827654,Draft Kings,-13.5,135.5,,,-115.0,-105.0,-110.0,-110.0
401827655,Draft Kings,-2.5,159.5,,,-112.0,-108.0,-112.0,-108.0
401827656,Draft Kings,1.5,166.5,,,-115.0,-105.0,-110.0,-110.0
401827657,Draft Kings,-2.5,139.5,,,-118.0,-102.0,-105.0,-115.0
401828203,Draft Kings,-1.5,141.5,,,-118.0,-102.0,-115.0,-105.0
401828205,Draft Kings,9.5,154.5,,,-105.0,-115.0,-110.0,-110.0
401828402,Draft Kings,-1.5,140.5,,,-118.0,-102.0,-105.0,-115.0
401828403,Draft Kings,-11.5,150.5,,,-115.0,-105.0,-112.0,-108.0
401828404,Draft Kings,1.5,142.5,,,-118.0,-102.0,-110.0,-110.0
401828405,Draft Kings,2.5,142.5,,,-112.0,-108.0,-108.0,-112.0
401828675,Draft Kings,-5.5,142.5,,,-110.0,-110.0,-115.0,-105.0
401828728,Draft Kings,-7.5,146.5,,,-102.0,-118.0,-110.0,-110.0
401829222,Draft Kings,-3.5,150.5,,,-115.0,-105.0,-112.0,-108.0
401829223,Draft Kings,-4.5,138.5,,,-105.0,-115.0,-115.0,-105.0
401829224,Draft Kings,-8.5,152.5,,,-112.0,-108.0,-105.0,-115.0
401829225,Draft Kings,-8.5,144.5,,,-108.0,-112.0,-105.0,-115.0
401829226,Draft Kings,8.5,153.5,,,-108.0,-112.0,-112.0,-108.0
401829330,Draft Kings,15.5,148.5,,,-112.0,-108.0,-105.0,-115.0
401829409,Draft Kings,3.5,146.5,,,-108.0,-112.0,-108.0,-112.0
401830209,Draft Kings,-3.5,163.5,,,-105.0,-115.0,-110.0,-110.0
401830228,Draft Kings,2.5,150.5,,,-118.0,-102.0,-108.0,-112.0
401830285,Draft Kings,-11.5,128.5,,,-115.0,-105.0,-112.0,-108.0
401830286,Draft Kings,-3.5,142.5,,,-115.0,-105.0,-110.0,-110.0
401830287,Draft Kings,-2.5,145.5,,,-110.0,-110.0,-112.0,-108.0
401830825,Draft Kings,-1.5,142.5,,,-115.0,-105.0,-110.0,-110.0
401808208,Draft Kings,-9.5,176.5,,,-102.0,-118.0,-105.0,-115.0
401808649,Draft Kings,10.5,146.5,,,-118.0,-102.0,-108.0,-112.0
401809348,Draft Kings,-7.5,146.5,,,-110.0,-110.0,-110.0,-110.0
401809351,Draft Kings,1.5,154.5,,,-125.0,105.0,-108.0,-112.0
401809352,Draft Kings,1.5,146.5,,,-112.0,-108.0,-110.0,-110.0
401813315,Draft Kings,-6.5,147.5,,,-105.0,-115.0,-105.0,-115.0
401813338,Draft Kings,9.5,128.5,,,-118.0,-102.0,-115.0,-105.0
401813365,Draft Kings,8.5,135.5,,,-105.0,-115.0,-105.0,-115.0
401817648,Draft Kings,-3.5,166.5,,,-108.0,-112.0,-110.0,-110.0
401817649,Draft Kings,3.5,144.5,,,-105.0,-115.0,-112.0,-108.0
401817650,Draft Kings,-9.5,160.5,,,-115.0,-105.0,-112.0,-108.0
401820591,Draft Kings,2.5,154.5,,,-115.0,-105.0,-108.0,-112.0
401823753,Draft Kings,-5.5,147.5,,,-108.0,-112.0,-108.0,-112.0
401823850,Draft Kings,7.5,136.5,,,-115.0,-105.0,-105.0,-115.0
401825486,Draft Kings,15.5,148.5,,,-115.0,-105.0,-110.0,-110.0
401825487,Draft Kings,-1.5,154.5,,,-105.0,-115.0,-110.0,-110.0
401825488,Draft Kings,9.5,133.5,,,-112.0,-108.0,-115.0,-105.0
401825489,Draft Kings,2.5,142.5,,,-105.0,-115.0,-115.0,-105.0
401827658,Draft Kings,1.5,153.5,,,-112.0,-108.0,-110.0,-110.0
401827659,Draft Kings,12.5,156.5,,,-110.0,-110.0,-115.0,-105.0
401828206,Draft Kings,-10.5,153.5,,,-110.0,-110.0,-108.0,-112.0
401828207,Draft Kings,-8.5,151.5,,,-120.0,100.0,-115.0,-105.0
401828208,Draft Kings,-5.5,154.5,,,-112.0,-108.0,-110.0,-110.0
401828406,Draft Kings,-2.5,146.5,,,-108.0,-112.0,-108.0,-112.0
401829482,Draft Kings,-17.5,151.5,,,-115.0,-105.0,-105.0,-115.0
401806458,Draft Kings,-7.5,153.5,,,-118.0,-102.0,-105.0,-115.0
401808494,Draft Kings,-7.5,136.5,,,-105.0,-115.0,-110.0,-110.0
401808542,Draft Kings,-1.5,162.5,,,-108.0,-112.0,-108.0,-112.0
401808715,Draft Kings,1.5,151.5,,,-102.0,-118.0,-112.0,-108.0
401808882,Draft Kings,2.5,141.5,,,-108.0,-112.0,-115.0,-105.0
401808926,Draft Kings,1.5,147.5,,,-115.0,-105.0,-110.0,-110.0
401808961,Draft Kings,-5.5,132.5,,,-118.0,-102.0,-115.0,-105.0
401808982,Draft Kings,-9.5,141.5,,,-108.0,-112.0,-108.0,-112.0
401820492,Draft Kings,-4.5,140.5,,,-112.0,-108.0,-110.0,-110.0
401820714,Draft Kings,-11.5,158.5,,,-108.0,-112.0,-108.0,-112.0
401820817,Draft Kings,-3.5,155.5,,,-115.0,-105.0,-105.0,-115.0
401823049,Draft Kings,-2.5,134.5,,,-110.0,-110.0,-108.0,-112.0
401824371,Draft Kings,2.5,139.5,,,-110.0,-110.0,-105.0,-115.0
401827029,Draft Kings,5.5,152.5,,,-105.0,-115.0,-108.0,-112.0
401827101,Draft Kings,5.5,143.5,,,-115.0,-105.0,-110.0,-110.0
401827120,Draft Kings,2.5,141.5,,,-110.0,-110.0,-115.0,-105.0
401827165,Draft Kings,-3.5,139.5,,,-102.0,-118.0,-110.0,-110.0
401858634,Draft Kings,14.5,146.5,,,-105.0,-115.0,-115.0,-105.0
401806455,Draft Kings,-6.5,139.5,,,-112.0,-108.0,-105.0,-115.0
401806469,Draft Kings,-4.5,140.5,,,-112.0,-108.0,-105.0,-115.0
401808217,Draft Kings,-13.5,149.5,,,-108.0,-112.0,-112.0,-108.0
401808218,Draft Kings,-12.5,139.5,,,-118.0,-102.0,-115.0,-105.0
401813366,Draft Kings,-2.5,129.5,,,-110.0,-110.0,-105.0,-115.0
401814552,Draft Kings,12.5,153.5,,,-105.0,-115.0,-110.0,-110.0
401814553,Draft Kings,-11.5,137.5,,,-102.0,-118.0,-110.0,-110.0
401814554,Draft Kings,-11.5,152.5,,,-105.0,-115.0,-110.0,-110.0
401814555,Draft Kings,1.5,161.5,,,-118.0,-102.0,-108.0,-112.0
401814556,Draft Kings,4.5,165.5,,,-105.0,-115.0,-110.0,-110.0
401814557,Draft Kings,-10.5,155.5,,,-110.0,-110.0,-110.0,-110.0
401820567,Draft Kings,-26.5,137.5,,,-108.0,-112.0,-105.0,-115.0
401820715,Draft Kings,-26.5,141.5,,,-115.0,-105.0,-112.0,-108.0
401820716,Draft Kings,-12.5,142.5,,,-112.0,-108.0,-110.0,-110.0
401820719,Draft Kings,1.5,159.5,,,-122.0,102.0,-110.0,-110.0
401822927,Draft Kings,-16.5,147.5,,,-118.0,-102.0,-115.0,-105.0
401822928,Draft Kings,9.5,145.5,,,-115.0,-105.0,-108.0,-112.0
401823780,Draft Kings,-12.5,141.5,,,-102.0,-118.0,-108.0,-112.0
401823827,Draft Kings,-6.5,141.5,,,-105.0,-115.0,-110.0,-110.0
401825490,Draft Kings,-13.5,142.5,,,-102.0,-118.0,-115.0,-105.0
401825491,Draft Kings,1.5,153.5,,,-105.0,-115.0,-105.0,-115.0
401828407,Draft Kings,8.5,151.5,,,-102.0,-118.0,-108.0,-112.0
401828408,Draft Kings,-7.5,144.5,,,-105.0,-115.0,-102.0,-118.0
401828409,Draft Kings,7.5,146.5,,,-110.0,-110.0,-115.0,-105.0
401828410,Draft Kings,-2.5,140.5,,,-110.0,-110.0,-105.0,-115.0
401828930,Draft Kings,1.5,153.5,,,-110.0,-110.0,-105.0,-115.0
401830210,Draft Kings,-9.5,154.5,,,-108.0,-112.0,-110.0,-110.0
401830227,Draft Kings,-7.5,144.5,,,-118.0,-102.0,-110.0,-110.0
401830288,Draft Kings,-6.5,157.5,,,-108.0,-112.0,-112.0,-108.0
401830289,Draft Kings,1.5,145.5,,,-110.0,-110.0,-112.0,-108.0
401830290,Draft Kings,-8.5,140.5,,,-112.0,-108.0,-108.0,-112.0
401804912,Draft Kings,-1.5,135.5,,,-105.0,-115.0,-112.0,-108.0
401804913,Draft Kings,-10.5,145.5,,,-105.0,-115.0,-108.0,-112.0
401804915,Draft Kings,-5.5,154.5,,,-118.0,-102.0,-115.0,-105.0
401804916,Draft Kings,10.5,132.5,,,-115.0,-105.0,-110.0,-110.0
401807723,Draft Kings,-4.5,156.5,,,-108.0,-112.0,-115.0,-105.0
401807724,Draft Kings,-10.5,147.5,,,-108.0,-112.0,-110.0,-110.0
401808215,Draft Kings,-8.5,180.5,,,-110.0,-110.0,-118.0,-102.0
401808216,Draft Kings,-8.5,152.5,,,-112.0,-108.0,-108.0,-112.0
401808655,Draft Kings,-5.5,131.5,,,-112.0,-108.0,-105.0,-115.0
401808656,Draft Kings,4.5,151.5,,,-108.0,-112.0,-110.0,-110.0
401808657,Draft Kings,-4.5,151.5,,,-108.0,-112.0,-105.0,-115.0
401808658,Draft Kings,6.5,144.5,,,-115.0,-105.0,-110.0,-110.0
401808659,Draft Kings,-9.5,132.5,,,-112.0,-108.0,-105.0,-115.0
401808660,Draft Kings,-10.5,148.5,,,-110.0,-110.0,-105.0,-115.0
401808661,Draft Kings,-14.5,154.5,,,-102.0,-118.0,-112.0,-108.0
401809353,Draft Kings,-5.5,141.5,,,-112.0,-108.0,-108.0,-112.0
401809354,Draft Kings,1.5,155.5,,,-110.0,-110.0,-108.0,-112.0
401809355,Draft Kings,8.5,149.5,,,-108.0,-112.0,-105.0,-115.0
401817651,Draft Kings,-7.5,149.5,,,-118.0,-102.0,-110.0,-110.0
401817652,Draft Kings,1.5,147.5,,,-120.0,100.0,-108.0,-112.0
401817653,Draft Kings,-6.5,155.5,,,-108.0,-112.0,-115.0,-105.0
401817654,Draft Kings,7.5,170.5,,,-105.0,-115.0,-105.0,-115.0
401817655,Draft Kings,-2.5,147.5,,,-102.0,-118.0,-115.0,-105.0
401818408,Draft Kings,2.5,156.5,,,-110.0,-110.0,-110.0,-110.0
401818409,Draft Kings,-1.5,157.5,,,102.0,-122.0,-110.0,-110.0
401820170,Draft Kings,3.5,139.5,,,-108.0,-112.0,-115.0,-105.0
401820202,Draft Kings,-2.5,149.5,,,-108.0,-112.0,-112.0,-108.0
401820717,Draft Kings,-7.5,152.5,,,-115.0,-105.0,-105.0,-115.0
401820718,Draft Kings,-19.5,155.5,,,-112.0,-108.0,-110.0,-110.0
401820720,Draft Kings,3.5,138.5,,,-112.0,-108.0,-112.0,-108.0
401822929,Draft Kings,-5.5,134.5,,,-110.0,-110.0,-112.0,-108.0
401822930,Draft Kings,-1.5,146.5,,,-112.0,-108.0,-105.0,-115.0
401822931,Draft Kings,-2.5,168.5,,,-115.0,-105.0,-110.0,-110.0
401823048,Draft Kings,3.5,133.5,,,-108.0,-112.0,-115.0,-105.0
401823934,Draft Kings,-14.5,162.5,,,-102.0,-118.0,-115.0,-105.0
401823935,Draft Kings,12.5,147.5,,,-118.0,-102.0,-112.0,-108.0
401823936,Draft Kings,-6.5,139.5,,,-108.0,-112.0,-110.0,-110.0
401823937,Draft Kings,4.5,161.5,,,-115.0,-105.0,-110.0,-110.0
401825492,Draft Kings,-16.5,149.5,,,-105.0,-115.0,-115.0,-105.0
401825493,Draft Kings,8.5,136.5,,,-115.0,-105.0,-105.0,-115.0
401825494,Draft Kings,2.5,141.5,,,-115.0,-105.0,-112.0,-108.0
401826821,Draft Kings,-10.5,150.5,,,-110.0,-110.0,-108.0,-112.0
401827099,Draft Kings,-6.5,145.5,,,-108.0,-112.0,-105.0,-115.0
401827660,Draft Kings,-7.5,155.5,,,-112.0,-108.0,-108.0,-112.0
401827661,Draft Kings,-15.5,146.5,,,100.0,-120.0,-115.0,-105.0
401827662,Draft Kings,8.5,167.5,,,-112.0,-108.0,-112.0,-108.0
401827663,Draft Kings,-1.5,161.5,,,105.0,-125.0,-108.0,-112.0
401828209,Draft Kings,-9.5,143.5,,,-108.0,-112.0,-105.0,-115.0
401828210,Draft Kings,3.5,162.5,,,-105.0,-115.0,-110.0,-110.0
401828211,Draft Kings,1.5,134.5,,,-112.0,-108.0,-105.0,-115.0
401828212,Draft Kings,-23.5,164.5,,,-115.0,-105.0,-110.0,-110.0
401828411,Draft Kings,-8.5,143.5,,,-105.0,-115.0,-115.0,-105.0
401828412,Draft Kings,1.5,155.5,,,-108.0,-112.0,-105.0,-115.0
401828676,Draft Kings,-7.5,141.5,,,-112.0,-108.0,-110.0,-110.0
401829227,Draft Kings,22.5,152.5,,,-108.0,-112.0,-110.0,-110.0
401829228,Draft Kings,-8.5,145.5,,,-105.0,-115.0,-110.0,-110.0
401829229,Draft Kings,-12.5,139.5,,,-115.0,-105.0,-108.0,-112.0
401829230,Draft Kings,-20.5,148.5,,,-105.0,-115.0,-115.0,-105.0
401829231,Draft Kings,6.5,151.5,,,-115.0,-105.0,-110.0,-110.0
401829232,Draft Kings,1.5,147.5,,,100.0,-120.0,-112.0,-108.0
401829337,Draft Kings,-1.5,156.5,,,-112.0,-108.0,-115.0,-105.0
401858697,Draft Kings,-3.5,143.5,,,-112.0,-108.0,-105.0,-115.0
401804914,Draft Kings,-4.5,140.5,,,-115.0,-105.0,-105.0,-115.0
401805187,Draft Kings,-14.5,145.5,,,-115.0,-105.0,-105.0,-115.0
401805188,Draft Kings,-10.5,138.5,,,100.0,-120.0,-108.0,-112.0
401805189,Draft Kings,-1.5,139.5,,,-102.0,-118.0,-115.0,-105.0
401806470,Draft Kings,-9.5,145.5,,,-102.0,-118.0,-112.0,-108.0
401806471,Draft Kings,1.5,149.5,,,-118.0,-102.0,-112.0,-108.0
401806472,Draft Kings,-7.5,144.5,,,-115.0,-105.0,-108.0,-112.0
401806473,Draft Kings,-10.5,132.5,,,-118.0,-102.0,-115.0,-105.0
401806474,Draft Kings,-9.5,143.5,,,-102.0,-118.0,-112.0,-108.0
401807721,Draft Kings,-1.5,154.5,,,105.0,-125.0,-105.0,-115.0
401807722,Draft Kings,-8.5,146.5,,,-112.0,-108.0,-110.0,-110.0
401807725,Draft Kings,-5.5,166.5,,,-112.0,-108.0,-108.0,-112.0
401807726,Draft Kings,-4.5,148.5,,,-115.0,-105.0,-112.0,-108.0
401808462,Draft Kings,-5.5,151.5,,,-115.0,-105.0,-110.0,-110.0
401808479,Draft Kings,-2.5,147.5,,,-108.0,-112.0,-110.0,-110.0
401808495,Draft Kings,-8.5,141.5,,,-102.0,-118.0,-105.0,-115.0
401808534,Draft Kings,1.5,162.5,,,-110.0,-110.0,-108.0,-112.0
401809096,Draft Kings,-10.5,144.5,,,-112.0,-108.0,-115.0,-105.0
401809114,Draft Kings,-16.5,144.5,,,-110.0,-110.0,-110.0,-110.0
401809132,Draft Kings,3.5,147.5,,,-115.0,-105.0,-110.0,-110.0
401809161,Draft Kings,2.5,177.5,,,-115.0,-105.0,-115.0,-105.0
401809356,Draft Kings,4.5,155.5,,,-115.0,-105.0,-108.0,-112.0
401809357,Draft Kings,-13.5,146.5,,,-115.0,-105.0,-105.0,-115.0
401812048,Draft Kings,1.5,142.5,,,-112.0,-108.0,-115.0,-105.0
401812049,Draft Kings,-11.5,155.5,,,-108.0,-112.0,-110.0,-110.0
401812050,Draft Kings,-4.5,159.5,,,-115.0,-105.0,-115.0,-105.0
401812051,Draft Kings,-4.5,141.5,,,-108.0,-112.0,-110.0,-110.0
401812052,Draft Kings,-1.5,137.5,,,100.0,-120.0,-115.0,-105.0
401812053,Draft Kings,-8.5,153.5,,,-118.0,-102.0,-112.0,-108.0
401812142,Draft Kings,-1.5,133.5,,,-112.0,-108.0,-115.0,-105.0
401812143,Draft Kings,-11.5,138.5,,,-102.0,-118.0,-105.0,-115.0
401812144,Draft Kings,-1.5,149.5,,,100.0,-120.0,-110.0,-110.0
401812145,Draft Kings,8.5,130.5,,,-112.0,-108.0,-105.0,-115.0
401812325,Draft Kings,-1.5,130.5,,,102.0,-122.0,-112.0,-108.0
401812343,Draft Kings,1.5,138.5,,,-120.0,100.0,-115.0,-105.0
401812372,Draft Kings,-9.5,135.5,,,-110.0,-110.0,-110.0,-110.0
401812396,Draft Kings,-6.5,137.5,,,-108.0,-112.0,-108.0,-112.0
401812655,Draft Kings,-8.5,138.5,,,-110.0,-110.0,-108.0,-112.0
401813305,Draft Kings,4.5,144.5,,,-102.0,-118.0,-110.0,-110.0
401813339,Draft Kings,-14.5,135.5,,,-102.0,-118.0,-112.0,-108.0
401813367,Draft Kings,-15.5,141.5,,,-108.0,-112.0,-108.0,-112.0
401813415,Draft Kings,2.5,134.5,,,-118.0,-102.0,-115.0,-105.0
401813427,Draft Kings,-8.5,140.5,,,-108.0,-112.0,-105.0,-115.0
401818410,Draft Kings,-1.5,150.5,,,-115.0,-105.0,-105.0,-115.0
401818411,Draft Kings,-12.5,156.5,,,-112.0,-108.0,-108.0,-112.0
401823182,Draft Kings,-5.5,156.5,,,-118.0,-102.0,-108.0,-112.0
401823318,Draft Kings,-1.5,155.5,,,105.0,-125.0,-108.0,-112.0
401825495,Draft Kings,6.5,150.5,,,-108.0,-112.0,-115.0,-105.0
401825496,Draft Kings,-26.5,161.5,,,-112.0,-108.0,-110.0,-110.0
401827664,Draft Kings,-5.5,127.5,,,-110.0,-110.0,-105.0,-115.0
401828213,Draft Kings,-1.5,155.5,,,-105.0,-115.0,-108.0,-112.0
401818312,Draft Kings,-15.5,140.5,,,-105.0,-115.0,-105.0,-115.0
401822932,Draft Kings,1.5,143.5,,,-102.0,-118.0,-110.0,-110.0
401828413,Draft Kings,-9.5,140.5,,,-118.0,-102.0,-108.0,-112.0
401828414,Draft Kings,-8.5,147.5,,,-102.0,-118.0,-108.0,-112.0
401830211,Draft Kings,1.5,151.5,,,-105.0,-115.0,-112.0,-108.0
401830226,Draft Kings,-3.5,134.5,,,-110.0,-110.0,-112.0,-108.0
401830291,Draft Kings,-10.5,144.5,,,-105.0,-115.0,-115.0,-105.0
401830292,Draft Kings,1.5,157.5,,,-118.0,-102.0,-115.0,-105.0
401830293,Draft Kings,-8.5,136.5,,,-118.0,-102.0,-105.0,-115.0
401804917,Draft Kings,1.5,138.5,,,-105.0,-115.0,-105.0,-115.0
401804918,Draft Kings,3.5,143.5,,,-108.0,-112.0,-105.0,-115.0
401804919,Draft Kings,1.5,149.5,,,-110.0,-110.0,-115.0,-105.0
401804920,Draft Kings,5.5,133.5,,,-118.0,-102.0,-112.0,-108.0
401804921,Draft Kings,-4.5,159.5,,,-108.0,-112.0,-115.0,-105.0
401804922,Draft Kings,-9.5,140.5,,,-105.0,-115.0,-115.0,-105.0
401805190,Draft Kings,-8.5,135.5,,,-112.0,-108.0,-112.0,-108.0
401805191,Draft Kings,1.5,149.5,,,-122.0,102.0,-110.0,-110.0
401805192,Draft Kings,-12.5,141.5,,,-110.0,-110.0,-115.0,-105.0
401806475,Draft Kings,-4.5,140.5,,,-108.0,-112.0,-105.0,-115.0
401806476,Draft Kings,-1.5,132.5,,,-120.0,100.0,-112.0,-108.0
401806477,Draft Kings,-8.5,136.5,,,-115.0,-105.0,-108.0,-112.0
401806478,Draft Kings,-11.5,141.5,,,-110.0,-110.0,-115.0,-105.0
401806479,Draft Kings,-15.5,151.5,,,-102.0,-118.0,-105.0,-115.0
401807727,Draft Kings,-3.5,155.5,,,-110.0,-110.0,-108.0,-112.0
401807728,Draft Kings,2.5,151.5,,,-115.0,-105.0,-110.0,-110.0
401807729,Draft Kings,1.5,138.5,,,-125.0,105.0,-108.0,-112.0
401807730,Draft Kings,-12.5,145.5,,,-108.0,-112.0,-110.0,-110.0
401807731,Draft Kings,-15.5,178.5,,,-110.0,-110.0,-110.0,-110.0
401807732,Draft Kings,-9.5,151.5,,,-112.0,-108.0,-110.0,-110.0
401808219,Draft Kings,-2.5,175.5,,,-105.0,-115.0,-112.0,-108.0
401808220,Draft Kings,-1.5,147.5,,,100.0,-120.0,-105.0,-115.0
401808221,Draft Kings,1.5,161.5,,,-112.0,-108.0,-112.0,-108.0
401808222,Draft Kings,5.5,163.5,,,-105.0,-115.0,-110.0,-110.0
401808223,Draft Kings,3.5,147.5,,,-115.0,-105.0,-105.0,-115.0
401808224,Draft Kings,5.5,167.5,,,-108.0,-112.0,-112.0,-108.0
401808225,Draft Kings,-11.5,159.5,,,-115.0,-105.0,-110.0,-110.0
401808226,Draft Kings,-9.5,145.5,,,-120.0,100.0,-115.0,-105.0
401808463,Draft Kings,-5.5,148.5,,,-105.0,-115.0,-105.0,-115.0
401808480,Draft Kings,-1.5,152.5,,,-102.0,-118.0,-105.0,-115.0
401808496,Draft Kings,2.5,150.5,,,-118.0,-102.0,-115.0,-105.0
401808527,Draft Kings,-7.5,150.5,,,-105.0,-115.0,-115.0,-105.0
401808539,Draft Kings,3.5,150.5,,,-108.0,-112.0,-110.0,-110.0
401808716,Draft Kings,-1.5,140.5,,,-115.0,-105.0,-115.0,-105.0
401808883,Draft Kings,-16.5,145.5,,,-112.0,-108.0,-115.0,-105.0
401808911,Draft Kings,1.5,151.5,,,-115.0,-105.0,-105.0,-115.0
401808927,Draft Kings,-1.5,137.5,,,100.0,-120.0,-105.0,-115.0
401808962,Draft Kings,-4.5,133.5,,,-105.0,-115.0,-105.0,-115.0
401808971,Draft Kings,-8.5,138.5,,,100.0,-120.0,-115.0,-105.0
401809097,Draft Kings,-6.5,149.5,,,-105.0,-115.0,-110.0,-110.0
401809115,Draft Kings,-2.5,141.5,,,-102.0,-118.0,-105.0,-115.0
401809133,Draft Kings,-5.5,169.5,,,-105.0,-115.0,-105.0,-115.0
401809358,Draft Kings,-9.5,142.5,,,-108.0,-112.0,-115.0,-105.0
401809360,Draft Kings,1.5,160.5,,,-125.0,105.0,-108.0,-112.0
401809361,Draft Kings,14.5,143.5,,,-115.0,-105.0,-112.0,-108.0
401809362,Draft Kings,-3.5,154.5,,,-115.0,-105.0,-112.0,-108.0
401812054,Draft Kings,-3.5,153.5,,,-112.0,-108.0,-108.0,-112.0
401812055,Draft Kings,-4.5,136.5,,,-115.0,-105.0,-115.0,-105.0
401812056,Draft Kings,-4.5,137.5,,,-108.0,-112.0,-115.0,-105.0
401812057,Draft Kings,5.5,152.5,,,-105.0,-115.0,-112.0,-108.0
401812058,Draft Kings,3.5,156.5,,,-115.0,-105.0,-115.0,-105.0
401812146,Draft Kings,-8.5,140.5,,,-105.0,-115.0,-110.0,-110.0
401812147,Draft Kings,-2.5,128.5,,,-105.0,-115.0,-105.0,-115.0
401812148,Draft Kings,-4.5,143.5,,,-105.0,-115.0,-105.0,-115.0
401812149,Draft Kings,-9.5,138.5,,,-115.0,-105.0,-105.0,-115.0
401812326,Draft Kings,-2.5,131.5,,,-112.0,-108.0,-105.0,-115.0
401812344,Draft Kings,-7.5,153.5,,,-112.0,-108.0,-105.0,-115.0
401812373,Draft Kings,-10.5,132.5,,,-105.0,-115.0,-115.0,-105.0
401812415,Draft Kings,-5.5,136.5,,,-108.0,-112.0,-105.0,-115.0
401812592,Draft Kings,-3.5,144.5,,,-105.0,-115.0,-110.0,-110.0
401812619,Draft Kings,1.5,140.5,,,-105.0,-115.0,-112.0,-108.0
401813306,Draft Kings,1.5,161.5,,,-110.0,-110.0,-108.0,-112.0
401813340,Draft Kings,1.5,138.5,,,-110.0,-110.0,-110.0,-110.0
401813391,Draft Kings,-12.5,137.5,,,-110.0,-110.0,-110.0,-110.0
401813416,Draft Kings,-3.5,141.5,,,-112.0,-108.0,-108.0,-112.0
401813428,Draft Kings,1.5,135.5,,,-122.0,102.0,-110.0,-110.0
401817656,Draft Kings,-6.5,156.5,,,-112.0,-108.0,-115.0,-105.0
401817657,Draft Kings,-6.5,150.5,,,-108.0,-112.0,-108.0,-112.0
401817658,Draft Kings,-3.5,149.5,,,-115.0,-105.0,-112.0,-108.0
401817659,Draft Kings,-2.5,169.5,,,-110.0,-110.0,-108.0,-112.0
401817660,Draft Kings,-3.5,143.5,,,-115.0,-105.0,-112.0,-108.0
401818412,Draft Kings,-11.5,159.5,,,-102.0,-118.0,-105.0,-115.0
401818413,Draft Kings,-9.5,146.5,,,-105.0,-115.0,-108.0,-112.0
401818414,Draft Kings,-15.5,151.5,,,-105.0,-115.0,-108.0,-112.0
401818415,Draft Kings,-3.5,161.5,,,-108.0,-112.0,-108.0,-112.0
401818543,Draft Kings,1.5,171.5,,,-118.0,-102.0,-105.0,-115.0
401820171,Draft Kings,-4.5,134.5,,,-115.0,-105.0,-108.0,-112.0
401820203,Draft Kings,-5.5,145.5,,,-110.0,-110.0,-115.0,-105.0
401820568,Draft Kings,22.5,139.5,,,-112.0,-108.0,-108.0,-112.0
401820721,Draft Kings,8.5,141.5,,,-112.0,-108.0,-115.0,-105.0
401820722,Draft Kings,4.5,139.5,,,-112.0,-108.0,-105.0,-115.0
401820723,Draft Kings,-10.5,154.5,,,-110.0,-110.0,-105.0,-115.0
401820724,Draft Kings,6.5,152.5,,,-112.0,-108.0,-108.0,-112.0
401820725,Draft Kings,-1.5,154.5,,,102.0,-122.0,-110.0,-110.0
401820726,Draft Kings,4.5,147.5,,,-108.0,-112.0,-108.0,-112.0
401820727,Draft Kings,-9.5,151.5,,,100.0,-120.0,-105.0,-115.0
401820728,Draft Kings,-13.5,147.5,,,-112.0,-108.0,-110.0,-110.0
401820729,Draft Kings,9.5,162.5,,,-102.0,-118.0,-110.0,-110.0
401822349,Draft Kings,-5.5,127.5,,,-105.0,-115.0,-115.0,-105.0
401822774,Draft Kings,1.5,132.5,,,-110.0,-110.0,-115.0,-105.0
401822933,Draft Kings,-1.5,140.5,,,-105.0,-115.0,-110.0,-110.0
401822934,Draft Kings,2.5,140.5,,,-102.0,-118.0,-110.0,-110.0
401822935,Draft Kings,-3.5,155.5,,,-105.0,-115.0,-112.0,-108.0
401822936,Draft Kings,-4.5,153.5,,,-102.0,-118.0,-108.0,-112.0
401823051,Draft Kings,1.5,140.5,,,-122.0,102.0,-115.0,-105.0
401823183,Draft Kings,-9.5,157.5,,,-112.0,-108.0,-105.0,-115.0
401823267,Draft Kings,-10.5,160.5,,,-105.0,-115.0,-108.0,-112.0
401823800,Draft Kings,2.5,148.5,,,-105.0,-115.0,-112.0,-108.0
401823828,Draft Kings,-4.5,152.5,,,-110.0,-110.0,-108.0,-112.0
401823855,Draft Kings,8.5,137.5,,,-110.0,-110.0,-105.0,-115.0
401823938,Draft Kings,1.5,150.5,,,-122.0,102.0,-112.0,-108.0
401823939,Draft Kings,-17.5,145.5,,,-102.0,-118.0,-105.0,-115.0
401823940,Draft Kings,-10.5,153.5,,,-118.0,-102.0,-110.0,-110.0
401823941,Draft Kings,-14.5,162.5,,,-105.0,-115.0,-105.0,-115.0
401824392,Draft Kings,1.5,137.5,,,-110.0,-110.0,-105.0,-115.0
401825497,Draft Kings,-3.5,157.5,,,-110.0,-110.0,-112.0,-108.0
401825498,Draft Kings,-19.5,144.5,,,-102.0,-118.0,-115.0,-105.0
401825499,Draft Kings,12.5,145.5,,,-112.0,-108.0,-105.0,-115.0
401825500,Draft Kings,-4.5,144.5,,,-115.0,-105.0,-115.0,-105.0
401826822,Draft Kings,1.5,142.5,,,-112.0,-108.0,-108.0,-112.0
401827030,Draft Kings,-6.5,143.5,,,-110.0,-110.0,-112.0,-108.0
401827075,Draft Kings,-10.5,157.5,,,-110.0,-110.0,-115.0,-105.0
401827102,Draft Kings,-4.5,144.5,,,-115.0,-105.0,-108.0,-112.0
401827146,Draft Kings,8.5,143.5,,,-112.0,-108.0,-110.0,-110.0
401827665,Draft Kings,-20.5,168.5,,,-108.0,-112.0,-112.0,-108.0
401827666,Draft Kings,1.5,151.5,,,-120.0,100.0,-110.0,-110.0
401827667,Draft Kings,-3.5,158.5,,,-115.0,-105.0,-110.0,-110.0
401827668,Draft Kings,-14.5,151.5,,,-108.0,-112.0,-110.0,-110.0
401827669,Draft Kings,-18.5,150.5,,,-105.0,-115.0,-108.0,-112.0
401827670,Draft Kings,-9.5,155.5,,,-112.0,-108.0,-112.0,-108.0
401828214,Draft Kings,2.5,140.5,,,-118.0,-102.0,-105.0,-115.0
401828215,Draft Kings,10.5,141.5,,,-112.0,-108.0,-112.0,-108.0
401828415,Draft Kings,1.5,141.5,,,-115.0,-105.0,-105.0,-115.0
401828416,Draft Kings,-6.5,139.5,,,-118.0,-102.0,-112.0,-108.0
401828417,Draft Kings,1.5,158.5,,,-125.0,105.0,-108.0,-112.0
401828418,Draft Kings,-22.5,153.5,,,-108.0,-112.0,-112.0,-108.0
401828419,Draft Kings,-5.5,142.5,,,-118.0,-102.0,-105.0,-115.0
401828729,Draft Kings,-4.5,148.5,,,-108.0,-112.0,-105.0,-115.0
401828931,Draft Kings,-11.5,149.5,,,-115.0,-105.0,-108.0,-112.0
401829233,Draft Kings,19.5,149.5,,,-118.0,-102.0,-108.0,-108.0
401829234,Draft Kings,7.5,142.5,,,-110.0,-110.0,-112.0,-108.0
401829235,Draft Kings,-6.5,151.5,,,-108.0,-112.0,-105.0,-115.0
401829236,Draft Kings,-11.5,142.5,,,-115.0,-105.0,-110.0,-110.0
401829237,Draft Kings,8.5,160.5,,,-115.0,-105.0,-110.0,-110.0
401829238,Draft Kings,3.5,143.5,,,-110.0,-110.0,-108.0,-112.0
401829288,Draft Kings,-14.5,141.5,,,-112.0,-108.0,-112.0,-108.0
401829331,Draft Kings,-15.5,138.5,,,-110.0,-110.0,-110.0,-110.0
401829338,Draft Kings,9.5,149.5,,,-115.0,-105.0,-108.0,-112.0
401829399,Draft Kings,5.5,141.5,,,-112.0,-108.0,-108.0,-112.0
401829502,Draft Kings,-1.5,146.5,,,-115.0,-105.0,-108.0,-112.0
401829688,Draft Kings,-7.5,145.5,,,-105.0,-115.0,-105.0,-115.0
401830778,Draft Kings,-1.5,142.5,,,-115.0,-105.0,-115.0,-105.0
401845836,Draft Kings,-7.5,131.5,,,-112.0,-108.0,-108.0,-112.0
401845837,Draft Kings,-2.5,154.5,,,-115.0,-105.0,-112.0,-108.0
401845838,Draft Kings,2.5,147.5,,,-102.0,-118.0,-115.0,-105.0
401845839,Draft Kings,-4.5,143.5,,,-110.0,-110.0,-112.0,-108.0
401845840,Draft Kings,1.5,153.5,,,-118.0,-102.0,-115.0,-105.0
401845841,Draft Kings,-2.5,134.5,,,-108.0,-112.0,-105.0,-115.0
401845842,Draft Kings,4.5,143.5,,,-102.0,-118.0,-108.0,-112.0
401845843,Draft Kings,1.5,162.5,,,-102.0,-118.0,-112.0,-108.0
401845844,Draft Kings,3.5,156.5,,,-102.0,-118.0,-108.0,-112.0
401845845,Draft Kings,-3.5,145.5,,,-112.0,-108.0,-110.0,-110.0
401845846,Draft Kings,4.5,150.5,,,-108.0,-112.0,-108.0,-112.0
401845847,Draft Kings,-6.5,146.5,,,-112.0,-108.0,-110.0,-110.0
401845848,Draft Kings,2.5,157.5,,,-110.0,-110.0,-115.0,-105.0
401809359,Draft Kings,-10.5,149.5,,,-110.0,-110.0,-110.0,-110.0
401825501,Draft Kings,-10.5,139.5,,,-120.0,100.0,-110.0,-110.0
401825502,Draft Kings,-10.5,138.5,,,-102.0,-118.0,-115.0,-105.0
401825503,Draft Kings,8.5,161.5,,,-105.0,-115.0,-112.0,-108.0
401825504,Draft Kings,3.5,157.5,,,-108.0,-112.0,-105.0,-115.0
401827671,Draft Kings,-4.5,146.5,,,-108.0,-112.0,-105.0,-115.0
401827672,Draft Kings,4.5,139.5,,,-108.0,-112.0,-110.0,-110.0
401828216,Draft Kings,-8.5,153.5,,,-120.0,100.0,-105.0,-115.0
401828217,Draft Kings,-10.5,144.5,,,-102.0,-118.0,-115.0,-105.0
401828218,Draft Kings,-4.5,170.5,,,-118.0,-102.0,-112.0,-108.0
401828219,Draft Kings,5.5,148.5,,,-115.0,-105.0,-112.0,-108.0
401807704,Draft Kings,6.5,145.5,,,-108.0,-112.0,-115.0,-105.0
401808717,Draft Kings,-16.5,143.5,,,-102.0,-118.0,-112.0,-108.0
401808884,Draft Kings,-21.5,137.5,,,-105.0,-115.0,-112.0,-108.0
401808912,Draft Kings,1.5,146.5,,,-110.0,-110.0,-112.0,-108.0
401808928,Draft Kings,3.5,147.5,,,-115.0,-105.0,-115.0,-105.0
401808942,Draft Kings,-6.5,135.5,,,-115.0,-105.0,-110.0,-110.0
401808963,Draft Kings,-1.5,137.5,,,-115.0,-105.0,-108.0,-112.0
401812059,Draft Kings,-1.5,148.5,,,-112.0,-108.0,-108.0,-112.0
401812394,Draft Kings,-3.5,144.5,,,-108.0,-112.0,-108.0,-112.0
401818333,Draft Kings,6.5,147.5,,,-115.0,-105.0,-112.0,-108.0
401820172,Draft Kings,6.5,135.5,,,-108.0,-112.0,-105.0,-115.0
401820730,Draft Kings,-6.5,161.5,,,-115.0,-105.0,-112.0,-108.0
401820818,Draft Kings,5.5,152.5,,,-118.0,-102.0,-110.0,-110.0
401822937,Draft Kings,-16.5,159.5,,,-102.0,-118.0,-115.0,-105.0
401825505,Draft Kings,-10.5,143.5,,,-110.0,-110.0,-110.0,-110.0
401827031,Draft Kings,-6.5,149.5,,,-112.0,-108.0,-110.0,-110.0
401827076,Draft Kings,-3.5,149.5,,,-105.0,-115.0,-105.0,-115.0
401827103,Draft Kings,-4.5,136.5,,,-115.0,-105.0,-110.0,-110.0
401827121,Draft Kings,-7.5,152.5,,,-108.0,-112.0,-108.0,-112.0
401828666,Draft Kings,-7.5,155.5,,,-110.0,-110.0,-110.0,-110.0
401829689,Draft Kings,5.5,140.5,,,-105.0,-115.0,-108.0,-112.0
401830212,Draft Kings,1.5,152.5,,,-115.0,-105.0,-112.0,-108.0
401830294,Draft Kings,10.5,137.5,,,-108.0,-112.0,-115.0,-105.0
401830295,Draft Kings,-4.5,145.5,,,-105.0,-115.0,-105.0,-115.0
401830296,Draft Kings,1.5,146.5,,,-112.0,-108.0,-110.0,-110.0
401830297,Draft Kings,-3.5,144.5,,,-110.0,-110.0,-110.0,-110.0
401858744,Draft Kings,-7.5,134.5,,,-118.0,-102.0,-110.0,-110.0
401858786,,,,,,,,,
401806480,Draft Kings,4.5,133.5,,,-112.0,-108.0,-110.0,-110.0
401808229,Draft Kings,-3.5,161.5,,,-112.0,-108.0,-108.0,-112.0
401808231,Draft Kings,4.5,159.5,,,-110.0,-110.0,-105.0,-115.0
401817686,Draft Kings,2.5,158.5,,,-110.0,-110.0,-108.0,-112.0
401820569,Draft Kings,16.5,137.5,,,-105.0,-115.0,-115.0,-105.0
401820731,Draft Kings,-1.5,156.5,,,105.0,-125.0,-110.0,-110.0
401820734,Draft Kings,8.5,155.5,,,-118.0,-102.0,-105.0,-115.0
401820736,Draft Kings,17.5,136.5,,,-105.0,-115.0,-108.0,-112.0
401820737,Draft Kings,-10.5,154.5,,,-115.0,-105.0,-108.0,-112.0
401822938,Draft Kings,-9.5,144.5,,,-105.0,-115.0,-112.0,-108.0
401825506,Draft Kings,-9.5,153.5,,,-115.0,-105.0,-112.0,-108.0
401825507,Draft Kings,-2.5,146.5,,,100.0,-120.0,-110.0,-110.0
401827673,Draft Kings,-3.5,163.5,,,-102.0,-118.0,-108.0,-112.0
401827674,Draft Kings,3.5,158.5,,,-115.0,-105.0,-108.0,-112.0
401827675,Draft Kings,7.5,147.5,,,-105.0,-115.0,-112.0,-108.0
401827676,Draft Kings,16.5,142.5,,,-112.0,-108.0,-105.0,-115.0
401828420,Draft Kings,-3.5,135.5,,,-112.0,-108.0,-112.0,-108.0
401828421,Draft Kings,3.5,139.5,,,-118.0,-102.0,-112.0,-108.0
401828422,Draft Kings,-5.5,151.5,,,-108.0,-112.0,-112.0,-108.0
401828932,Draft Kings,-21.5,152.5,,,-115.0,-105.0,-115.0,-105.0
401829244,Draft Kings,-21.5,156.5,,,-115.0,-105.0,-110.0,-110.0
401829332,Draft Kings,-12.5,149.5,,,-112.0,-108.0,-108.0,-112.0
401804923,Draft Kings,-6.5,134.5,,,-112.0,-108.0,-115.0,-105.0
401804924,Draft Kings,3.5,144.5,,,-112.0,-108.0,-108.0,-112.0
401807733,Draft Kings,-2.5,161.5,,,-108.0,-112.0,-105.0,-115.0
401807734,Draft Kings,-6.5,160.5,,,-105.0,-115.0,-115.0,-105.0
401807735,Draft Kings,-8.5,150.5,,,-110.0,-110.0,-108.0,-112.0
401807736,Draft Kings,2.5,138.5,,,-105.0,-115.0,-115.0,-105.0
401807737,Draft Kings,-13.5,163.5,,,-108.0,-112.0,-115.0,-105.0
401807738,Draft Kings,-1.5,145.5,,,-105.0,-115.0,-110.0,-110.0
401808227,Draft Kings,6.5,164.5,,,-110.0,-110.0,-110.0,-110.0
401808228,Draft Kings,-7.5,160.5,,,-105.0,-115.0,-110.0,-110.0
401808230,Draft Kings,8.5,164.5,,,-105.0,-115.0,-115.0,-105.0
401808232,Draft Kings,8.5,147.5,,,-115.0,-105.0,-112.0,-108.0
401808662,Draft Kings,1.5,143.5,,,-115.0,-105.0,-112.0,-108.0
401808663,Draft Kings,3.5,155.5,,,-118.0,-102.0,-112.0,-108.0
401808664,Draft Kings,-20.5,162.5,,,-108.0,-112.0,-108.0,-112.0
401808665,Draft Kings,5.5,140.5,,,-112.0,-108.0,-110.0,-110.0
401809363,Draft Kings,-10.5,145.5,,,-102.0,-118.0,-110.0,-110.0
401809364,Draft Kings,-3.5,151.5,,,-110.0,-110.0,-110.0,-110.0
401809365,Draft Kings,-6.5,150.5,,,-108.0,-112.0,-110.0,-110.0
401809366,Draft Kings,-8.5,150.5,,,-108.0,-112.0,-115.0,-105.0
401809367,Draft Kings,-9.5,145.5,,,-105.0,-115.0,-115.0,-105.0
401814558,Draft Kings,7.5,144.5,,,-115.0,-105.0,-115.0,-105.0
401814559,Draft Kings,-1.5,141.5,,,-105.0,-115.0,-105.0,-115.0
401814560,Draft Kings,-10.5,145.5,,,-105.0,-115.0,-105.0,-115.0
401814561,Draft Kings,6.5,154.5,,,-112.0,-108.0,-108.0,-112.0
401818416,Draft Kings,-2.5,156.5,,,-102.0,-118.0,-108.0,-112.0
401820204,Draft Kings,-3.5,147.5,,,-105.0,-115.0,-108.0,-112.0
401820732,Draft Kings,3.5,139.5,,,-118.0,-102.0,-115.0,-105.0
401820733,Draft Kings,-8.5,138.5,,,-105.0,-115.0,-110.0,-110.0
401820735,Draft Kings,3.5,158.5,,,-105.0,-115.0,-105.0,-115.0
401820738,Draft Kings,-6.5,148.5,,,-112.0,-108.0,-110.0,-110.0
401822939,Draft Kings,1.5,141.5,,,-120.0,100.0,-110.0,-110.0
401822940,Draft Kings,11.5,143.5,,,-105.0,-115.0,-115.0,-105.0
401822941,Draft Kings,-4.5,150.5,,,-112.0,-108.0,-110.0,-110.0
401823801,Draft Kings,-1.5,148.5,,,-115.0,-105.0,-112.0,-108.0
401824372,Draft Kings,2.5,140.5,,,-110.0,-110.0,-110.0,-110.0
401824393,Draft Kings,8.5,142.5,,,-112.0,-108.0,-115.0,-105.0
401825508,Draft Kings,10.5,138.5,,,-115.0,-105.0,-108.0,-112.0
401825509,Draft Kings,15.5,153.5,,,-102.0,-118.0,-115.0,-105.0
401825510,Draft Kings,-7.5,152.5,,,-115.0,-105.0,-108.0,-112.0
401825511,Draft Kings,-12.5,153.5,,,-112.0,-108.0,-110.0,-110.0
401827677,Draft Kings,2.5,147.5,,,-110.0,-110.0,-110.0,-110.0
401827678,Draft Kings,-13.5,155.5,,,-112.0,-108.0,-112.0,-108.0
401828220,Draft Kings,-10.5,161.5,,,-115.0,-105.0,-112.0,-108.0
401828221,Draft Kings,-10.5,150.5,,,-112.0,-108.0,-108.0,-112.0
401828222,Draft Kings,3.5,151.5,,,-115.0,-105.0,-110.0,-110.0
401828223,Draft Kings,2.5,160.5,,,-118.0,-102.0,-112.0,-108.0
401828224,Draft Kings,-1.5,144.5,,,105.0,-125.0,-112.0,-108.0
401828423,Draft Kings,12.5,147.5,,,-115.0,-105.0,-105.0,-115.0
401828677,Draft Kings,1.5,140.5,,,-110.0,-110.0,-110.0,-110.0
401829239,Draft Kings,-5.5,141.5,,,-115.0,-105.0,-115.0,-105.0
401829241,Draft Kings,-24.5,144.5,,,-108.0,-112.0,-105.0,-115.0
401829242,Draft Kings,-1.5,150.5,,,-112.0,-108.0,-115.0,-105.0
401829243,Draft Kings,-12.5,147.5,,,-110.0,-110.0,-105.0,-115.0
401804925,Draft Kings,-3.5,136.5,,,-115.0,-105.0,-108.0,-112.0
401804926,Draft Kings,-3.5,148.5,,,-105.0,-115.0,-108.0,-112.0
401804927,Draft Kings,-8.5,147.5,,,-105.0,-115.0,-110.0,-110.0
401805193,Draft Kings,-1.5,134.5,,,-110.0,-110.0,-110.0,-110.0
401805194,Draft Kings,9.5,148.5,,,-105.0,-115.0,-110.0,-110.0
401805195,Draft Kings,5.5,147.5,,,-110.0,-110.0,-108.0,-112.0
401806481,Draft Kings,-1.5,145.5,,,-105.0,-115.0,-110.0,-110.0
401806482,Draft Kings,7.5,141.5,,,-108.0,-112.0,-115.0,-105.0
401806483,Draft Kings,-4.5,143.5,,,-108.0,-112.0,-108.0,-112.0
401806484,Draft Kings,1.5,137.5,,,-122.0,102.0,-108.0,-112.0
401806485,Draft Kings,6.5,147.5,,,-115.0,-105.0,-115.0,-105.0
401808464,Draft Kings,-2.5,147.5,,,-118.0,-102.0,-110.0,-110.0
401808481,Draft Kings,-5.5,153.5,,,-112.0,-108.0,-112.0,-108.0
401808528,Draft Kings,6.5,136.5,,,-105.0,-115.0,-105.0,-115.0
401808535,Draft Kings,-11.5,164.5,,,-105.0,-115.0,-112.0,-108.0
401808666,Draft Kings,-5.5,144.5,,,-112.0,-108.0,-108.0,-112.0
401808667,Draft Kings,1.5,132.5,,,-118.0,-102.0,-110.0,-110.0
401808668,Draft Kings,-1.5,135.5,,,-110.0,-110.0,-115.0,-105.0
401809098,Draft Kings,-5.5,150.5,,,-112.0,-108.0,-105.0,-115.0
401809116,Draft Kings,5.5,161.5,,,-108.0,-112.0,-108.0,-112.0
401809146,Draft Kings,13.5,151.5,,,-105.0,-115.0,-112.0,-108.0
401812060,Draft Kings,-8.5,149.5,,,-105.0,-115.0,-108.0,-112.0
401812061,Draft Kings,5.5,167.5,,,-108.0,-112.0,-108.0,-112.0
401812062,Draft Kings,-1.5,133.5,,,102.0,-122.0,-108.0,-112.0
401812063,Draft Kings,-1.5,146.5,,,102.0,-122.0,-105.0,-115.0
401812064,Draft Kings,-7.5,135.5,,,-105.0,-115.0,-105.0,-115.0
401812150,Draft Kings,-4.5,141.5,,,-112.0,-108.0,-110.0,-110.0
401812151,Draft Kings,3.5,135.5,,,-108.0,-112.0,-110.0,-110.0
401812152,Draft Kings,-2.5,145.5,,,-115.0,-105.0,-108.0,-112.0
401812153,Draft Kings,11.5,136.5,,,-108.0,-112.0,-105.0,-115.0
401812327,Draft Kings,-7.5,141.5,,,-110.0,-110.0,-112.0,-108.0
401812345,Draft Kings,-2.5,138.5,,,-110.0,-110.0,-110.0,-110.0
401812374,Draft Kings,6.5,135.5,,,-112.0,-108.0,-105.0,-115.0
401812407,Draft Kings,2.5,131.5,,,-118.0,-102.0,-115.0,-105.0
401812656,Draft Kings,3.5,128.5,,,-115.0,-105.0,-115.0,-105.0
401817661,Draft Kings,1.5,144.5,,,-122.0,102.0,-110.0,-110.0
401817662,Draft Kings,5.5,164.5,,,-105.0,-115.0,-110.0,-110.0
401817663,Draft Kings,-11.5,151.5,,,100.0,-120.0,-115.0,-105.0
401817664,Draft Kings,-3.5,155.5,,,-115.0,-105.0,-115.0,-105.0
401817665,Draft Kings,3.5,154.5,,,-108.0,-112.0,-108.0,-112.0
401818417,Draft Kings,2.5,160.5,,,-115.0,-105.0,-110.0,-110.0
401818418,Draft Kings,4.5,156.5,,,-105.0,-115.0,-110.0,-110.0
401818419,Draft Kings,-6.5,150.5,,,-102.0,-118.0,-115.0,-105.0
401823184,Draft Kings,-2.5,156.5,,,-105.0,-115.0,-108.0,-112.0
401823942,Draft Kings,14.5,154.5,,,-102.0,-118.0,-115.0,-105.0
401823943,Draft Kings,-1.5,146.5,,,-108.0,-112.0,-112.0,-108.0
401823944,Draft Kings,-2.5,141.5,,,-110.0,-110.0,-112.0,-108.0
401823945,Draft Kings,20.5,156.5,,,-112.0,-108.0,-110.0,-110.0
401826048,Draft Kings,6.5,145.5,,,-102.0,-118.0,-105.0,-115.0
401827490,Draft Kings,-2.5,128.5,,,-110.0,-110.0,-115.0,-105.0
401828225,Draft Kings,2.5,138.5,,,-108.0,-112.0,-110.0,-110.0
401829240,Draft Kings,-8.5,140.5,,,-118.0,-102.0,-115.0,-105.0
401830213,Draft Kings,-4.5,138.5,,,-110.0,-110.0,-118.0,-102.0
401830298,Draft Kings,1.5,146.5,,,-125.0,105.0,-112.0,-108.0
401830299,Draft Kings,3.5,163.5,,,-105.0,-115.0,-112.0,-108.0
401830300,Draft Kings,-12.5,142.5,,,-108.0,-112.0,-110.0,-110.0
401830301,Draft Kings,-8.5,138.5,,,-118.0,-102.0,-112.0,-108.0
401812065,Draft Kings,3.5,137.5,,,-118.0,-102.0,-112.0,-108.0
401812593,Draft Kings,-1.5,148.5,,,-110.0,-110.0,-112.0,-108.0
401812620,Draft Kings,-7.5,131.5,,,-120.0,100.0,-112.0,-108.0
401813316,Draft Kings,2.5,136.5,,,-115.0,-105.0,-112.0,-108.0
401813368,Draft Kings,4.5,137.5,,,-115.0,-105.0,-112.0,-108.0
401813417,Draft Kings,5.5,137.5,,,-118.0,-102.0,-115.0,-105.0
401813429,Draft Kings,-3.5,144.5,,,-115.0,-105.0,-110.0,-110.0
401814563,Draft Kings,-12.5,163.5,,,-108.0,-112.0,-105.0,-115.0
401814565,Draft Kings,-7.5,163.5,,,-120.0,100.0,-118.0,-102.0
401818334,Draft Kings,9.5,151.5,,,-102.0,-118.0,-108.0,-112.0
401823754,Draft Kings,1.5,147.5,,,-110.0,-110.0,-115.0,-105.0
401823829,Draft Kings,-10.5,153.5,,,-112.0,-108.0,-115.0,-105.0
401825512,Draft Kings,1.5,149.5,,,-112.0,-108.0,-105.0,-115.0
401826867,Draft Kings,3.5,155.5,,,-115.0,-105.0,-105.0,-115.0
401828424,Draft Kings,-3.5,149.5,,,-110.0,-110.0,-115.0,-105.0
401828425,Draft Kings,17.5,155.5,,,-105.0,-115.0,-110.0,-110.0
401804928,Draft Kings,-1.5,139.5,,,-118.0,-102.0,-108.0,-112.0
401804929,Draft Kings,-1.5,162.5,,,-115.0,-105.0,-112.0,-108.0
401804930,Draft Kings,-3.5,146.5,,,-102.0,-118.0,-110.0,-110.0
401804931,Draft Kings,-3.5,145.5,,,-108.0,-112.0,-105.0,-115.0
401804932,Draft Kings,6.5,139.5,,,-115.0,-105.0,-112.0,-108.0
401804933,Draft Kings,-9.5,135.5,,,-102.0,-118.0,-115.0,-105.0
401805196,Draft Kings,-3.5,134.5,,,-112.0,-108.0,-110.0,-110.0
401805197,Draft Kings,-8.5,143.5,,,-108.0,-112.0,-108.0,-112.0
401805198,Draft Kings,2.5,143.5,,,-102.0,-118.0,-112.0,-108.0
401806486,Draft Kings,2.5,134.5,,,-118.0,-102.0,-115.0,-105.0
401806487,Draft Kings,-1.5,154.5,,,-118.0,-102.0,-108.0,-112.0
401806488,Draft Kings,1.5,148.5,,,-120.0,100.0,-112.0,-108.0
401806489,Draft Kings,1.5,129.5,,,-112.0,-108.0,-110.0,-110.0
401806490,Draft Kings,1.5,140.5,,,-120.0,100.0,-105.0,-115.0
401807739,Draft Kings,-9.5,153.5,,,-112.0,-108.0,-112.0,-108.0
401807741,Draft Kings,-3.5,165.5,,,-108.0,-112.0,-112.0,-108.0
401807742,Draft Kings,-7.5,153.5,,,-108.0,-112.0,-110.0,-110.0
401807743,Draft Kings,-11.5,148.5,,,-105.0,-115.0,-115.0,-105.0
401807744,Draft Kings,-10.5,150.5,,,-115.0,-105.0,-115.0,-105.0
401808233,Draft Kings,-7.5,165.5,,,-110.0,-110.0,-108.0,-112.0
401808234,Draft Kings,-12.5,154.5,,,-115.0,-105.0,-105.0,-115.0
401808235,Draft Kings,-3.5,146.5,,,-112.0,-108.0,-110.0,-110.0
401808236,Draft Kings,-2.5,150.5,,,-102.0,-118.0,-110.0,-110.0
401808237,Draft Kings,-14.5,143.5,,,-112.0,-108.0,-112.0,-108.0
401808238,Draft Kings,-7.5,165.5,,,-108.0,-112.0,-108.0,-112.0
401808239,Draft Kings,-1.5,164.5,,,100.0,-120.0,-110.0,-110.0
401808240,Draft Kings,-17.5,170.5,,,-108.0,-112.0,-108.0,-112.0
401808465,Draft Kings,-3.5,154.5,,,-102.0,-118.0,-112.0,-108.0
401808482,Draft Kings,-6.5,146.5,,,-115.0,-105.0,-115.0,-105.0
401808508,Draft Kings,-2.5,145.5,,,-105.0,-115.0,-115.0,-105.0
401808529,Draft Kings,-2.5,154.5,,,-108.0,-112.0,-108.0,-112.0
401808536,Draft Kings,-3.5,149.5,,,-115.0,-105.0,-110.0,-110.0
401808669,Draft Kings,1.5,134.5,,,-108.0,-112.0,-115.0,-105.0
401808670,Draft Kings,-3.5,147.5,,,-112.0,-108.0,-112.0,-108.0
401808671,Draft Kings,2.5,162.5,,,-105.0,-115.0,-110.0,-110.0
401808672,Draft Kings,-8.5,149.5,,,-110.0,-110.0,-112.0,-108.0
401808673,Draft Kings,5.5,144.5,,,-115.0,-105.0,-110.0,-110.0
401808674,Draft Kings,-14.5,149.5,,,-105.0,-115.0,-112.0,-108.0
401808718,Draft Kings,13.5,142.5,,,-108.0,-112.0,-105.0,-115.0
401808913,Draft Kings,-1.5,148.5,,,-112.0,-108.0,-115.0,-105.0
401808929,Draft Kings,-2.5,148.5,,,-110.0,-110.0,-110.0,-110.0
401808943,Draft Kings,-1.5,131.5,,,-110.0,-110.0,-110.0,-110.0
401808972,Draft Kings,1.5,144.5,,,-125.0,105.0,-115.0,-105.0
401809099,Draft Kings,-11.5,147.5,,,-102.0,-118.0,-105.0,-115.0
401809117,Draft Kings,-7.5,154.5,,,-115.0,-105.0,-110.0,-110.0
401809134,Draft Kings,-4.5,149.5,,,-115.0,-105.0,-110.0,-110.0
401809147,Draft Kings,2.5,162.5,,,-102.0,-118.0,-110.0,-110.0
401809162,Draft Kings,3.5,159.5,,,-102.0,-118.0,-105.0,-115.0
401809368,Draft Kings,-1.5,151.5,,,-102.0,-118.0,-110.0,-110.0
401809369,Draft Kings,-7.5,145.5,,,-105.0,-115.0,-110.0,-110.0
401809370,Draft Kings,11.5,147.5,,,-105.0,-115.0,-112.0,-108.0
401809371,Draft Kings,2.5,154.5,,,-112.0,-108.0,-110.0,-110.0
401809372,Draft Kings,11.5,148.5,,,-108.0,-112.0,-108.0,-112.0
401812066,Draft Kings,-2.5,137.5,,,-110.0,-110.0,-115.0,-105.0
401812068,Draft Kings,-8.5,165.5,,,-105.0,-115.0,-110.0,-110.0
401812154,Draft Kings,4.5,136.5,,,-105.0,-115.0,-105.0,-115.0
401812155,Draft Kings,-13.5,133.5,,,-105.0,-115.0,-112.0,-108.0
401812156,Draft Kings,2.5,146.5,,,-108.0,-112.0,-105.0,-115.0
401812157,Draft Kings,1.5,137.5,,,-108.0,-112.0,-105.0,-115.0
401812328,Draft Kings,-1.5,133.5,,,105.0,-125.0,-115.0,-105.0
401812346,Draft Kings,-6.5,144.5,,,-118.0,-102.0,-115.0,-105.0
401812375,Draft Kings,6.5,129.5,,,-108.0,-112.0,-105.0,-115.0
401812397,Draft Kings,2.5,138.5,,,-112.0,-108.0,-112.0,-108.0
401812408,Draft Kings,-3.5,128.5,,,-115.0,-105.0,-108.0,-112.0
401812594,Draft Kings,2.5,169.5,,,-105.0,-115.0,-110.0,-110.0
401812621,Draft Kings,4.5,138.5,,,-112.0,-108.0,-112.0,-108.0
401814562,Draft Kings,7.5,143.5,,,-115.0,-105.0,-105.0,-115.0
401814564,Draft Kings,-4.5,146.5,,,-105.0,-115.0,-105.0,-115.0
401814566,Draft Kings,-3.5,150.5,,,-112.0,-108.0,-108.0,-112.0
401814567,Draft Kings,-6.5,143.5,,,-110.0,-110.0,-110.0,-110.0
401817250,Draft Kings,7.5,162.5,,,-112.0,-108.0,-108.0,-112.0
401817516,Draft Kings,5.5,146.5,,,-108.0,-112.0,-110.0,-110.0
401818420,Draft Kings,5.5,149.5,,,-105.0,-115.0,-115.0,-105.0
401818421,Draft Kings,5.5,147.5,,,-108.0,-112.0,-112.0,-108.0
401818422,Draft Kings,12.5,154.5,,,-108.0,-112.0,-110.0,-110.0
401818544,Draft Kings,1.5,137.5,,,-118.0,-102.0,-105.0,-115.0
401818562,Draft Kings,-2.5,139.5,,,-118.0,-102.0,-105.0,-115.0
401820173,Draft Kings,-1.5,139.5,,,-108.0,-112.0,-115.0,-105.0
401820493,Draft Kings,-2.5,135.5,,,100.0,-120.0,-105.0,-115.0
401820570,Draft Kings,-14.5,142.5,,,-105.0,-115.0,-115.0,-105.0
401820739,Draft Kings,3.5,144.5,,,-108.0,-112.0,-112.0,-108.0
401820740,Draft Kings,-12.5,134.5,,,-120.0,100.0,-108.0,-112.0
401820741,Draft Kings,-5.5,157.5,,,-115.0,-105.0,-110.0,-110.0
401820742,Draft Kings,-11.5,142.5,,,-102.0,-118.0,-115.0,-105.0
401820743,Draft Kings,-5.5,150.5,,,-118.0,-102.0,-108.0,-112.0
401820744,Draft Kings,1.5,157.5,,,-102.0,-118.0,-110.0,-110.0
401820745,Draft Kings,-4.5,156.5,,,-105.0,-115.0,-112.0,-108.0
401820746,Draft Kings,-4.5,150.5,,,-108.0,-112.0,-105.0,-115.0
401822775,Draft Kings,-10.5,143.5,,,-118.0,-102.0,-112.0,-108.0
401822942,Draft Kings,-16.5,138.5,,,-105.0,-115.0,-110.0,-110.0
401822943,Draft Kings,6.5,167.5,,,-105.0,-115.0,-110.0,-110.0
401822944,Draft Kings,1.5,145.5,,,-102.0,-118.0,-115.0,-105.0
401822945,Draft Kings,-1.5,157.5,,,-118.0,-102.0,-115.0,-105.0
401823052,Draft Kings,-10.5,132.5,,,-115.0,-105.0,-110.0,-110.0
401823781,Draft Kings,-7.5,139.5,,,-118.0,-102.0,-112.0,-108.0
401823802,Draft Kings,11.5,139.5,,,-105.0,-115.0,-105.0,-115.0
401823946,Draft Kings,-4.5,161.5,,,-115.0,-105.0,-112.0,-108.0
401823947,Draft Kings,25.5,161.5,,,-105.0,-115.0,-105.0,-115.0
401823948,Draft Kings,-5.5,137.5,,,-108.0,-112.0,-110.0,-110.0
401823949,Draft Kings,-6.5,147.5,,,-102.0,-118.0,-110.0,-110.0
401824373,Draft Kings,-5.5,137.5,,,-115.0,-105.0,-110.0,-110.0
401825513,Draft Kings,2.5,142.5,,,-118.0,-102.0,-112.0,-108.0
401825514,Draft Kings,-15.5,156.5,,,-112.0,-108.0,-105.0,-115.0
401825515,Draft Kings,-13.5,146.5,,,-115.0,-105.0,-110.0,-110.0
401825516,Draft Kings,-6.5,145.5,,,-102.0,-118.0,-110.0,-110.0
401825517,Draft Kings,-6.5,138.5,,,-115.0,-105.0,-108.0,-112.0
401826802,Draft Kings,-13.5,155.5,,,-118.0,-102.0,-110.0,-110.0
401826823,Draft Kings,-9.5,144.5,,,-110.0,-110.0,-112.0,-108.0
401827032,Draft Kings,5.5,159.5,,,-118.0,-102.0,-112.0,-108.0
401827104,Draft Kings,-1.5,139.5,,,105.0,-125.0,-112.0,-108.0
401827122,Draft Kings,8.5,144.5,,,-118.0,-102.0,-108.0,-112.0
401827166,Draft Kings,-3.5,149.5,,,-112.0,-108.0,-115.0,-105.0
401827206,Draft Kings,-15.5,138.5,,,-105.0,-115.0,-115.0,-105.0
401827679,Draft Kings,-8.5,156.5,,,-120.0,100.0,-115.0,-105.0
401827680,Draft Kings,-15.5,161.5,,,-112.0,-108.0,-115.0,-105.0
401827681,Draft Kings,-22.5,144.5,,,-105.0,-115.0,-115.0,-105.0
401827682,Draft Kings,-7.5,147.5,,,-105.0,-115.0,-115.0,-105.0
401827683,Draft Kings,1.5,156.5,,,-125.0,105.0,-105.0,-115.0
401827684,Draft Kings,-3.5,140.5,,,-108.0,-112.0,-110.0,-110.0
401828226,Draft Kings,-4.5,146.5,,,-110.0,-110.0,-115.0,-105.0
401828227,Draft Kings,-1.5,152.5,,,-118.0,-102.0,-110.0,-110.0
401828426,Draft Kings,-1.5,152.5,,,-115.0,-105.0,100.0,-120.0
401828427,Draft Kings,-4.5,134.5,,,-118.0,-102.0,-112.0,-108.0
401828428,Draft Kings,7.5,154.5,,,-108.0,-112.0,-115.0,-105.0
401828667,Draft Kings,2.5,144.5,,,-112.0,-108.0,-108.0,-112.0
401828730,Draft Kings,-9.5,134.5,,,-108.0,-112.0,-108.0,-112.0
401829245,Draft Kings,4.5,158.5,,,-105.0,-115.0,-110.0,-110.0
401829246,Draft Kings,5.5,147.5,,,-112.0,-108.0,-115.0,-105.0
401829248,Draft Kings,7.5,135.5,,,-105.0,-115.0,-112.0,-108.0
401829418,Draft Kings,-2.5,140.5,,,-108.0,-112.0,-115.0,-105.0
401830826,Draft Kings,-3.5,140.5,,,-115.0,-105.0,-115.0,-105.0
401807740,Draft Kings,4.5,150.5,,,-110.0,-110.0,-108.0,-112.0
401812067,Draft Kings,-1.5,138.5,,,-105.0,-115.0,-110.0,-110.0
401812069,Draft Kings,-3.5,159.5,,,-102.0,-118.0,-115.0,-105.0
401813317,Draft Kings,1.5,142.5,,,-115.0,-105.0,-110.0,-110.0
401813342,Draft Kings,-2.5,133.5,,,-108.0,-112.0,-112.0,-108.0
401813392,Draft Kings,3.5,132.5,,,-102.0,-118.0,-110.0,-110.0
401817666,Draft Kings,-2.5,145.5,,,-118.0,-102.0,-110.0,-110.0
401817667,Draft Kings,-7.5,159.5,,,-102.0,-118.0,-108.0,-112.0
401817668,Draft Kings,4.5,151.5,,,-108.0,-112.0,-108.0,-112.0
401817669,Draft Kings,7.5,157.5,,,-112.0,-108.0,-112.0,-108.0
401817670,Draft Kings,-1.5,156.5,,,100.0,-120.0,-105.0,-115.0
401818423,Draft Kings,-2.5,160.5,,,-112.0,-108.0,-110.0,-110.0
401820205,Draft Kings,-4.5,146.5,,,-112.0,-108.0,-105.0,-115.0
401820592,Draft Kings,-3.5,141.5,,,-108.0,-112.0,-115.0,-105.0
401822946,Draft Kings,5.5,138.5,,,-115.0,-105.0,-108.0,-112.0
401823319,Draft Kings,-3.5,141.5,,,-108.0,-112.0,-105.0,-115.0
401823755,Draft Kings,-9.5,146.5,,,100.0,-120.0,-115.0,-105.0
401825518,Draft Kings,-8.5,153.5,,,-118.0,-102.0,-110.0,-110.0
401825519,Draft Kings,-2.5,144.5,,,-102.0,-118.0,-108.0,-112.0
401827685,Draft Kings,-12.5,139.5,,,-115.0,-105.0,-105.0,-115.0
401828228,Draft Kings,-6.5,152.5,,,-105.0,-115.0,-105.0,-115.0
401828229,Draft Kings,-13.5,148.5,,,-108.0,-112.0,-112.0,-108.0
401828230,Draft Kings,4.5,165.5,,,-102.0,-118.0,-110.0,-110.0
401828231,Draft Kings,-2.5,135.5,,,-108.0,-112.0,-112.0,-108.0
401828429,Draft Kings,-5.5,140.5,,,-105.0,-115.0,-110.0,-110.0
401829247,Draft Kings,-6.5,136.5,,,-110.0,-110.0,-108.0,-112.0
401829249,Draft Kings,5.5,148.5,,,-112.0,-108.0,-110.0,-110.0
401830214,Draft Kings,1.5,166.5,,,-115.0,-105.0,-110.0,-110.0
401830225,Draft Kings,-2.5,146.5,,,-110.0,-110.0,-110.0,-110.0
401830302,Draft Kings,1.5,140.5,,,-120.0,100.0,-115.0,-105.0
401830303,Draft Kings,-8.5,138.5,,,-118.0,-102.0,-112.0,-108.0
401830304,Draft Kings,-4.5,145.5,,,-112.0,-108.0,-105.0,-115.0
401808639,Draft Kings,-6.5,150.5,,,-102.0,-118.0,-115.0,-105.0
401808640,Draft Kings,-6.5,135.5,,,-112.0,-108.0,-115.0,-105.0
401808719,Draft Kings,-2.5,136.5,,,-105.0,-115.0,-110.0,-110.0
401808885,Draft Kings,14.5,138.5,,,-112.0,-108.0,-115.0,-105.0
401808914,Draft Kings,-2.5,154.5,,,-115.0,-105.0,-108.0,-112.0
401808930,Draft Kings,-1.5,136.5,,,-108.0,-112.0,-115.0,-105.0
401808973,Draft Kings,5.5,135.5,,,-115.0,-105.0,-112.0,-108.0
401808983,Draft Kings,-6.5,141.5,,,-108.0,-112.0,-115.0,-105.0
401812070,Draft Kings,-2.5,135.5,,,-115.0,-105.0,-112.0,-108.0
401820747,Draft Kings,-20.5,144.5,,,-108.0,-112.0,-110.0,-110.0
401820819,Draft Kings,-2.5,134.5,,,-110.0,-110.0,-110.0,-110.0
401822776,Draft Kings,-4.5,138.5,,,-105.0,-115.0,-105.0,-115.0
401823053,Draft Kings,1.5,136.5,,,-105.0,-115.0,-105.0,-115.0
401824374,Draft Kings,2.5,145.5,,,-120.0,100.0,-112.0,-108.0
401827033,Draft Kings,4.5,151.5,,,-105.0,-115.0,-115.0,-105.0
401827077,Draft Kings,1.5,151.5,,,-105.0,-115.0,-105.0,-115.0
401827123,Draft Kings,4.5,150.5,,,-102.0,-118.0,-108.0,-112.0
401827147,Draft Kings,-3.5,144.5,,,-108.0,-112.0,-110.0,-110.0
401827167,Draft Kings,-16.5,142.5,,,-112.0,-108.0,-108.0,-112.0
401828694,Draft Kings,-5.5,146.5,,,-108.0,-112.0,-115.0,-105.0
401829690,Draft Kings,2.5,137.5,,,-118.0,-102.0,-110.0,-110.0
401830242,Draft Kings,11.5,131.5,,,-115.0,-105.0,-108.0,-112.0
401858742,Draft Kings,1.5,134.5,,,-115.0,-105.0,-105.0,-115.0
401859836,Draft Kings,-10.5,138.5,,,-112.0,-108.0,-115.0,-105.0
401806491,Draft Kings,-2.5,138.5,,,-115.0,-105.0,-108.0,-112.0
401808241,Draft Kings,-23.5,156.5,,,-105.0,-115.0,-105.0,-115.0
401808243,Draft Kings,-10.5,150.5,,,-115.0,-105.0,-112.0,-108.0
401808245,Draft Kings,-6.5,161.5,,,-110.0,-110.0,-108.0,-112.0
401814568,Draft Kings,14.5,160.5,,,-118.0,-102.0,-110.0,-110.0
401814569,Draft Kings,-9.5,145.5,,,-118.0,-102.0,-105.0,-115.0
401814570,Draft Kings,-4.5,140.5,,,-108.0,-112.0,-115.0,-105.0
401814571,Draft Kings,-1.5,151.5,,,-118.0,-102.0,-110.0,-110.0
401814572,Draft Kings,3.5,163.5,,,-115.0,-105.0,-112.0,-108.0
401814573,Draft Kings,-9.5,145.5,,,-102.0,-118.0,-110.0,-110.0
401820571,Draft Kings,-28.5,148.5,,,-108.0,-112.0,-112.0,-108.0
401820748,Draft Kings,-11.5,148.5,,,-105.0,-115.0,-105.0,-115.0
401820749,Draft Kings,4.5,168.5,,,-115.0,-105.0,-108.0,-112.0
401820751,Draft Kings,-8.5,148.5,,,-108.0,-112.0,-105.0,-115.0
401820752,Draft Kings,-8.5,156.5,,,100.0,-120.0,-112.0,-108.0
401822947,Draft Kings,4.5,152.5,,,-110.0,-110.0,-115.0,-105.0
401823782,Draft Kings,-7.5,139.5,,,-118.0,-102.0,-112.0,-108.0
401823930,Draft Kings,-16.5,161.5,,,-112.0,-108.0,-108.0,-112.0
401825520,Draft Kings,-1.5,139.5,,,-108.0,-112.0,-115.0,-105.0
401825521,Draft Kings,-8.5,139.5,,,-105.0,-115.0,-110.0,-110.0
401825522,Draft Kings,-1.5,157.5,,,102.0,-122.0,-110.0,-110.0
401825523,Draft Kings,-3.5,136.5,,,-115.0,-105.0,-105.0,-115.0
401825524,Draft Kings,2.5,156.5,,,-112.0,-108.0,-112.0,-108.0
401827686,Draft Kings,7.5,156.5,,,-110.0,-110.0,-112.0,-108.0
401827687,Draft Kings,1.5,154.5,,,-120.0,100.0,-108.0,-112.0
401827688,Draft Kings,3.5,159.5,,,-108.0,-112.0,-110.0,-110.0
401828430,Draft Kings,-6.5,161.5,,,-105.0,-115.0,-112.0,-108.0
401828431,Draft Kings,9.5,151.5,,,-110.0,-110.0,-108.0,-112.0
401828933,Draft Kings,-9.5,148.5,,,-120.0,100.0,-105.0,-115.0
401829318,Draft Kings,10.5,141.5,,,-102.0,-118.0,-110.0,-110.0
401804934,Draft Kings,-2.5,132.5,,,-108.0,-112.0,-115.0,-105.0
401804935,Draft Kings,-1.5,152.5,,,-110.0,-110.0,-105.0,-115.0
401804936,Draft Kings,4.5,139.5,,,-115.0,-105.0,-112.0,-108.0
401804937,Draft Kings,-3.5,151.5,,,-112.0,-108.0,-115.0,-105.0
401807745,Draft Kings,8.5,156.5,,,-110.0,-110.0,-108.0,-112.0
401807748,Draft Kings,-6.5,136.5,,,-112.0,-108.0,-115.0,-105.0
401807749,Draft Kings,3.5,154.5,,,-105.0,-115.0,-112.0,-108.0
401807750,Draft Kings,-7.5,154.5,,,-105.0,-115.0,-105.0,-115.0
401808242,Draft Kings,5.5,155.5,,,-112.0,-108.0,-108.0,-112.0
401808244,Draft Kings,-3.5,181.5,,,-115.0,-105.0,-112.0,-108.0
401808246,Draft Kings,3.5,154.5,,,-115.0,-105.0,-112.0,-108.0
401808247,Draft Kings,-11.5,149.5,,,-102.0,-118.0,-115.0,-105.0
401808248,Draft Kings,-9.5,157.5,,,-110.0,-110.0,-108.0,-112.0
401808675,Draft Kings,1.5,140.5,,,-115.0,-105.0,-115.0,-105.0
401808676,Draft Kings,17.5,153.5,,,-110.0,-110.0,-112.0,-108.0
401809373,Draft Kings,-1.5,140.5,,,-105.0,-115.0,-108.0,-112.0
401809374,Draft Kings,-5.5,155.5,,,-110.0,-110.0,-108.0,-112.0
401809375,Draft Kings,-13.5,158.5,,,-112.0,-108.0,-108.0,-112.0
401817671,Draft Kings,-5.5,153.5,,,-115.0,-105.0,-112.0,-108.0
401817672,Draft Kings,-11.5,157.5,,,-110.0,-110.0,-112.0,-108.0
401818424,Draft Kings,1.5,146.5,,,-115.0,-105.0,-112.0,-108.0
401818425,Draft Kings,-6.5,151.5,,,-105.0,-115.0,-115.0,-105.0
401820174,Draft Kings,-9.5,139.5,,,-110.0,-110.0,-110.0,-110.0
401820206,Draft Kings,-4.5,149.5,,,-110.0,-110.0,-112.0,-108.0
401820750,Draft Kings,13.5,150.5,,,-115.0,-105.0,-108.0,-112.0
401820753,Draft Kings,4.5,140.5,,,-108.0,-112.0,-105.0,-115.0
401822948,Draft Kings,-15.5,143.5,,,-112.0,-108.0,-110.0,-110.0
401822949,Draft Kings,8.5,157.5,,,-110.0,-110.0,-110.0,-110.0
401822950,Draft Kings,-6.5,147.5,,,-110.0,-110.0,-112.0,-108.0
401822951,Draft Kings,-7.5,129.5,,,-110.0,-110.0,-108.0,-112.0
401823830,Draft Kings,-9.5,151.5,,,-108.0,-112.0,-115.0,-105.0
401824394,Draft Kings,-1.5,139.5,,,-105.0,-115.0,-110.0,-110.0
401825525,Draft Kings,-7.5,142.5,,,-112.0,-108.0,-108.0,-112.0
401825526,Draft Kings,-4.5,148.5,,,-115.0,-105.0,-112.0,-108.0
401825527,Draft Kings,8.5,151.5,,,-108.0,-112.0,-112.0,-108.0
401827689,Draft Kings,-11.5,165.5,,,-102.0,-118.0,-108.0,-112.0
401827690,Draft Kings,7.5,158.5,,,-112.0,-108.0,-112.0,-108.0
401827691,Draft Kings,-10.5,133.5,,,-105.0,-115.0,-115.0,-105.0
401828232,Draft Kings,-1.5,143.5,,,-108.0,-112.0,-110.0,-110.0
401828233,Draft Kings,-12.5,151.5,,,-110.0,-110.0,-108.0,-112.0
401828234,Draft Kings,7.5,149.5,,,-102.0,-118.0,-112.0,-108.0
401828235,Draft Kings,11.5,157.5,,,-110.0,-110.0,-115.0,-105.0
401828432,Draft Kings,-5.5,141.5,,,-102.0,-118.0,-105.0,-115.0
401828433,Draft Kings,-2.5,137.5,,,-108.0,-112.0,-105.0,-115.0
401828434,Draft Kings,-11.5,145.5,,,-105.0,-115.0,-115.0,-105.0
401828435,Draft Kings,-8.5,135.5,,,-102.0,-118.0,-115.0,-105.0
401828436,Draft Kings,-5.5,147.5,,,-105.0,-115.0,-105.0,-115.0
401828678,Draft Kings,3.5,140.5,,,-108.0,-112.0,-115.0,-105.0
401829250,Draft Kings,15.5,151.5,,,-108.0,-112.0,-108.0,-112.0
401829251,Draft Kings,-2.5,144.5,,,-105.0,-115.0,-112.0,-108.0
401829252,Draft Kings,-7.5,150.5,,,-110.0,-110.0,-112.0,-108.0
401829253,Draft Kings,9.5,133.5,,,-102.0,-118.0,-105.0,-115.0
401830224,Draft Kings,2.5,142.5,,,-112.0,-108.0,-110.0,-110.0
401830305,Draft Kings,8.5,140.5,,,-110.0,-110.0,-105.0,-115.0
401830306,Draft Kings,-2.5,158.5,,,-102.0,-118.0,-108.0,-112.0
401830307,Draft Kings,5.5,136.5,,,-112.0,-108.0,-108.0,-112.0
401830308,Draft Kings,1.5,149.5,,,-110.0,-110.0,-108.0,-112.0
401830831,Draft Kings,-2.5,147.5,,,-112.0,-108.0,-110.0,-110.0
401858787,Draft Kings,2.5,136.5,,,-102.0,-118.0,-115.0,-105.0
401804938,Draft Kings,-9.5,152.5,,,-120.0,100.0,-115.0,-105.0
401805199,Draft Kings,-4.5,144.5,,,-112.0,-108.0,-112.0,-108.0
401805200,Draft Kings,-4.5,140.5,,,-112.0,-108.0,-115.0,-105.0
401805201,Draft Kings,-8.5,142.5,,,-108.0,-112.0,-105.0,-115.0
401806492,Draft Kings,1.5,137.5,,,-118.0,-102.0,-105.0,-115.0
401806493,Draft Kings,-3.5,159.5,,,-108.0,-112.0,-108.0,-112.0
401806494,Draft Kings,2.5,136.5,,,-112.0,-108.0,-110.0,-110.0
401806495,Draft Kings,1.5,134.5,,,-108.0,-112.0,-110.0,-110.0
401806496,Draft Kings,3.5,140.5,,,-118.0,-102.0,-108.0,-112.0
401807746,Draft Kings,11.5,166.5,,,-115.0,-105.0,-108.0,-112.0
401807747,Draft Kings,9.5,149.5,,,-110.0,-110.0,-115.0,-105.0
401808466,Draft Kings,2.5,160.5,,,-102.0,-118.0,-112.0,-108.0
401808483,Draft Kings,-3.5,145.5,,,-108.0,-112.0,-112.0,-108.0
401808497,Draft Kings,1.5,149.5,,,-122.0,102.0,-112.0,-108.0
401808519,Draft Kings,-1.5,148.5,,,-105.0,-115.0,-105.0,-115.0
401808677,Draft Kings,-3.5,143.5,,,-108.0,-112.0,-112.0,-108.0
401808678,Draft Kings,1.5,154.5,,,-110.0,-110.0,-108.0,-112.0
401808679,Draft Kings,8.5,144.5,,,-115.0,-105.0,-108.0,-112.0
401808680,Draft Kings,-3.5,137.5,,,-115.0,-105.0,-110.0,-110.0
401809118,Draft Kings,5.5,144.5,,,-110.0,-110.0,-105.0,-115.0
401809135,Draft Kings,-1.5,156.5,,,100.0,-120.0,-108.0,-112.0
401809148,Draft Kings,-11.5,160.5,,,-102.0,-118.0,-115.0,-105.0
401809376,Draft Kings,-10.5,151.5,,,-105.0,-115.0,-115.0,-105.0
401809377,Draft Kings,10.5,143.5,,,-110.0,-110.0,-108.0,-112.0
401812071,Draft Kings,4.5,147.5,,,-108.0,-112.0,-105.0,-115.0
401812072,Draft Kings,-11.5,133.5,,,-102.0,-118.0,-115.0,-105.0
401812073,Draft Kings,1.5,167.5,,,-105.0,-115.0,-118.0,-102.0
401812074,Draft Kings,-1.5,143.5,,,-105.0,-115.0,-110.0,-110.0
401812075,Draft Kings,-7.5,144.5,,,-118.0,-102.0,-110.0,-110.0
401812158,Draft Kings,-3.5,142.5,,,-112.0,-108.0,-112.0,-108.0
401812159,Draft Kings,-4.5,134.5,,,-115.0,-105.0,-105.0,-115.0
401812160,Draft Kings,-3.5,151.5,,,-110.0,-110.0,-105.0,-115.0
401812161,Draft Kings,1.5,142.5,,,-105.0,-115.0,-112.0,-108.0
401812329,Draft Kings,1.5,131.5,,,-108.0,-112.0,-112.0,-108.0
401812347,Draft Kings,-8.5,165.5,,,-110.0,-110.0,-112.0,-108.0
401812376,Draft Kings,9.5,148.5,,,-118.0,-102.0,-108.0,-112.0
401812409,Draft Kings,-2.5,121.5,,,-115.0,-105.0,-105.0,-115.0
401812416,Draft Kings,-3.5,133.5,,,-112.0,-108.0,-105.0,-115.0
401817673,Draft Kings,-11.5,160.5,,,-110.0,-110.0,-115.0,-105.0
401818426,Draft Kings,-5.5,163.5,,,-108.0,-112.0,-108.0,-112.0
401818427,Draft Kings,-9.5,150.5,,,-115.0,-105.0,-110.0,-110.0
401823268,Draft Kings,-5.5,156.5,,,-112.0,-108.0,-108.0,-112.0
401823743,Draft Kings,-6.5,150.5,,,-115.0,-105.0,-115.0,-105.0
401823950,Draft Kings,-18.5,162.5,,,-112.0,-108.0,-105.0,-115.0
401823951,Draft Kings,-2.5,139.5,,,-110.0,-110.0,-110.0,-110.0
401823952,Draft Kings,-14.5,152.5,,,-118.0,-102.0,-112.0,-108.0
401823953,Draft Kings,-13.5,158.5,,,-112.0,-108.0,-105.0,-115.0
401827078,Draft Kings,8.5,153.5,,,-102.0,-118.0,-110.0,-110.0
401827124,Draft Kings,-5.5,147.5,,,-105.0,-115.0,-110.0,-110.0
401827148,Draft Kings,-1.5,152.5,,,-115.0,-105.0,-108.0,-112.0
401827207,Draft Kings,-1.5,139.5,,,-118.0,-102.0,-112.0,-108.0
401828236,Draft Kings,-6.5,137.5,,,-110.0,-110.0,-112.0,-108.0
401828237,Draft Kings,-9.5,163.5,,,-110.0,-110.0,-115.0,-105.0
401813307,Draft Kings,5.5,142.5,,,-115.0,-105.0,-115.0,-105.0
401813369,Draft Kings,-1.5,131.5,,,-105.0,-115.0,-110.0,-110.0
401813393,Draft Kings,-7.5,130.5,,,-110.0,-110.0,-115.0,-105.0
401813430,Draft Kings,-2.5,133.5,,,100.0,-120.0,-108.0,-112.0
401814574,Draft Kings,13.5,147.5,,,-108.0,-112.0,-105.0,-115.0
401814575,Draft Kings,-8.5,154.5,,,-112.0,-108.0,-115.0,-105.0
401817674,Draft Kings,-6.5,153.5,,,-112.0,-108.0,-112.0,-108.0
401817675,Draft Kings,1.5,153.5,,,-115.0,-105.0,-108.0,-112.0
401818563,Draft Kings,-2.5,129.5,,,-105.0,-115.0,-115.0,-105.0
401823320,Draft Kings,-4.5,158.5,,,-118.0,-102.0,-110.0,-110.0
401823851,Draft Kings,-1.5,140.5,,,105.0,-125.0,-110.0,-110.0
401825528,Draft Kings,-11.5,150.5,,,-105.0,-115.0,-105.0,-115.0
401828437,Draft Kings,-7.5,164.5,,,-105.0,-115.0,-112.0,-108.0
401804939,Draft Kings,-7.5,142.5,,,-105.0,-115.0,-110.0,-110.0
401804940,Draft Kings,-5.5,147.5,,,-118.0,-102.0,-105.0,-115.0
401804941,Draft Kings,-6.5,147.5,,,-118.0,-102.0,-108.0,-112.0
401804942,Draft Kings,-7.5,147.5,,,-108.0,-112.0,-112.0,-108.0
401804943,Draft Kings,-3.5,154.5,,,-118.0,-102.0,-112.0,-108.0
401804944,Draft Kings,-10.5,137.5,,,-110.0,-110.0,-105.0,-115.0
401805202,Draft Kings,-8.5,143.5,,,100.0,-120.0,-108.0,-112.0
401805203,Draft Kings,-1.5,140.5,,,-108.0,-112.0,-108.0,-112.0
401805204,Draft Kings,6.5,137.5,,,-112.0,-108.0,-110.0,-110.0
401806497,Draft Kings,-4.5,135.5,,,-108.0,-112.0,-110.0,-110.0
401806498,Draft Kings,1.5,151.5,,,-110.0,-110.0,-115.0,-105.0
401806499,Draft Kings,1.5,143.5,,,-102.0,-118.0,-110.0,-110.0
401806500,Draft Kings,8.5,143.5,,,-118.0,-102.0,-112.0,-108.0
401806501,Draft Kings,-2.5,143.5,,,-118.0,-102.0,-108.0,-112.0
401807751,Draft Kings,6.5,142.5,,,-115.0,-105.0,-110.0,-110.0
401807752,Draft Kings,1.5,152.5,,,-125.0,105.0,-110.0,-110.0
401807753,Draft Kings,1.5,153.5,,,-108.0,-112.0,-112.0,-108.0
401807754,Draft Kings,-12.5,149.5,,,-112.0,-108.0,-105.0,-115.0
401807755,Draft Kings,-1.5,161.5,,,-105.0,-115.0,-108.0,-112.0
401807756,Draft Kings,-11.5,161.5,,,-105.0,-115.0,-115.0,-105.0
401808249,Draft Kings,-9.5,159.5,,,100.0,-120.0,-112.0,-108.0
401808250,Draft Kings,-3.5,153.5,,,-115.0,-105.0,-112.0,-108.0
401808251,Draft Kings,-2.5,162.5,,,-118.0,-102.0,-115.0,-105.0
401808252,Draft Kings,7.5,172.5,,,-115.0,-105.0,-105.0,-115.0
401808253,Draft Kings,13.5,152.5,,,-110.0,-110.0,-108.0,-112.0
401808254,Draft Kings,1.5,151.5,,,-120.0,100.0,-115.0,-105.0
401808255,Draft Kings,-2.5,150.5,,,-112.0,-108.0,-105.0,-115.0
401808256,Draft Kings,1.5,165.5,,,-112.0,-108.0,-110.0,-110.0
401808467,Draft Kings,-6.5,146.5,,,-110.0,-110.0,-112.0,-108.0
401808484,Draft Kings,4.5,163.5,,,-108.0,-112.0,-115.0,-105.0
401808498,Draft Kings,1.5,144.5,,,-118.0,-102.0,-112.0,-108.0
401808509,Draft Kings,-2.5,152.5,,,-108.0,-112.0,-112.0,-108.0
401808530,Draft Kings,-13.5,151.5,,,-102.0,-118.0,-105.0,-115.0
401808681,Draft Kings,-7.5,147.5,,,-108.0,-112.0,-112.0,-108.0
401808682,Draft Kings,2.5,153.5,,,-110.0,-110.0,-112.0,-108.0
401808683,Draft Kings,2.5,142.5,,,-118.0,-102.0,-108.0,-112.0
401808684,Draft Kings,-4.5,147.5,,,-105.0,-115.0,-115.0,-105.0
401808685,Draft Kings,2.5,142.5,,,-115.0,-105.0,-115.0,-105.0
401808686,Draft Kings,3.5,134.5,,,-115.0,-105.0,-112.0,-108.0
401808687,Draft Kings,15.5,165.5,,,-110.0,-110.0,-112.0,-108.0
401808720,Draft Kings,-3.5,145.5,,,-112.0,-108.0,-110.0,-110.0
401808886,Draft Kings,-14.5,139.5,,,-110.0,-110.0,-110.0,-110.0
401808915,Draft Kings,-4.5,146.5,,,-115.0,-105.0,-110.0,-110.0
401808931,Draft Kings,-12.5,147.5,,,-105.0,-115.0,-112.0,-108.0
401808944,Draft Kings,-2.5,134.5,,,-110.0,-110.0,-108.0,-112.0
401808964,Draft Kings,4.5,138.5,,,-118.0,-102.0,-108.0,-112.0
401809100,Draft Kings,-3.5,143.5,,,-110.0,-110.0,-112.0,-108.0
401809136,Draft Kings,2.5,149.5,,,-105.0,-115.0,-108.0,-112.0
401809149,Draft Kings,-5.5,145.5,,,-105.0,-115.0,-110.0,-110.0
401809378,Draft Kings,-3.5,156.5,,,-115.0,-105.0,-112.0,-108.0
401809379,Draft Kings,4.5,144.5,,,-105.0,-115.0,-112.0,-108.0
401809380,Draft Kings,6.5,148.5,,,-115.0,-105.0,-112.0,-108.0
401809381,Draft Kings,8.5,154.5,,,-110.0,-110.0,-110.0,-110.0
401809382,Draft Kings,1.5,153.5,,,-112.0,-108.0,-108.0,-112.0
401812076,Draft Kings,3.5,150.5,,,-115.0,-105.0,-110.0,-110.0
401812077,Draft Kings,-7.5,151.5,,,-118.0,-102.0,-110.0,-110.0
401812078,Draft Kings,-5.5,135.5,,,-108.0,-112.0,-115.0,-105.0
401812079,Draft Kings,6.5,144.5,,,-108.0,-112.0,-115.0,-105.0
401812080,Draft Kings,-4.5,149.5,,,-105.0,-115.0,-110.0,-110.0
401812162,Draft Kings,-7.5,144.5,,,-108.0,-112.0,-112.0,-108.0
401812163,Draft Kings,-9.5,146.5,,,-112.0,-108.0,-108.0,-112.0
401812164,Draft Kings,-3.5,135.5,,,-115.0,-105.0,-115.0,-105.0
401812165,Draft Kings,6.5,142.5,,,-112.0,-108.0,-105.0,-115.0
401812330,Draft Kings,-2.5,123.5,,,-110.0,-110.0,-108.0,-112.0
401812348,Draft Kings,1.5,137.5,,,-110.0,-110.0,-115.0,-105.0
401812377,Draft Kings,3.5,140.5,,,-105.0,-115.0,-112.0,-108.0
401812398,Draft Kings,1.5,151.5,,,-112.0,-108.0,-105.0,-115.0
401812595,Draft Kings,-9.5,150.5,,,-102.0,-118.0,-108.0,-112.0
401812622,Draft Kings,-4.5,155.5,,,-118.0,-102.0,-115.0,-105.0
401812657,Draft Kings,3.5,138.5,,,-108.0,-112.0,-105.0,-115.0
401814576,Draft Kings,-7.5,151.5,,,-112.0,-108.0,-105.0,-115.0
401814577,Draft Kings,-8.5,145.5,,,-105.0,-115.0,-112.0,-108.0
401814578,Draft Kings,6.5,148.5,,,-115.0,-105.0,-112.0,-108.0
401814579,Draft Kings,-3.5,150.5,,,-112.0,-108.0,-115.0,-105.0
401817238,Draft Kings,3.5,151.5,,,-118.0,-102.0,-105.0,-115.0
401818428,Draft Kings,-9.5,151.5,,,-102.0,-118.0,-110.0,-110.0
401818429,Draft Kings,-1.5,151.5,,,-105.0,-115.0,-112.0,-108.0
401818430,Draft Kings,3.5,168.5,,,-108.0,-112.0,-108.0,-112.0
401818431,Draft Kings,-19.5,148.5,,,-112.0,-108.0,-110.0,-110.0
401818545,Draft Kings,-6.5,150.5,,,-115.0,-105.0,-112.0,-108.0
401820175,Draft Kings,8.5,139.5,,,-115.0,-105.0,-108.0,-112.0
401820207,Draft Kings,-8.5,150.5,,,-110.0,-110.0,-105.0,-115.0
401820572,Draft Kings,16.5,153.5,,,-110.0,-110.0,-105.0,-115.0
401820754,Draft Kings,-1.5,149.5,,,-102.0,-118.0,-108.0,-112.0
401820755,Draft Kings,-8.5,145.5,,,-108.0,-112.0,-110.0,-110.0
401820756,Draft Kings,-23.5,167.5,,,-108.0,-112.0,-110.0,-110.0
401820757,Draft Kings,-3.5,140.5,,,-102.0,-118.0,-105.0,-115.0
401820758,Draft Kings,-15.5,150.5,,,-108.0,-112.0,-112.0,-108.0
401820759,Draft Kings,-2.5,154.5,,,-112.0,-108.0,-105.0,-115.0
401820760,Draft Kings,-7.5,145.5,,,-112.0,-108.0,-112.0,-108.0
401820761,Draft Kings,-3.5,150.5,,,-115.0,-105.0,-108.0,-112.0
401822777,Draft Kings,3.5,128.5,,,-110.0,-110.0,-105.0,-115.0
401822952,Draft Kings,-12.5,156.5,,,-115.0,-105.0,-110.0,-110.0
401822953,Draft Kings,3.5,141.5,,,-110.0,-110.0,-105.0,-115.0
401822954,Draft Kings,-4.5,159.5,,,-102.0,-118.0,-112.0,-108.0
401822955,Draft Kings,-2.5,152.5,,,-115.0,-105.0,-110.0,-110.0
401822956,Draft Kings,-6.5,136.5,,,-108.0,-112.0,-110.0,-110.0
401823185,Draft Kings,5.5,160.5,,,-105.0,-115.0,-112.0,-108.0
401823269,Draft Kings,2.5,157.5,,,-105.0,-115.0,-105.0,-115.0
401823783,Draft Kings,3.5,139.5,,,-118.0,-102.0,-110.0,-110.0
401823803,Draft Kings,-7.5,144.5,,,-120.0,100.0,-115.0,-105.0
401823831,Draft Kings,-18.5,146.5,,,-108.0,-112.0,-115.0,-105.0
401823954,Draft Kings,-2.5,154.5,,,-105.0,-115.0,-108.0,-112.0
401823955,Draft Kings,1.5,141.5,,,-118.0,-102.0,-108.0,-112.0
401823956,Draft Kings,-2.5,149.5,,,-110.0,-110.0,-112.0,-108.0
401823957,Draft Kings,-9.5,166.5,,,-112.0,-108.0,-105.0,-115.0
401825529,Draft Kings,4.5,143.5,,,-115.0,-105.0,-108.0,-112.0
401825530,Draft Kings,-8.5,136.5,,,-110.0,-110.0,-105.0,-115.0
401825531,Draft Kings,-17.5,147.5,,,-102.0,-118.0,-105.0,-115.0
401825532,Draft Kings,6.5,146.5,,,-112.0,-108.0,-112.0,-108.0
401825533,Draft Kings,-5.5,149.5,,,-112.0,-108.0,-112.0,-108.0
401827034,Draft Kings,-5.5,142.5,,,-112.0,-108.0,-112.0,-108.0
401827125,Draft Kings,-6.5,142.5,,,-115.0,-105.0,-115.0,-105.0
401827149,Draft Kings,-3.5,159.5,,,-102.0,-118.0,-110.0,-110.0
401827168,Draft Kings,1.5,144.5,,,-108.0,-112.0,-112.0,-108.0
401827692,Draft Kings,-8.5,157.5,,,-105.0,-115.0,-112.0,-108.0
401827693,Draft Kings,2.5,154.5,,,-102.0,-118.0,-108.0,-112.0
401827694,Draft Kings,-3.5,162.5,,,-118.0,-102.0,-110.0,-110.0
401827695,Draft Kings,-6.5,142.5,,,-102.0,-118.0,-108.0,-112.0
401827696,Draft Kings,-8.5,139.5,,,-108.0,-112.0,-105.0,-115.0
401827697,Draft Kings,-4.5,133.5,,,-115.0,-105.0,-112.0,-108.0
401827698,Draft Kings,-12.5,158.5,,,-110.0,-110.0,-108.0,-112.0
401827699,Draft Kings,1.5,154.5,,,-118.0,-102.0,-105.0,-115.0
401828238,Draft Kings,-4.5,145.5,,,-105.0,-115.0,-105.0,-115.0
401828239,Draft Kings,-8.5,144.5,,,-112.0,-108.0,-110.0,-110.0
401828438,Draft Kings,1.5,131.5,,,-125.0,105.0,-108.0,-112.0
401828439,Draft Kings,-6.5,148.5,,,-115.0,-105.0,-115.0,-105.0
401828440,Draft Kings,3.5,135.5,,,-102.0,-118.0,-115.0,-105.0
401828441,Draft Kings,-9.5,142.5,,,-115.0,-105.0,-105.0,-115.0
401828442,Draft Kings,-1.5,147.5,,,-110.0,-110.0,-115.0,-105.0
401828668,Draft Kings,1.5,149.5,,,-125.0,105.0,-110.0,-110.0
401828715,Draft Kings,-5.5,143.5,,,-105.0,-115.0,-110.0,-110.0
401828731,Draft Kings,-10.5,140.5,,,-102.0,-118.0,-110.0,-110.0
401828934,Draft Kings,9.5,156.5,,,-108.0,-112.0,-108.0,-112.0
401829254,Draft Kings,2.5,149.5,,,-118.0,-102.0,-112.0,-108.0
401829255,Draft Kings,-22.5,144.5,,,-112.0,-108.0,-112.0,-108.0
401829256,Draft Kings,-9.5,148.5,,,100.0,-120.0,-105.0,-115.0
401829257,Draft Kings,-7.5,140.5,,,-115.0,-105.0,-108.0,-112.0
401829258,Draft Kings,8.5,149.5,,,-102.0,-118.0,-105.0,-115.0
401829259,Draft Kings,6.5,158.5,,,-105.0,-115.0,-112.0,-108.0
401829319,Draft Kings,5.5,146.5,,,-112.0,-108.0,-115.0,-105.0
401829503,Draft Kings,11.5,143.5,,,-112.0,-108.0,-112.0,-108.0
401830215,Draft Kings,-12.5,156.5,,,-115.0,-105.0,-108.0,-112.0
401830223,Draft Kings,-3.5,145.5,,,-115.0,-105.0,-105.0,-115.0
401830243,Draft Kings,-12.5,143.5,,,-108.0,-112.0,-110.0,-110.0
401830309,Draft Kings,-15.5,153.5,,,-102.0,-118.0,-112.0,-108.0
401830310,Draft Kings,-6.5,134.5,,,-115.0,-105.0,-110.0,-110.0
401830311,Draft Kings,-7.5,138.5,,,-112.0,-108.0,-110.0,-110.0
401812081,Draft Kings,2.5,130.5,,,-105.0,-115.0,-115.0,-105.0
401813343,Draft Kings,-7.5,146.5,,,-112.0,-108.0,-112.0,-108.0
401813370,Draft Kings,-7.5,137.5,,,-108.0,-112.0,-110.0,-110.0
401813394,Draft Kings,1.5,131.5,,,-115.0,-105.0,-105.0,-115.0
401813431,Draft Kings,-5.5,135.5,,,-118.0,-102.0,-115.0,-105.0
401817676,Draft Kings,-1.5,147.5,,,102.0,-122.0,-108.0,-112.0
401817677,Draft Kings,-5.5,159.5,,,-118.0,-102.0,-115.0,-105.0
401817678,Draft Kings,3.5,163.5,,,-108.0,-112.0,-108.0,-112.0
401817679,Draft Kings,-4.5,146.5,,,-105.0,-115.0,-115.0,-105.0
401817680,Draft Kings,-2.5,152.5,,,-102.0,-118.0,-115.0,-105.0
401820593,Draft Kings,-6.5,150.5,,,-115.0,-105.0,-108.0,-112.0
401824312,Draft Kings,-6.5,136.5,,,-110.0,-110.0,-115.0,-105.0
401824375,Draft Kings,2.5,141.5,,,-115.0,-105.0,-110.0,-110.0
401824435,Draft Kings,-2.5,142.5,,,-115.0,-105.0,-105.0,-115.0
401825534,Draft Kings,-10.5,146.5,,,-118.0,-102.0,-105.0,-115.0
401825535,Draft Kings,-2.5,147.5,,,-120.0,100.0,-110.0,-110.0
401828240,Draft Kings,-5.5,152.5,,,-115.0,-105.0,-110.0,-110.0
401828241,Draft Kings,-2.5,140.5,,,-108.0,-112.0,-112.0,-108.0
401828242,Draft Kings,-4.5,147.5,,,-115.0,-105.0,-112.0,-108.0
401828243,Draft Kings,-21.5,159.5,,,-108.0,-112.0,-115.0,-105.0
401828679,Draft Kings,3.5,141.5,,,-112.0,-108.0,-108.0,-112.0
401808721,Draft Kings,-2.5,138.5,,,-115.0,-105.0,-110.0,-110.0
401808887,Draft Kings,-11.5,146.5,,,-118.0,-102.0,-110.0,-110.0
401808916,Draft Kings,-11.5,153.5,,,-108.0,-112.0,-105.0,-115.0
401808932,Draft Kings,-3.5,143.5,,,-115.0,-105.0,-115.0,-105.0
401808945,Draft Kings,-1.5,138.5,,,-118.0,-102.0,-112.0,-108.0
401808965,Draft Kings,1.5,130.5,,,-110.0,-110.0,-115.0,-105.0
401820762,Draft Kings,3.5,162.5,,,-110.0,-110.0,-108.0,-112.0
401820820,Draft Kings,2.5,138.5,,,-112.0,-108.0,-108.0,-112.0
401827098,Draft Kings,-16.5,136.5,,,-115.0,-105.0,-115.0,-105.0
401806502,Draft Kings,-7.5,142.5,,,-108.0,-112.0,-105.0,-115.0
401808257,Draft Kings,3.5,143.5,,,-102.0,-118.0,-115.0,-105.0
401808260,Draft Kings,7.5,151.5,,,-112.0,-108.0,-108.0,-112.0
401808262,Draft Kings,3.5,157.5,,,-118.0,-102.0,-110.0,-110.0
401808688,Draft Kings,1.5,141.5,,,-115.0,-105.0,-105.0,-115.0
401808689,Draft Kings,-7.5,159.5,,,-118.0,-102.0,-110.0,-110.0
401808690,Draft Kings,-9.5,158.5,,,-102.0,-118.0,-115.0,-105.0
401808691,Draft Kings,-11.5,134.5,,,-110.0,-110.0,-108.0,-112.0
401814580,Draft Kings,-15.5,160.5,,,-112.0,-108.0,-110.0,-110.0
401814581,Draft Kings,-11.5,156.5,,,-115.0,-105.0,-105.0,-115.0
401814582,Draft Kings,3.5,143.5,,,-108.0,-112.0,-105.0,-115.0
401814583,Draft Kings,8.5,151.5,,,-102.0,-118.0,-110.0,-110.0
401814584,Draft Kings,-12.5,150.5,,,-112.0,-108.0,-105.0,-115.0
401814585,Draft Kings,-11.5,149.5,,,-108.0,-112.0,-105.0,-115.0
401820573,Draft Kings,6.5,145.5,,,-105.0,-115.0,-110.0,-110.0
401820763,Draft Kings,-6.5,151.5,,,-105.0,-115.0,-115.0,-105.0
401820766,Draft Kings,2.5,152.5,,,-112.0,-108.0,-115.0,-105.0
401820767,Draft Kings,16.5,141.5,,,-105.0,-115.0,-115.0,-105.0
401822957,Draft Kings,-2.5,150.5,,,-112.0,-108.0,-112.0,-108.0
401823832,Draft Kings,-8.5,146.5,,,-105.0,-115.0,-110.0,-110.0
401825536,Draft Kings,-9.5,145.5,,,-102.0,-118.0,-108.0,-112.0
401825537,Draft Kings,-22.5,145.5,,,-105.0,-115.0,-112.0,-108.0
401825538,Draft Kings,4.5,139.5,,,-115.0,-105.0,-112.0,-108.0
401825539,Draft Kings,-6.5,150.5,,,-115.0,-105.0,-112.0,-108.0
401827700,Draft Kings,7.5,155.5,,,-115.0,-105.0,-105.0,-115.0
401827701,Draft Kings,-14.5,162.5,,,-105.0,-115.0,-108.0,-112.0
401827702,Draft Kings,-1.5,144.5,,,100.0,-120.0,-105.0,-115.0
401827703,Draft Kings,-6.5,149.5,,,-115.0,-105.0,-110.0,-110.0
401827704,Draft Kings,-6.5,143.5,,,-118.0,-102.0,-105.0,-115.0
401827705,Draft Kings,14.5,144.5,,,-112.0,-108.0,-110.0,-110.0
401828443,Draft Kings,3.5,157.5,,,-108.0,-112.0,-105.0,-115.0
401828444,Draft Kings,8.5,146.5,,,-105.0,-115.0,-112.0,-108.0
401828935,Draft Kings,-8.5,149.5,,,-115.0,-105.0,-110.0,-110.0
401829320,Draft Kings,-1.5,148.5,,,105.0,-125.0,-115.0,-105.0
401830222,Draft Kings,-1.5,141.5,,,-112.0,-108.0,-115.0,-105.0
401858739,Draft Kings,-6.5,141.5,,,-118.0,-102.0,-112.0,-108.0
401807757,Draft Kings,2.5,165.5,,,-112.0,-108.0,-105.0,-115.0
401807758,Draft Kings,2.5,146.5,,,-102.0,-118.0,-108.0,-112.0
401807759,Draft Kings,-4.5,152.5,,,-112.0,-108.0,-115.0,-105.0
401807761,Draft Kings,5.5,153.5,,,-108.0,-112.0,-115.0,-105.0
401808258,Draft Kings,-2.5,147.5,,,-108.0,-112.0,-112.0,-108.0
401808259,Draft Kings,-7.5,170.5,,,-105.0,-115.0,-112.0,-108.0
401808261,Draft Kings,-7.5,163.5,,,-105.0,-115.0,-105.0,-115.0
401808263,Draft Kings,-12.5,176.5,,,-118.0,-102.0,-115.0,-105.0
401808264,Draft Kings,6.5,157.5,,,-105.0,-115.0,-115.0,-105.0
401808692,Draft Kings,-5.5,153.5,,,-105.0,-115.0,-110.0,-110.0
401808693,Draft Kings,-14.5,153.5,,,-115.0,-105.0,-105.0,-115.0
401809383,Draft Kings,-6.5,149.5,,,-118.0,-102.0,-110.0,-110.0
401809384,Draft Kings,-15.5,143.5,,,-110.0,-110.0,-110.0,-110.0
401809385,Draft Kings,1.5,156.5,,,-122.0,102.0,-108.0,-112.0
401817681,Draft Kings,8.5,166.5,,,-105.0,-115.0,-105.0,-115.0
401817682,Draft Kings,1.5,150.5,,,-112.0,-108.0,-112.0,-108.0
401817683,Draft Kings,-8.5,150.5,,,100.0,-120.0,-110.0,-110.0
401817684,Draft Kings,5.5,169.5,,,-108.0,-112.0,-110.0,-110.0
401817685,Draft Kings,1.5,147.5,,,-120.0,100.0,-105.0,-115.0
401818434,Draft Kings,-1.5,152.5,,,102.0,-122.0,-110.0,-110.0
401820176,Draft Kings,6.5,147.5,,,-102.0,-118.0,-105.0,-115.0
401820764,Draft Kings,3.5,145.5,,,-108.0,-112.0,-108.0,-112.0
401820765,Draft Kings,4.5,163.5,,,-115.0,-105.0,-112.0,-108.0
401820768,Draft Kings,-8.5,138.5,,,-108.0,-112.0,-112.0,-108.0
401822958,Draft Kings,-5.5,170.5,,,-108.0,-112.0,-108.0,-112.0
401822959,Draft Kings,-5.5,145.5,,,-108.0,-112.0,-110.0,-110.0
401822960,Draft Kings,-3.5,142.5,,,-112.0,-108.0,-112.0,-108.0
401822961,Draft Kings,-10.5,147.5,,,-108.0,-112.0,-110.0,-110.0
401823784,Draft Kings,1.5,146.5,,,-125.0,105.0,-110.0,-110.0
401823804,Draft Kings,-7.5,150.5,,,-115.0,-105.0,-110.0,-110.0
401824376,Draft Kings,-8.5,141.5,,,-105.0,-115.0,-110.0,-110.0
401825540,Draft Kings,-6.5,141.5,,,-105.0,-115.0,-105.0,-115.0
401825541,Draft Kings,-16.5,142.5,,,-118.0,-102.0,-108.0,-112.0
401825542,Draft Kings,5.5,152.5,,,-102.0,-118.0,-108.0,-112.0
401826824,Draft Kings,-2.5,142.5,,,-118.0,-102.0,-112.0,-108.0
401827706,Draft Kings,-5.5,163.5,,,-118.0,-102.0,-108.0,-112.0
401828244,Draft Kings,2.5,133.5,,,-115.0,-105.0,-115.0,-105.0
401828245,Draft Kings,4.5,153.5,,,-110.0,-110.0,-110.0,-110.0
401828247,Draft Kings,11.5,157.5,,,-112.0,-108.0,-108.0,-112.0
401828248,Draft Kings,5.5,156.5,,,-110.0,-110.0,-108.0,-112.0
401828445,Draft Kings,-3.5,142.5,,,-108.0,-112.0,-108.0,-112.0
401828446,Draft Kings,1.5,136.5,,,-125.0,105.0,-110.0,-110.0
401828680,Draft Kings,-7.5,140.5,,,-105.0,-115.0,-105.0,-115.0
401829260,Draft Kings,-26.5,150.5,,,-115.0,-105.0,-105.0,-115.0
401829261,Draft Kings,-6.5,144.5,,,-105.0,-115.0,-108.0,-112.0
401829262,Draft Kings,-5.5,153.5,,,-108.0,-112.0,-110.0,-110.0
401829263,Draft Kings,7.5,145.5,,,-105.0,-115.0,-112.0,-108.0
401829264,Draft Kings,-1.5,149.5,,,-102.0,-118.0,-105.0,-115.0
401829410,Draft Kings,-8.5,148.5,,,-110.0,-110.0,-108.0,-112.0
401830216,Draft Kings,-18.5,152.5,,,-108.0,-112.0,-108.0,-112.0
401830312,Draft Kings,-4.5,132.5,,,-118.0,-102.0,-112.0,-108.0
401830313,Draft Kings,-8.5,147.5,,,-102.0,-118.0,-115.0,-105.0
401830314,Draft Kings,-2.5,146.5,,,-112.0,-108.0,-115.0,-105.0
401861277,Draft Kings,1.5,153.5,,,-110.0,-110.0,-115.0,-105.0
401804945,Draft Kings,-4.5,151.5,,,-115.0,-105.0,-108.0,-112.0
401804946,Draft Kings,-8.5,139.5,,,-115.0,-105.0,-105.0,-115.0
401804947,Draft Kings,-6.5,161.5,,,-102.0,-118.0,-112.0,-108.0
401804948,Draft Kings,-2.5,138.5,,,-102.0,-118.0,-118.0,-102.0
401804949,Draft Kings,1.5,152.5,,,-120.0,100.0,-110.0,-110.0
401804950,Draft Kings,-7.5,133.5,,,-112.0,-108.0,-110.0,-110.0
401805205,Draft Kings,-2.5,139.5,,,-102.0,-118.0,-112.0,-108.0
401805206,Draft Kings,-17.5,141.5,,,-110.0,-110.0,-115.0,-105.0
401805207,Draft Kings,-6.5,134.5,,,-108.0,-112.0,-108.0,-112.0
401806503,Draft Kings,-7.5,144.5,,,-110.0,-110.0,-110.0,-110.0
401806504,Draft Kings,-2.5,138.5,,,-115.0,-105.0,-112.0,-108.0
401806505,Draft Kings,-2.5,151.5,,,-118.0,-102.0,-112.0,-108.0
401806506,Draft Kings,-13.5,135.5,,,-110.0,-110.0,-108.0,-112.0
401806507,Draft Kings,-7.5,134.5,,,-115.0,-105.0,-108.0,-112.0
401807760,Draft Kings,6.5,160.5,,,-108.0,-112.0,-115.0,-105.0
401807762,Draft Kings,-7.5,138.5,,,-102.0,-118.0,-115.0,-105.0
401808468,Draft Kings,1.5,157.5,,,-120.0,100.0,-115.0,-105.0
401808485,Draft Kings,-10.5,145.5,,,-105.0,-115.0,-115.0,-105.0
401808510,Draft Kings,-7.5,161.5,,,-118.0,-102.0,-112.0,-108.0
401808520,Draft Kings,-2.5,140.5,,,-102.0,-118.0,-115.0,-105.0
401809101,Draft Kings,-14.5,148.5,,,-115.0,-105.0,-108.0,-112.0
401809119,Draft Kings,-1.5,153.5,,,-112.0,-108.0,-112.0,-108.0
401809137,Draft Kings,1.5,146.5,,,-102.0,-118.0,-115.0,-105.0
401809163,Draft Kings,-5.5,162.5,,,-110.0,-110.0,-105.0,-115.0
401809386,Draft Kings,-4.5,157.5,,,-108.0,-112.0,-105.0,-115.0
401809387,Draft Kings,-17.5,155.5,,,-102.0,-118.0,-115.0,-105.0
401812082,Draft Kings,-11.5,164.5,,,-112.0,-108.0,-108.0,-112.0
401812083,Draft Kings,-3.5,145.5,,,-115.0,-105.0,-115.0,-105.0
401812084,Draft Kings,-13.5,146.5,,,-108.0,-112.0,-110.0,-110.0
401812085,Draft Kings,-5.5,144.5,,,-112.0,-108.0,-110.0,-110.0
401812086,Draft Kings,-1.5,143.5,,,100.0,-120.0,-110.0,-110.0
401812087,Draft Kings,5.5,139.5,,,-105.0,-115.0,-112.0,-108.0
401812166,Draft Kings,-11.5,138.5,,,-102.0,-118.0,-110.0,-110.0
401812167,Draft Kings,-4.5,130.5,,,-105.0,-115.0,-108.0,-112.0
401812168,Draft Kings,-9.5,146.5,,,-102.0,-118.0,-110.0,-110.0
401812169,Draft Kings,2.5,141.5,,,-105.0,-115.0,-105.0,-115.0
401812331,Draft Kings,-4.5,139.5,,,-105.0,-115.0,-108.0,-112.0
401812378,Draft Kings,-11.5,141.5,,,-102.0,-118.0,-105.0,-115.0
401812399,Draft Kings,-4.5,140.5,,,-115.0,-105.0,-105.0,-115.0
401812417,Draft Kings,-2.5,131.5,,,-108.0,-112.0,-108.0,-112.0
401812658,Draft Kings,-3.5,141.5,,,-110.0,-110.0,-105.0,-115.0
401818432,Draft Kings,-3.5,155.5,,,100.0,-120.0,-115.0,-105.0
401818433,Draft Kings,12.5,152.5,,,-115.0,-105.0,-110.0,-110.0
401818435,Draft Kings,2.5,156.5,,,-115.0,-105.0,-110.0,-110.0
401823958,Draft Kings,12.5,151.5,,,-115.0,-105.0,-110.0,-110.0
401823959,Draft Kings,12.5,145.5,,,-108.0,-112.0,-115.0,-105.0
401823960,Draft Kings,-7.5,152.5,,,-118.0,-102.0,-112.0,-108.0
401823961,Draft Kings,8.5,164.5,,,-112.0,-108.0,-105.0,-115.0
401825543,Draft Kings,-5.5,143.5,,,-115.0,-105.0,-108.0,-112.0
401826049,Draft Kings,-10.5,145.5,,,-118.0,-102.0,-105.0,-115.0
401827035,Draft Kings,-8.5,147.5,,,-120.0,100.0,-108.0,-112.0
401827080,Draft Kings,-3.5,161.5,,,-110.0,-110.0,-112.0,-108.0
401827107,Draft Kings,-1.5,144.5,,,-105.0,-115.0,-115.0,-105.0
401828246,Draft Kings,-4.5,145.5,,,-105.0,-115.0,-115.0,-105.0
401828249,Draft Kings,-1.5,149.5,,,-105.0,-115.0,-108.0,-112.0
401828447,Draft Kings,-2.5,144.5,,,-115.0,-105.0,-115.0,-105.0
401829691,Draft Kings,-5.5,145.5,,,-118.0,-102.0,-115.0,-105.0
401808694,Draft Kings,1.5,149.5,,,-122.0,102.0,-105.0,-115.0
401808695,Draft Kings,-6.5,141.5,,,-110.0,-110.0,-112.0,-108.0
401808696,Draft Kings,-7.5,168.5,,,-108.0,-112.0,-108.0,-112.0
401808697,Draft Kings,1.5,135.5,,,-125.0,105.0,-108.0,-112.0
401808698,Draft Kings,-13.5,146.5,,,-118.0,-102.0,-110.0,-110.0
401808699,Draft Kings,-4.5,141.5,,,-105.0,-115.0,-110.0,-110.0
401808700,Draft Kings,-18.5,153.5,,,-112.0,-108.0,-115.0,-105.0
401812596,Draft Kings,-6.5,154.5,,,-102.0,-118.0,-110.0,-110.0
401812623,Draft Kings,3.5,130.5,,,-108.0,-112.0,-105.0,-115.0
401813318,Draft Kings,-7.5,145.5,,,-105.0,-115.0,-105.0,-115.0
401813371,Draft Kings,8.5,129.5,,,-108.0,-112.0,-110.0,-110.0
401813395,Draft Kings,8.5,136.5,,,-108.0,-112.0,-105.0,-115.0
401813418,Draft Kings,-2.5,150.5,,,-110.0,-110.0,-112.0,-108.0
401813432,Draft Kings,1.5,142.5,,,-122.0,102.0,-115.0,-105.0
401814586,Draft Kings,3.5,166.5,,,-110.0,-110.0,-105.0,-115.0
401814590,Draft Kings,12.5,161.5,,,-115.0,-105.0,-112.0,-108.0
401818335,Draft Kings,4.5,164.5,,,-105.0,-115.0,-105.0,-115.0
401818546,Draft Kings,-5.5,140.5,,,-102.0,-118.0,-105.0,-115.0
401823856,Draft Kings,-11.5,141.5,,,-105.0,-115.0,-112.0,-108.0
401825544,Draft Kings,1.5,159.5,,,-102.0,-118.0,-115.0,-105.0
401828448,Draft Kings,-2.5,152.5,,,-112.0,-108.0,-112.0,-108.0
401804951,Draft Kings,-5.5,148.5,,,-105.0,-115.0,-105.0,-115.0
401804952,Draft Kings,-9.5,145.5,,,-105.0,-115.0,-112.0,-108.0
401804953,Draft Kings,-2.5,145.5,,,-108.0,-112.0,-112.0,-108.0
401804954,Draft Kings,-6.5,152.5,,,-110.0,-110.0,-110.0,-110.0
401804955,Draft Kings,3.5,139.5,,,-110.0,-110.0,-105.0,-115.0
401804956,Draft Kings,-11.5,143.5,,,-115.0,-105.0,-108.0,-112.0
401805208,Draft Kings,-14.5,140.5,,,-105.0,-115.0,-115.0,-105.0
401805209,Draft Kings,-8.5,139.5,,,-105.0,-115.0,-105.0,-115.0
401805210,Draft Kings,1.5,156.5,,,-108.0,-112.0,-108.0,-112.0
401806508,Draft Kings,-5.5,129.5,,,-118.0,-102.0,-115.0,-105.0
401806509,Draft Kings,11.5,149.5,,,-110.0,-110.0,-115.0,-105.0
401806510,Draft Kings,-5.5,139.5,,,-105.0,-115.0,-112.0,-108.0
401806511,Draft Kings,-7.5,141.5,,,-110.0,-110.0,-112.0,-108.0
401806512,Draft Kings,-2.5,143.5,,,-112.0,-108.0,-110.0,-110.0
401807763,Draft Kings,5.5,153.5,,,-118.0,-102.0,-112.0,-108.0
401807764,Draft Kings,5.5,150.5,,,-112.0,-108.0,-112.0,-108.0
401807765,Draft Kings,1.5,151.5,,,-108.0,-112.0,-105.0,-115.0
401807766,Draft Kings,1.5,157.5,,,-102.0,-118.0,-115.0,-105.0
401807767,Draft Kings,-4.5,146.5,,,-118.0,-102.0,-112.0,-108.0
401807768,Draft Kings,-2.5,163.5,,,-118.0,-102.0,-112.0,-108.0
401808265,Draft Kings,-10.5,153.5,,,-120.0,100.0,-112.0,-108.0
401808266,Draft Kings,-9.5,169.5,,,-108.0,-112.0,-105.0,-115.0
401808267,Draft Kings,-12.5,158.5,,,-115.0,-105.0,-108.0,-112.0
401808268,Draft Kings,-1.5,157.5,,,-108.0,-112.0,-115.0,-105.0
401808269,Draft Kings,-1.5,155.5,,,-118.0,-102.0,-112.0,-108.0
401808270,Draft Kings,1.5,154.5,,,-110.0,-110.0,-115.0,-105.0
401808271,Draft Kings,-5.5,162.5,,,-110.0,-110.0,-112.0,-108.0
401808272,Draft Kings,-2.5,159.5,,,-105.0,-115.0,-115.0,-105.0
401808469,Draft Kings,-9.5,146.5,,,-118.0,-102.0,-115.0,-105.0
401808486,Draft Kings,-2.5,156.5,,,-105.0,-115.0,-110.0,-110.0
401808499,Draft Kings,-2.5,152.5,,,-105.0,-115.0,-115.0,-105.0
401808511,Draft Kings,-1.5,141.5,,,105.0,-125.0,-110.0,-110.0
401808521,Draft Kings,-6.5,158.5,,,-115.0,-105.0,-108.0,-112.0
401808722,Draft Kings,-10.5,146.5,,,-110.0,-110.0,-110.0,-110.0
401808888,Draft Kings,10.5,150.5,,,-108.0,-112.0,-112.0,-108.0
401808933,Draft Kings,-4.5,139.5,,,-105.0,-115.0,-112.0,-108.0
401808946,Draft Kings,-5.5,134.5,,,-105.0,-115.0,-105.0,-115.0
401808974,Draft Kings,8.5,138.5,,,-112.0,-108.0,-105.0,-115.0
401809102,Draft Kings,-7.5,164.5,,,-105.0,-115.0,-112.0,-108.0
401809120,Draft Kings,-3.5,138.5,,,-112.0,-108.0,-108.0,-112.0
401809150,Draft Kings,3.5,158.5,,,-105.0,-115.0,-108.0,-112.0
401809388,Draft Kings,-11.5,154.5,,,-110.0,-110.0,-115.0,-105.0
401809389,Draft Kings,-1.5,149.5,,,-112.0,-108.0,-112.0,-108.0
401809390,Draft Kings,-8.5,156.5,,,-115.0,-105.0,-112.0,-108.0
401809391,Draft Kings,1.5,147.5,,,-118.0,-102.0,-105.0,-115.0
401809392,Draft Kings,-11.5,148.5,,,-120.0,100.0,-112.0,-108.0
401812089,Draft Kings,-4.5,142.5,,,-118.0,-102.0,-115.0,-105.0
401812090,Draft Kings,-3.5,150.5,,,-105.0,-115.0,-115.0,-105.0
401812091,Draft Kings,8.5,163.5,,,-115.0,-105.0,-110.0,-110.0
401812092,Draft Kings,-11.5,140.5,,,-108.0,-112.0,-108.0,-112.0
401812093,Draft Kings,-3.5,145.5,,,-105.0,-115.0,-112.0,-108.0
401812170,Draft Kings,1.5,133.5,,,-112.0,-108.0,-105.0,-115.0
401812171,Draft Kings,2.5,150.5,,,-105.0,-115.0,-112.0,-108.0
401812172,Draft Kings,-3.5,138.5,,,-105.0,-115.0,-108.0,-112.0
401812173,Draft Kings,1.5,138.5,,,-105.0,-115.0,-112.0,-108.0
401812332,Draft Kings,-9.5,137.5,,,-118.0,-102.0,-112.0,-108.0
401812349,Draft Kings,1.5,137.5,,,-102.0,-118.0,-110.0,-110.0
401812400,Draft Kings,-8.5,152.5,,,-105.0,-115.0,-105.0,-115.0
401812410,Draft Kings,1.5,137.5,,,-120.0,100.0,-105.0,-115.0
401812418,Draft Kings,-4.5,134.5,,,-115.0,-105.0,-112.0,-108.0
401812597,Draft Kings,-1.5,138.5,,,102.0,-122.0,-115.0,-105.0
401814587,Draft Kings,-1.5,133.5,,,-108.0,-112.0,-112.0,-108.0
401814588,Draft Kings,-5.5,151.5,,,-112.0,-108.0,-108.0,-112.0
401814589,Draft Kings,-3.5,150.5,,,-112.0,-108.0,-110.0,-110.0
401814591,Draft Kings,-1.5,158.5,,,-118.0,-102.0,-110.0,-110.0
401817687,Draft Kings,-3.5,153.5,,,-105.0,-115.0,-112.0,-108.0
401817688,Draft Kings,-8.5,160.5,,,-105.0,-115.0,-108.0,-112.0
401817689,Draft Kings,-12.5,157.5,,,-112.0,-108.0,-115.0,-105.0
401817690,Draft Kings,-1.5,141.5,,,105.0,-125.0,-110.0,-110.0
401818336,Draft Kings,6.5,147.5,,,-110.0,-110.0,-105.0,-115.0
401818436,Draft Kings,-11.5,152.5,,,-115.0,-105.0,-110.0,-110.0
401818437,Draft Kings,3.5,151.5,,,-112.0,-108.0,-110.0,-110.0
401818438,Draft Kings,-11.5,158.5,,,-105.0,-115.0,-112.0,-108.0
401818439,Draft Kings,3.5,149.5,,,-105.0,-115.0,-108.0,-112.0
401818564,Draft Kings,-9.5,156.5,,,-102.0,-118.0,-112.0,-108.0
401820177,Draft Kings,-6.5,141.5,,,-105.0,-115.0,-108.0,-112.0
401820208,Draft Kings,-1.5,151.5,,,-108.0,-112.0,-105.0,-115.0
401820497,Draft Kings,-1.5,138.5,,,102.0,-122.0,-105.0,-115.0
401820769,Draft Kings,-6.5,143.5,,,-115.0,-105.0,-110.0,-110.0
401820770,Draft Kings,2.5,146.5,,,-110.0,-110.0,-115.0,-105.0
401820771,Draft Kings,-9.5,143.5,,,-110.0,-110.0,-105.0,-115.0
401820772,Draft Kings,5.5,158.5,,,-115.0,-105.0,-108.0,-112.0
401820773,Draft Kings,-15.5,143.5,,,-112.0,-108.0,-115.0,-105.0
401820774,Draft Kings,-7.5,149.5,,,-108.0,-112.0,-112.0,-108.0
401820775,Draft Kings,6.5,153.5,,,-115.0,-105.0,-110.0,-110.0
401820776,Draft Kings,1.5,155.5,,,-122.0,102.0,-108.0,-112.0
401820777,Draft Kings,-3.5,152.5,,,-110.0,-110.0,-112.0,-108.0
401822778,Draft Kings,5.5,140.5,,,-105.0,-115.0,-115.0,-105.0
401822962,Draft Kings,-7.5,147.5,,,-112.0,-108.0,-112.0,-108.0
401822963,Draft Kings,-12.5,130.5,,,-118.0,-102.0,-115.0,-105.0
401822964,Draft Kings,-3.5,166.5,,,-115.0,-105.0,-110.0,-110.0
401822965,Draft Kings,-4.5,155.5,,,-110.0,-110.0,-112.0,-108.0
401823054,Draft Kings,-5.5,132.5,,,-115.0,-105.0,-110.0,-110.0
401823270,Draft Kings,4.5,158.5,,,-105.0,-115.0,-105.0,-115.0
401823339,Draft Kings,3.5,152.5,,,-112.0,-108.0,-112.0,-108.0
401823785,Draft Kings,-1.5,150.5,,,-115.0,-105.0,-105.0,-115.0
401823805,Draft Kings,-9.5,147.5,,,-105.0,-115.0,-108.0,-112.0
401823833,Draft Kings,7.5,149.5,,,-112.0,-108.0,-105.0,-115.0
401823962,Draft Kings,-4.5,148.5,,,-108.0,-112.0,-115.0,-105.0
401823963,Draft Kings,-11.5,146.5,,,-118.0,-102.0,-105.0,-115.0
401823964,Draft Kings,-7.5,150.5,,,-105.0,-115.0,-112.0,-108.0
401823965,Draft Kings,-1.5,154.5,,,-110.0,-110.0,-115.0,-105.0
401824377,Draft Kings,-3.5,140.5,,,-102.0,-118.0,-115.0,-105.0
401825545,Draft Kings,1.5,136.5,,,-112.0,-108.0,-115.0,-105.0
401825546,Draft Kings,-3.5,141.5,,,-108.0,-112.0,-110.0,-110.0
401825547,Draft Kings,9.5,143.5,,,-115.0,-105.0,-112.0,-108.0
401825548,Draft Kings,5.5,149.5,,,-112.0,-108.0,-105.0,-115.0
401825549,Draft Kings,1.5,153.5,,,-102.0,-118.0,-112.0,-108.0
401826825,Draft Kings,-3.5,144.5,,,-105.0,-115.0,-112.0,-108.0
401826868,Draft Kings,-1.5,142.5,,,-115.0,-105.0,-105.0,-115.0
401827036,Draft Kings,-2.5,153.5,,,-110.0,-110.0,-108.0,-112.0
401827081,Draft Kings,-4.5,150.5,,,-112.0,-108.0,-115.0,-105.0
401827108,Draft Kings,-4.5,140.5,,,-105.0,-115.0,-112.0,-108.0
401827150,Draft Kings,-14.5,147.5,,,-102.0,-118.0,-115.0,-105.0
401827169,Draft Kings,-1.5,143.5,,,-102.0,-118.0,-105.0,-115.0
401827707,Draft Kings,-9.5,151.5,,,-115.0,-105.0,-112.0,-108.0
401827708,Draft Kings,-6.5,150.5,,,-115.0,-105.0,-115.0,-105.0
401827709,Draft Kings,-1.5,159.5,,,-105.0,-115.0,-115.0,-105.0
401827710,Draft Kings,-9.5,151.5,,,-110.0,-110.0,-112.0,-108.0
401827711,Draft Kings,-20.5,139.5,,,-105.0,-115.0,-108.0,-112.0
401827712,Draft Kings,-10.5,145.5,,,-105.0,-115.0,-105.0,-115.0
401827713,Draft Kings,3.5,159.5,,,-115.0,-105.0,-115.0,-105.0
401827714,Draft Kings,2.5,141.5,,,-105.0,-115.0,-105.0,-115.0
401828449,Draft Kings,-13.5,160.5,,,-115.0,-105.0,-112.0,-108.0
401828450,Draft Kings,-12.5,144.5,,,-115.0,-105.0,-105.0,-115.0
401828451,Draft Kings,-3.5,146.5,,,-105.0,-115.0,-105.0,-115.0
401828452,Draft Kings,2.5,146.5,,,-105.0,-115.0,-108.0,-112.0
401828453,Draft Kings,-2.5,141.5,,,-102.0,-118.0,-108.0,-112.0
401828669,Draft Kings,-6.5,152.5,,,-105.0,-115.0,-110.0,-110.0
401828716,Draft Kings,8.5,158.5,,,-105.0,-115.0,-112.0,-108.0
401829265,Draft Kings,2.5,143.5,,,-115.0,-105.0,-110.0,-110.0
401829266,Draft Kings,-15.5,153.5,,,-118.0,-102.0,-112.0,-108.0
401829267,Draft Kings,-2.5,148.5,,,-108.0,-112.0,-110.0,-110.0
401829268,Draft Kings,-3.5,142.5,,,-112.0,-108.0,-115.0,-105.0
401829269,Draft Kings,-1.5,136.5,,,-102.0,-118.0,-115.0,-105.0
401829270,Draft Kings,7.5,158.5,,,-105.0,-115.0,-105.0,-115.0
401829321,Draft Kings,1.5,150.5,,,-112.0,-108.0,-108.0,-112.0
401829333,Draft Kings,4.5,151.5,,,-108.0,-112.0,-110.0,-110.0
401829400,Draft Kings,-5.5,138.5,,,-105.0,-115.0,-115.0,-105.0
401830245,Draft Kings,2.5,135.5,,,-110.0,-110.0,-110.0,-110.0
401830315,Draft Kings,5.5,137.5,,,-112.0,-108.0,-115.0,-105.0
401830777,Draft Kings,-20.5,145.5,,,-112.0,-108.0,-115.0,-105.0
401857754,Draft Kings,1.5,163.5,,,-105.0,-115.0,-105.0,-115.0
401812088,Draft Kings,-5.5,146.5,,,-108.0,-112.0,-115.0,-105.0
401813308,Draft Kings,2.5,151.5,,,-118.0,-102.0,-115.0,-105.0
401813344,Draft Kings,-4.5,132.5,,,-115.0,-105.0,-105.0,-115.0
401813372,Draft Kings,7.5,138.5,,,-110.0,-110.0,-108.0,-112.0
401813396,Draft Kings,7.5,126.5,,,-110.0,-110.0,-110.0,-110.0
401813419,Draft Kings,-4.5,145.5,,,-105.0,-115.0,-110.0,-110.0
401813433,Draft Kings,-14.5,137.5,,,-112.0,-108.0,-115.0,-105.0
401822966,Draft Kings,-4.5,139.5,,,-108.0,-112.0,-112.0,-108.0
401825550,Draft Kings,2.5,144.5,,,-102.0,-118.0,-110.0,-110.0
401825551,Draft Kings,-4.5,143.5,,,-115.0,-105.0,-108.0,-112.0
401825552,Draft Kings,6.5,149.5,,,-112.0,-108.0,-112.0,-108.0
401828250,Draft Kings,-4.5,142.5,,,-108.0,-112.0,-108.0,-112.0
401828251,Draft Kings,-6.5,147.5,,,-112.0,-108.0,-115.0,-105.0
401828252,Draft Kings,4.5,152.5,,,-108.0,-112.0,-115.0,-105.0
401828253,Draft Kings,-6.5,142.5,,,-115.0,-105.0,-115.0,-105.0
401828254,Draft Kings,-15.5,155.5,,,-108.0,-112.0,-110.0,-110.0
401828255,Draft Kings,15.5,151.5,,,-110.0,-110.0,-112.0,-108.0
401828454,Draft Kings,-10.5,133.5,,,-115.0,-105.0,-108.0,-112.0
401830217,Draft Kings,1.5,150.5,,,-125.0,105.0,-112.0,-108.0
401830221,Draft Kings,-3.5,157.5,,,-112.0,-108.0,-112.0,-108.0
401830316,Draft Kings,3.5,144.5,,,-108.0,-112.0,-110.0,-110.0
401830317,Draft Kings,4.5,137.5,,,-118.0,-102.0,-110.0,-110.0
401858741,Draft Kings,9.5,139.5,,,-115.0,-105.0,-110.0,-110.0
401808470,Draft Kings,-3.5,151.5,,,-105.0,-115.0,-105.0,-115.0
401808500,Draft Kings,1.5,160.5,,,-125.0,105.0,-112.0,-108.0
401808512,Draft Kings,-5.5,154.5,,,-115.0,-105.0,-112.0,-108.0
401808522,Draft Kings,5.5,142.5,,,-112.0,-108.0,-115.0,-105.0
401808540,Draft Kings,-4.5,144.5,,,-112.0,-108.0,-110.0,-110.0
401808723,Draft Kings,-7.5,136.5,,,-118.0,-102.0,-115.0,-105.0
401808889,Draft Kings,9.5,145.5,,,-102.0,-118.0,-110.0,-110.0
401808917,Draft Kings,-6.5,143.5,,,-112.0,-108.0,-112.0,-108.0
401808947,Draft Kings,-9.5,139.5,,,-105.0,-115.0,-112.0,-108.0
401808975,Draft Kings,7.5,142.5,,,-108.0,-112.0,-112.0,-108.0
401820481,Draft Kings,2.5,132.5,,,-115.0,-105.0,-112.0,-108.0
401820778,Draft Kings,8.5,150.5,,,-102.0,-118.0,-112.0,-108.0
401820821,Draft Kings,-7.5,149.5,,,-102.0,-118.0,-105.0,-115.0
401822779,Draft Kings,-19.5,140.5,,,-108.0,-112.0,-108.0,-112.0
401823055,Draft Kings,-2.5,133.5,,,-105.0,-115.0,-110.0,-110.0
401828717,Draft Kings,3.5,156.5,,,-115.0,-105.0,-115.0,-105.0
401829289,Draft Kings,-3.5,134.5,,,-108.0,-112.0,-110.0,-110.0
401851421,Draft Kings,2.5,169.5,,,-118.0,-102.0,-110.0,-110.0
401808274,Draft Kings,-20.5,161.5,,,-115.0,-105.0,-110.0,-110.0
401808275,Draft Kings,-1.5,162.5,,,-108.0,-112.0,-110.0,-110.0
401808276,Draft Kings,-10.5,155.5,,,-105.0,-115.0,-110.0,-110.0
401808277,Draft Kings,1.5,179.5,,,-110.0,-110.0,-110.0,-110.0
401808278,Draft Kings,10.5,141.5,,,-105.0,-115.0,-108.0,-112.0
401808279,Draft Kings,7.5,155.5,,,-112.0,-108.0,-110.0,-110.0
401808280,Draft Kings,1.5,153.5,,,-122.0,102.0,-112.0,-108.0
401812094,Draft Kings,3.5,148.5,,,-105.0,-115.0,-110.0,-110.0
401812095,Draft Kings,-8.5,133.5,,,-112.0,-108.0,-105.0,-115.0
401812096,Draft Kings,1.5,137.5,,,-115.0,-105.0,-105.0,-115.0
401812097,Draft Kings,-11.5,163.5,,,-105.0,-115.0,-105.0,-115.0
401812098,Draft Kings,-8.5,154.5,,,-112.0,-108.0,-115.0,-105.0
401812099,Draft Kings,4.5,145.5,,,-108.0,-112.0,-112.0,-108.0
401812174,Draft Kings,-9.5,136.5,,,-110.0,-110.0,-108.0,-112.0
401812175,Draft Kings,-2.5,135.5,,,-105.0,-115.0,-115.0,-105.0
401812176,Draft Kings,4.5,143.5,,,-115.0,-105.0,-110.0,-110.0
401812177,Draft Kings,1.5,139.5,,,-120.0,100.0,-110.0,-110.0
401814592,Draft Kings,11.5,158.5,,,-112.0,-108.0,-110.0,-110.0
401814593,Draft Kings,-1.5,138.5,,,-105.0,-115.0,-105.0,-115.0
401814594,Draft Kings,-5.5,143.5,,,-110.0,-110.0,-112.0,-108.0
401814595,Draft Kings,10.5,148.5,,,-112.0,-108.0,-115.0,-105.0
401814596,Draft Kings,-1.5,156.5,,,-110.0,-110.0,-108.0,-112.0
401814597,Draft Kings,-7.5,162.5,,,-115.0,-105.0,-110.0,-110.0
401820575,Draft Kings,19.5,143.5,,,-115.0,-105.0,-105.0,-115.0
401820779,Draft Kings,-2.5,141.5,,,-110.0,-110.0,-110.0,-110.0
401820781,Draft Kings,-14.5,159.5,,,-110.0,-110.0,-115.0,-105.0
401820785,Draft Kings,-14.5,150.5,,,-115.0,-105.0,-105.0,-115.0
401820786,Draft Kings,-11.5,142.5,,,-110.0,-110.0,-105.0,-115.0
401822967,Draft Kings,-15.5,148.5,,,-108.0,-112.0,-110.0,-110.0
401822968,Draft Kings,1.5,144.5,,,-108.0,-112.0,-110.0,-110.0
401823786,Draft Kings,-1.5,143.5,,,110.0,-130.0,-112.0,-108.0
401825553,Draft Kings,-17.5,147.5,,,-105.0,-115.0,-105.0,-110.0
401825554,Draft Kings,-1.5,144.5,,,105.0,-125.0,-115.0,-105.0
401827037,Draft Kings,-1.5,153.5,,,105.0,-125.0,-115.0,-105.0
401827105,Draft Kings,-2.5,140.5,,,-108.0,-112.0,-110.0,-110.0
401827151,Draft Kings,1.5,153.5,,,-118.0,-102.0,-105.0,-115.0
401827715,Draft Kings,5.5,151.5,,,-105.0,-115.0,-105.0,-115.0
401827716,Draft Kings,-8.5,167.5,,,-110.0,-110.0,-110.0,-110.0
401827717,Draft Kings,-1.5,151.5,,,-118.0,-102.0,-108.0,-112.0
401827718,Draft Kings,3.5,143.5,,,-108.0,-112.0,-108.0,-112.0
401827719,Draft Kings,-8.5,147.5,,,-105.0,-115.0,-110.0,-110.0
401827720,Draft Kings,1.5,148.5,,,-125.0,105.0,-105.0,-115.0
401828455,Draft Kings,5.5,144.5,,,-118.0,-102.0,-110.0,-110.0
401828456,Draft Kings,-9.5,147.5,,,-115.0,-105.0,-110.0,-110.0
401828936,Draft Kings,-7.5,151.5,,,-112.0,-108.0,-105.0,-115.0
401829322,Draft Kings,1.5,143.5,,,-110.0,-110.0,-105.0,-115.0
401829339,Draft Kings,7.5,156.5,,,-110.0,-110.0,-108.0,-112.0
401829692,Draft Kings,-9.5,139.5,,,-110.0,-110.0,-110.0,-110.0
401851430,Draft Kings,-3.5,145.5,,,-118.0,-102.0,-108.0,-112.0
401851541,Draft Kings,-1.5,144.5,,,100.0,-120.0,-115.0,-105.0
401851542,Draft Kings,-4.5,141.5,,,-108.0,-112.0,-110.0,-110.0
401851633,Draft Kings,1.5,134.5,,,-118.0,-102.0,-110.0,-110.0
401851635,Draft Kings,-9.5,157.5,,,-118.0,-102.0,-105.0,-115.0
401808273,Draft Kings,-6.5,163.5,,,-118.0,-102.0,-112.0,-108.0
401820780,Draft Kings,2.5,154.5,,,-115.0,-105.0,-115.0,-105.0
401820782,Draft Kings,1.5,147.5,,,-120.0,100.0,-115.0,-105.0
401820783,Draft Kings,1.5,144.5,,,-112.0,-108.0,-110.0,-110.0
401820784,Draft Kings,-1.5,156.5,,,-110.0,-110.0,-112.0,-108.0
401822969,Draft Kings,-2.5,155.5,,,-110.0,-110.0,-108.0,-112.0
401822970,Draft Kings,1.5,135.5,,,-105.0,-115.0,-115.0,-105.0
401822971,Draft Kings,-3.5,161.5,,,-112.0,-108.0,-112.0,-108.0
401825555,Draft Kings,-7.5,138.5,,,-108.0,-112.0,-110.0,-110.0
401825556,Draft Kings,12.5,145.5,,,-115.0,-105.0,-110.0,-110.0
401825557,Draft Kings,7.5,152.5,,,-115.0,-105.0,-115.0,-105.0
401825558,Draft Kings,-5.5,150.5,,,-102.0,-118.0,-115.0,-105.0
401825559,Draft Kings,-14.5,153.5,,,-110.0,-110.0,-112.0,-108.0
401827721,Draft Kings,-12.5,143.5,,,-118.0,-102.0,-102.0,-118.0
401828256,Draft Kings,2.5,146.5,,,-110.0,-110.0,-115.0,-105.0
401828258,Draft Kings,-6.5,137.5,,,-110.0,-110.0,-108.0,-112.0
401828457,Draft Kings,-1.5,136.5,,,-115.0,-105.0,-110.0,-110.0
401828458,Draft Kings,-2.5,143.5,,,-115.0,-105.0,-112.0,-108.0
401828459,Draft Kings,3.5,131.5,,,-110.0,-110.0,-110.0,-110.0
401828460,Draft Kings,-7.5,157.5,,,-115.0,-105.0,-110.0,-110.0
401828461,Draft Kings,-21.5,155.5,,,-110.0,-110.0,-105.0,-115.0
401830832,Draft Kings,-8.5,150.5,,,-108.0,-112.0,-110.0,-110.0
401851238,Draft Kings,-1.5,144.5,,,105.0,-125.0,-115.0,-105.0
401851239,Draft Kings,-8.5,139.5,,,-102.0,-118.0,-110.0,-110.0
401851241,Draft Kings,-5.5,155.5,,,-115.0,-105.0,-105.0,-115.0
401851243,Draft Kings,-3.5,160.5,,,-110.0,-110.0,-110.0,-110.0
401851346,Draft Kings,-10.5,143.5,,,-112.0,-108.0,-115.0,-105.0
401851423,Draft Kings,-14.5,162.5,,,-112.0,-108.0,-110.0,-110.0
401851424,Draft Kings,-3.5,143.5,,,-105.0,-115.0,-110.0,-110.0
401851426,Draft Kings,-1.5,151.5,,,-105.0,-115.0,-112.0,-108.0
401851428,Draft Kings,-1.5,161.5,,,-110.0,-110.0,-115.0,-105.0
401851513,Draft Kings,-10.5,137.5,,,-112.0,-108.0,-112.0,-108.0
401851514,Draft Kings,-3.5,139.5,,,-108.0,-112.0,-108.0,-112.0
401851515,Draft Kings,-3.5,131.5,,,-110.0,-110.0,-115.0,-105.0
401851516,Draft Kings,-4.5,140.5,,,-115.0,-105.0,-110.0,-110.0
401851523,Draft Kings,-3.5,128.5,,,-115.0,-105.0,-110.0,-110.0
401851524,Draft Kings,-5.5,148.5,,,-108.0,-112.0,-112.0,-108.0
401851619,Draft Kings,-8.5,149.5,,,-115.0,-105.0,-110.0,-110.0
401851636,Draft Kings,-6.5,134.5,,,-112.0,-108.0,-115.0,-105.0
401851637,Draft Kings,-2.5,157.5,,,-108.0,-112.0,-110.0,-110.0
401804957,Draft Kings,7.5,147.5,,,-108.0,-112.0,-112.0,-108.0
401804958,Draft Kings,-8.5,136.5,,,-118.0,-102.0,-110.0,-110.0
401804959,Draft Kings,-6.5,145.5,,,-102.0,-118.0,-108.0,-112.0
401804960,Draft Kings,3.5,148.5,,,-108.0,-112.0,-110.0,-110.0
401804961,Draft Kings,1.5,152.5,,,-125.0,105.0,-110.0,-110.0
401804962,Draft Kings,-1.5,153.5,,,110.0,-130.0,-112.0,-108.0
401805211,Draft Kings,-9.5,136.5,,,-108.0,-112.0,-108.0,-112.0
401805212,Draft Kings,-1.5,136.5,,,-102.0,-118.0,-108.0,-112.0
401805213,Draft Kings,9.5,150.5,,,-105.0,-115.0,-108.0,-112.0
401809103,Draft Kings,2.5,156.5,,,-105.0,-115.0,-108.0,-112.0
401809121,Draft Kings,-9.5,160.5,,,-110.0,-110.0,-112.0,-108.0
401809138,Draft Kings,1.5,149.5,,,-105.0,-115.0,-115.0,-105.0
401809151,Draft Kings,-12.5,150.5,,,-115.0,-105.0,-110.0,-110.0
401822780,Draft Kings,-5.5,149.5,,,-115.0,-105.0,-115.0,-105.0
401823056,Draft Kings,-5.5,124.5,,,-108.0,-112.0,-112.0,-108.0
401823271,Draft Kings,8.5,163.5,,,-112.0,-108.0,-115.0,-105.0
401825560,Draft Kings,9.5,146.5,,,-115.0,-105.0,-112.0,-108.0
401825561,Draft Kings,-20.5,141.5,,,-110.0,-110.0,-115.0,-105.0
401827038,Draft Kings,1.5,145.5,,,-125.0,105.0,-108.0,-112.0
401827082,Draft Kings,-1.5,154.5,,,-110.0,-110.0,-108.0,-112.0
401827106,Draft Kings,-2.5,144.5,,,-105.0,-115.0,-112.0,-108.0
401827126,Draft Kings,2.5,145.5,,,-110.0,-110.0,-112.0,-108.0
401827152,Draft Kings,1.5,145.5,,,-112.0,-108.0,-112.0,-108.0
401828257,Draft Kings,8.5,156.5,,,-105.0,-115.0,-110.0,-110.0
401828259,Draft Kings,-4.5,144.5,,,-110.0,-110.0,-110.0,-110.0
401828260,Draft Kings,7.5,163.5,,,-110.0,-110.0,-110.0,-110.0
401828670,Draft Kings,-11.5,144.5,,,-108.0,-112.0,-115.0,-105.0
401828732,Draft Kings,6.5,149.5,,,-115.0,-105.0,-110.0,-110.0
401829290,Draft Kings,-7.5,140.5,,,-108.0,-112.0,-115.0,-105.0
401851454,Draft Kings,-3.5,149.5,,,-102.0,-118.0,-112.0,-108.0
401851456,Draft Kings,-3.5,148.5,,,-115.0,-105.0,-105.0,-115.0
401851485,Draft Kings,-5.5,140.5,,,-105.0,-115.0,-112.0,-108.0
401851486,Draft Kings,-2.5,140.5,,,-102.0,-118.0,-110.0,-110.0
401851487,Draft Kings,-13.5,127.5,,,-120.0,100.0,-110.0,-110.0
401851526,Draft Kings,-7.5,126.5,,,-112.0,-108.0,-112.0,-108.0
401851528,Draft Kings,-3.5,148.5,,,-105.0,-115.0,-115.0,-105.0
401851543,Draft Kings,-15.5,133.5,,,-108.0,-112.0,-110.0,-110.0
401851544,Draft Kings,-1.5,141.5,,,100.0,-120.0,-108.0,-112.0
401851545,Draft Kings,-6.5,155.5,,,-108.0,-112.0,-105.0,-115.0
401851546,Draft Kings,-5.5,142.5,,,-115.0,-105.0,-105.0,-115.0
401851620,Draft Kings,-12.5,147.5,,,-112.0,-108.0,-112.0,-108.0
401851622,Draft Kings,-4.5,150.5,,,-115.0,-105.0,-105.0,-115.0
401851698,Draft Kings,2.5,143.5,,,-118.0,-102.0,-115.0,-105.0
401851699,Draft Kings,-7.5,165.5,,,-105.0,-115.0,-112.0,-108.0
401851745,Draft Kings,-3.5,154.5,,,-108.0,-112.0,-110.0,-110.0
401851746,Draft Kings,-5.5,145.5,,,-112.0,-108.0,-108.0,-112.0
401812624,Draft Kings,-4.5,136.5,,,-112.0,-108.0,-110.0,-110.0
401814598,Draft Kings,5.5,142.5,,,-112.0,-108.0,-112.0,-108.0
401814599,Draft Kings,-5.5,155.5,,,-105.0,-115.0,-110.0,-110.0
401814600,Draft Kings,-2.5,134.5,,,-108.0,-112.0,-115.0,-105.0
401814601,Draft Kings,3.5,159.5,,,-112.0,-108.0,-108.0,-112.0
401814602,Draft Kings,-23.5,155.5,,,-110.0,-110.0,-115.0,-105.0
401814603,Draft Kings,-13.5,157.5,,,100.0,-120.0,-110.0,-110.0
401818565,Draft Kings,-1.5,146.5,,,-102.0,-118.0,-110.0,-110.0
401822972,Draft Kings,5.5,138.5,,,-112.0,-108.0,-108.0,-112.0
401823787,Draft Kings,-9.5,153.5,,,-108.0,-112.0,-105.0,-115.0
401827722,Draft Kings,-4.5,142.5,,,-105.0,-115.0,-108.0,-112.0
401828462,Draft Kings,-1.5,146.5,,,-110.0,-110.0,-105.0,-115.0
401851245,Draft Kings,-6.5,154.5,,,-112.0,-108.0,-108.0,-112.0
401851246,Draft Kings,-3.5,150.5,,,-112.0,-108.0,-108.0,-112.0
401851247,Draft Kings,-11.5,153.5,,,-118.0,-102.0,-110.0,-110.0
401851248,Draft Kings,-8.5,164.5,,,-102.0,-118.0,-115.0,-105.0
401851347,Draft Kings,-27.5,155.5,,,-108.0,-112.0,-115.0,-105.0
401851348,Draft Kings,-6.5,164.5,,,-112.0,-108.0,-110.0,-110.0
401851349,Draft Kings,1.5,140.5,,,-120.0,100.0,-105.0,-115.0
401851350,Draft Kings,-2.5,146.5,,,-102.0,-118.0,-110.0,-110.0
401851457,Draft Kings,-6.5,143.5,,,-112.0,-108.0,-105.0,-115.0
401851460,Draft Kings,-1.5,137.5,,,-118.0,-102.0,-108.0,-112.0
401851488,Draft Kings,-12.5,152.5,,,-110.0,-110.0,-115.0,-105.0
401851489,Draft Kings,1.5,150.5,,,-122.0,102.0,-110.0,-110.0
401851490,Draft Kings,-5.5,139.5,,,-105.0,-115.0,-105.0,-115.0
401851491,Draft Kings,1.5,130.5,,,-102.0,-118.0,-108.0,-112.0
401851530,Draft Kings,-1.5,137.5,,,-115.0,-105.0,-105.0,-115.0
401851532,Draft Kings,3.5,139.5,,,-105.0,-115.0,-105.0,-115.0
401851579,Draft Kings,-7.5,148.5,,,-102.0,-118.0,-108.0,-112.0
401851580,Draft Kings,-7.5,154.5,,,-105.0,-115.0,-115.0,-105.0
401851621,Draft Kings,1.5,150.5,,,-105.0,-115.0,-115.0,-105.0
401851624,Draft Kings,2.5,160.5,,,-105.0,-115.0,-108.0,-112.0
401851700,Draft Kings,-1.5,140.5,,,-115.0,-105.0,-115.0,-105.0
401851701,Draft Kings,-4.5,149.5,,,-112.0,-108.0,-105.0,-115.0
401851749,Draft Kings,-5.5,149.5,,,-108.0,-112.0,-115.0,-105.0
401851750,Draft Kings,-8.5,139.5,,,-108.0,-112.0,-105.0,-115.0
401856422,Draft Kings,2.5,151.5,,,-118.0,-102.0,-112.0,-108.0
401804963,Draft Kings,-4.5,152.5,,,-112.0,-108.0,-110.0,-110.0
401804964,Draft Kings,2.5,132.5,,,-118.0,-102.0,-105.0,-115.0
401804965,Draft Kings,1.5,139.5,,,-125.0,105.0,-110.0,-110.0
401804966,Draft Kings,-1.5,157.5,,,-108.0,-112.0,-108.0,-112.0
401804967,Draft Kings,1.5,160.5,,,-125.0,105.0,-112.0,-108.0
401804968,Draft Kings,-2.5,145.5,,,-108.0,-112.0,-108.0,-112.0
401805214,Draft Kings,-1.5,131.5,,,102.0,-122.0,-115.0,-105.0
401805215,Draft Kings,8.5,147.5,,,-102.0,-118.0,-115.0,-105.0
401805216,Draft Kings,6.5,148.5,,,-115.0,-105.0,-115.0,-105.0
401808281,Draft Kings,5.5,162.5,,,-110.0,-110.0,-115.0,-105.0
401808282,Draft Kings,2.5,161.5,,,-110.0,-110.0,-105.0,-115.0
401808283,Draft Kings,-7.5,147.5,,,-102.0,-118.0,-105.0,-115.0
401808284,Draft Kings,5.5,167.5,,,-112.0,-108.0,-105.0,-115.0
401808285,Draft Kings,-2.5,163.5,,,-105.0,-115.0,-115.0,-105.0
401808286,Draft Kings,-2.5,146.5,,,-118.0,-102.0,-110.0,-110.0
401808287,Draft Kings,-6.5,154.5,,,-112.0,-108.0,-110.0,-110.0
401808288,Draft Kings,-5.5,175.5,,,-112.0,-108.0,-110.0,-110.0
401809104,Draft Kings,-2.5,141.5,,,-108.0,-112.0,-108.0,-112.0
401809122,Draft Kings,-7.5,144.5,,,-115.0,-105.0,-115.0,-105.0
401809152,Draft Kings,-14.5,150.5,,,-102.0,-118.0,-110.0,-110.0
401809164,Draft Kings,-8.5,174.5,,,-115.0,-105.0,-110.0,-110.0
401818337,Draft Kings,-14.5,137.5,,,-102.0,-118.0,-105.0,-115.0
401820576,Draft Kings,-24.5,144.5,,,-112.0,-108.0,-115.0,-105.0
401820787,Draft Kings,-15.5,145.5,,,-112.0,-108.0,-110.0,-110.0
401820788,Draft Kings,-18.5,147.5,,,-110.0,-110.0,-108.0,-112.0
401820789,Draft Kings,-1.5,158.5,,,102.0,-122.0,-115.0,-105.0
401820790,Draft Kings,-1.5,155.5,,,-102.0,-118.0,-105.0,-115.0
401820791,Draft Kings,-9.5,152.5,,,-108.0,-112.0,-112.0,-108.0
401820792,Draft Kings,-5.5,141.5,,,-118.0,-102.0,-110.0,-110.0
401820793,Draft Kings,1.5,141.5,,,-115.0,-105.0,-115.0,-105.0
401820794,Draft Kings,-11.5,145.5,,,-108.0,-112.0,-110.0,-110.0
401820795,Draft Kings,-5.5,154.5,,,-115.0,-105.0,-105.0,-115.0
401822973,Draft Kings,9.5,143.5,,,-112.0,-108.0,-115.0,-105.0
401822974,Draft Kings,-11.5,153.5,,,-112.0,-108.0,-115.0,-105.0
401822975,Draft Kings,-4.5,142.5,,,-105.0,-115.0,-112.0,-108.0
401822976,Draft Kings,-1.5,158.5,,,-110.0,-110.0,-105.0,-115.0
401823186,Draft Kings,-5.5,170.5,,,-108.0,-112.0,-108.0,-112.0
401823806,Draft Kings,-12.5,149.5,,,-108.0,-112.0,-108.0,-112.0
401823834,Draft Kings,-1.5,143.5,,,105.0,-125.0,-108.0,-112.0
401825562,Draft Kings,-4.5,133.5,,,-110.0,-110.0,-108.0,-112.0
401825563,Draft Kings,-3.5,148.5,,,-108.0,-112.0,-110.0,-110.0
401825564,Draft Kings,1.5,145.5,,,-118.0,-102.0,-110.0,-110.0
401825565,Draft Kings,-9.5,154.5,,,-108.0,-112.0,-105.0,-115.0
401825566,Draft Kings,4.5,151.5,,,-102.0,-118.0,-105.0,-115.0
401827723,Draft Kings,-13.5,148.5,,,-102.0,-118.0,-110.0,-110.0
401827724,Draft Kings,-2.5,159.5,,,-112.0,-108.0,-112.0,-108.0
401827725,Draft Kings,13.5,156.5,,,-110.0,-110.0,-108.0,-112.0
401827726,Draft Kings,-16.5,148.5,,,-118.0,-102.0,-108.0,-112.0
401827727,Draft Kings,-17.5,157.5,,,-102.0,-118.0,-105.0,-115.0
401827728,Draft Kings,13.5,151.5,,,-105.0,-115.0,-108.0,-112.0
401827729,Draft Kings,-2.5,140.5,,,-110.0,-110.0,-108.0,-112.0
401828261,Draft Kings,-8.5,150.5,,,-112.0,-108.0,-108.0,-112.0
401828463,Draft Kings,-4.5,141.5,,,-115.0,-105.0,-112.0,-108.0
401828464,Draft Kings,-4.5,147.5,,,-105.0,-115.0,-105.0,-115.0
401828465,Draft Kings,-1.5,136.5,,,-102.0,-118.0,-105.0,-115.0
401828466,Draft Kings,7.5,146.5,,,-115.0,-105.0,-112.0,-108.0
401828467,Draft Kings,9.5,148.5,,,-110.0,-110.0,-110.0,-110.0
401828468,Draft Kings,-11.5,142.5,,,-102.0,-118.0,-110.0,-110.0
401829334,Draft Kings,6.5,148.5,,,-108.0,-112.0,-105.0,-115.0
401829340,Draft Kings,-7.5,155.5,,,-108.0,-112.0,-112.0,-108.0
401830012,Draft Kings,4.5,166.5,,,-112.0,-108.0,-112.0,-108.0
401851198,Draft Kings,-12.5,142.5,,,-110.0,-110.0,-105.0,-115.0
401851199,Draft Kings,-11.5,130.5,,,-118.0,-102.0,-115.0,-105.0
401851200,Draft Kings,-2.5,146.5,,,-112.0,-108.0,-108.0,-112.0
401851201,Draft Kings,-3.5,134.5,,,-105.0,-115.0,-108.0,-112.0
401851249,Draft Kings,-4.5,144.5,,,-105.0,-115.0,-108.0,-112.0
401851250,Draft Kings,-2.5,161.5,,,-110.0,-110.0,-112.0,-108.0
401851325,Draft Kings,-4.5,142.5,,,-108.0,-112.0,-105.0,-115.0
401851326,Draft Kings,-6.5,158.5,,,-108.0,-112.0,-110.0,-110.0
401851351,Draft Kings,-14.5,147.5,,,-110.0,-110.0,-115.0,-105.0
401851352,Draft Kings,-7.5,145.5,,,-108.0,-112.0,-110.0,-110.0
401851462,Draft Kings,-1.5,135.5,,,-115.0,-105.0,-105.0,-115.0
401851464,Draft Kings,-2.5,135.5,,,-118.0,-102.0,-112.0,-108.0
401851492,Draft Kings,-4.5,144.5,,,-108.0,-112.0,-110.0,-110.0
401851493,Draft Kings,4.5,127.5,,,-118.0,-102.0,-108.0,-112.0
401851517,Draft Kings,-4.5,134.5,,,-105.0,-115.0,-115.0,-105.0
401851519,Draft Kings,-6.5,138.5,,,-102.0,-118.0,-115.0,-105.0
401851534,Draft Kings,-5.5,143.5,,,-105.0,-115.0,-110.0,-110.0
401851581,Draft Kings,-14.5,139.5,,,-108.0,-112.0,-105.0,-115.0
401851582,Draft Kings,-1.5,154.5,,,-115.0,-105.0,-108.0,-112.0
401851583,Draft Kings,-4.5,155.5,,,-108.0,-112.0,-112.0,-108.0
401851586,Draft Kings,-1.5,147.5,,,-108.0,-112.0,-105.0,-115.0
401851626,Draft Kings,-8.5,146.5,,,-108.0,-112.0,-108.0,-112.0
401851627,Draft Kings,-11.5,153.5,,,-110.0,-110.0,-112.0,-108.0
401851702,Draft Kings,-4.5,137.5,,,-105.0,-115.0,-108.0,-112.0
401851703,Draft Kings,-1.5,151.5,,,-105.0,-115.0,-105.0,-115.0
401851753,Draft Kings,-6.5,146.5,,,-112.0,-108.0,-108.0,-112.0
401851754,Draft Kings,-1.5,129.5,,,102.0,-122.0,-105.0,-115.0
401856423,Draft Kings,2.5,148.5,,,-112.0,-108.0,-110.0,-110.0
401856424,Draft Kings,-4.5,138.5,,,-108.0,-112.0,-115.0,-105.0
401856425,Draft Kings,-7.5,132.5,,,-108.0,-112.0,-110.0,-110.0
401856426,Draft Kings,-5.5,163.5,,,-115.0,-105.0,-110.0,-110.0
401825567,Draft Kings,14.5,145.5,,,-112.0,-108.0,-108.0,-112.0
401825568,Draft Kings,-10.5,152.5,,,-108.0,-112.0,-110.0,-110.0
401825569,Draft Kings,-4.5,136.5,,,-115.0,-105.0,-110.0,-110.0
401825570,Draft Kings,-4.5,149.5,,,-105.0,-115.0,-115.0,-105.0
401828262,Draft Kings,-10.5,151.5,,,-108.0,-112.0,-105.0,-115.0
401828263,Draft Kings,-17.5,156.5,,,-112.0,-108.0,-112.0,-108.0
401828264,Draft Kings,2.5,154.5,,,-115.0,-105.0,-105.0,-115.0
401828265,Draft Kings,-11.5,151.5,,,-110.0,-110.0,-105.0,-115.0
401828266,Draft Kings,-11.5,149.5,,,-115.0,-105.0,-105.0,-115.0
401851251,Draft Kings,-1.5,157.5,,,-118.0,-102.0,-110.0,-110.0
401851329,Draft Kings,-5.5,141.5,,,-105.0,-115.0,-110.0,-110.0
401851331,Draft Kings,1.5,143.5,,,-120.0,100.0,-112.0,-108.0
401851353,Draft Kings,-6.5,157.5,,,-115.0,-105.0,-110.0,-110.0
401851431,Draft Kings,3.5,146.5,,,-108.0,-112.0,-115.0,-105.0
401851465,Draft Kings,-2.5,128.5,,,-118.0,-102.0,-112.0,-108.0
401851466,Draft Kings,-1.5,138.5,,,-112.0,-108.0,-105.0,-115.0
401851494,Draft Kings,2.5,125.5,,,-102.0,-118.0,-110.0,-110.0
401851547,Draft Kings,2.5,146.5,,,-105.0,-115.0,-108.0,-112.0
401851548,Draft Kings,-6.5,136.5,,,-112.0,-108.0,-112.0,-108.0
401851589,Draft Kings,-2.5,145.5,,,-118.0,-102.0,-112.0,-108.0
401851591,Draft Kings,-5.5,147.5,,,-118.0,-102.0,-110.0,-110.0
401851602,Draft Kings,-5.5,143.5,,,-115.0,-105.0,-108.0,-112.0
401851604,Draft Kings,-1.5,138.5,,,-110.0,-110.0,-105.0,-115.0
401851629,Draft Kings,-11.5,147.5,,,-102.0,-118.0,-112.0,-108.0
401851704,Draft Kings,-5.5,142.5,,,-115.0,-105.0,-112.0,-108.0
401851705,Draft Kings,-2.5,166.5,,,-118.0,-102.0,-110.0,-110.0
401851756,Draft Kings,3.5,144.5,,,-105.0,-115.0,-115.0,-105.0
401851757,Draft Kings,-9.5,148.5,,,-108.0,-112.0,-110.0,-110.0
401856427,Draft Kings,-6.5,149.5,,,-115.0,-105.0,-112.0,-108.0
401856428,Draft Kings,-3.5,136.5,,,-115.0,-105.0,-115.0,-105.0
401856429,Draft Kings,-3.5,138.5,,,-102.0,-118.0,-110.0,-110.0
401856430,Draft Kings,-2.5,152.5,,,-102.0,-118.0,-112.0,-108.0
401851332,Draft Kings,4.5,152.5,,,-118.0,-102.0,-108.0,-112.0
401851333,Draft Kings,-3.5,154.5,,,-108.0,-112.0,-110.0,-110.0
401851432,Draft Kings,1.5,157.5,,,-130.0,110.0,-110.0,-110.0
401851433,Draft Kings,-4.5,146.5,,,-112.0,-108.0,-110.0,-110.0
401851593,Draft Kings,-1.5,139.5,,,-105.0,-115.0,-105.0,-115.0
401851607,Draft Kings,-2.5,147.5,,,-115.0,-105.0,-110.0,-110.0
401851608,Draft Kings,-5.5,143.5,,,-105.0,-115.0,-110.0,-110.0
401851706,Draft Kings,-5.5,152.5,,,-102.0,-118.0,-110.0,-110.0
401851714,Draft Kings,-7.5,141.5,,,-110.0,-110.0,-112.0,-108.0
401851715,Draft Kings,-13.5,135.5,,,-105.0,-115.0,-112.0,-108.0
401851759,Draft Kings,-20.5,145.5,,,-110.0,-110.0,-108.0,-112.0
401851760,Draft Kings,-4.5,150.5,,,-112.0,-108.0,-110.0,-110.0
401856431,Draft Kings,-1.5,151.5,,,-108.0,-112.0,-115.0,-105.0
401856432,Draft Kings,-4.5,132.5,,,-105.0,-115.0,-108.0,-112.0
401851170,Draft Kings,-4.5,136.5,,,-115.0,-105.0,-112.0,-108.0
401851171,Draft Kings,-3.5,154.5,,,-115.0,-105.0,-108.0,-112.0
401851172,Draft Kings,1.5,150.5,,,-130.0,110.0,-112.0,-108.0
401851202,Draft Kings,-7.5,147.5,,,-108.0,-112.0,-112.0,-108.0
401851204,Draft Kings,-10.5,134.5,,,-110.0,-110.0,-115.0,-105.0
401851282,Draft Kings,5.5,152.5,,,-110.0,-110.0,-110.0,-110.0
401851283,Draft Kings,-12.5,138.5,,,-102.0,-118.0,-110.0,-110.0
401851285,Draft Kings,-11.5,168.5,,,-105.0,-115.0,-110.0,-110.0
401851287,Draft Kings,-1.5,164.5,,,-110.0,-110.0,-112.0,-108.0
401851334,Draft Kings,-3.5,145.5,,,-108.0,-112.0,-108.0,-112.0
401851335,Draft Kings,1.5,148.5,,,-108.0,-112.0,-108.0,-112.0
401851362,Draft Kings,-4.5,139.5,,,-102.0,-118.0,-105.0,-115.0
401851363,Draft Kings,-4.5,143.5,,,-118.0,-102.0,-112.0,-108.0
401851405,Draft Kings,1.5,152.5,,,-120.0,100.0,-108.0,-112.0
401851406,Draft Kings,1.5,141.5,,,-112.0,-108.0,-110.0,-110.0
401851434,Draft Kings,-4.5,153.5,,,-115.0,-105.0,-105.0,-115.0
401851467,Draft Kings,-2.5,128.5,,,-105.0,-115.0,-110.0,-110.0
401851521,Draft Kings,-4.5,134.5,,,-115.0,-105.0,-110.0,-110.0
401851611,Draft Kings,-6.5,135.5,,,-102.0,-118.0,-110.0,-110.0
401851612,Draft Kings,-8.5,140.5,,,-102.0,-118.0,-110.0,-110.0
401851716,Draft Kings,-6.5,142.5,,,-112.0,-108.0,-108.0,-112.0
401851717,Draft Kings,7.5,139.5,,,-112.0,-108.0,-108.0,-112.0
401851762,Draft Kings,-8.5,157.5,,,-105.0,-115.0,-108.0,-112.0
401856433,Draft Kings,-4.5,133.5,,,-105.0,-115.0,-115.0,-105.0
401851173,Draft Kings,-8.5,144.5,,,-110.0,-110.0,-112.0,-108.0
401851174,Draft Kings,-7.5,164.5,,,-105.0,-105.0,-108.0,-112.0
401851175,Draft Kings,-1.5,154.5,,,-118.0,-102.0,-108.0,-112.0
401851176,Draft Kings,-5.5,143.5,,,-112.0,-108.0,-105.0,-115.0
401851221,Draft Kings,-4.5,151.5,,,-110.0,-110.0,-108.0,-112.0
401851222,Draft Kings,1.5,144.5,,,-125.0,105.0,-112.0,-108.0
401851258,Draft Kings,7.5,146.5,,,-115.0,-105.0,-112.0,-108.0
401851260,Draft Kings,-4.5,141.5,,,-110.0,-110.0,-115.0,-105.0
401851289,Draft Kings,-13.5,148.5,,,-108.0,-112.0,-110.0,-110.0
401851291,Draft Kings,3.5,149.5,,,-118.0,-102.0,-110.0,-110.0
401851293,Draft Kings,3.5,141.5,,,-108.0,-112.0,-105.0,-115.0
401851294,Draft Kings,-7.5,158.5,,,-105.0,-115.0,-108.0,-112.0
401851308,Draft Kings,1.5,162.5,,,-118.0,-102.0,-112.0,-108.0
401851309,Draft Kings,-4.5,157.5,,,-105.0,-115.0,-112.0,-108.0
401851310,Draft Kings,1.5,136.5,,,-125.0,105.0,-110.0,-110.0
401851336,Draft Kings,3.5,147.5,,,-105.0,-115.0,-110.0,-110.0
401851365,Draft Kings,-11.5,133.5,,,-110.0,-110.0,-110.0,-110.0
401851367,Draft Kings,-3.5,154.5,,,-112.0,-108.0,-115.0,-105.0
401851369,Draft Kings,-6.5,142.5,,,-110.0,-110.0,-108.0,-112.0
401851370,Draft Kings,-6.5,135.5,,,-110.0,-110.0,-108.0,-112.0
401851391,Draft Kings,-4.5,162.5,,,-112.0,-108.0,-112.0,-108.0
401851392,Draft Kings,4.5,139.5,,,-112.0,-108.0,-110.0,-110.0
401851407,Draft Kings,-4.5,142.5,,,-118.0,-102.0,-110.0,-110.0
401851408,Draft Kings,-4.5,154.5,,,-108.0,-112.0,-115.0,-105.0
401851472,Draft Kings,-3.5,142.5,,,-105.0,-115.0,-110.0,-110.0
401851495,Draft Kings,-2.5,153.5,,,-118.0,-102.0,-105.0,-115.0
401851496,Draft Kings,-19.5,140.5,,,-112.0,-108.0,-108.0,-112.0
401851497,Draft Kings,-7.5,146.5,,,-108.0,-112.0,-105.0,-115.0
401851498,Draft Kings,-14.5,146.5,,,-108.0,-112.0,-115.0,-105.0
401851549,Draft Kings,2.5,138.5,,,-112.0,-108.0,-108.0,-112.0
401851557,Draft Kings,-8.5,151.5,,,-112.0,-108.0,-112.0,-108.0
401851558,Draft Kings,-8.5,160.5,,,-108.0,-112.0,-108.0,-112.0
401851559,Draft Kings,-5.5,147.5,,,-115.0,-105.0,-115.0,-105.0
401851560,Draft Kings,-7.5,149.5,,,-112.0,-108.0,-110.0,-110.0
401851614,Draft Kings,3.5,134.5,,,-112.0,-108.0,-110.0,-110.0
401851718,Draft Kings,-5.5,147.5,,,-108.0,-112.0,-110.0,-110.0
401851721,Draft Kings,-6.5,141.5,,,-105.0,-115.0,-110.0,-110.0
401851733,Draft Kings,-1.5,134.5,,,105.0,-125.0,-105.0,-115.0
401851177,Draft Kings,-6.5,153.5,,,-110.0,-110.0,-105.0,-115.0
401851178,Draft Kings,1.5,153.5,,,-122.0,102.0,-110.0,-110.0
401851179,Draft Kings,-16.5,150.5,,,-118.0,-102.0,-110.0,-110.0
401851180,Draft Kings,2.5,140.5,,,-115.0,-105.0,-110.0,-110.0
401851223,Draft Kings,-1.5,144.5,,,-105.0,-115.0,-108.0,-112.0
401851224,Draft Kings,-1.5,136.5,,,-110.0,-110.0,-112.0,-108.0
401851263,Draft Kings,7.5,144.5,,,-115.0,-105.0,-115.0,-105.0
401851264,Draft Kings,-2.5,143.5,,,-110.0,-110.0,-105.0,-115.0
401851266,Draft Kings,-1.5,138.5,,,-108.0,-112.0,-110.0,-110.0
401851268,Draft Kings,-5.5,132.5,,,-108.0,-112.0,-108.0,-112.0
401851296,Draft Kings,7.5,143.5,,,-115.0,-105.0,-112.0,-108.0
401851299,Draft Kings,-15.5,159.5,,,-110.0,-110.0,-110.0,-110.0
401851300,Draft Kings,-9.5,146.5,,,-112.0,-108.0,-115.0,-105.0
401851302,Draft Kings,-4.5,146.5,,,-108.0,-112.0,-108.0,-112.0
401851311,Draft Kings,-11.5,158.5,,,-118.0,-102.0,-110.0,-110.0
401851312,Draft Kings,-2.5,136.5,,,-115.0,-105.0,-112.0,-108.0
401851313,Draft Kings,-17.5,150.5,,,-115.0,-105.0,-115.0,-105.0
401851314,Draft Kings,-7.5,140.5,,,-108.0,-112.0,-115.0,-105.0
401851375,Draft Kings,1.5,140.5,,,-125.0,105.0,-112.0,-108.0
401851376,Draft Kings,-6.5,157.5,,,-115.0,-105.0,-105.0,-115.0
401851377,Draft Kings,-13.5,139.5,,,-108.0,-112.0,-108.0,-112.0
401851378,Draft Kings,-10.5,141.5,,,-105.0,-115.0,-110.0,-110.0
401851393,Draft Kings,1.5,153.5,,,-105.0,-115.0,-115.0,-105.0
401851394,Draft Kings,-1.5,155.5,,,-110.0,-110.0,-112.0,-108.0
401851410,Draft Kings,1.5,134.5,,,-105.0,-115.0,-105.0,-115.0
401851411,Draft Kings,-1.5,159.5,,,-105.0,-115.0,-112.0,-108.0
401851473,Draft Kings,-7.5,144.5,,,-115.0,-105.0,-108.0,-112.0
401851474,Draft Kings,1.5,131.5,,,-112.0,-108.0,-112.0,-108.0
401851499,Draft Kings,-8.5,156.5,,,-108.0,-112.0,-112.0,-108.0
401851500,Draft Kings,-3.5,137.5,,,-110.0,-110.0,-112.0,-108.0
401851501,Draft Kings,-6.5,142.5,,,-110.0,-110.0,-108.0,-112.0
401851502,Draft Kings,-16.5,154.5,,,-102.0,-118.0,-115.0,-105.0
401851561,Draft Kings,2.5,148.5,,,-102.0,-118.0,-110.0,-110.0
401851562,Draft Kings,-5.5,144.5,,,-110.0,-110.0,-115.0,-105.0
401851563,Draft Kings,-5.5,156.5,,,-112.0,-108.0,-115.0,-105.0
401851564,Draft Kings,-2.5,162.5,,,-102.0,-118.0,-108.0,-112.0
401851719,Draft Kings,1.5,142.5,,,-120.0,100.0,-115.0,-105.0
401851720,Draft Kings,-4.5,151.5,,,-118.0,-102.0,-105.0,-115.0
401851734,Draft Kings,-4.5,141.5,,,-118.0,-102.0,-105.0,-115.0
401851735,Draft Kings,-1.5,142.5,,,-108.0,-112.0,-110.0,-110.0
401858186,Draft Kings,-6.5,161.5,,,-110.0,-110.0,-112.0,-108.0
401858187,Draft Kings,-1.5,150.5,,,-110.0,-110.0,-115.0,-105.0
401858188,Draft Kings,-12.5,158.5,,,-110.0,-110.0,-115.0,-105.0
401858189,Draft Kings,-3.5,161.5,,,-115.0,-105.0,-108.0,-112.0
401851181,Draft Kings,-3.5,146.5,,,-110.0,-110.0,-105.0,-115.0
401851182,Draft Kings,-10.5,134.5,,,-108.0,-112.0,-112.0,-108.0
401851225,Draft Kings,-5.5,147.5,,,-105.0,-115.0,-115.0,-105.0
401851226,Draft Kings,-7.5,141.5,,,-112.0,-108.0,-110.0,-110.0
401851270,Draft Kings,-6.5,158.5,,,-110.0,-110.0,-108.0,-112.0
401851272,Draft Kings,-5.5,141.5,,,-105.0,-115.0,-115.0,-105.0
401851273,Draft Kings,-6.5,153.5,,,-112.0,-108.0,-105.0,-115.0
401851274,Draft Kings,-2.5,133.5,,,-110.0,-110.0,-108.0,-112.0
401851304,Draft Kings,-3.5,144.5,,,-105.0,-115.0,-108.0,-112.0
401851305,Draft Kings,-5.5,139.5,,,-108.0,-112.0,-108.0,-112.0
401851315,Draft Kings,-8.5,135.5,,,-110.0,-110.0,-105.0,-115.0
401851316,Draft Kings,-14.5,138.5,,,-108.0,-112.0,-110.0,-110.0
401851380,Draft Kings,-12.5,155.5,,,-110.0,-110.0,-110.0,-110.0
401851381,Draft Kings,-8.5,158.5,,,-105.0,-115.0,-110.0,-110.0
401851382,Draft Kings,4.5,145.5,,,-112.0,-108.0,-105.0,-115.0
401851383,Draft Kings,-5.5,141.5,,,-108.0,-112.0,-112.0,-108.0
401851395,Draft Kings,-3.5,152.5,,,-115.0,-105.0,-110.0,-110.0
401851397,Draft Kings,-5.5,157.5,,,-105.0,-115.0,-108.0,-112.0
401851413,Draft Kings,1.5,134.5,,,-130.0,110.0,-115.0,-105.0
401851414,Draft Kings,-2.5,159.5,,,-105.0,-115.0,-112.0,-108.0
401851475,Draft Kings,-15.5,145.5,,,-108.0,-112.0,-115.0,-105.0
401851476,Draft Kings,-3.5,131.5,,,-115.0,-105.0,-112.0,-108.0
401851503,Draft Kings,-6.5,145.5,,,-110.0,-110.0,-105.0,-115.0
401851504,Draft Kings,-2.5,150.5,,,-110.0,-110.0,-108.0,-112.0
401851565,Draft Kings,-10.5,161.5,,,-108.0,-112.0,-105.0,-115.0
401851566,Draft Kings,1.5,147.5,,,-105.0,-115.0,-108.0,-112.0
401851567,Draft Kings,-12.5,166.5,,,-115.0,-105.0,-108.0,-112.0
401851568,Draft Kings,-6.5,166.5,,,-105.0,-115.0,-115.0,-105.0
401851722,Draft Kings,-1.5,140.5,,,-115.0,-105.0,-112.0,-108.0
401851723,Draft Kings,1.5,141.5,,,-110.0,-110.0,-110.0,-110.0
401851736,Draft Kings,-8.5,136.5,,,-105.0,-115.0,-110.0,-110.0
401851738,Draft Kings,-8.5,144.5,,,-108.0,-112.0,-108.0,-112.0
401858190,Draft Kings,-2.5,158.5,,,-110.0,-110.0,-112.0,-108.0
401858191,Draft Kings,-6.5,163.5,,,-110.0,-110.0,-108.0,-112.0
401851183,Draft Kings,-6.5,140.5,,,-110.0,-110.0,-105.0,-115.0
401851206,Draft Kings,-1.5,134.5,,,-120.0,100.0,-112.0,-108.0
401851227,Draft Kings,-15.5,153.5,,,-115.0,-105.0,-115.0,-105.0
401851228,Draft Kings,1.5,152.5,,,-110.0,-110.0,-108.0,-112.0
401851275,Draft Kings,-4.5,145.5,,,-112.0,-108.0,-110.0,-110.0
401851276,Draft Kings,-6.5,145.5,,,-115.0,-105.0,-112.0,-108.0
401851306,Draft Kings,-1.5,138.5,,,-118.0,-102.0,-110.0,-110.0
401851317,Draft Kings,2.5,139.5,,,-118.0,-102.0,-105.0,-115.0
401851384,Draft Kings,-12.5,161.5,,,-110.0,-110.0,-108.0,-112.0
401851386,Draft Kings,7.5,143.5,,,-112.0,-108.0,-110.0,-110.0
401851398,Draft Kings,-1.5,141.5,,,-108.0,-112.0,-112.0,-108.0
401851415,Draft Kings,1.5,142.5,,,-108.0,-112.0,-110.0,-110.0
401851435,Draft Kings,-5.5,163.5,,,-105.0,-115.0,-105.0,-115.0
401851436,Draft Kings,-3.5,139.5,,,-108.0,-112.0,-110.0,-110.0
401851477,Draft Kings,-11.5,142.5,,,-108.0,-112.0,-110.0,-110.0
401851505,Draft Kings,-2.5,145.5,,,-110.0,-110.0,-110.0,-110.0
401851569,Draft Kings,-7.5,161.5,,,-105.0,-115.0,-105.0,-115.0
401851570,Draft Kings,-8.5,159.5,,,-110.0,-110.0,-105.0,-115.0
401851726,Draft Kings,-3.5,145.5,,,-112.0,-108.0,-112.0,-108.0
401851739,Draft Kings,-2.5,139.5,,,-110.0,-110.0,-105.0,-115.0
401858192,Draft Kings,-7.5,157.5,,,-115.0,-105.0,-110.0,-110.0
401851229,Draft Kings,-6.5,151.5,,,-105.0,-115.0,-110.0,-110.0
401851277,Draft Kings,-3.5,139.5,,,-102.0,-118.0,-108.0,-112.0
401851388,Draft Kings,-4.5,149.5,,,-112.0,-108.0,-108.0,-112.0
401851437,Draft Kings,-9.5,144.5,,,-108.0,-112.0,-108.0,-112.0
401851571,Draft Kings,2.5,165.5,,,-120.0,100.0,-108.0,-112.0
401856434,Draft Kings,-1.5,157.5,,,102.0,-122.0,-110.0,-110.0
401856435,Draft Kings,-1.5,143.5,,,-102.0,-118.0,-110.0,-110.0
401858193,Draft Kings,-18.5,151.5,,,-105.0,-115.0,-112.0,-108.0
401858194,Draft Kings,-2.5,145.5,,,-110.0,-110.0,-112.0,-108.0
401858195,Draft Kings,-2.5,141.5,,,-115.0,-105.0,-110.0,-110.0
401858196,Draft Kings,-5.5,149.5,,,-108.0,-112.0,-105.0,-115.0
401858197,Draft Kings,1.5,153.5,,,-120.0,100.0,-110.0,-110.0
401858338,Draft Kings,-5.5,148.5,,,-105.0,-115.0,-108.0,-112.0
401858339,Draft Kings,-6.5,154.5,,,-115.0,-105.0,-108.0,-112.0
401858340,Draft Kings,-4.5,148.5,,,-115.0,-105.0,-112.0,-108.0
401856436,Draft Kings,-6.5,162.5,,,-115.0,-105.0,-105.0,-115.0
401856437,Draft Kings,-3.5,140.5,,,-102.0,-118.0,-115.0,-105.0
401858341,Draft Kings,-8.5,159.5,,,-115.0,-105.0,-112.0,-108.0
401858342,Draft Kings,-11.5,162.5,,,-112.0,-108.0,-112.0,-108.0
401858343,Draft Kings,-1.5,152.5,,,-102.0,-118.0,-112.0,-108.0
401858344,Draft Kings,-9.5,148.5,,,-112.0,-108.0,-110.0,-110.0
401858345,Draft Kings,-4.5,154.5,,,-105.0,-115.0,-108.0,-112.0
401858346,Draft Kings,2.5,141.5,,,-105.0,-115.0,-105.0,-115.0
401858347,Draft Kings,-6.5,150.5,,,-112.0,-108.0,-115.0,-105.0
401858348,Draft Kings,-5.5,144.5,,,-115.0,-105.0,-112.0,-108.0
401856478,Draft Kings,-28.5,137.5,,,-105.0,-115.0,-110.0,-110.0
401856479,Draft Kings,-2.5,145.5,,,-105.0,-115.0,-110.0,-110.0
401856480,Draft Kings,-10.5,161.5,,,-112.0,-108.0,-112.0,-108.0
401856481,Draft Kings,-14.5,158.5,,,-102.0,-118.0,-108.0,-112.0
401856482,Draft Kings,-3.5,160.5,,,-110.0,-110.0,-108.0,-112.0
401856483,Draft Kings,-16.5,144.5,,,-102.0,-118.0,-105.0,-115.0
401856484,Draft Kings,-2.5,156.5,,,-112.0,-108.0,-112.0,-108.0
401856485,Draft Kings,-20.5,152.5,,,-110.0,-110.0,-108.0,-112.0
401856486,Draft Kings,-30.5,151.5,,,-112.0,-108.0,-108.0,-112.0
401856487,Draft Kings,-1.5,167.5,,,-112.0,-108.0,-112.0,-108.0
401856488,Draft Kings,-12.5,148.5,,,-105.0,-115.0,-115.0,-105.0
401856489,Draft Kings,-13.5,139.5,,,-105.0,-115.0,-110.0,-110.0
401856490,Draft Kings,-2.5,150.5,,,-112.0,-108.0,-115.0,-105.0
401856491,Draft Kings,-25.5,150.5,,,-108.0,-112.0,-115.0,-105.0
401856492,Draft Kings,-2.5,149.5,,,-112.0,-108.0,-108.0,-112.0
401856493,Draft Kings,-24.5,137.5,,,-110.0,-110.0,-115.0,-105.0
401856494,Draft Kings,-10.5,133.5,,,-110.0,-110.0,-112.0,-108.0
401856495,Draft Kings,-14.5,142.5,,,-102.0,-118.0,-105.0,-115.0
401856496,Draft Kings,-5.5,151.5,,,-112.0,-108.0,-110.0,-110.0
401856497,Draft Kings,-20.5,133.5,,,-115.0,-105.0,-115.0,-105.0
401856518,Draft Kings,-1.5,144.5,,,-112.0,-108.0,-110.0,-110.0
401856519,Draft Kings,-25.5,159.5,,,-110.0,-110.0,-112.0,-108.0
401856520,Draft Kings,-6.5,154.5,,,-110.0,-110.0,-110.0,-110.0
401856521,Draft Kings,-11.5,158.5,,,-115.0,-105.0,-112.0,-108.0
401856522,Draft Kings,1.5,130.5,,,-110.0,-110.0,-115.0,-105.0
401856523,Draft Kings,-35.5,154.5,,,-108.0,-112.0,-105.0,-105.0
401856524,Draft Kings,-24.5,147.5,,,-115.0,-105.0,-110.0,-110.0
401856525,Draft Kings,-3.5,157.5,,,-112.0,-108.0,-108.0,-112.0
401856526,Draft Kings,-17.5,146.5,,,-115.0,-105.0,-115.0,-105.0
401856527,Draft Kings,-12.5,148.5,,,-105.0,-115.0,-110.0,-110.0
401856528,Draft Kings,1.5,146.5,,,-112.0,-108.0,-115.0,-105.0
401856529,Draft Kings,-30.5,147.5,,,-105.0,-115.0,-110.0,-110.0
401856530,Draft Kings,-12.5,140.5,,,-102.0,-118.0,-110.0,-110.0
401856531,Draft Kings,-5.5,151.5,,,-115.0,-105.0,-110.0,-110.0
401856532,Draft Kings,-12.5,161.5,,,-102.0,-118.0,-110.0,-110.0
401856533,Draft Kings,-12.5,151.5,,,-105.0,-115.0,-105.0,-115.0
401856534,Draft Kings,1.5,146.5,,,-105.0,-115.0,-108.0,-112.0
401856535,Draft Kings,-10.5,142.5,,,-105.0,-115.0,-112.0,-108.0
401856536,Draft Kings,-12.5,171.5,,,-115.0,-105.0,-110.0,-110.0
401856537,Draft Kings,-5.5,146.5,,,-115.0,-105.0,-112.0,-108.0
401858349,Draft Kings,-7.5,146.5,,,-108.0,-112.0,-115.0,-105.0
401858350,Draft Kings,3.5,138.5,,,-110.0,-110.0,-118.0,-102.0
401856558,Draft Kings,3.5,144.5,,,-108.0,-112.0,-112.0,-108.0
401856559,Draft Kings,-5.5,135.5,,,-108.0,-112.0,-110.0,-110.0
401856560,Draft Kings,-1.5,164.5,,,-105.0,-115.0,-108.0,-112.0
401856561,Draft Kings,-5.5,146.5,,,-105.0,-115.0,-110.0,-110.0
401856562,Draft Kings,1.5,137.5,,,-122.0,102.0,-108.0,-112.0
401856563,Draft Kings,-10.5,145.5,,,-115.0,-105.0,-112.0,-108.0
401856564,Draft Kings,-8.5,146.5,,,-102.0,-118.0,-110.0,-110.0
401856565,Draft Kings,-11.5,153.5,,,-115.0,-105.0,-112.0,-108.0
401858351,Draft Kings,-14.5,145.5,,,-108.0,-112.0,-112.0,-108.0
401858352,Draft Kings,-8.5,152.5,,,-102.0,-118.0,-112.0,-108.0
401858353,Draft Kings,-6.5,161.5,,,-112.0,-108.0,-112.0,-108.0
401858354,Draft Kings,-5.5,152.5,,,-108.0,-112.0,-115.0,-105.0
401858355,Draft Kings,-4.5,161.5,,,-112.0,-108.0,-110.0,-110.0
401858356,Draft Kings,-2.5,164.5,,,-108.0,-112.0,-108.0,-112.0
401858357,Draft Kings,-4.5,154.5,,,-105.0,-115.0,-110.0,-110.0
401858358,Draft Kings,-10.5,155.5,,,-115.0,-105.0,-105.0,-115.0
401858359,Draft Kings,-7.5,140.5,,,-108.0,-112.0,-118.0,-102.0
401858360,Draft Kings,-8.5,151.5,,,-110.0,-110.0,-110.0,-110.0
401856566,Draft Kings,-2.5,141.5,,,-105.0,-115.0,-108.0,-112.0
401856567,Draft Kings,-1.5,131.5,,,-112.0,-108.0,-105.0,-115.0
401856568,Draft Kings,-8.5,146.5,,,-110.0,-110.0,-105.0,-115.0
401856569,Draft Kings,-8.5,166.5,,,-108.0,-112.0,-108.0,-112.0
401856570,Draft Kings,-6.5,140.5,,,-112.0,-108.0,-112.0,-108.0
401856571,Draft Kings,-2.5,136.5,,,-105.0,-115.0,-115.0,-105.0
401856572,Draft Kings,-9.5,172.5,,,-112.0,-108.0,-112.0,-108.0
401856573,Draft Kings,-2.5,139.5,,,-115.0,-105.0,-115.0,-105.0
401856574,Draft Kings,-6.5,138.5,,,-118.0,-102.0,-112.0,-108.0
401856575,Draft Kings,-5.5,152.5,,,-115.0,-105.0,-110.0,-110.0
401856576,Draft Kings,-8.5,146.5,,,-108.0,-112.0,-105.0,-115.0
401856577,Draft Kings,-4.5,135.5,,,-110.0,-110.0,-110.0,-110.0
401858379,Draft Kings,9.5,162.5,,,-112.0,-108.0,-108.0,-112.0
401858380,Draft Kings,3.5,146.5,,,-115.0,-105.0,-110.0,-110.0
401858361,Draft Kings,-2.5,161.5,,,-112.0,-108.0,-108.0,-112.0
401858362,Draft Kings,-7.5,149.5,,,-112.0,-108.0,-105.0,-115.0
401858381,Draft Kings,-2.5,135.5,,,-110.0,-110.0,-112.0,-108.0
401858382,Draft Kings,-4.5,151.5,,,-115.0,-105.0,-110.0,-110.0
401856598,Draft Kings,1.5,139.5,,,-105.0,-115.0,-108.0,-112.0
401856599,Draft Kings,-1.5,157.5,,,102.0,-122.0,-112.0,-108.0
401858383,Draft Kings,-1.5,159.5,,,-112.0,-108.0,-108.0,-112.0
401858384,Draft Kings,1.5,137.5,,,-108.0,-112.0,-110.0,-110.0
401858363,Draft Kings,-5.5,158.5,,,-110.0,-110.0,-115.0,-105.0
401858385,Draft Kings,3.5,141.5,,,-120.0,100.0,-105.0,-115.0
401856600,Draft Kings,-6.5,146.5,,,-112.0,-108.0,-112.0,-108.0
